project_id,project_name,project_type,launch_status,city,locality,state,latitude,longitude,address,postal_code,price_min,price_max,price_label,site_plan_url,has_rera_disclaimer,available_bhk_types,highlights,government_charges,bhk,property_type,area_sqft,area_type,price,price_authentic,possession,possession_raw,floorplan_2d_url,floorplan_3d_url,sellers
428567,Polaris Callisto,Residential,NEW LAUNCH,Ahmedabad North,Motera,Gujarat,23.104529,72.611897,"Polaris Callisto, Koteshwar Bhat Rd, opposite Polaris Celestia, Koteshwar, Ahmedabad, Gujarat 380005",0,19995000,21027000,2 - 2.1 Cr,https://www.99acres.com/exidmicrosite/siteplan_g2c.php?live=2&g2c=1&xid_request=1&code=58722,True,4,"Two-level basement parking with wide driveways for hassle-free access | Serene greenery with a common plot and beautifully landscaped surroundings | Modern lifestyle with fitness center, yoga space & jogging track | Family-friendly with clubhouse, kids' play area & guest rooms","Stamp Duty: 5.9 % for Male, 4.9 % for Female, 5.9 % for Joint (Male and Female), 4.9 % For Joint (Female and Female) | Registration Charges: Male Ownership: 1%, Female Ownership: No registration charges,  Joint (Male + Female) Ownership: 1 % ",4,Apartment,1938.04,Carpet Area,19995000,True,Dec ‘27 possession,12-2027,https://imagecdn.99acres.com/projects/example/o7ts6dz_1735365195_544268633.jpg,https://www.99acres.com/exidmicrosite/property_2d3d_xid.php?projectCode=58722&bno=101&blockId=122518&fno=F1_101&measurement=1&jquery=1&compare=1&g2c=1&hide_button=1&switch_HD=1&platform=DESKTOP,POLARIS GROUP (Builder)
428567,Polaris Callisto,Residential,NEW LAUNCH,Ahmedabad North,Motera,Gujarat,23.104529,72.611897,"Polaris Callisto, Koteshwar Bhat Rd, opposite Polaris Celestia, Koteshwar, Ahmedabad, Gujarat 380005",0,19995000,21027000,2 - 2.1 Cr,https://www.99acres.com/exidmicrosite/siteplan_g2c.php?live=2&g2c=1&xid_request=1&code=58722,True,4,"Two-level basement parking with wide driveways for hassle-free access | Serene greenery with a common plot and beautifully landscaped surroundings | Modern lifestyle with fitness center, yoga space & jogging track | Family-friendly with clubhouse, kids' play area & guest rooms","Stamp Duty: 5.9 % for Male, 4.9 % for Female, 5.9 % for Joint (Male and Female), 4.9 % For Joint (Female and Female) | Registration Charges: Male Ownership: 1%, Female Ownership: No registration charges,  Joint (Male + Female) Ownership: 1 % ",4,Apartment,2009.73,Carpet Area,21027000,True,Dec ‘27 possession,12-2027,https://imagecdn.99acres.com/projects/example/cbkruea_1735365230_544268863.jpg,https://www.99acres.com/exidmicrosite/property_2d3d_xid.php?projectCode=58722&bno=102&blockId=123632&fno=F1_102&measurement=1&jquery=1&compare=1&g2c=1&hide_button=1&switch_HD=1&platform=DESKTOP,POLARIS GROUP (Builder)
429129,MBA Om Elegance,Residential,NEW LAUNCH,Ahmedabad North,Zundal,Gujarat,23.138075,72.579853,"Zundal, Ahmedabad North",382421,8500000,8500000,85 L,https://www.99acres.com/exidmicrosite/siteplan_g2c.php?live=2&g2c=1&xid_request=1&code=58982,True,3,"Seating Balcony in all 3 Bedrooms, first time in Zundal | Solar PV Installations on terrace for sustainable energy | Spacious 106 residential units ensuring exclusivity and low density | Fully developed terrace with huge amenities & heat reflection tiles","Stamp Duty: 5.9 % for Male, 4.9 % for Female, 5.9 % for Joint (Male and Female), 4.9 % For Joint (Female and Female) | Registration Charges: Male Ownership: 1%, Female Ownership: No registration charges,  Joint (Male + Female) Ownership: 1 % ",3,Apartment,865.53,Carpet Area,8500000,True,Dec ‘28 possession,12-2028,https://imagecdn.99acres.com/projects/example/hlbqobx_1738309053_565737093.jpg,https://www.99acres.com/exidmicrosite/property_2d3d_xid.php?projectCode=58982&bno=101&blockId=123190&fno=F1_101&measurement=1&jquery=1&compare=1&g2c=1&hide_button=1&switch_HD=1&platform=DESKTOP,MR VINOD (Dealer) | Vijay Desai (Dealer) | Kintu Shah (Dealer)
429129,MBA Om Elegance,Residential,NEW LAUNCH,Ahmedabad North,Zundal,Gujarat,23.138075,72.579853,"Zundal, Ahmedabad North",382421,8500000,8500000,85 L,https://www.99acres.com/exidmicrosite/siteplan_g2c.php?live=2&g2c=1&xid_request=1&code=58982,True,3,"Seating Balcony in all 3 Bedrooms, first time in Zundal | Solar PV Installations on terrace for sustainable energy | Spacious 106 residential units ensuring exclusivity and low density | Fully developed terrace with huge amenities & heat reflection tiles","Stamp Duty: 5.9 % for Male, 4.9 % for Female, 5.9 % for Joint (Male and Female), 4.9 % For Joint (Female and Female) | Registration Charges: Male Ownership: 1%, Female Ownership: No registration charges,  Joint (Male + Female) Ownership: 1 % ",3,Apartment,870.48,Carpet Area,0,False,Dec ‘28 possession,12-2028,https://imagecdn.99acres.com/projects/example/tqdlsyo_1738309163_565738017.jpg,https://www.99acres.com/exidmicrosite/property_2d3d_xid.php?projectCode=58982&bno=102&blockId=123190&fno=F1_102&measurement=1&jquery=1&compare=1&g2c=1&hide_button=1&switch_HD=1&platform=DESKTOP,
399881,D R Praharsh Bluebell,Residential,NEW LAUNCH,Ahmedabad West,South Bopal,Gujarat,23.01176332590665,72.46639095826298,"South Bopal, Ahmedabad West",380058,8803544,8821248,88.04 - 88.21 L,https://www.99acres.com/exidmicrosite/siteplan_g2c.php?live=2&g2c=1&xid_request=1&code=52432,True,3,"22-story building, tallest in the area on VIP Road | 5000 sq. ft. green open space on the ground floor | 150 ft. wide VIP main road & a 40 ft. wide road corner | Deck area and lush greenery on the first floor.","Stamp Duty: 5.9 % for Male, 4.9 % for Female, 5.9 % for Joint (Male and Female), 4.9 % For Joint (Female and Female) | Registration Charges: Male Ownership: 1%, Female Ownership: No registration charges,  Joint (Male + Female) Ownership: 1 % ",3,Apartment,856.38,Carpet Area,8803544,True,Dec ‘26 possession,12-2026,https://newprojects.99acres.com/projects/d_r_infrastructure/d_r_praharsh_bluebell/maps/jyje8854.jpg,https://www.99acres.com/exidmicrosite/property_2d3d_xid.php?projectCode=52432&bno=101&blockId=109964&fno=F1_101&measurement=1&jquery=1&compare=1&g2c=1&hide_button=1&switch_HD=1&platform=DESKTOP,Rajvi Realty (RERA REGISTERED Dealer)
399881,D R Praharsh Bluebell,Residential,NEW LAUNCH,Ahmedabad West,South Bopal,Gujarat,23.01176332590665,72.46639095826298,"South Bopal, Ahmedabad West",380058,8803544,8821248,88.04 - 88.21 L,https://www.99acres.com/exidmicrosite/siteplan_g2c.php?live=2&g2c=1&xid_request=1&code=52432,True,3,"22-story building, tallest in the area on VIP Road | 5000 sq. ft. green open space on the ground floor | 150 ft. wide VIP main road & a 40 ft. wide road corner | Deck area and lush greenery on the first floor.","Stamp Duty: 5.9 % for Male, 4.9 % for Female, 5.9 % for Joint (Male and Female), 4.9 % For Joint (Female and Female) | Registration Charges: Male Ownership: 1%, Female Ownership: No registration charges,  Joint (Male + Female) Ownership: 1 % ",3,Apartment,857.99,Carpet Area,8820142,True,Dec ‘26 possession,12-2026,https://newprojects.99acres.com/projects/d_r_infrastructure/d_r_praharsh_bluebell/maps/ia70ecjs.jpg,https://www.99acres.com/exidmicrosite/property_2d3d_xid.php?projectCode=52432&bno=103&blockId=108754&fno=F1_103&measurement=1&jquery=1&compare=1&g2c=1&hide_button=1&switch_HD=1&platform=DESKTOP,Rajvi Realty (RERA REGISTERED Dealer)
399881,D R Praharsh Bluebell,Residential,NEW LAUNCH,Ahmedabad West,South Bopal,Gujarat,23.01176332590665,72.46639095826298,"South Bopal, Ahmedabad West",380058,8803544,8821248,88.04 - 88.21 L,https://www.99acres.com/exidmicrosite/siteplan_g2c.php?live=2&g2c=1&xid_request=1&code=52432,True,3,"22-story building, tallest in the area on VIP Road | 5000 sq. ft. green open space on the ground floor | 150 ft. wide VIP main road & a 40 ft. wide road corner | Deck area and lush greenery on the first floor.","Stamp Duty: 5.9 % for Male, 4.9 % for Female, 5.9 % for Joint (Male and Female), 4.9 % For Joint (Female and Female) | Registration Charges: Male Ownership: 1%, Female Ownership: No registration charges,  Joint (Male + Female) Ownership: 1 % ",3,Apartment,858.1,Carpet Area,8821248,True,Dec ‘26 possession,12-2026,https://newprojects.99acres.com/projects/d_r_infrastructure/d_r_praharsh_bluebell/maps/bt6cn7jj.jpg,https://www.99acres.com/exidmicrosite/property_2d3d_xid.php?projectCode=52432&bno=103&blockId=108754&fno=F1_103&measurement=1&jquery=1&compare=1&g2c=1&hide_button=1&switch_HD=1&platform=DESKTOP,Rajvi Realty (RERA REGISTERED Dealer)
404274,HR Eliseo,Residential,NEW LAUNCH,Ahmedabad West,Shela,Gujarat,23.005887,72.451612,"Shela, Ahmedabad West",382465,14124986,26058194,1.41 - 2.61 Cr,https://www.99acres.com/exidmicrosite/siteplan_g2c.php?live=2&g2c=1&xid_request=1&code=52239,True,4,Well-designed units with ample space and lighting | Prime location on a 2-road corner for accessibility and visibility | Each tower has 3 lifts for smooth vertical movement | 11.11% price appreciation in the last 1 year,"Stamp Duty: 5.9 % for Male, 4.9 % for Female, 5.9 % for Joint (Male and Female), 4.9 % For Joint (Female and Female) | Registration Charges: Male Ownership: 1%, Female Ownership: No registration charges,  Joint (Male + Female) Ownership: 1 % ",4,Apartment,1409.96,Carpet Area,14124986,True,Oct ‘26 possession,10-2026,https://newprojects.99acres.com/projects/hr_spacecon_llp/hr_eliseo/maps/c9kj3hf1.jpg,https://www.99acres.com/exidmicrosite/property_2d3d_xid.php?projectCode=52239&bno=101&blockId=108506&fno=F1_101&measurement=1&jquery=1&compare=1&g2c=1&hide_button=1&switch_HD=1&platform=DESKTOP,Proptiger Marketing Services Pvt Ltd (Dealer) | Daksh Realtors (Dealer)
404274,HR Eliseo,Residential,NEW LAUNCH,Ahmedabad West,Shela,Gujarat,23.005887,72.451612,"Shela, Ahmedabad West",382465,14124986,26058194,1.41 - 2.61 Cr,https://www.99acres.com/exidmicrosite/siteplan_g2c.php?live=2&g2c=1&xid_request=1&code=52239,True,4,Well-designed units with ample space and lighting | Prime location on a 2-road corner for accessibility and visibility | Each tower has 3 lifts for smooth vertical movement | 11.11% price appreciation in the last 1 year,"Stamp Duty: 5.9 % for Male, 4.9 % for Female, 5.9 % for Joint (Male and Female), 4.9 % For Joint (Female and Female) | Registration Charges: Male Ownership: 1%, Female Ownership: No registration charges,  Joint (Male + Female) Ownership: 1 % ",4,Apartment,2740.17,Carpet Area,26058194,True,Oct ‘26 possession,10-2026,https://imagecdn.99acres.com/projects/example/fbgqwzq_1752730781_620047009.jpg,,Proptiger Marketing Services Pvt Ltd (Dealer) | Daksh Realtors (Dealer)
431984,Goyal Orchid Regal,Residential,NEW LAUNCH,Ahmedabad West,Makarba,Gujarat,22.987948,72.489218,"Sarkhej, Ahmedabad West",380051,13509730,21907083,1.35 - 2.19 Cr,https://www.99acres.com/exidmicrosite/siteplan_g2c.php?live=2&g2c=1&xid_request=1&code=58932,True,3,"World-class dining, shopping, and education nearby | Pickleball courts, box cricket, and various indoor games, etc | Nestled in the prestigious Billionaire Street of Ahmedabad | Properties with 100% power backup available","Stamp Duty: 5.9 % for Male, 4.9 % for Female, 5.9 % for Joint (Male and Female), 4.9 % For Joint (Female and Female) | Registration Charges: Male Ownership: 1%, Female Ownership: No registration charges,  Joint (Male + Female) Ownership: 1 % ",3,Apartment,1117.8,Carpet Area,13509730,True,Dec ‘28 possession,12-2028,https://imagecdn.99acres.com/projects/example/fpkru4s_1738138462_565186171.jpg,https://www.99acres.com/exidmicrosite/property_2d3d_xid.php?projectCode=58932&bno=101&blockId=123036&fno=F1_101&measurement=1&jquery=1&compare=1&g2c=1&hide_button=1&switch_HD=1&platform=DESKTOP,PARTH LOHIA (RERA REGISTERED Dealer) | Soham Real Estate (RERA REGISTERED Dealer)
431984,Goyal Orchid Regal,Residential,NEW LAUNCH,Ahmedabad West,Makarba,Gujarat,22.987948,72.489218,"Sarkhej, Ahmedabad West",380051,13509730,21907083,1.35 - 2.19 Cr,https://www.99acres.com/exidmicrosite/siteplan_g2c.php?live=2&g2c=1&xid_request=1&code=58932,True,3,"World-class dining, shopping, and education nearby | Pickleball courts, box cricket, and various indoor games, etc | Nestled in the prestigious Billionaire Street of Ahmedabad | Properties with 100% power backup available","Stamp Duty: 5.9 % for Male, 4.9 % for Female, 5.9 % for Joint (Male and Female), 4.9 % For Joint (Female and Female) | Registration Charges: Male Ownership: 1%, Female Ownership: No registration charges,  Joint (Male + Female) Ownership: 1 % ",3,Apartment,1138.7,Carpet Area,13762328,True,Dec ‘28 possession,12-2028,https://imagecdn.99acres.com/projects/example/vnx0ftk_1738138496_565186357.jpg,https://www.99acres.com/exidmicrosite/property_2d3d_xid.php?projectCode=58932&bno=102&blockId=123036&fno=F1_102&measurement=1&jquery=1&compare=1&g2c=1&hide_button=1&switch_HD=1&platform=DESKTOP,PARTH LOHIA (RERA REGISTERED Dealer)
431984,Goyal Orchid Regal,Residential,NEW LAUNCH,Ahmedabad West,Makarba,Gujarat,22.987948,72.489218,"Sarkhej, Ahmedabad West",380051,13509730,21907083,1.35 - 2.19 Cr,https://www.99acres.com/exidmicrosite/siteplan_g2c.php?live=2&g2c=1&xid_request=1&code=58932,True,3,"World-class dining, shopping, and education nearby | Pickleball courts, box cricket, and various indoor games, etc | Nestled in the prestigious Billionaire Street of Ahmedabad | Properties with 100% power backup available","Stamp Duty: 5.9 % for Male, 4.9 % for Female, 5.9 % for Joint (Male and Female), 4.9 % For Joint (Female and Female) | Registration Charges: Male Ownership: 1%, Female Ownership: No registration charges,  Joint (Male + Female) Ownership: 1 % ",3,Apartment,1791.5,Carpet Area,21652069,True,Dec ‘28 possession,12-2028,,,PARTH LOHIA (RERA REGISTERED Dealer)
431984,Goyal Orchid Regal,Residential,NEW LAUNCH,Ahmedabad West,Makarba,Gujarat,22.987948,72.489218,"Sarkhej, Ahmedabad West",380051,13509730,21907083,1.35 - 2.19 Cr,https://www.99acres.com/exidmicrosite/siteplan_g2c.php?live=2&g2c=1&xid_request=1&code=58932,True,3,"World-class dining, shopping, and education nearby | Pickleball courts, box cricket, and various indoor games, etc | Nestled in the prestigious Billionaire Street of Ahmedabad | Properties with 100% power backup available","Stamp Duty: 5.9 % for Male, 4.9 % for Female, 5.9 % for Joint (Male and Female), 4.9 % For Joint (Female and Female) | Registration Charges: Male Ownership: 1%, Female Ownership: No registration charges,  Joint (Male + Female) Ownership: 1 % ",3,Apartment,1812.6,Carpet Area,21907083,True,Dec ‘28 possession,12-2028,,,PARTH LOHIA (RERA REGISTERED Dealer)
428546,Anand Avyam,Residential,NEW LAUNCH,Ahmedabad West,Thaltej,Gujarat,23.063683,72.494647,"Thaltej, Ahmedabad West",380059,15000000,28700000,1.5 - 2.87 Cr,,True,"3,4","Sports amenities such as Pickleball, court cricket, etc | Zen court, sand pit, stepped seating and open projector area | Get Unit of your choice","Stamp Duty: 5.9 % for Male, 4.9 % for Female, 5.9 % for Joint (Male and Female), 4.9 % For Joint (Female and Female) | Registration Charges: Male Ownership: 1%, Female Ownership: No registration charges,  Joint (Male + Female) Ownership: 1 % ",3,Apartment,2052.0,Super Built-up Area,15000000,True,Dec ‘28 possession,12-2028,,,AV REALTY (Dealer)
428546,Anand Avyam,Residential,NEW LAUNCH,Ahmedabad West,Thaltej,Gujarat,23.063683,72.494647,"Thaltej, Ahmedabad West",380059,15000000,28700000,1.5 - 2.87 Cr,,True,"3,4","Sports amenities such as Pickleball, court cricket, etc | Zen court, sand pit, stepped seating and open projector area | Get Unit of your choice","Stamp Duty: 5.9 % for Male, 4.9 % for Female, 5.9 % for Joint (Male and Female), 4.9 % For Joint (Female and Female) | Registration Charges: Male Ownership: 1%, Female Ownership: No registration charges,  Joint (Male + Female) Ownership: 1 % ",4,Apartment,3879.0,Super Built-up Area,28700000,True,Dec ‘28 possession,12-2028,,,AV REALTY (Dealer)
384222,Kavisha The Canvas,Residential,NEW LAUNCH,Ahmedabad West,Wapa,Gujarat,23.020851,72.429244,"Nr. Sanskardham, Kavisha Canvas Road, Ahmedabad, Gujarat 380058",0,9933000,23026500,99.33 L - 2.3 Cr,https://www.99acres.com/exidmicrosite/siteplan_g2c.php?live=2&g2c=1&xid_request=1&code=47755,True,"3,4,5","Unique U-shaped layout boosts visual appeal and functionality | Landscaped areas and clubhouse with pool promote premium recreation | Comprehensive security features ensure a safe, tranquil environment | High-density arrangement maximizes green spaces for community health","Stamp Duty: 5.9 % for Male, 4.9 % for Female, 5.9 % for Joint (Male and Female), 4.9 % For Joint (Female and Female) | Registration Charges: Male Ownership: 1%, Female Ownership: No registration charges,  Joint (Male + Female) Ownership: 1 % ",3,Apartment,2200.0,Super Built-up Area,9933000,True,May ‘25 possession,05-2025,https://newprojects.99acres.com/projects/kavisha_group/kavisha_atria_the_canvas/maps/8c5k3k4b.jpg,https://www.99acres.com/exidmicrosite/property_2d3d_xid.php?projectCode=47755&bno=104&blockId=98424&fno=F1_104&measurement=1&jquery=1&compare=1&g2c=1&hide_button=1&switch_HD=1&platform=DESKTOP,Navin (Dealer) | Daxesh Patel (RERA REGISTERED Dealer) | Parikh Realestate Management Pvt Ltd (RERA REGISTERED Dealer) | Tanishqua Reality (RERA REGISTERED Dealer)
384222,Kavisha The Canvas,Residential,NEW LAUNCH,Ahmedabad West,Wapa,Gujarat,23.020851,72.429244,"Nr. Sanskardham, Kavisha Canvas Road, Ahmedabad, Gujarat 380058",0,9933000,23026500,99.33 L - 2.3 Cr,https://www.99acres.com/exidmicrosite/siteplan_g2c.php?live=2&g2c=1&xid_request=1&code=47755,True,"3,4,5","Unique U-shaped layout boosts visual appeal and functionality | Landscaped areas and clubhouse with pool promote premium recreation | Comprehensive security features ensure a safe, tranquil environment | High-density arrangement maximizes green spaces for community health","Stamp Duty: 5.9 % for Male, 4.9 % for Female, 5.9 % for Joint (Male and Female), 4.9 % For Joint (Female and Female) | Registration Charges: Male Ownership: 1%, Female Ownership: No registration charges,  Joint (Male + Female) Ownership: 1 % ",4,Apartment,3300.0,Super Built-up Area,14899500,True,May ‘25 possession,05-2025,https://newprojects.99acres.com/projects/kavisha_group/kavisha_atria_the_canvas/maps/spkoqwtl.png,https://www.99acres.com/exidmicrosite/property_2d3d_xid.php?projectCode=47755&bno=101&blockId=98424&fno=F1_101&measurement=1&jquery=1&compare=1&g2c=1&hide_button=1&switch_HD=1&platform=DESKTOP,Navin (Dealer) | Daxesh Patel (RERA REGISTERED Dealer) | Parikh Realestate Management Pvt Ltd (RERA REGISTERED Dealer) | Tanishqua Reality (RERA REGISTERED Dealer)
384222,Kavisha The Canvas,Residential,NEW LAUNCH,Ahmedabad West,Wapa,Gujarat,23.020851,72.429244,"Nr. Sanskardham, Kavisha Canvas Road, Ahmedabad, Gujarat 380058",0,9933000,23026500,99.33 L - 2.3 Cr,https://www.99acres.com/exidmicrosite/siteplan_g2c.php?live=2&g2c=1&xid_request=1&code=47755,True,"3,4,5","Unique U-shaped layout boosts visual appeal and functionality | Landscaped areas and clubhouse with pool promote premium recreation | Comprehensive security features ensure a safe, tranquil environment | High-density arrangement maximizes green spaces for community health","Stamp Duty: 5.9 % for Male, 4.9 % for Female, 5.9 % for Joint (Male and Female), 4.9 % For Joint (Female and Female) | Registration Charges: Male Ownership: 1%, Female Ownership: No registration charges,  Joint (Male + Female) Ownership: 1 % ",4,Apartment,3600.0,Super Built-up Area,16254000,True,May ‘25 possession,05-2025,https://newprojects.99acres.com/projects/kavisha_group/kavisha_atria_the_canvas/maps/a7yq9377.jpg,https://www.99acres.com/exidmicrosite/property_2d3d_xid.php?projectCode=47755&bno=102&blockId=98424&fno=F1_102&measurement=1&jquery=1&compare=1&g2c=1&hide_button=1&switch_HD=1&platform=DESKTOP,Navin (Dealer) | Daxesh Patel (RERA REGISTERED Dealer) | Tanishqua Reality (RERA REGISTERED Dealer)
384222,Kavisha The Canvas,Residential,NEW LAUNCH,Ahmedabad West,Wapa,Gujarat,23.020851,72.429244,"Nr. Sanskardham, Kavisha Canvas Road, Ahmedabad, Gujarat 380058",0,9933000,23026500,99.33 L - 2.3 Cr,https://www.99acres.com/exidmicrosite/siteplan_g2c.php?live=2&g2c=1&xid_request=1&code=47755,True,"3,4,5","Unique U-shaped layout boosts visual appeal and functionality | Landscaped areas and clubhouse with pool promote premium recreation | Comprehensive security features ensure a safe, tranquil environment | High-density arrangement maximizes green spaces for community health","Stamp Duty: 5.9 % for Male, 4.9 % for Female, 5.9 % for Joint (Male and Female), 4.9 % For Joint (Female and Female) | Registration Charges: Male Ownership: 1%, Female Ownership: No registration charges,  Joint (Male + Female) Ownership: 1 % ",5,Apartment,5100.0,Super Built-up Area,23026500,True,May ‘25 possession,05-2025,https://newprojects.99acres.com/projects/kavisha_group/kavisha_atria_the_canvas/maps/puv4ufev.jpg,https://www.99acres.com/exidmicrosite/property_2d3d_xid.php?projectCode=47755&bno=103&blockId=98424&fno=F1_103&measurement=1&jquery=1&compare=1&g2c=1&hide_button=1&switch_HD=1&platform=DESKTOP,Navin (Dealer) | Daxesh Patel (RERA REGISTERED Dealer) | Parikh Realestate Management Pvt Ltd (RERA REGISTERED Dealer) | Tanishqua Reality (RERA REGISTERED Dealer)
402982,Gala Ikebana,Residential,NEW LAUNCH,Ahmedabad West,Bodakdev,Gujarat,23.0395628765,72.504372232801,Ahmedabad,380054,65058841,106852400,6.51 - 10.69 Cr,https://www.99acres.com/exidmicrosite/siteplan_g2c.php?live=2&g2c=1&xid_request=1&code=51603,True,"4,5",Well connected with National highway 147 with the distance of 1.3 km | Thaltej metro station at the distance of 2 km | Ambli Road Railway Station only at the distance of 2.8 km | Shalby Multi-Specialty Hospitals at the distance of 3.1 km ,"Stamp Duty: 5.9 % for Male, 4.9 % for Female, 5.9 % for Joint (Male and Female), 4.9 % For Joint (Female and Female) | Registration Charges: Male Ownership: 1%, Female Ownership: No registration charges,  Joint (Male + Female) Ownership: 1 % ",4,Apartment,3317.2,Carpet Area,65058841,True,Jul ‘27 possession,07-2027,https://imagecdn.99acres.com/projects/example/joxzium_1750930003_611942457.jpg,https://www.99acres.com/exidmicrosite/property_2d3d_xid.php?projectCode=51603&bno=102&blockId=106246&fno=F1_102&measurement=1&jquery=1&compare=1&g2c=1&hide_button=1&switch_HD=1&platform=DESKTOP,Parikh Realestate Management Pvt Ltd (RERA REGISTERED Dealer) | Kunal Shah (RERA REGISTERED Dealer)
402982,Gala Ikebana,Residential,NEW LAUNCH,Ahmedabad West,Bodakdev,Gujarat,23.0395628765,72.504372232801,Ahmedabad,380054,65058841,106852400,6.51 - 10.69 Cr,https://www.99acres.com/exidmicrosite/siteplan_g2c.php?live=2&g2c=1&xid_request=1&code=51603,True,"4,5",Well connected with National highway 147 with the distance of 1.3 km | Thaltej metro station at the distance of 2 km | Ambli Road Railway Station only at the distance of 2.8 km | Shalby Multi-Specialty Hospitals at the distance of 3.1 km ,"Stamp Duty: 5.9 % for Male, 4.9 % for Female, 5.9 % for Joint (Male and Female), 4.9 % For Joint (Female and Female) | Registration Charges: Male Ownership: 1%, Female Ownership: No registration charges,  Joint (Male + Female) Ownership: 1 % ",4,Apartment,3979.26,Carpet Area,78043151,True,Jul ‘27 possession,07-2027,https://newprojects.99acres.com/projects/gala_group/gala_ikebana/maps/es755dgm.png,,Parikh Realestate Management Pvt Ltd (RERA REGISTERED Dealer) | Kunal Shah (RERA REGISTERED Dealer)
402982,Gala Ikebana,Residential,NEW LAUNCH,Ahmedabad West,Bodakdev,Gujarat,23.0395628765,72.504372232801,Ahmedabad,380054,65058841,106852400,6.51 - 10.69 Cr,https://www.99acres.com/exidmicrosite/siteplan_g2c.php?live=2&g2c=1&xid_request=1&code=51603,True,"4,5",Well connected with National highway 147 with the distance of 1.3 km | Thaltej metro station at the distance of 2 km | Ambli Road Railway Station only at the distance of 2.8 km | Shalby Multi-Specialty Hospitals at the distance of 3.1 km ,"Stamp Duty: 5.9 % for Male, 4.9 % for Female, 5.9 % for Joint (Male and Female), 4.9 % For Joint (Female and Female) | Registration Charges: Male Ownership: 1%, Female Ownership: No registration charges,  Joint (Male + Female) Ownership: 1 % ",4,Apartment,3982.81,Carpet Area,78101992,True,Jul ‘27 possession,07-2027,https://newprojects.99acres.com/projects/gala_group/gala_ikebana/maps/bfrrq6x6.png,,Parikh Realestate Management Pvt Ltd (RERA REGISTERED Dealer) | Kunal Shah (RERA REGISTERED Dealer)
402982,Gala Ikebana,Residential,NEW LAUNCH,Ahmedabad West,Bodakdev,Gujarat,23.0395628765,72.504372232801,Ahmedabad,380054,65058841,106852400,6.51 - 10.69 Cr,https://www.99acres.com/exidmicrosite/siteplan_g2c.php?live=2&g2c=1&xid_request=1&code=51603,True,"4,5",Well connected with National highway 147 with the distance of 1.3 km | Thaltej metro station at the distance of 2 km | Ambli Road Railway Station only at the distance of 2.8 km | Shalby Multi-Specialty Hospitals at the distance of 3.1 km ,"Stamp Duty: 5.9 % for Male, 4.9 % for Female, 5.9 % for Joint (Male and Female), 4.9 % For Joint (Female and Female) | Registration Charges: Male Ownership: 1%, Female Ownership: No registration charges,  Joint (Male + Female) Ownership: 1 % ",4,Apartment,3987.12,Carpet Area,78200061,True,Jul ‘27 possession,07-2027,https://newprojects.99acres.com/projects/gala_group/gala_ikebana/maps/mqr3wx38.png,,Parikh Realestate Management Pvt Ltd (RERA REGISTERED Dealer) | Kunal Shah (RERA REGISTERED Dealer)
402982,Gala Ikebana,Residential,NEW LAUNCH,Ahmedabad West,Bodakdev,Gujarat,23.0395628765,72.504372232801,Ahmedabad,380054,65058841,106852400,6.51 - 10.69 Cr,https://www.99acres.com/exidmicrosite/siteplan_g2c.php?live=2&g2c=1&xid_request=1&code=51603,True,"4,5",Well connected with National highway 147 with the distance of 1.3 km | Thaltej metro station at the distance of 2 km | Ambli Road Railway Station only at the distance of 2.8 km | Shalby Multi-Specialty Hospitals at the distance of 3.1 km ,"Stamp Duty: 5.9 % for Male, 4.9 % for Female, 5.9 % for Joint (Male and Female), 4.9 % For Joint (Female and Female) | Registration Charges: Male Ownership: 1%, Female Ownership: No registration charges,  Joint (Male + Female) Ownership: 1 % ",5,Apartment,5379.25,Carpet Area,91304060,True,Jul ‘27 possession,07-2027,https://newprojects.99acres.com/projects/gala_group/gala_ikebana/maps/qzkkr0w_1713428031_486938324.jpg,https://www.99acres.com/exidmicrosite/property_2d3d_xid.php?projectCode=51603&bno=114&blockId=106246&fno=F1_114&measurement=1&jquery=1&compare=1&g2c=1&hide_button=1&switch_HD=1&platform=DESKTOP,Parikh Realestate Management Pvt Ltd (RERA REGISTERED Dealer) | Kunal Shah (RERA REGISTERED Dealer)
402982,Gala Ikebana,Residential,NEW LAUNCH,Ahmedabad West,Bodakdev,Gujarat,23.0395628765,72.504372232801,Ahmedabad,380054,65058841,106852400,6.51 - 10.69 Cr,https://www.99acres.com/exidmicrosite/siteplan_g2c.php?live=2&g2c=1&xid_request=1&code=51603,True,"4,5",Well connected with National highway 147 with the distance of 1.3 km | Thaltej metro station at the distance of 2 km | Ambli Road Railway Station only at the distance of 2.8 km | Shalby Multi-Specialty Hospitals at the distance of 3.1 km ,"Stamp Duty: 5.9 % for Male, 4.9 % for Female, 5.9 % for Joint (Male and Female), 4.9 % For Joint (Female and Female) | Registration Charges: Male Ownership: 1%, Female Ownership: No registration charges,  Joint (Male + Female) Ownership: 1 % ",5,Apartment,5383.12,Carpet Area,91371957,True,Jul ‘27 possession,07-2027,https://newprojects.99acres.com/projects/gala_group/gala_ikebana/maps/jahhgur_1713428031_486938332.jpg,https://www.99acres.com/exidmicrosite/property_2d3d_xid.php?projectCode=51603&bno=112&blockId=106246&fno=F1_112&measurement=1&jquery=1&compare=1&g2c=1&hide_button=1&switch_HD=1&platform=DESKTOP,Parikh Realestate Management Pvt Ltd (RERA REGISTERED Dealer) | Kunal Shah (RERA REGISTERED Dealer)
402982,Gala Ikebana,Residential,NEW LAUNCH,Ahmedabad West,Bodakdev,Gujarat,23.0395628765,72.504372232801,Ahmedabad,380054,65058841,106852400,6.51 - 10.69 Cr,https://www.99acres.com/exidmicrosite/siteplan_g2c.php?live=2&g2c=1&xid_request=1&code=51603,True,"4,5",Well connected with National highway 147 with the distance of 1.3 km | Thaltej metro station at the distance of 2 km | Ambli Road Railway Station only at the distance of 2.8 km | Shalby Multi-Specialty Hospitals at the distance of 3.1 km ,"Stamp Duty: 5.9 % for Male, 4.9 % for Female, 5.9 % for Joint (Male and Female), 4.9 % For Joint (Female and Female) | Registration Charges: Male Ownership: 1%, Female Ownership: No registration charges,  Joint (Male + Female) Ownership: 1 % ",5,Apartment,6278.0,Carpet Area,106563839,True,Jul ‘27 possession,07-2027,https://newprojects.99acres.com/projects/gala_group/gala_ikebana/maps/2xens8i_1713428031_486938328.jpg,https://www.99acres.com/exidmicrosite/property_2d3d_xid.php?projectCode=51603&bno=113&blockId=106246&fno=F1_113&measurement=1&jquery=1&compare=1&g2c=1&hide_button=1&switch_HD=1&platform=DESKTOP,Parikh Realestate Management Pvt Ltd (RERA REGISTERED Dealer) | Kunal Shah (RERA REGISTERED Dealer)
402982,Gala Ikebana,Residential,NEW LAUNCH,Ahmedabad West,Bodakdev,Gujarat,23.0395628765,72.504372232801,Ahmedabad,380054,65058841,106852400,6.51 - 10.69 Cr,https://www.99acres.com/exidmicrosite/siteplan_g2c.php?live=2&g2c=1&xid_request=1&code=51603,True,"4,5",Well connected with National highway 147 with the distance of 1.3 km | Thaltej metro station at the distance of 2 km | Ambli Road Railway Station only at the distance of 2.8 km | Shalby Multi-Specialty Hospitals at the distance of 3.1 km ,"Stamp Duty: 5.9 % for Male, 4.9 % for Female, 5.9 % for Joint (Male and Female), 4.9 % For Joint (Female and Female) | Registration Charges: Male Ownership: 1%, Female Ownership: No registration charges,  Joint (Male + Female) Ownership: 1 % ",5,Apartment,6295.0,Carpet Area,106852400,True,Jul ‘27 possession,07-2027,https://newprojects.99acres.com/projects/gala_group/gala_ikebana/maps/ug9u0jy_1713428031_486938326.jpg,https://www.99acres.com/exidmicrosite/property_2d3d_xid.php?projectCode=51603&bno=115&blockId=106246&fno=F1_115&measurement=1&jquery=1&compare=1&g2c=1&hide_button=1&switch_HD=1&platform=DESKTOP,Parikh Realestate Management Pvt Ltd (RERA REGISTERED Dealer) | Kunal Shah (RERA REGISTERED Dealer)
402982,Gala Ikebana,Residential,NEW LAUNCH,Ahmedabad West,Bodakdev,Gujarat,23.0395628765,72.504372232801,Ahmedabad,380054,65058841,106852400,6.51 - 10.69 Cr,https://www.99acres.com/exidmicrosite/siteplan_g2c.php?live=2&g2c=1&xid_request=1&code=51603,True,"4,5",Well connected with National highway 147 with the distance of 1.3 km | Thaltej metro station at the distance of 2 km | Ambli Road Railway Station only at the distance of 2.8 km | Shalby Multi-Specialty Hospitals at the distance of 3.1 km ,"Stamp Duty: 5.9 % for Male, 4.9 % for Female, 5.9 % for Joint (Male and Female), 4.9 % For Joint (Female and Female) | Registration Charges: Male Ownership: 1%, Female Ownership: No registration charges,  Joint (Male + Female) Ownership: 1 % ",5,Apartment,4065.99,Carpet Area,0,False,Jul ‘27 possession,07-2027,https://imagecdn.99acres.com/projects/example/qlxwrr2_1750930039_611942809.jpg,https://www.99acres.com/exidmicrosite/property_2d3d_xid.php?projectCode=51603&bno=110&blockId=106246&fno=F1_110&measurement=1&jquery=1&compare=1&g2c=1&hide_button=1&switch_HD=1&platform=DESKTOP,
393896,The 31st,Residential,NEW LAUNCH,Ahmedabad West,Thaltej,Gujarat,23.053571703811,72.484523496425,"Thaltej, Ahmedabad West",380059,39859056,42109164,3.99 - 4.21 Cr,https://www.99acres.com/exidmicrosite/siteplan_g2c.php?live=2&g2c=1&xid_request=1&code=49272,True,4,"31-storey landmark offering elevated sky living | 31,000+ sq.ft. of exclusive recreational spaces | Only 3 residences per floor with 5 high-speed lifts | Unobstructed 360° panoramic views","Stamp Duty: 5.9 % for Male, 4.9 % for Female, 5.9 % for Joint (Male and Female), 4.9 % For Joint (Female and Female) | Registration Charges: Male Ownership: 1%, Female Ownership: No registration charges,  Joint (Male + Female) Ownership: 1 % ",4,Apartment,4464.0,Super Built-up Area,39859056,True,Dec ‘27 possession,12-2027,https://newprojects.99acres.com/projects/beverly_buildcon/beverly_the_31st/maps/peqll9li.jpg,https://www.99acres.com/exidmicrosite/property_2d3d_xid.php?projectCode=49272&bno=101&blockId=101458&fno=F1_101&measurement=1&jquery=1&compare=1&g2c=1&hide_button=1&switch_HD=1&platform=DESKTOP,AV REALTY (Dealer) | Harsh Vakil (Dealer) | Kunal Shah (RERA REGISTERED Dealer)
393896,The 31st,Residential,NEW LAUNCH,Ahmedabad West,Thaltej,Gujarat,23.053571703811,72.484523496425,"Thaltej, Ahmedabad West",380059,39859056,42109164,3.99 - 4.21 Cr,https://www.99acres.com/exidmicrosite/siteplan_g2c.php?live=2&g2c=1&xid_request=1&code=49272,True,4,"31-storey landmark offering elevated sky living | 31,000+ sq.ft. of exclusive recreational spaces | Only 3 residences per floor with 5 high-speed lifts | Unobstructed 360° panoramic views","Stamp Duty: 5.9 % for Male, 4.9 % for Female, 5.9 % for Joint (Male and Female), 4.9 % For Joint (Female and Female) | Registration Charges: Male Ownership: 1%, Female Ownership: No registration charges,  Joint (Male + Female) Ownership: 1 % ",4,Apartment,4716.0,Super Built-up Area,42109164,True,Dec ‘27 possession,12-2027,https://newprojects.99acres.com/projects/beverly_buildcon/beverly_the_31st/maps/u91yertm.png,https://www.99acres.com/exidmicrosite/property_2d3d_xid.php?projectCode=49272&bno=103&blockId=108048&fno=F1_103&measurement=1&jquery=1&compare=1&g2c=1&hide_button=1&switch_HD=1&platform=DESKTOP,AV REALTY (Dealer) | Harsh Vakil (Dealer) | Kunal Shah (RERA REGISTERED Dealer)
430025,Shaligram Sky,Residential,NEW LAUNCH,Ahmedabad West,Satellite,Gujarat,23.032654173344,72.511912332316,"Satellite, Ahmedabad West",380015,31500000,39900000,3.15 - 3.99 Cr,https://www.99acres.com/exidmicrosite/siteplan_g2c.php?live=2&g2c=1&xid_request=1&code=57241,True,4,"Experience prime 4 BHK luxury in the heart of Satellite, Ahmedabad | Access premium podium level amenities including a library and theater | Stay comfortable with advanced VRV air conditioning and digital locks | Get Unit of your choice","Stamp Duty: 5.9 % for Male, 4.9 % for Female, 5.9 % for Joint (Male and Female), 4.9 % For Joint (Female and Female) | Registration Charges: Male Ownership: 1%, Female Ownership: No registration charges,  Joint (Male + Female) Ownership: 1 % ",4,Apartment,1855.8,Carpet Area,31500000,True,Oct ‘29 possession,10-2029,https://newprojects.99acres.com/projects/shaligram_space/shaligram_sky/maps/ybsg0zb_1721217331_505183803_O.jpg,https://www.99acres.com/exidmicrosite/property_2d3d_xid.php?projectCode=57241&bno=101&blockId=124698&fno=F1_101&measurement=1&jquery=1&compare=1&g2c=1&hide_button=1&switch_HD=1&platform=DESKTOP,Krunal Kshatriya (Dealer) | ENCHANTING SPACES (RERA REGISTERED Dealer)
430025,Shaligram Sky,Residential,NEW LAUNCH,Ahmedabad West,Satellite,Gujarat,23.032654173344,72.511912332316,"Satellite, Ahmedabad West",380015,31500000,39900000,3.15 - 3.99 Cr,https://www.99acres.com/exidmicrosite/siteplan_g2c.php?live=2&g2c=1&xid_request=1&code=57241,True,4,"Experience prime 4 BHK luxury in the heart of Satellite, Ahmedabad | Access premium podium level amenities including a library and theater | Stay comfortable with advanced VRV air conditioning and digital locks | Get Unit of your choice","Stamp Duty: 5.9 % for Male, 4.9 % for Female, 5.9 % for Joint (Male and Female), 4.9 % For Joint (Female and Female) | Registration Charges: Male Ownership: 1%, Female Ownership: No registration charges,  Joint (Male + Female) Ownership: 1 % ",4,Apartment,2476.3,Carpet Area,39900000,True,Oct ‘29 possession,10-2029,https://newprojects.99acres.com/projects/shaligram_space/shaligram_sky/maps/lhm6wbd_1721217367_505183933_O.jpg,https://www.99acres.com/exidmicrosite/property_2d3d_xid.php?projectCode=57241&bno=102&blockId=119260&fno=F1_102&measurement=1&jquery=1&compare=1&g2c=1&hide_button=1&switch_HD=1&platform=DESKTOP,Krunal Kshatriya (Dealer) | ENCHANTING SPACES (RERA REGISTERED Dealer)
450275,The Park By Parmeshwar,Residential,NEW LAUNCH,Ahmedabad North,Zundal,Gujarat,23.123353,72.568901,"Opp. Pancham Pentagon, , Gandhinagar, Gandhinagar, GUJARAT, 382421",382421,0,0,Price on Request,https://www.99acres.com/exidmicrosite/siteplan_g2c.php?live=2&g2c=1&xid_request=1&code=61216,True,"2,3",Lakefront living that mirrors your way of life | Over 27 lifestyle amenities for a fun and refined living | Provision for EV charging points | On-site shopping with 16 exclusive retail outlets,"Stamp Duty: 5.9 % for Male, 4.9 % for Female, 5.9 % for Joint (Male and Female), 4.9 % For Joint (Female and Female) | Registration Charges: Male Ownership: 1%, Female Ownership: No registration charges,  Joint (Male + Female) Ownership: 1 % ",2,Apartment,698.04,Carpet Area,0,False,,,https://imagecdn.99acres.com/projects/example/pjkozn1_1756279339_639336049.jpg,https://www.99acres.com/exidmicrosite/property_2d3d_xid.php?projectCode=61216&bno=101&blockId=128749&fno=F1_101&measurement=1&jquery=1&compare=1&g2c=1&hide_button=1&switch_HD=1&platform=DESKTOP,
450275,The Park By Parmeshwar,Residential,NEW LAUNCH,Ahmedabad North,Zundal,Gujarat,23.123353,72.568901,"Opp. Pancham Pentagon, , Gandhinagar, Gandhinagar, GUJARAT, 382421",382421,0,0,Price on Request,https://www.99acres.com/exidmicrosite/siteplan_g2c.php?live=2&g2c=1&xid_request=1&code=61216,True,"2,3",Lakefront living that mirrors your way of life | Over 27 lifestyle amenities for a fun and refined living | Provision for EV charging points | On-site shopping with 16 exclusive retail outlets,"Stamp Duty: 5.9 % for Male, 4.9 % for Female, 5.9 % for Joint (Male and Female), 4.9 % For Joint (Female and Female) | Registration Charges: Male Ownership: 1%, Female Ownership: No registration charges,  Joint (Male + Female) Ownership: 1 % ",2,Apartment,698.9,Carpet Area,0,False,Dec ‘29 possession,12-2029,https://imagecdn.99acres.com/projects/example/xhgram0_1756279404_639336563.jpg,https://www.99acres.com/exidmicrosite/property_2d3d_xid.php?projectCode=61216&bno=102&blockId=128749&fno=F1_102&measurement=1&jquery=1&compare=1&g2c=1&hide_button=1&switch_HD=1&platform=DESKTOP,
450275,The Park By Parmeshwar,Residential,NEW LAUNCH,Ahmedabad North,Zundal,Gujarat,23.123353,72.568901,"Opp. Pancham Pentagon, , Gandhinagar, Gandhinagar, GUJARAT, 382421",382421,0,0,Price on Request,https://www.99acres.com/exidmicrosite/siteplan_g2c.php?live=2&g2c=1&xid_request=1&code=61216,True,"2,3",Lakefront living that mirrors your way of life | Over 27 lifestyle amenities for a fun and refined living | Provision for EV charging points | On-site shopping with 16 exclusive retail outlets,"Stamp Duty: 5.9 % for Male, 4.9 % for Female, 5.9 % for Joint (Male and Female), 4.9 % For Joint (Female and Female) | Registration Charges: Male Ownership: 1%, Female Ownership: No registration charges,  Joint (Male + Female) Ownership: 1 % ",2,Apartment,730.87,Carpet Area,0,False,Dec ‘29 possession,12-2029,https://imagecdn.99acres.com/projects/example/l0fuz1t_1756279492_639336959.jpg,https://www.99acres.com/exidmicrosite/property_2d3d_xid.php?projectCode=61216&bno=103&blockId=128749&fno=F1_103&measurement=1&jquery=1&compare=1&g2c=1&hide_button=1&switch_HD=1&platform=DESKTOP,
450275,The Park By Parmeshwar,Residential,NEW LAUNCH,Ahmedabad North,Zundal,Gujarat,23.123353,72.568901,"Opp. Pancham Pentagon, , Gandhinagar, Gandhinagar, GUJARAT, 382421",382421,0,0,Price on Request,https://www.99acres.com/exidmicrosite/siteplan_g2c.php?live=2&g2c=1&xid_request=1&code=61216,True,"2,3",Lakefront living that mirrors your way of life | Over 27 lifestyle amenities for a fun and refined living | Provision for EV charging points | On-site shopping with 16 exclusive retail outlets,"Stamp Duty: 5.9 % for Male, 4.9 % for Female, 5.9 % for Joint (Male and Female), 4.9 % For Joint (Female and Female) | Registration Charges: Male Ownership: 1%, Female Ownership: No registration charges,  Joint (Male + Female) Ownership: 1 % ",2,Apartment,769.51,Carpet Area,0,False,Dec ‘29 possession,12-2029,https://imagecdn.99acres.com/projects/example/dd0h5ly_1756279526_639337149.jpg,https://www.99acres.com/exidmicrosite/property_2d3d_xid.php?projectCode=61216&bno=106&blockId=128749&fno=F1_106&measurement=1&jquery=1&compare=1&g2c=1&hide_button=1&switch_HD=1&platform=DESKTOP,
450275,The Park By Parmeshwar,Residential,NEW LAUNCH,Ahmedabad North,Zundal,Gujarat,23.123353,72.568901,"Opp. Pancham Pentagon, , Gandhinagar, Gandhinagar, GUJARAT, 382421",382421,0,0,Price on Request,https://www.99acres.com/exidmicrosite/siteplan_g2c.php?live=2&g2c=1&xid_request=1&code=61216,True,"2,3",Lakefront living that mirrors your way of life | Over 27 lifestyle amenities for a fun and refined living | Provision for EV charging points | On-site shopping with 16 exclusive retail outlets,"Stamp Duty: 5.9 % for Male, 4.9 % for Female, 5.9 % for Joint (Male and Female), 4.9 % For Joint (Female and Female) | Registration Charges: Male Ownership: 1%, Female Ownership: No registration charges,  Joint (Male + Female) Ownership: 1 % ",2,Apartment,965.63,Carpet Area,0,False,Dec ‘29 possession,12-2029,https://imagecdn.99acres.com/projects/example/2oiewdc_1756279560_639337565.jpg,https://www.99acres.com/exidmicrosite/property_2d3d_xid.php?projectCode=61216&bno=107&blockId=128749&fno=F1_107&measurement=1&jquery=1&compare=1&g2c=1&hide_button=1&switch_HD=1&platform=DESKTOP,
450275,The Park By Parmeshwar,Residential,NEW LAUNCH,Ahmedabad North,Zundal,Gujarat,23.123353,72.568901,"Opp. Pancham Pentagon, , Gandhinagar, Gandhinagar, GUJARAT, 382421",382421,0,0,Price on Request,https://www.99acres.com/exidmicrosite/siteplan_g2c.php?live=2&g2c=1&xid_request=1&code=61216,True,"2,3",Lakefront living that mirrors your way of life | Over 27 lifestyle amenities for a fun and refined living | Provision for EV charging points | On-site shopping with 16 exclusive retail outlets,"Stamp Duty: 5.9 % for Male, 4.9 % for Female, 5.9 % for Joint (Male and Female), 4.9 % For Joint (Female and Female) | Registration Charges: Male Ownership: 1%, Female Ownership: No registration charges,  Joint (Male + Female) Ownership: 1 % ",3,Apartment,1117.83,Carpet Area,0,False,Dec ‘29 possession,12-2029,https://imagecdn.99acres.com/projects/example/kdgape1_1756279302_639335749.jpg,https://www.99acres.com/exidmicrosite/property_2d3d_xid.php?projectCode=61216&bno=104&blockId=128749&fno=F1_104&measurement=1&jquery=1&compare=1&g2c=1&hide_button=1&switch_HD=1&platform=DESKTOP,
450275,The Park By Parmeshwar,Residential,NEW LAUNCH,Ahmedabad North,Zundal,Gujarat,23.123353,72.568901,"Opp. Pancham Pentagon, , Gandhinagar, Gandhinagar, GUJARAT, 382421",382421,0,0,Price on Request,https://www.99acres.com/exidmicrosite/siteplan_g2c.php?live=2&g2c=1&xid_request=1&code=61216,True,"2,3",Lakefront living that mirrors your way of life | Over 27 lifestyle amenities for a fun and refined living | Provision for EV charging points | On-site shopping with 16 exclusive retail outlets,"Stamp Duty: 5.9 % for Male, 4.9 % for Female, 5.9 % for Joint (Male and Female), 4.9 % For Joint (Female and Female) | Registration Charges: Male Ownership: 1%, Female Ownership: No registration charges,  Joint (Male + Female) Ownership: 1 % ",3,Apartment,1318.04,Carpet Area,0,False,Dec ‘29 possession,12-2029,https://imagecdn.99acres.com/projects/example/rfyjuu2_1756279265_639335295.jpg,https://www.99acres.com/exidmicrosite/property_2d3d_xid.php?projectCode=61216&bno=105&blockId=128749&fno=F1_105&measurement=1&jquery=1&compare=1&g2c=1&hide_button=1&switch_HD=1&platform=DESKTOP,
449527,Aarav Elenza Infinium,Residential,NEW LAUNCH,Ahmedabad West,Bopal,Gujarat,23.018873,72.470439,"Opp Aarohi Crest Just 70 MtR. from SOBO, South Bopal, Ahmedabad, Gujarat 380057",380058,6499995,7255990,65 - 72.56 L,https://www.99acres.com/exidmicrosite/siteplan_g2c.php?live=2&g2c=1&xid_request=1&code=61298,True,"1,2,3","HM Architect involved in the project's design | 18 m wide T.P.S. Road offers smooth and convenient access | Prime location near SOBO Centre, South Bopal, Ahmedabad | Get Unit of your choice","Stamp Duty: 5.9 % for Male, 4.9 % for Female, 5.9 % for Joint (Male and Female), 4.9 % For Joint (Female and Female) | Registration Charges: Male Ownership: 1%, Female Ownership: No registration charges,  Joint (Male + Female) Ownership: 1 % ",1,Apartment,729.79,Carpet Area,0,False,Dec ‘29 possession,12-2029,https://imagecdn.99acres.com/projects/example/aqy1wqu_1754467948_629116621.jpg,https://www.99acres.com/exidmicrosite/property_2d3d_xid.php?projectCode=61298&bno=101&blockId=128863&fno=F1_101&measurement=1&jquery=1&compare=1&g2c=1&hide_button=1&switch_HD=1&platform=DESKTOP,
449527,Aarav Elenza Infinium,Residential,NEW LAUNCH,Ahmedabad West,Bopal,Gujarat,23.018873,72.470439,"Opp Aarohi Crest Just 70 MtR. from SOBO, South Bopal, Ahmedabad, Gujarat 380057",380058,6499995,7255990,65 - 72.56 L,https://www.99acres.com/exidmicrosite/siteplan_g2c.php?live=2&g2c=1&xid_request=1&code=61298,True,"1,2,3","HM Architect involved in the project's design | 18 m wide T.P.S. Road offers smooth and convenient access | Prime location near SOBO Centre, South Bopal, Ahmedabad | Get Unit of your choice","Stamp Duty: 5.9 % for Male, 4.9 % for Female, 5.9 % for Joint (Male and Female), 4.9 % For Joint (Female and Female) | Registration Charges: Male Ownership: 1%, Female Ownership: No registration charges,  Joint (Male + Female) Ownership: 1 % ",2,Apartment,834.31,Carpet Area,6499995,True,Dec ‘29 possession,12-2029,https://imagecdn.99acres.com/projects/example/ddzrwnl_1754467874_629115753.jpg,https://www.99acres.com/exidmicrosite/property_2d3d_xid.php?projectCode=61298&bno=102&blockId=128863&fno=F1_102&measurement=1&jquery=1&compare=1&g2c=1&hide_button=1&switch_HD=1&platform=DESKTOP,DREAM HEAVEN REALTORS (RERA REGISTERED Dealer) | DNS Realty LLP (RERA REGISTERED Dealer) | Navin (Dealer)
449527,Aarav Elenza Infinium,Residential,NEW LAUNCH,Ahmedabad West,Bopal,Gujarat,23.018873,72.470439,"Opp Aarohi Crest Just 70 MtR. from SOBO, South Bopal, Ahmedabad, Gujarat 380057",380058,6499995,7255990,65 - 72.56 L,https://www.99acres.com/exidmicrosite/siteplan_g2c.php?live=2&g2c=1&xid_request=1&code=61298,True,"1,2,3","HM Architect involved in the project's design | 18 m wide T.P.S. Road offers smooth and convenient access | Prime location near SOBO Centre, South Bopal, Ahmedabad | Get Unit of your choice","Stamp Duty: 5.9 % for Male, 4.9 % for Female, 5.9 % for Joint (Male and Female), 4.9 % For Joint (Female and Female) | Registration Charges: Male Ownership: 1%, Female Ownership: No registration charges,  Joint (Male + Female) Ownership: 1 % ",3,Apartment,856.27,Carpet Area,6671458,True,Dec ‘29 possession,12-2029,https://imagecdn.99acres.com/projects/example/qv84uzf_1754469041_629130939.jpg,,DREAM HEAVEN REALTORS (RERA REGISTERED Dealer) | DNS Realty LLP (RERA REGISTERED Dealer) | Navin (Dealer)
449527,Aarav Elenza Infinium,Residential,NEW LAUNCH,Ahmedabad West,Bopal,Gujarat,23.018873,72.470439,"Opp Aarohi Crest Just 70 MtR. from SOBO, South Bopal, Ahmedabad, Gujarat 380057",380058,6499995,7255990,65 - 72.56 L,https://www.99acres.com/exidmicrosite/siteplan_g2c.php?live=2&g2c=1&xid_request=1&code=61298,True,"1,2,3","HM Architect involved in the project's design | 18 m wide T.P.S. Road offers smooth and convenient access | Prime location near SOBO Centre, South Bopal, Ahmedabad | Get Unit of your choice","Stamp Duty: 5.9 % for Male, 4.9 % for Female, 5.9 % for Joint (Male and Female), 4.9 % For Joint (Female and Female) | Registration Charges: Male Ownership: 1%, Female Ownership: No registration charges,  Joint (Male + Female) Ownership: 1 % ",3,Apartment,869.4,Carpet Area,6772777,True,Dec ‘29 possession,12-2029,https://imagecdn.99acres.com/projects/example/mbew85d_1754467743_629114291.jpg,,DREAM HEAVEN REALTORS (RERA REGISTERED Dealer) | DNS Realty LLP (RERA REGISTERED Dealer) | Navin (Dealer)
449527,Aarav Elenza Infinium,Residential,NEW LAUNCH,Ahmedabad West,Bopal,Gujarat,23.018873,72.470439,"Opp Aarohi Crest Just 70 MtR. from SOBO, South Bopal, Ahmedabad, Gujarat 380057",380058,6499995,7255990,65 - 72.56 L,https://www.99acres.com/exidmicrosite/siteplan_g2c.php?live=2&g2c=1&xid_request=1&code=61298,True,"1,2,3","HM Architect involved in the project's design | 18 m wide T.P.S. Road offers smooth and convenient access | Prime location near SOBO Centre, South Bopal, Ahmedabad | Get Unit of your choice","Stamp Duty: 5.9 % for Male, 4.9 % for Female, 5.9 % for Joint (Male and Female), 4.9 % For Joint (Female and Female) | Registration Charges: Male Ownership: 1%, Female Ownership: No registration charges,  Joint (Male + Female) Ownership: 1 % ",3,Apartment,927.09,Carpet Area,7224815,True,Dec ‘29 possession,12-2029,https://imagecdn.99acres.com/projects/example/dhgojv9_1754466942_629104567.jpg,,DREAM HEAVEN REALTORS (RERA REGISTERED Dealer) | DNS Realty LLP (RERA REGISTERED Dealer) | Navin (Dealer)
449527,Aarav Elenza Infinium,Residential,NEW LAUNCH,Ahmedabad West,Bopal,Gujarat,23.018873,72.470439,"Opp Aarohi Crest Just 70 MtR. from SOBO, South Bopal, Ahmedabad, Gujarat 380057",380058,6499995,7255990,65 - 72.56 L,https://www.99acres.com/exidmicrosite/siteplan_g2c.php?live=2&g2c=1&xid_request=1&code=61298,True,"1,2,3","HM Architect involved in the project's design | 18 m wide T.P.S. Road offers smooth and convenient access | Prime location near SOBO Centre, South Bopal, Ahmedabad | Get Unit of your choice","Stamp Duty: 5.9 % for Male, 4.9 % for Female, 5.9 % for Joint (Male and Female), 4.9 % For Joint (Female and Female) | Registration Charges: Male Ownership: 1%, Female Ownership: No registration charges,  Joint (Male + Female) Ownership: 1 % ",3,Apartment,931.51,Carpet Area,7255990,True,Dec ‘29 possession,12-2029,https://imagecdn.99acres.com/projects/example/p7jhjwg_1754467351_629109303.jpg,,DREAM HEAVEN REALTORS (RERA REGISTERED Dealer) | DNS Realty LLP (RERA REGISTERED Dealer) | Navin (Dealer)
449527,Aarav Elenza Infinium,Residential,NEW LAUNCH,Ahmedabad West,Bopal,Gujarat,23.018873,72.470439,"Opp Aarohi Crest Just 70 MtR. from SOBO, South Bopal, Ahmedabad, Gujarat 380057",380058,6499995,7255990,65 - 72.56 L,https://www.99acres.com/exidmicrosite/siteplan_g2c.php?live=2&g2c=1&xid_request=1&code=61298,True,"1,2,3","HM Architect involved in the project's design | 18 m wide T.P.S. Road offers smooth and convenient access | Prime location near SOBO Centre, South Bopal, Ahmedabad | Get Unit of your choice","Stamp Duty: 5.9 % for Male, 4.9 % for Female, 5.9 % for Joint (Male and Female), 4.9 % For Joint (Female and Female) | Registration Charges: Male Ownership: 1%, Female Ownership: No registration charges,  Joint (Male + Female) Ownership: 1 % ",3,Apartment,856.27,Carpet Area,0,False,,,https://imagecdn.99acres.com/projects/example/ksalm8h_1754468926_629129315.jpg,,
449527,Aarav Elenza Infinium,Residential,NEW LAUNCH,Ahmedabad West,Bopal,Gujarat,23.018873,72.470439,"Opp Aarohi Crest Just 70 MtR. from SOBO, South Bopal, Ahmedabad, Gujarat 380057",380058,6499995,7255990,65 - 72.56 L,https://www.99acres.com/exidmicrosite/siteplan_g2c.php?live=2&g2c=1&xid_request=1&code=61298,True,"1,2,3","HM Architect involved in the project's design | 18 m wide T.P.S. Road offers smooth and convenient access | Prime location near SOBO Centre, South Bopal, Ahmedabad | Get Unit of your choice","Stamp Duty: 5.9 % for Male, 4.9 % for Female, 5.9 % for Joint (Male and Female), 4.9 % For Joint (Female and Female) | Registration Charges: Male Ownership: 1%, Female Ownership: No registration charges,  Joint (Male + Female) Ownership: 1 % ",3,Apartment,856.27,Carpet Area,0,False,,,https://imagecdn.99acres.com/projects/example/n81alpa_1754468025_629117647.jpg,,
436205,Keshav Stateland,Residential,NEW LAUNCH,Ahmedabad West,Science City,Gujarat,23.077457906396212,72.50466184539377,"Hebatpur, Ahmedabad West",380060,0,0,Price on Request,https://www.99acres.com/exidmicrosite/siteplan_g2c.php?live=2&g2c=1&xid_request=1&code=58946,True,"4,5,6","Around 10 km from National Highway 147
 | Close to Ahmedabad Junction
 | 16 km from Sardar Vallabhbhai Patel International Airport
 | Get Unit of your choice","Stamp Duty: 5.9 % for Male, 4.9 % for Female, 5.9 % for Joint (Male and Female), 4.9 % For Joint (Female and Female) | Registration Charges: Male Ownership: 1%, Female Ownership: No registration charges,  Joint (Male + Female) Ownership: 1 % ",4,Apartment,2112.85,Carpet Area,0,False,Mar ‘31 possession,03-2031,https://imagecdn.99acres.com/projects/example/yadh5gu_1734949026_541051085.jpg,https://www.99acres.com/exidmicrosite/property_2d3d_xid.php?projectCode=58946&bno=103&blockId=123170&fno=F1_103&measurement=1&jquery=1&compare=1&g2c=1&hide_button=1&switch_HD=1&platform=DESKTOP,
436205,Keshav Stateland,Residential,NEW LAUNCH,Ahmedabad West,Science City,Gujarat,23.077457906396212,72.50466184539377,"Hebatpur, Ahmedabad West",380060,0,0,Price on Request,https://www.99acres.com/exidmicrosite/siteplan_g2c.php?live=2&g2c=1&xid_request=1&code=58946,True,"4,5,6","Around 10 km from National Highway 147
 | Close to Ahmedabad Junction
 | 16 km from Sardar Vallabhbhai Patel International Airport
 | Get Unit of your choice","Stamp Duty: 5.9 % for Male, 4.9 % for Female, 5.9 % for Joint (Male and Female), 4.9 % For Joint (Female and Female) | Registration Charges: Male Ownership: 1%, Female Ownership: No registration charges,  Joint (Male + Female) Ownership: 1 % ",4,Apartment,2424.35,Carpet Area,0,False,Mar ‘31 possession,03-2031,https://imagecdn.99acres.com/projects/example/z43s1k4_1734947472_541035911.jpg,https://www.99acres.com/exidmicrosite/property_2d3d_xid.php?projectCode=58946&bno=104&blockId=123170&fno=F1_104&measurement=1&jquery=1&compare=1&g2c=1&hide_button=1&switch_HD=1&platform=DESKTOP,
436205,Keshav Stateland,Residential,NEW LAUNCH,Ahmedabad West,Science City,Gujarat,23.077457906396212,72.50466184539377,"Hebatpur, Ahmedabad West",380060,0,0,Price on Request,https://www.99acres.com/exidmicrosite/siteplan_g2c.php?live=2&g2c=1&xid_request=1&code=58946,True,"4,5,6","Around 10 km from National Highway 147
 | Close to Ahmedabad Junction
 | 16 km from Sardar Vallabhbhai Patel International Airport
 | Get Unit of your choice","Stamp Duty: 5.9 % for Male, 4.9 % for Female, 5.9 % for Joint (Male and Female), 4.9 % For Joint (Female and Female) | Registration Charges: Male Ownership: 1%, Female Ownership: No registration charges,  Joint (Male + Female) Ownership: 1 % ",4,Apartment,2885.8,Carpet Area,0,False,Mar ‘31 possession,03-2031,https://imagecdn.99acres.com/projects/example/vnoiutc_1734948346_541044109.jpg,https://www.99acres.com/exidmicrosite/property_2d3d_xid.php?projectCode=58946&bno=105&blockId=123170&fno=F1_105&measurement=1&jquery=1&compare=1&g2c=1&hide_button=1&switch_HD=1&platform=DESKTOP,
436205,Keshav Stateland,Residential,NEW LAUNCH,Ahmedabad West,Science City,Gujarat,23.077457906396212,72.50466184539377,"Hebatpur, Ahmedabad West",380060,0,0,Price on Request,https://www.99acres.com/exidmicrosite/siteplan_g2c.php?live=2&g2c=1&xid_request=1&code=58946,True,"4,5,6","Around 10 km from National Highway 147
 | Close to Ahmedabad Junction
 | 16 km from Sardar Vallabhbhai Patel International Airport
 | Get Unit of your choice","Stamp Duty: 5.9 % for Male, 4.9 % for Female, 5.9 % for Joint (Male and Female), 4.9 % For Joint (Female and Female) | Registration Charges: Male Ownership: 1%, Female Ownership: No registration charges,  Joint (Male + Female) Ownership: 1 % ",4,Apartment,2902.92,Carpet Area,0,False,,,https://imagecdn.99acres.com/projects/example/bkdzoxf_1734948408_541044853.jpg,https://www.99acres.com/exidmicrosite/property_2d3d_xid.php?projectCode=58946&bno=106&blockId=123170&fno=F1_106&measurement=1&jquery=1&compare=1&g2c=1&hide_button=1&switch_HD=1&platform=DESKTOP,
436205,Keshav Stateland,Residential,NEW LAUNCH,Ahmedabad West,Science City,Gujarat,23.077457906396212,72.50466184539377,"Hebatpur, Ahmedabad West",380060,0,0,Price on Request,https://www.99acres.com/exidmicrosite/siteplan_g2c.php?live=2&g2c=1&xid_request=1&code=58946,True,"4,5,6","Around 10 km from National Highway 147
 | Close to Ahmedabad Junction
 | 16 km from Sardar Vallabhbhai Patel International Airport
 | Get Unit of your choice","Stamp Duty: 5.9 % for Male, 4.9 % for Female, 5.9 % for Joint (Male and Female), 4.9 % For Joint (Female and Female) | Registration Charges: Male Ownership: 1%, Female Ownership: No registration charges,  Joint (Male + Female) Ownership: 1 % ",4,Apartment,3086.01,Carpet Area,0,False,Mar ‘31 possession,03-2031,https://imagecdn.99acres.com/projects/example/uzfnwfm_1734946464_541026747.jpg,https://www.99acres.com/exidmicrosite/property_2d3d_xid.php?projectCode=58946&bno=107&blockId=123170&fno=F1_107&measurement=1&jquery=1&compare=1&g2c=1&hide_button=1&switch_HD=1&platform=DESKTOP,
436205,Keshav Stateland,Residential,NEW LAUNCH,Ahmedabad West,Science City,Gujarat,23.077457906396212,72.50466184539377,"Hebatpur, Ahmedabad West",380060,0,0,Price on Request,https://www.99acres.com/exidmicrosite/siteplan_g2c.php?live=2&g2c=1&xid_request=1&code=58946,True,"4,5,6","Around 10 km from National Highway 147
 | Close to Ahmedabad Junction
 | 16 km from Sardar Vallabhbhai Patel International Airport
 | Get Unit of your choice","Stamp Duty: 5.9 % for Male, 4.9 % for Female, 5.9 % for Joint (Male and Female), 4.9 % For Joint (Female and Female) | Registration Charges: Male Ownership: 1%, Female Ownership: No registration charges,  Joint (Male + Female) Ownership: 1 % ",4,Apartment,3104.63,Carpet Area,0,False,Mar ‘31 possession,03-2031,https://imagecdn.99acres.com/projects/example/7bqkn7j_1734947137_541033245.jpg,https://www.99acres.com/exidmicrosite/property_2d3d_xid.php?projectCode=58946&bno=108&blockId=123170&fno=F1_108&measurement=1&jquery=1&compare=1&g2c=1&hide_button=1&switch_HD=1&platform=DESKTOP,
436205,Keshav Stateland,Residential,NEW LAUNCH,Ahmedabad West,Science City,Gujarat,23.077457906396212,72.50466184539377,"Hebatpur, Ahmedabad West",380060,0,0,Price on Request,https://www.99acres.com/exidmicrosite/siteplan_g2c.php?live=2&g2c=1&xid_request=1&code=58946,True,"4,5,6","Around 10 km from National Highway 147
 | Close to Ahmedabad Junction
 | 16 km from Sardar Vallabhbhai Patel International Airport
 | Get Unit of your choice","Stamp Duty: 5.9 % for Male, 4.9 % for Female, 5.9 % for Joint (Male and Female), 4.9 % For Joint (Female and Female) | Registration Charges: Male Ownership: 1%, Female Ownership: No registration charges,  Joint (Male + Female) Ownership: 1 % ",5,Apartment,3156.73,Carpet Area,0,False,Mar ‘31 possession,03-2031,https://imagecdn.99acres.com/projects/example/tabj8m8_1739430154_569145653.jpg,https://www.99acres.com/exidmicrosite/property_2d3d_xid.php?projectCode=58946&bno=109&blockId=123170&fno=F1_109&measurement=1&jquery=1&compare=1&g2c=1&hide_button=1&switch_HD=1&platform=DESKTOP,
436205,Keshav Stateland,Residential,NEW LAUNCH,Ahmedabad West,Science City,Gujarat,23.077457906396212,72.50466184539377,"Hebatpur, Ahmedabad West",380060,0,0,Price on Request,https://www.99acres.com/exidmicrosite/siteplan_g2c.php?live=2&g2c=1&xid_request=1&code=58946,True,"4,5,6","Around 10 km from National Highway 147
 | Close to Ahmedabad Junction
 | 16 km from Sardar Vallabhbhai Patel International Airport
 | Get Unit of your choice","Stamp Duty: 5.9 % for Male, 4.9 % for Female, 5.9 % for Joint (Male and Female), 4.9 % For Joint (Female and Female) | Registration Charges: Male Ownership: 1%, Female Ownership: No registration charges,  Joint (Male + Female) Ownership: 1 % ",5,Apartment,3548.86,Carpet Area,0,False,Mar ‘31 possession,03-2031,https://imagecdn.99acres.com/projects/example/9l0732q_1739430187_569146089.jpg,https://www.99acres.com/exidmicrosite/property_2d3d_xid.php?projectCode=58946&bno=110&blockId=123170&fno=F1_110&measurement=1&jquery=1&compare=1&g2c=1&hide_button=1&switch_HD=1&platform=DESKTOP,
436205,Keshav Stateland,Residential,NEW LAUNCH,Ahmedabad West,Science City,Gujarat,23.077457906396212,72.50466184539377,"Hebatpur, Ahmedabad West",380060,0,0,Price on Request,https://www.99acres.com/exidmicrosite/siteplan_g2c.php?live=2&g2c=1&xid_request=1&code=58946,True,"4,5,6","Around 10 km from National Highway 147
 | Close to Ahmedabad Junction
 | 16 km from Sardar Vallabhbhai Patel International Airport
 | Get Unit of your choice","Stamp Duty: 5.9 % for Male, 4.9 % for Female, 5.9 % for Joint (Male and Female), 4.9 % For Joint (Female and Female) | Registration Charges: Male Ownership: 1%, Female Ownership: No registration charges,  Joint (Male + Female) Ownership: 1 % ",5,Apartment,3771.02,Carpet Area,0,False,Mar ‘31 possession,03-2031,https://imagecdn.99acres.com/projects/example/ljm457t_1739430216_569146303.jpg,https://www.99acres.com/exidmicrosite/property_2d3d_xid.php?projectCode=58946&bno=111&blockId=123170&fno=F1_111&measurement=1&jquery=1&compare=1&g2c=1&hide_button=1&switch_HD=1&platform=DESKTOP,
436205,Keshav Stateland,Residential,NEW LAUNCH,Ahmedabad West,Science City,Gujarat,23.077457906396212,72.50466184539377,"Hebatpur, Ahmedabad West",380060,0,0,Price on Request,https://www.99acres.com/exidmicrosite/siteplan_g2c.php?live=2&g2c=1&xid_request=1&code=58946,True,"4,5,6","Around 10 km from National Highway 147
 | Close to Ahmedabad Junction
 | 16 km from Sardar Vallabhbhai Patel International Airport
 | Get Unit of your choice","Stamp Duty: 5.9 % for Male, 4.9 % for Female, 5.9 % for Joint (Male and Female), 4.9 % For Joint (Female and Female) | Registration Charges: Male Ownership: 1%, Female Ownership: No registration charges,  Joint (Male + Female) Ownership: 1 % ",6,Apartment,5916.38,Carpet Area,0,False,Mar ‘31 possession,03-2031,https://imagecdn.99acres.com/projects/example/tii1yif_1739430391_569147887.jpg,https://www.99acres.com/exidmicrosite/property_2d3d_xid.php?projectCode=58946&bno=112&blockId=123170&fno=F1_112&measurement=1&jquery=1&compare=1&g2c=1&hide_button=1&switch_HD=1&platform=DESKTOP,
410305,Aristo Aatman,Residential,NEW LAUNCH,Ahmedabad North,Gota,Gujarat,23.101006122578,72.54004057479,Ahmedabad,383255,0,0,Price on Request,https://www.99acres.com/exidmicrosite/siteplan_g2c.php?live=2&g2c=1&xid_request=1&code=52947,True,4,Get Unit of your choice,"Stamp Duty: 5.9 % for Male, 4.9 % for Female, 5.9 % for Joint (Male and Female), 4.9 % For Joint (Female and Female) | Registration Charges: Male Ownership: 1%, Female Ownership: No registration charges,  Joint (Male + Female) Ownership: 1 % ",4,Apartment,1901.34,Carpet Area,0,False,Mar ‘26 possession,03-2026,https://newprojects.99acres.com/projects/aristo_lifespaces_homes_llp/aristo_aatman/maps/p3y7umk2.png,https://www.99acres.com/exidmicrosite/property_2d3d_xid.php?projectCode=52947&bno=101&blockId=112020&fno=F1_101&measurement=1&jquery=1&compare=1&g2c=1&hide_button=1&switch_HD=1&platform=DESKTOP,
441467,Shivalik Greenfield,Residential,NEW LAUNCH,Ahmedabad North,Shantigram,Gujarat,23.15732,72.54416,"Sector- R3B, Opp. Football Ground, Shantigram, Ahmedabad North - 382421",0,16600402,28200000,1.66 - 2.82 Cr,https://www.99acres.com/exidmicrosite/siteplan_g2c.php?live=2&g2c=1&xid_request=1&code=59988,True,"3,4","The towers are spaced 100 feet apart by design. | Greenfield offers 70% open space for recreation and greenery. | Greenfield is IGBC pre-certified Platinum-rated for sustainability. | Featuring 12 exclusive penthouses, each with dual side staircases.","Stamp Duty: 5.9 % for Male, 4.9 % for Female, 5.9 % for Joint (Male and Female), 4.9 % For Joint (Female and Female) | Registration Charges: Male Ownership: 1%, Female Ownership: No registration charges,  Joint (Male + Female) Ownership: 1 % ",3,Apartment,1379.0,Carpet Area,16600402,True,Dec ‘29 possession,12-2029,https://imagecdn.99acres.com/projects/example/vq7kwpe_1744287290_585517985.jpg,https://www.99acres.com/exidmicrosite/property_2d3d_xid.php?projectCode=59988&bno=101&blockId=126493&fno=F1_101&measurement=1&jquery=1&compare=1&g2c=1&hide_button=1&switch_HD=1&platform=DESKTOP,City Address Realty (RERA REGISTERED Dealer) | BHAVESH PANDYA (Dealer)
441467,Shivalik Greenfield,Residential,NEW LAUNCH,Ahmedabad North,Shantigram,Gujarat,23.15732,72.54416,"Sector- R3B, Opp. Football Ground, Shantigram, Ahmedabad North - 382421",0,16600402,28200000,1.66 - 2.82 Cr,https://www.99acres.com/exidmicrosite/siteplan_g2c.php?live=2&g2c=1&xid_request=1&code=59988,True,"3,4","The towers are spaced 100 feet apart by design. | Greenfield offers 70% open space for recreation and greenery. | Greenfield is IGBC pre-certified Platinum-rated for sustainability. | Featuring 12 exclusive penthouses, each with dual side staircases.","Stamp Duty: 5.9 % for Male, 4.9 % for Female, 5.9 % for Joint (Male and Female), 4.9 % For Joint (Female and Female) | Registration Charges: Male Ownership: 1%, Female Ownership: No registration charges,  Joint (Male + Female) Ownership: 1 % ",4,Apartment,2365.0,Carpet Area,28200000,True,Dec ‘29 possession,12-2029,https://imagecdn.99acres.com/projects/example/vkpjlbw_1744287338_585518445.jpg,https://www.99acres.com/exidmicrosite/property_2d3d_xid.php?projectCode=59988&bno=102&blockId=126493&fno=F1_102&measurement=1&jquery=1&compare=1&g2c=1&hide_button=1&switch_HD=1&platform=DESKTOP,City Address Realty (RERA REGISTERED Dealer) | BHAVESH PANDYA (Dealer)
378203,Sheladia Eris,Residential,NEW LAUNCH,Ahmedabad West,Shela,Gujarat,23.003822722322,72.452683371434,"BH Club 07 Road, Shela, Ahmedabad",382465,5100000,6950000,51 - 69.5 L,https://www.99acres.com/exidmicrosite/siteplan_g2c.php?live=2&g2c=1&xid_request=1&code=45170,True,"2,3",Entire design comprises of the Internal Building Code (IBC). | Automatic fire sprinklers installed in the Hollow Plinth. | Manual panic alarm provided on each floor for fire safety. | Large landscape area,"Stamp Duty: 5.9 % for Male, 4.9 % for Female, 5.9 % for Joint (Male and Female), 4.9 % For Joint (Female and Female) | Registration Charges: Male Ownership: 1%, Female Ownership: No registration charges,  Joint (Male + Female) Ownership: 1 % ",2,Apartment,1150.0,Super Built-up Area,0,False,Mar ‘26 possession,03-2026,https://newprojects.99acres.com/projects/sheladia_projects/sheladia_eris/maps/y5ahwytb.jpg,https://www.99acres.com/exidmicrosite/property_2d3d_xid.php?projectCode=45170&bno=101&blockId=91932&fno=F1_101&measurement=1&jquery=1&compare=1&g2c=1&hide_button=1&switch_HD=1&platform=DESKTOP,
378203,Sheladia Eris,Residential,NEW LAUNCH,Ahmedabad West,Shela,Gujarat,23.003822722322,72.452683371434,"BH Club 07 Road, Shela, Ahmedabad",382465,5100000,6950000,51 - 69.5 L,https://www.99acres.com/exidmicrosite/siteplan_g2c.php?live=2&g2c=1&xid_request=1&code=45170,True,"2,3",Entire design comprises of the Internal Building Code (IBC). | Automatic fire sprinklers installed in the Hollow Plinth. | Manual panic alarm provided on each floor for fire safety. | Large landscape area,"Stamp Duty: 5.9 % for Male, 4.9 % for Female, 5.9 % for Joint (Male and Female), 4.9 % For Joint (Female and Female) | Registration Charges: Male Ownership: 1%, Female Ownership: No registration charges,  Joint (Male + Female) Ownership: 1 % ",3,Apartment,1505.0,Super Built-up Area,0,False,Mar ‘26 possession,03-2026,https://newprojects.99acres.com/projects/sheladia_projects/sheladia_eris/maps/8pya6cyz.jpg,https://www.99acres.com/exidmicrosite/property_2d3d_xid.php?projectCode=45170&bno=102&blockId=91932&fno=F1_102&measurement=1&jquery=1&compare=1&g2c=1&hide_button=1&switch_HD=1&platform=DESKTOP,
431635,Aristo The Opus and Aatmantan,Residential,NEW LAUNCH,Ahmedabad North,Gota,Gujarat,23.10645376987417,72.5346041320988,"Gota, Ahmedabad North",383255,21600000,21600000,2.16 Cr,https://www.99acres.com/exidmicrosite/siteplan_g2c.php?live=2&g2c=1&xid_request=1&code=59921,True,4,Spacious panoramic balconies | Private lift | Double-Height living rooms | Get Unit of your choice,"Stamp Duty: 5.9 % for Male, 4.9 % for Female, 5.9 % for Joint (Male and Female), 4.9 % For Joint (Female and Female) | Registration Charges: Male Ownership: 1%, Female Ownership: No registration charges,  Joint (Male + Female) Ownership: 1 % ",4,Apartment,3294.0,Super Built-up Area,0,False,,,https://imagecdn.99acres.com/projects/example/x2q8adk_1745918671_591173049.jpg,https://www.99acres.com/exidmicrosite/property_2d3d_xid.php?projectCode=59921&bno=101&blockId=125648&fno=F1_101&measurement=1&jquery=1&compare=1&g2c=1&hide_button=1&switch_HD=1&platform=DESKTOP,
431635,Aristo The Opus and Aatmantan,Residential,NEW LAUNCH,Ahmedabad North,Gota,Gujarat,23.10645376987417,72.5346041320988,"Gota, Ahmedabad North",383255,21600000,21600000,2.16 Cr,https://www.99acres.com/exidmicrosite/siteplan_g2c.php?live=2&g2c=1&xid_request=1&code=59921,True,4,Spacious panoramic balconies | Private lift | Double-Height living rooms | Get Unit of your choice,"Stamp Duty: 5.9 % for Male, 4.9 % for Female, 5.9 % for Joint (Male and Female), 4.9 % For Joint (Female and Female) | Registration Charges: Male Ownership: 1%, Female Ownership: No registration charges,  Joint (Male + Female) Ownership: 1 % ",4,Apartment,4455.0,Super Built-up Area,0,False,,,https://imagecdn.99acres.com/projects/example/4ffgmxo_1745919273_591180209.jpg,https://www.99acres.com/exidmicrosite/property_2d3d_xid.php?projectCode=59921&bno=102&blockId=125648&fno=F1_102&measurement=1&jquery=1&compare=1&g2c=1&hide_button=1&switch_HD=1&platform=DESKTOP,
431635,Aristo The Opus and Aatmantan,Residential,NEW LAUNCH,Ahmedabad North,Gota,Gujarat,23.10645376987417,72.5346041320988,"Gota, Ahmedabad North",383255,21600000,21600000,2.16 Cr,https://www.99acres.com/exidmicrosite/siteplan_g2c.php?live=2&g2c=1&xid_request=1&code=59921,True,4,Spacious panoramic balconies | Private lift | Double-Height living rooms | Get Unit of your choice,"Stamp Duty: 5.9 % for Male, 4.9 % for Female, 5.9 % for Joint (Male and Female), 4.9 % For Joint (Female and Female) | Registration Charges: Male Ownership: 1%, Female Ownership: No registration charges,  Joint (Male + Female) Ownership: 1 % ",4,Apartment,4698.0,Super Built-up Area,0,False,,,https://imagecdn.99acres.com/projects/example/di3db5o_1745918781_591174167.jpg,https://www.99acres.com/exidmicrosite/property_2d3d_xid.php?projectCode=59921&bno=103&blockId=125648&fno=F1_103&measurement=1&jquery=1&compare=1&g2c=1&hide_button=1&switch_HD=1&platform=DESKTOP,
431635,Aristo The Opus and Aatmantan,Residential,NEW LAUNCH,Ahmedabad North,Gota,Gujarat,23.10645376987417,72.5346041320988,"Gota, Ahmedabad North",383255,21600000,21600000,2.16 Cr,https://www.99acres.com/exidmicrosite/siteplan_g2c.php?live=2&g2c=1&xid_request=1&code=59921,True,4,Spacious panoramic balconies | Private lift | Double-Height living rooms | Get Unit of your choice,"Stamp Duty: 5.9 % for Male, 4.9 % for Female, 5.9 % for Joint (Male and Female), 4.9 % For Joint (Female and Female) | Registration Charges: Male Ownership: 1%, Female Ownership: No registration charges,  Joint (Male + Female) Ownership: 1 % ",4,Apartment,5058.0,Super Built-up Area,0,False,,,https://imagecdn.99acres.com/projects/example/na2j36f_1745918905_591175747.jpg,,
431635,Aristo The Opus and Aatmantan,Residential,NEW LAUNCH,Ahmedabad North,Gota,Gujarat,23.10645376987417,72.5346041320988,"Gota, Ahmedabad North",383255,21600000,21600000,2.16 Cr,https://www.99acres.com/exidmicrosite/siteplan_g2c.php?live=2&g2c=1&xid_request=1&code=59921,True,4,Spacious panoramic balconies | Private lift | Double-Height living rooms | Get Unit of your choice,"Stamp Duty: 5.9 % for Male, 4.9 % for Female, 5.9 % for Joint (Male and Female), 4.9 % For Joint (Female and Female) | Registration Charges: Male Ownership: 1%, Female Ownership: No registration charges,  Joint (Male + Female) Ownership: 1 % ",4,Apartment,5103.0,Super Built-up Area,0,False,,,https://imagecdn.99acres.com/projects/example/bhjdyjj_1745919030_591177235.jpg,,
431635,Aristo The Opus and Aatmantan,Residential,NEW LAUNCH,Ahmedabad North,Gota,Gujarat,23.10645376987417,72.5346041320988,"Gota, Ahmedabad North",383255,21600000,21600000,2.16 Cr,https://www.99acres.com/exidmicrosite/siteplan_g2c.php?live=2&g2c=1&xid_request=1&code=59921,True,4,Spacious panoramic balconies | Private lift | Double-Height living rooms | Get Unit of your choice,"Stamp Duty: 5.9 % for Male, 4.9 % for Female, 5.9 % for Joint (Male and Female), 4.9 % For Joint (Female and Female) | Registration Charges: Male Ownership: 1%, Female Ownership: No registration charges,  Joint (Male + Female) Ownership: 1 % ",4,Apartment,5382.0,Super Built-up Area,0,False,,,https://imagecdn.99acres.com/projects/example/payhwyv_1745919170_591179059.jpg,,
431635,Aristo The Opus and Aatmantan,Residential,NEW LAUNCH,Ahmedabad North,Gota,Gujarat,23.10645376987417,72.5346041320988,"Gota, Ahmedabad North",383255,21600000,21600000,2.16 Cr,https://www.99acres.com/exidmicrosite/siteplan_g2c.php?live=2&g2c=1&xid_request=1&code=59921,True,4,Spacious panoramic balconies | Private lift | Double-Height living rooms | Get Unit of your choice,"Stamp Duty: 5.9 % for Male, 4.9 % for Female, 5.9 % for Joint (Male and Female), 4.9 % For Joint (Female and Female) | Registration Charges: Male Ownership: 1%, Female Ownership: No registration charges,  Joint (Male + Female) Ownership: 1 % ",4,Apartment,5769.0,Super Built-up Area,0,False,,,https://imagecdn.99acres.com/projects/example/x5uxjcp_1745920603_591191353.jpg,,
431635,Aristo The Opus and Aatmantan,Residential,NEW LAUNCH,Ahmedabad North,Gota,Gujarat,23.10645376987417,72.5346041320988,"Gota, Ahmedabad North",383255,21600000,21600000,2.16 Cr,https://www.99acres.com/exidmicrosite/siteplan_g2c.php?live=2&g2c=1&xid_request=1&code=59921,True,4,Spacious panoramic balconies | Private lift | Double-Height living rooms | Get Unit of your choice,"Stamp Duty: 5.9 % for Male, 4.9 % for Female, 5.9 % for Joint (Male and Female), 4.9 % For Joint (Female and Female) | Registration Charges: Male Ownership: 1%, Female Ownership: No registration charges,  Joint (Male + Female) Ownership: 1 % ",4,Apartment,1737.0,Carpet Area,21600000,True,Dec ‘28 possession,12-2028,,,MID FLOOR LLP (RERA REGISTERED Dealer) | DIXIT Modi (Dealer)
431635,Aristo The Opus and Aatmantan,Residential,NEW LAUNCH,Ahmedabad North,Gota,Gujarat,23.10645376987417,72.5346041320988,"Gota, Ahmedabad North",383255,21600000,21600000,2.16 Cr,https://www.99acres.com/exidmicrosite/siteplan_g2c.php?live=2&g2c=1&xid_request=1&code=59921,True,4,Spacious panoramic balconies | Private lift | Double-Height living rooms | Get Unit of your choice,"Stamp Duty: 5.9 % for Male, 4.9 % for Female, 5.9 % for Joint (Male and Female), 4.9 % For Joint (Female and Female) | Registration Charges: Male Ownership: 1%, Female Ownership: No registration charges,  Joint (Male + Female) Ownership: 1 % ",4,Apartment,2445.0,Carpet Area,0,False,Dec ‘28 possession,12-2028,,,
431635,Aristo The Opus and Aatmantan,Residential,NEW LAUNCH,Ahmedabad North,Gota,Gujarat,23.10645376987417,72.5346041320988,"Gota, Ahmedabad North",383255,21600000,21600000,2.16 Cr,https://www.99acres.com/exidmicrosite/siteplan_g2c.php?live=2&g2c=1&xid_request=1&code=59921,True,4,Spacious panoramic balconies | Private lift | Double-Height living rooms | Get Unit of your choice,"Stamp Duty: 5.9 % for Male, 4.9 % for Female, 5.9 % for Joint (Male and Female), 4.9 % For Joint (Female and Female) | Registration Charges: Male Ownership: 1%, Female Ownership: No registration charges,  Joint (Male + Female) Ownership: 1 % ",4,Apartment,2820.0,Carpet Area,0,False,Dec ‘28 possession,12-2028,,,
441860,CS Terra Sky,Residential,NEW LAUNCH,Ahmedabad North,Zundal,Gujarat,23.140976958828134,72.56912530292017,"Terra Sky, 36 Mtr Road, Nr. Savitaabaa Circle, , Gandhinagar, Gandhinagar, GUJARAT, 382421",382421,8100000,8100000,81 L,https://www.99acres.com/exidmicrosite/siteplan_g2c.php?live=2&g2c=1&xid_request=1&code=61133,True,3,"Live in harmony with nature with 56% open space | Vaastu‑compliant design for positive living | Double‑height grand entrance lobby | Clubhouse with gym, spa, and indoor games","Stamp Duty: 5.9 % for Male, 4.9 % for Female, 5.9 % for Joint (Male and Female), 4.9 % For Joint (Female and Female) | Registration Charges: Male Ownership: 1%, Female Ownership: No registration charges,  Joint (Male + Female) Ownership: 1 % ",3,Apartment,851.53,Carpet Area,8100000,True,Dec ‘28 possession,12-2028,https://imagecdn.99acres.com/projects/example/z2lrhu3_1747219091_595851719.jpg,https://www.99acres.com/exidmicrosite/property_2d3d_xid.php?projectCode=61133&bno=103&blockId=128325&fno=F1_103&measurement=1&jquery=1&compare=1&g2c=1&hide_button=1&switch_HD=1&platform=DESKTOP,MR VINOD (Dealer)
441860,CS Terra Sky,Residential,NEW LAUNCH,Ahmedabad North,Zundal,Gujarat,23.140976958828134,72.56912530292017,"Terra Sky, 36 Mtr Road, Nr. Savitaabaa Circle, , Gandhinagar, Gandhinagar, GUJARAT, 382421",382421,8100000,8100000,81 L,https://www.99acres.com/exidmicrosite/siteplan_g2c.php?live=2&g2c=1&xid_request=1&code=61133,True,3,"Live in harmony with nature with 56% open space | Vaastu‑compliant design for positive living | Double‑height grand entrance lobby | Clubhouse with gym, spa, and indoor games","Stamp Duty: 5.9 % for Male, 4.9 % for Female, 5.9 % for Joint (Male and Female), 4.9 % For Joint (Female and Female) | Registration Charges: Male Ownership: 1%, Female Ownership: No registration charges,  Joint (Male + Female) Ownership: 1 % ",3,Apartment,851.75,Carpet Area,0,False,,,https://imagecdn.99acres.com/projects/example/mopi990_1747218903_595850253.jpg,https://www.99acres.com/exidmicrosite/property_2d3d_xid.php?projectCode=61133&bno=103&blockId=128325&fno=F1_103&measurement=1&jquery=1&compare=1&g2c=1&hide_button=1&switch_HD=1&platform=DESKTOP,
441860,CS Terra Sky,Residential,NEW LAUNCH,Ahmedabad North,Zundal,Gujarat,23.140976958828134,72.56912530292017,"Terra Sky, 36 Mtr Road, Nr. Savitaabaa Circle, , Gandhinagar, Gandhinagar, GUJARAT, 382421",382421,8100000,8100000,81 L,https://www.99acres.com/exidmicrosite/siteplan_g2c.php?live=2&g2c=1&xid_request=1&code=61133,True,3,"Live in harmony with nature with 56% open space | Vaastu‑compliant design for positive living | Double‑height grand entrance lobby | Clubhouse with gym, spa, and indoor games","Stamp Duty: 5.9 % for Male, 4.9 % for Female, 5.9 % for Joint (Male and Female), 4.9 % For Joint (Female and Female) | Registration Charges: Male Ownership: 1%, Female Ownership: No registration charges,  Joint (Male + Female) Ownership: 1 % ",3,Apartment,851.96,Carpet Area,0,False,,,https://imagecdn.99acres.com/projects/example/jjs14pj_1747218962_595850713.jpg,https://www.99acres.com/exidmicrosite/property_2d3d_xid.php?projectCode=61133&bno=103&blockId=128325&fno=F1_103&measurement=1&jquery=1&compare=1&g2c=1&hide_button=1&switch_HD=1&platform=DESKTOP,
441860,CS Terra Sky,Residential,NEW LAUNCH,Ahmedabad North,Zundal,Gujarat,23.140976958828134,72.56912530292017,"Terra Sky, 36 Mtr Road, Nr. Savitaabaa Circle, , Gandhinagar, Gandhinagar, GUJARAT, 382421",382421,8100000,8100000,81 L,https://www.99acres.com/exidmicrosite/siteplan_g2c.php?live=2&g2c=1&xid_request=1&code=61133,True,3,"Live in harmony with nature with 56% open space | Vaastu‑compliant design for positive living | Double‑height grand entrance lobby | Clubhouse with gym, spa, and indoor games","Stamp Duty: 5.9 % for Male, 4.9 % for Female, 5.9 % for Joint (Male and Female), 4.9 % For Joint (Female and Female) | Registration Charges: Male Ownership: 1%, Female Ownership: No registration charges,  Joint (Male + Female) Ownership: 1 % ",3,Apartment,876.18,Carpet Area,0,False,,,https://imagecdn.99acres.com/projects/example/coezdzu_1747219032_595851235.jpg,https://www.99acres.com/exidmicrosite/property_2d3d_xid.php?projectCode=61133&bno=104&blockId=128325&fno=F1_104&measurement=1&jquery=1&compare=1&g2c=1&hide_button=1&switch_HD=1&platform=DESKTOP,
441860,CS Terra Sky,Residential,NEW LAUNCH,Ahmedabad North,Zundal,Gujarat,23.140976958828134,72.56912530292017,"Terra Sky, 36 Mtr Road, Nr. Savitaabaa Circle, , Gandhinagar, Gandhinagar, GUJARAT, 382421",382421,8100000,8100000,81 L,https://www.99acres.com/exidmicrosite/siteplan_g2c.php?live=2&g2c=1&xid_request=1&code=61133,True,3,"Live in harmony with nature with 56% open space | Vaastu‑compliant design for positive living | Double‑height grand entrance lobby | Clubhouse with gym, spa, and indoor games","Stamp Duty: 5.9 % for Male, 4.9 % for Female, 5.9 % for Joint (Male and Female), 4.9 % For Joint (Female and Female) | Registration Charges: Male Ownership: 1%, Female Ownership: No registration charges,  Joint (Male + Female) Ownership: 1 % ",3,Apartment,876.72,Carpet Area,0,False,,,https://imagecdn.99acres.com/projects/example/rmmxalx_1747218851_595849671.jpg,https://www.99acres.com/exidmicrosite/property_2d3d_xid.php?projectCode=61133&bno=105&blockId=128325&fno=F1_105&measurement=1&jquery=1&compare=1&g2c=1&hide_button=1&switch_HD=1&platform=DESKTOP,
405467,Suhaal Serenity,Residential,NEW LAUNCH,Ahmedabad North,Zundal,Gujarat,23.137829,72.579443,"Zundal, Ahmedabad North",382421,6765615,6765615,67.66 L,https://www.99acres.com/exidmicrosite/siteplan_g2c.php?live=2&g2c=1&xid_request=1&code=52585,True,3,"No common walls between apartments for unmatched privacy | 4 side open spacious units for abundant natural light and ventilation | Prime 3 road corner location for superior accessibility and visibility | Expansive 10,000 sq. ft garden offering a serene green retreat","Stamp Duty: 5.9 % for Male, 4.9 % for Female, 5.9 % for Joint (Male and Female), 4.9 % For Joint (Female and Female) | Registration Charges: Male Ownership: 1%, Female Ownership: No registration charges,  Joint (Male + Female) Ownership: 1 % ",3,Apartment,1845.0,Super Built-up Area,6765615,True,Dec ‘26 possession,12-2026,https://newprojects.99acres.com/projects/v_m_infrastructure/v_m_suhaal_serenity/maps/uwzzd9f_1717394231_495950942.jpg,https://www.99acres.com/exidmicrosite/property_2d3d_xid.php?projectCode=52585&bno=103&blockId=121790&fno=F1_103&measurement=1&jquery=1&compare=1&g2c=1&hide_button=1&switch_HD=1&platform=DESKTOP,MR VINOD (Dealer)
405467,Suhaal Serenity,Residential,NEW LAUNCH,Ahmedabad North,Zundal,Gujarat,23.137829,72.579443,"Zundal, Ahmedabad North",382421,6765615,6765615,67.66 L,https://www.99acres.com/exidmicrosite/siteplan_g2c.php?live=2&g2c=1&xid_request=1&code=52585,True,3,"No common walls between apartments for unmatched privacy | 4 side open spacious units for abundant natural light and ventilation | Prime 3 road corner location for superior accessibility and visibility | Expansive 10,000 sq. ft garden offering a serene green retreat","Stamp Duty: 5.9 % for Male, 4.9 % for Female, 5.9 % for Joint (Male and Female), 4.9 % For Joint (Female and Female) | Registration Charges: Male Ownership: 1%, Female Ownership: No registration charges,  Joint (Male + Female) Ownership: 1 % ",3,Apartment,1872.0,Super Built-up Area,0,False,,,https://newprojects.99acres.com/projects/v_m_infrastructure/v_m_suhaal_serenity/maps/gi0w6f7_1717394224_495950928.jpg,https://www.99acres.com/exidmicrosite/property_2d3d_xid.php?projectCode=52585&bno=102&blockId=109126&fno=F1_102&measurement=1&jquery=1&compare=1&g2c=1&hide_button=1&switch_HD=1&platform=DESKTOP,
455383, Skyline,Residential,NEW LAUNCH,Ahmedabad West,South Bopal,Gujarat,23.028186,72.447201,"NEAR SANVI NIRMAN CELESTA GHUMA, AHMEDABAD WEST",380058,5124500,7011500,51.25 - 70.11 L,https://www.99acres.com/exidmicrosite/siteplan_g2c.php?live=2&g2c=1&xid_request=1&code=62047,True,"2,3","Residences enjoy corner location with dual side road access | Premium vitrified flooring, granite kitchen platform & modular switches | Enjoy safer community living with advanced CCTV surveillance security | Get Unit of your choice","Stamp Duty: 5.9 % for Male, 4.9 % for Female, 5.9 % for Joint (Male and Female), 4.9 % For Joint (Female and Female) | Registration Charges: Male Ownership: 1%, Female Ownership: No registration charges,  Joint (Male + Female) Ownership: 1 % ",2,Apartment,1385.0,Super Built-up Area,5124500,True,Dec ‘29 possession,12-2029,https://imagecdn.99acres.com/projects/example/rfvl3zn_1762415279_669019535.jpg,https://www.99acres.com/exidmicrosite/property_2d3d_xid.php?projectCode=62047&bno=101&blockId=130363&fno=F1_101&measurement=1&jquery=1&compare=1&g2c=1&hide_button=1&switch_HD=1&platform=DESKTOP,Viraj bhai Parimal Patel (Builder) | Brickroots (Dealer)
455383, Skyline,Residential,NEW LAUNCH,Ahmedabad West,South Bopal,Gujarat,23.028186,72.447201,"NEAR SANVI NIRMAN CELESTA GHUMA, AHMEDABAD WEST",380058,5124500,7011500,51.25 - 70.11 L,https://www.99acres.com/exidmicrosite/siteplan_g2c.php?live=2&g2c=1&xid_request=1&code=62047,True,"2,3","Residences enjoy corner location with dual side road access | Premium vitrified flooring, granite kitchen platform & modular switches | Enjoy safer community living with advanced CCTV surveillance security | Get Unit of your choice","Stamp Duty: 5.9 % for Male, 4.9 % for Female, 5.9 % for Joint (Male and Female), 4.9 % For Joint (Female and Female) | Registration Charges: Male Ownership: 1%, Female Ownership: No registration charges,  Joint (Male + Female) Ownership: 1 % ",2,Apartment,1470.0,Super Built-up Area,5439000,True,Dec ‘29 possession,12-2029,https://imagecdn.99acres.com/projects/example/ffli0e7_1762415098_669016189.jpg,https://www.99acres.com/exidmicrosite/property_2d3d_xid.php?projectCode=62047&bno=102&blockId=130363&fno=F1_102&measurement=1&jquery=1&compare=1&g2c=1&hide_button=1&switch_HD=1&platform=DESKTOP,Viraj bhai Parimal Patel (Builder) | Brickroots (Dealer)
455383, Skyline,Residential,NEW LAUNCH,Ahmedabad West,South Bopal,Gujarat,23.028186,72.447201,"NEAR SANVI NIRMAN CELESTA GHUMA, AHMEDABAD WEST",380058,5124500,7011500,51.25 - 70.11 L,https://www.99acres.com/exidmicrosite/siteplan_g2c.php?live=2&g2c=1&xid_request=1&code=62047,True,"2,3","Residences enjoy corner location with dual side road access | Premium vitrified flooring, granite kitchen platform & modular switches | Enjoy safer community living with advanced CCTV surveillance security | Get Unit of your choice","Stamp Duty: 5.9 % for Male, 4.9 % for Female, 5.9 % for Joint (Male and Female), 4.9 % For Joint (Female and Female) | Registration Charges: Male Ownership: 1%, Female Ownership: No registration charges,  Joint (Male + Female) Ownership: 1 % ",3,Apartment,1895.0,Super Built-up Area,7011500,True,Dec ‘29 possession,12-2029,https://imagecdn.99acres.com/projects/example/lobbtm7_1762415072_669015775.jpg,https://www.99acres.com/exidmicrosite/property_2d3d_xid.php?projectCode=62047&bno=103&blockId=130363&fno=F1_103&measurement=1&jquery=1&compare=1&g2c=1&hide_button=1&switch_HD=1&platform=DESKTOP,Viraj bhai Parimal Patel (Builder) | Brickroots (Dealer)
429541,Hari Shantam Parmeshwar,Residential,NEW LAUNCH,Ahmedabad North,Gota,Gujarat,23.104173,72.534463,"Gota, Ahmedabad North",383255,10500000,10500000,1.05 Cr,https://www.99acres.com/exidmicrosite/siteplan_g2c.php?live=2&g2c=1&xid_request=1&code=57243,True,3,"Prime location in Gota, Ahmedabad; 200m from Vandematram Circle | High-speed stretcher elevators and 3-phase ISI fire-retardant cabling | Beautifully landscaped garden with Tropical Trail Pathway and Lily Pond | Double height main entrance foyers ensure a grand arrival experience","Stamp Duty: 5.9 % for Male, 4.9 % for Female, 5.9 % for Joint (Male and Female), 4.9 % For Joint (Female and Female) | Registration Charges: Male Ownership: 1%, Female Ownership: No registration charges,  Joint (Male + Female) Ownership: 1 % ",3,Apartment,1020.53,Carpet Area,10500000,True,Dec ‘28 possession,12-2028,https://imagecdn.99acres.com/projects/example/z2h3tru_1731571456_530844275.jpg,,Sagar Kuvadiya (Dealer) | Vikas Dave (Dealer) | BHAVESH PANDYA (Dealer)
429541,Hari Shantam Parmeshwar,Residential,NEW LAUNCH,Ahmedabad North,Gota,Gujarat,23.104173,72.534463,"Gota, Ahmedabad North",383255,10500000,10500000,1.05 Cr,https://www.99acres.com/exidmicrosite/siteplan_g2c.php?live=2&g2c=1&xid_request=1&code=57243,True,3,"Prime location in Gota, Ahmedabad; 200m from Vandematram Circle | High-speed stretcher elevators and 3-phase ISI fire-retardant cabling | Beautifully landscaped garden with Tropical Trail Pathway and Lily Pond | Double height main entrance foyers ensure a grand arrival experience","Stamp Duty: 5.9 % for Male, 4.9 % for Female, 5.9 % for Joint (Male and Female), 4.9 % For Joint (Female and Female) | Registration Charges: Male Ownership: 1%, Female Ownership: No registration charges,  Joint (Male + Female) Ownership: 1 % ",3,Apartment,1027.41,Carpet Area,0,False,,,https://imagecdn.99acres.com/projects/example/swh6paw_1731571515_530844811.jpg,,
429541,Hari Shantam Parmeshwar,Residential,NEW LAUNCH,Ahmedabad North,Gota,Gujarat,23.104173,72.534463,"Gota, Ahmedabad North",383255,10500000,10500000,1.05 Cr,https://www.99acres.com/exidmicrosite/siteplan_g2c.php?live=2&g2c=1&xid_request=1&code=57243,True,3,"Prime location in Gota, Ahmedabad; 200m from Vandematram Circle | High-speed stretcher elevators and 3-phase ISI fire-retardant cabling | Beautifully landscaped garden with Tropical Trail Pathway and Lily Pond | Double height main entrance foyers ensure a grand arrival experience","Stamp Duty: 5.9 % for Male, 4.9 % for Female, 5.9 % for Joint (Male and Female), 4.9 % For Joint (Female and Female) | Registration Charges: Male Ownership: 1%, Female Ownership: No registration charges,  Joint (Male + Female) Ownership: 1 % ",3,Apartment,1039.47,Carpet Area,0,False,,,https://imagecdn.99acres.com/projects/example/nzeg5jz_1731571540_530845007.jpg,,
429541,Hari Shantam Parmeshwar,Residential,NEW LAUNCH,Ahmedabad North,Gota,Gujarat,23.104173,72.534463,"Gota, Ahmedabad North",383255,10500000,10500000,1.05 Cr,https://www.99acres.com/exidmicrosite/siteplan_g2c.php?live=2&g2c=1&xid_request=1&code=57243,True,3,"Prime location in Gota, Ahmedabad; 200m from Vandematram Circle | High-speed stretcher elevators and 3-phase ISI fire-retardant cabling | Beautifully landscaped garden with Tropical Trail Pathway and Lily Pond | Double height main entrance foyers ensure a grand arrival experience","Stamp Duty: 5.9 % for Male, 4.9 % for Female, 5.9 % for Joint (Male and Female), 4.9 % For Joint (Female and Female) | Registration Charges: Male Ownership: 1%, Female Ownership: No registration charges,  Joint (Male + Female) Ownership: 1 % ",3,Apartment,1054.11,Carpet Area,0,False,,,https://imagecdn.99acres.com/projects/example/q6z0mos_1731571485_530844457.jpg,,
429541,Hari Shantam Parmeshwar,Residential,NEW LAUNCH,Ahmedabad North,Gota,Gujarat,23.104173,72.534463,"Gota, Ahmedabad North",383255,10500000,10500000,1.05 Cr,https://www.99acres.com/exidmicrosite/siteplan_g2c.php?live=2&g2c=1&xid_request=1&code=57243,True,3,"Prime location in Gota, Ahmedabad; 200m from Vandematram Circle | High-speed stretcher elevators and 3-phase ISI fire-retardant cabling | Beautifully landscaped garden with Tropical Trail Pathway and Lily Pond | Double height main entrance foyers ensure a grand arrival experience","Stamp Duty: 5.9 % for Male, 4.9 % for Female, 5.9 % for Joint (Male and Female), 4.9 % For Joint (Female and Female) | Registration Charges: Male Ownership: 1%, Female Ownership: No registration charges,  Joint (Male + Female) Ownership: 1 % ",3,Apartment,1055.08,Carpet Area,0,False,,,https://imagecdn.99acres.com/projects/example/cs14lo2_1755665061_635786061.jpg,https://www.99acres.com/exidmicrosite/property_2d3d_xid.php?projectCode=57243&bno=101&blockId=119192&fno=F1_101&measurement=1&jquery=1&compare=1&g2c=1&hide_button=1&switch_HD=1&platform=DESKTOP,
298215,Zion Windfield,Residential,NEW LAUNCH,Ahmedabad West,Thaltej,Gujarat,23.056019,72.483091,"#68, Opp Ishan Bunglwos ,Near Pearl Villa, Shilaj, Thaltej, Ahmedabad",380059,24600000,37600000,2.46 - 3.76 Cr,https://www.99acres.com/exidmicrosite/siteplan_g2c.php?live=2&g2c=1&xid_request=1&code=42245,True,"3,4","Homes with customizable floor plans for your design needs | 4BHK units with 3 layouts in a vibrant, well-connected area | Properties with 100% power backup available | Get Unit of your choice","Stamp Duty: 5.9 % for Male, 4.9 % for Female, 5.9 % for Joint (Male and Female), 4.9 % For Joint (Female and Female) | Registration Charges: Male Ownership: 1%, Female Ownership: No registration charges,  Joint (Male + Female) Ownership: 1 % ",3,Apartment,2548.0,Super Built-up Area,24600000,True,Jan ‘21 possession,01-2021,https://newprojects.99acres.com/projects/unknown1/zion_windfield/maps/d143bqzf.jpg,https://www.99acres.com/exidmicrosite/property_2d3d_xid.php?projectCode=42245&bno=101&blockId=84774&fno=F1_101&measurement=1&jquery=1&compare=1&g2c=1&hide_button=1&switch_HD=1&platform=DESKTOP,AV REALTY (Dealer)
298215,Zion Windfield,Residential,NEW LAUNCH,Ahmedabad West,Thaltej,Gujarat,23.056019,72.483091,"#68, Opp Ishan Bunglwos ,Near Pearl Villa, Shilaj, Thaltej, Ahmedabad",380059,24600000,37600000,2.46 - 3.76 Cr,https://www.99acres.com/exidmicrosite/siteplan_g2c.php?live=2&g2c=1&xid_request=1&code=42245,True,"3,4","Homes with customizable floor plans for your design needs | 4BHK units with 3 layouts in a vibrant, well-connected area | Properties with 100% power backup available | Get Unit of your choice","Stamp Duty: 5.9 % for Male, 4.9 % for Female, 5.9 % for Joint (Male and Female), 4.9 % For Joint (Female and Female) | Registration Charges: Male Ownership: 1%, Female Ownership: No registration charges,  Joint (Male + Female) Ownership: 1 % ",4,Apartment,3677.0,Super Built-up Area,37600000,True,Jan ‘21 possession,01-2021,https://newprojects.99acres.com/projects/unknown1/zion_windfield/maps/dur0lh4i.jpg,https://www.99acres.com/exidmicrosite/property_2d3d_xid.php?projectCode=42245&bno=102&blockId=84774&fno=F1_102&measurement=1&jquery=1&compare=1&g2c=1&hide_button=1&switch_HD=1&platform=DESKTOP,AV REALTY (Dealer)
420353,Shree Vishnudhara Essence,Residential,NEW LAUNCH,Ahmedabad West,Thaltej,Gujarat,23.054099,72.516846,"Thaltej, Ahmedabad West",380059,15000000,31000000,1.5 - 3.1 Cr,https://www.99acres.com/exidmicrosite/siteplan_g2c.php?live=2&g2c=1&xid_request=1&code=55505,True,"3,4",60% open space | Close proximity to SG Highway | Premium construction material | High wall AC inbuilt,"Stamp Duty: 5.9 % for Male, 4.9 % for Female, 5.9 % for Joint (Male and Female), 4.9 % For Joint (Female and Female) | Registration Charges: Male Ownership: 1%, Female Ownership: No registration charges,  Joint (Male + Female) Ownership: 1 % ",3,Apartment,1899.0,Super Built-up Area,15000000,True,Jun ‘25 possession,06-2025,https://newprojects.99acres.com/projects/vishnudhara_paradise_llp/shree_vishnudhara_essence/maps/ayqujms_1703831876_464210096.jpg,https://www.99acres.com/exidmicrosite/property_2d3d_xid.php?projectCode=55505&bno=101&blockId=116810&fno=F1_101&measurement=1&jquery=1&compare=1&g2c=1&hide_button=1&switch_HD=1&platform=DESKTOP,
420353,Shree Vishnudhara Essence,Residential,NEW LAUNCH,Ahmedabad West,Thaltej,Gujarat,23.054099,72.516846,"Thaltej, Ahmedabad West",380059,15000000,31000000,1.5 - 3.1 Cr,https://www.99acres.com/exidmicrosite/siteplan_g2c.php?live=2&g2c=1&xid_request=1&code=55505,True,"3,4",60% open space | Close proximity to SG Highway | Premium construction material | High wall AC inbuilt,"Stamp Duty: 5.9 % for Male, 4.9 % for Female, 5.9 % for Joint (Male and Female), 4.9 % For Joint (Female and Female) | Registration Charges: Male Ownership: 1%, Female Ownership: No registration charges,  Joint (Male + Female) Ownership: 1 % ",4,Apartment,3798.0,Super Built-up Area,31000000,True,Jun ‘25 possession,06-2025,https://newprojects.99acres.com/projects/vishnudhara_paradise_llp/shree_vishnudhara_essence/maps/uuk0bcc_1703831885_464210128.jpg,https://www.99acres.com/exidmicrosite/property_2d3d_xid.php?projectCode=55505&bno=102&blockId=116810&fno=F1_102&measurement=1&jquery=1&compare=1&g2c=1&hide_button=1&switch_HD=1&platform=DESKTOP,
440113,Rashmi Sky Scape,Residential,NEW LAUNCH,Ahmedabad West,Thaltej,Gujarat,23.051137258661676,72.48149102792141,"Shilaj-Hebatpoor road, Sardar Patel Ring Rd, near shilaj sircle, Thaltej, Shilaj",380059,0,24500000,2.45 Cr,https://www.99acres.com/exidmicrosite/siteplan_g2c.php?live=2&g2c=1&xid_request=1&code=59274,True,4,Luxury units with double height drawing rooms and balconies | Ample triple level basement parking facility | Sustainable living with on site STP and rainwater harvesting | Get Unit of your choice,"Stamp Duty: 5.9 % for Male, 4.9 % for Female, 5.9 % for Joint (Male and Female), 4.9 % For Joint (Female and Female) | Registration Charges: Male Ownership: 1%, Female Ownership: No registration charges,  Joint (Male + Female) Ownership: 1 % ",4,Apartment,1521.58,Carpet Area,0,False,Dec ‘29 possession,12-2029,https://imagecdn.99acres.com/projects/example/rr2x17r_1740553246_572767557.jpg,https://www.99acres.com/exidmicrosite/property_2d3d_xid.php?projectCode=59274&bno=101&blockId=124114&fno=F1_101&measurement=1&jquery=1&compare=1&g2c=1&hide_button=1&switch_HD=1&platform=DESKTOP,
440113,Rashmi Sky Scape,Residential,NEW LAUNCH,Ahmedabad West,Thaltej,Gujarat,23.051137258661676,72.48149102792141,"Shilaj-Hebatpoor road, Sardar Patel Ring Rd, near shilaj sircle, Thaltej, Shilaj",380059,0,24500000,2.45 Cr,https://www.99acres.com/exidmicrosite/siteplan_g2c.php?live=2&g2c=1&xid_request=1&code=59274,True,4,Luxury units with double height drawing rooms and balconies | Ample triple level basement parking facility | Sustainable living with on site STP and rainwater harvesting | Get Unit of your choice,"Stamp Duty: 5.9 % for Male, 4.9 % for Female, 5.9 % for Joint (Male and Female), 4.9 % For Joint (Female and Female) | Registration Charges: Male Ownership: 1%, Female Ownership: No registration charges,  Joint (Male + Female) Ownership: 1 % ",4,Apartment,1553.33,Carpet Area,0,False,Dec ‘29 possession,12-2029,https://imagecdn.99acres.com/projects/example/uxkcn8j_1756787609_641563863.jpg,,
440113,Rashmi Sky Scape,Residential,NEW LAUNCH,Ahmedabad West,Thaltej,Gujarat,23.051137258661676,72.48149102792141,"Shilaj-Hebatpoor road, Sardar Patel Ring Rd, near shilaj sircle, Thaltej, Shilaj",380059,0,24500000,2.45 Cr,https://www.99acres.com/exidmicrosite/siteplan_g2c.php?live=2&g2c=1&xid_request=1&code=59274,True,4,Luxury units with double height drawing rooms and balconies | Ample triple level basement parking facility | Sustainable living with on site STP and rainwater harvesting | Get Unit of your choice,"Stamp Duty: 5.9 % for Male, 4.9 % for Female, 5.9 % for Joint (Male and Female), 4.9 % For Joint (Female and Female) | Registration Charges: Male Ownership: 1%, Female Ownership: No registration charges,  Joint (Male + Female) Ownership: 1 % ",4,Apartment,1560.01,Carpet Area,0,False,Dec ‘29 possession,12-2029,https://imagecdn.99acres.com/projects/example/yyrulbw_1756787521_641563671.jpg,,
440113,Rashmi Sky Scape,Residential,NEW LAUNCH,Ahmedabad West,Thaltej,Gujarat,23.051137258661676,72.48149102792141,"Shilaj-Hebatpoor road, Sardar Patel Ring Rd, near shilaj sircle, Thaltej, Shilaj",380059,0,24500000,2.45 Cr,https://www.99acres.com/exidmicrosite/siteplan_g2c.php?live=2&g2c=1&xid_request=1&code=59274,True,4,Luxury units with double height drawing rooms and balconies | Ample triple level basement parking facility | Sustainable living with on site STP and rainwater harvesting | Get Unit of your choice,"Stamp Duty: 5.9 % for Male, 4.9 % for Female, 5.9 % for Joint (Male and Female), 4.9 % For Joint (Female and Female) | Registration Charges: Male Ownership: 1%, Female Ownership: No registration charges,  Joint (Male + Female) Ownership: 1 % ",4,Apartment,1603.07,Carpet Area,0,False,,,https://imagecdn.99acres.com/projects/example/qmcqn6t_1756787379_641563405.jpg,,
440113,Rashmi Sky Scape,Residential,NEW LAUNCH,Ahmedabad West,Thaltej,Gujarat,23.051137258661676,72.48149102792141,"Shilaj-Hebatpoor road, Sardar Patel Ring Rd, near shilaj sircle, Thaltej, Shilaj",380059,0,24500000,2.45 Cr,https://www.99acres.com/exidmicrosite/siteplan_g2c.php?live=2&g2c=1&xid_request=1&code=59274,True,4,Luxury units with double height drawing rooms and balconies | Ample triple level basement parking facility | Sustainable living with on site STP and rainwater harvesting | Get Unit of your choice,"Stamp Duty: 5.9 % for Male, 4.9 % for Female, 5.9 % for Joint (Male and Female), 4.9 % For Joint (Female and Female) | Registration Charges: Male Ownership: 1%, Female Ownership: No registration charges,  Joint (Male + Female) Ownership: 1 % ",4,Apartment,2592.81,Carpet Area,0,False,Dec ‘29 possession,12-2029,https://imagecdn.99acres.com/projects/example/ievhg4n_1740568876_572896729.jpg,https://www.99acres.com/exidmicrosite/property_2d3d_xid.php?projectCode=59274&bno=102&blockId=124114&fno=F1_102&measurement=1&jquery=1&compare=1&g2c=1&hide_button=1&switch_HD=1&platform=DESKTOP,
440113,Rashmi Sky Scape,Residential,NEW LAUNCH,Ahmedabad West,Thaltej,Gujarat,23.051137258661676,72.48149102792141,"Shilaj-Hebatpoor road, Sardar Patel Ring Rd, near shilaj sircle, Thaltej, Shilaj",380059,0,24500000,2.45 Cr,https://www.99acres.com/exidmicrosite/siteplan_g2c.php?live=2&g2c=1&xid_request=1&code=59274,True,4,Luxury units with double height drawing rooms and balconies | Ample triple level basement parking facility | Sustainable living with on site STP and rainwater harvesting | Get Unit of your choice,"Stamp Duty: 5.9 % for Male, 4.9 % for Female, 5.9 % for Joint (Male and Female), 4.9 % For Joint (Female and Female) | Registration Charges: Male Ownership: 1%, Female Ownership: No registration charges,  Joint (Male + Female) Ownership: 1 % ",4,Apartment,2658.25,Carpet Area,0,False,,,https://imagecdn.99acres.com/projects/example/0eir0lt_1756787825_641564395.jpg,,
440113,Rashmi Sky Scape,Residential,NEW LAUNCH,Ahmedabad West,Thaltej,Gujarat,23.051137258661676,72.48149102792141,"Shilaj-Hebatpoor road, Sardar Patel Ring Rd, near shilaj sircle, Thaltej, Shilaj",380059,0,24500000,2.45 Cr,https://www.99acres.com/exidmicrosite/siteplan_g2c.php?live=2&g2c=1&xid_request=1&code=59274,True,4,Luxury units with double height drawing rooms and balconies | Ample triple level basement parking facility | Sustainable living with on site STP and rainwater harvesting | Get Unit of your choice,"Stamp Duty: 5.9 % for Male, 4.9 % for Female, 5.9 % for Joint (Male and Female), 4.9 % For Joint (Female and Female) | Registration Charges: Male Ownership: 1%, Female Ownership: No registration charges,  Joint (Male + Female) Ownership: 1 % ",4,Apartment,2680.1,Carpet Area,0,False,Dec ‘29 possession,12-2029,https://imagecdn.99acres.com/projects/example/pnxlunc_1740569029_572898001.jpg,,
427808,Shivanta The Taurus,Residential,NEW LAUNCH,Ahmedabad North,Vaishnodevi Circle,Gujarat,23.131813,72.546758,"Khoraj, Gandhinagar",0,23367322,27236449,2.34 - 2.72 Cr,,True,4,4 Side open flat with green surrounding | Private lift for every flat + service lift	 | Private foyer with every flat along with club house amenities	 | All connectivity is within walking distance,"Stamp Duty: 5.9 % for Male, 4.9 % for Female, 5.9 % for Joint (Male and Female), 4.9 % For Joint (Female and Female) | Registration Charges: Male Ownership: 1%, Female Ownership: No registration charges,  Joint (Male + Female) Ownership: 1 % ",4,Apartment,1479.6,Carpet Area,23367322,True,Dec ‘28 possession,12-2028,,,DIXIT Modi (Dealer)
427808,Shivanta The Taurus,Residential,NEW LAUNCH,Ahmedabad North,Vaishnodevi Circle,Gujarat,23.131813,72.546758,"Khoraj, Gandhinagar",0,23367322,27236449,2.34 - 2.72 Cr,,True,4,4 Side open flat with green surrounding | Private lift for every flat + service lift	 | Private foyer with every flat along with club house amenities	 | All connectivity is within walking distance,"Stamp Duty: 5.9 % for Male, 4.9 % for Female, 5.9 % for Joint (Male and Female), 4.9 % For Joint (Female and Female) | Registration Charges: Male Ownership: 1%, Female Ownership: No registration charges,  Joint (Male + Female) Ownership: 1 % ",4,Apartment,1488.0,Carpet Area,23499984,True,Dec ‘28 possession,12-2028,,,DIXIT Modi (Dealer)
427808,Shivanta The Taurus,Residential,NEW LAUNCH,Ahmedabad North,Vaishnodevi Circle,Gujarat,23.131813,72.546758,"Khoraj, Gandhinagar",0,23367322,27236449,2.34 - 2.72 Cr,,True,4,4 Side open flat with green surrounding | Private lift for every flat + service lift	 | Private foyer with every flat along with club house amenities	 | All connectivity is within walking distance,"Stamp Duty: 5.9 % for Male, 4.9 % for Female, 5.9 % for Joint (Male and Female), 4.9 % For Joint (Female and Female) | Registration Charges: Male Ownership: 1%, Female Ownership: No registration charges,  Joint (Male + Female) Ownership: 1 % ",4,Apartment,1672.81,Carpet Area,26418688,True,Dec ‘28 possession,12-2028,,,DIXIT Modi (Dealer)
427808,Shivanta The Taurus,Residential,NEW LAUNCH,Ahmedabad North,Vaishnodevi Circle,Gujarat,23.131813,72.546758,"Khoraj, Gandhinagar",0,23367322,27236449,2.34 - 2.72 Cr,,True,4,4 Side open flat with green surrounding | Private lift for every flat + service lift	 | Private foyer with every flat along with club house amenities	 | All connectivity is within walking distance,"Stamp Duty: 5.9 % for Male, 4.9 % for Female, 5.9 % for Joint (Male and Female), 4.9 % For Joint (Female and Female) | Registration Charges: Male Ownership: 1%, Female Ownership: No registration charges,  Joint (Male + Female) Ownership: 1 % ",4,Apartment,1681.1,Carpet Area,26549612,True,Dec ‘28 possession,12-2028,,,DIXIT Modi (Dealer)
427808,Shivanta The Taurus,Residential,NEW LAUNCH,Ahmedabad North,Vaishnodevi Circle,Gujarat,23.131813,72.546758,"Khoraj, Gandhinagar",0,23367322,27236449,2.34 - 2.72 Cr,,True,4,4 Side open flat with green surrounding | Private lift for every flat + service lift	 | Private foyer with every flat along with club house amenities	 | All connectivity is within walking distance,"Stamp Duty: 5.9 % for Male, 4.9 % for Female, 5.9 % for Joint (Male and Female), 4.9 % For Joint (Female and Female) | Registration Charges: Male Ownership: 1%, Female Ownership: No registration charges,  Joint (Male + Female) Ownership: 1 % ",4,Apartment,1724.59,Carpet Area,27236449,True,Dec ‘28 possession,12-2028,,,DIXIT Modi (Dealer)
371808,Pacifica Amara,Residential,NEW LAUNCH,Ahmedabad West,Sanathal,Gujarat,22.977979066408,72.462979101144,"Sanathal, Ahmedabad West",382210,3900000,5261000,39 - 52.61 L,https://www.99acres.com/exidmicrosite/siteplan_g2c.php?live=2&g2c=1&xid_request=1&code=43599,True,"2,3",Well connected to NH 147 | Lavish club house with modern amenities | Premium quality fittings and fixtures | Open area of 76% is available,"Stamp Duty: 5.9 % for Male, 4.9 % for Female, 5.9 % for Joint (Male and Female), 4.9 % For Joint (Female and Female) | Registration Charges: Male Ownership: 1%, Female Ownership: No registration charges,  Joint (Male + Female) Ownership: 1 % ",2,Apartment,575.0,Carpet Area,3900000,True,Jan ‘26 possession,01-2026,,https://www.99acres.com/exidmicrosite/property_2d3d_xid.php?projectCode=43599&bno=105&blockId=88112&fno=F1_105&measurement=1&jquery=1&compare=1&g2c=1&hide_button=1&switch_HD=1&platform=DESKTOP,Mitesh Bagrecha (Dealer) | Z.A. KESHWANI (Dealer)
371808,Pacifica Amara,Residential,NEW LAUNCH,Ahmedabad West,Sanathal,Gujarat,22.977979066408,72.462979101144,"Sanathal, Ahmedabad West",382210,3900000,5261000,39 - 52.61 L,https://www.99acres.com/exidmicrosite/siteplan_g2c.php?live=2&g2c=1&xid_request=1&code=43599,True,"2,3",Well connected to NH 147 | Lavish club house with modern amenities | Premium quality fittings and fixtures | Open area of 76% is available,"Stamp Duty: 5.9 % for Male, 4.9 % for Female, 5.9 % for Joint (Male and Female), 4.9 % For Joint (Female and Female) | Registration Charges: Male Ownership: 1%, Female Ownership: No registration charges,  Joint (Male + Female) Ownership: 1 % ",2,Apartment,586.0,Carpet Area,0,False,Jan ‘26 possession,01-2026,https://imagecdn.99acres.com/projects/example/spkide2_1740054119_571265335.jpg,,
371808,Pacifica Amara,Residential,NEW LAUNCH,Ahmedabad West,Sanathal,Gujarat,22.977979066408,72.462979101144,"Sanathal, Ahmedabad West",382210,3900000,5261000,39 - 52.61 L,https://www.99acres.com/exidmicrosite/siteplan_g2c.php?live=2&g2c=1&xid_request=1&code=43599,True,"2,3",Well connected to NH 147 | Lavish club house with modern amenities | Premium quality fittings and fixtures | Open area of 76% is available,"Stamp Duty: 5.9 % for Male, 4.9 % for Female, 5.9 % for Joint (Male and Female), 4.9 % For Joint (Female and Female) | Registration Charges: Male Ownership: 1%, Female Ownership: No registration charges,  Joint (Male + Female) Ownership: 1 % ",2,Apartment,588.0,Carpet Area,0,False,Jan ‘26 possession,01-2026,https://imagecdn.99acres.com/projects/example/hpj6b2z_1740054017_571264629.jpg,https://www.99acres.com/exidmicrosite/property_2d3d_xid.php?projectCode=43599&bno=104&blockId=88112&fno=F1_104&measurement=1&jquery=1&compare=1&g2c=1&hide_button=1&switch_HD=1&platform=DESKTOP,
371808,Pacifica Amara,Residential,NEW LAUNCH,Ahmedabad West,Sanathal,Gujarat,22.977979066408,72.462979101144,"Sanathal, Ahmedabad West",382210,3900000,5261000,39 - 52.61 L,https://www.99acres.com/exidmicrosite/siteplan_g2c.php?live=2&g2c=1&xid_request=1&code=43599,True,"2,3",Well connected to NH 147 | Lavish club house with modern amenities | Premium quality fittings and fixtures | Open area of 76% is available,"Stamp Duty: 5.9 % for Male, 4.9 % for Female, 5.9 % for Joint (Male and Female), 4.9 % For Joint (Female and Female) | Registration Charges: Male Ownership: 1%, Female Ownership: No registration charges,  Joint (Male + Female) Ownership: 1 % ",3,Apartment,774.0,Carpet Area,5040001,True,Jan ‘26 possession,01-2026,https://imagecdn.99acres.com/projects/example/zsdw6t5_1740054080_571265105.jpg,https://www.99acres.com/exidmicrosite/property_2d3d_xid.php?projectCode=43599&bno=106&blockId=88112&fno=F1_106&measurement=1&jquery=1&compare=1&g2c=1&hide_button=1&switch_HD=1&platform=DESKTOP,Mitesh Bagrecha (Dealer) | Z.A. KESHWANI (Dealer)
371808,Pacifica Amara,Residential,NEW LAUNCH,Ahmedabad West,Sanathal,Gujarat,22.977979066408,72.462979101144,"Sanathal, Ahmedabad West",382210,3900000,5261000,39 - 52.61 L,https://www.99acres.com/exidmicrosite/siteplan_g2c.php?live=2&g2c=1&xid_request=1&code=43599,True,"2,3",Well connected to NH 147 | Lavish club house with modern amenities | Premium quality fittings and fixtures | Open area of 76% is available,"Stamp Duty: 5.9 % for Male, 4.9 % for Female, 5.9 % for Joint (Male and Female), 4.9 % For Joint (Female and Female) | Registration Charges: Male Ownership: 1%, Female Ownership: No registration charges,  Joint (Male + Female) Ownership: 1 % ",3,Apartment,808.0,Carpet Area,5261000,True,Jan ‘26 possession,01-2026,https://newprojects.99acres.com/projects/pacifica_india_projects/pacifica_amara/maps/r2kct0wp.jpg,https://www.99acres.com/exidmicrosite/property_2d3d_xid.php?projectCode=43599&bno=107&blockId=88112&fno=F1_107&measurement=1&jquery=1&compare=1&g2c=1&hide_button=1&switch_HD=1&platform=DESKTOP,Mitesh Bagrecha (Dealer) | Z.A. KESHWANI (Dealer)
399887,Ambrosia by Adani Realty,Residential,NEW LAUNCH,Ahmedabad North,Shantigram,Gujarat,23.167845061013,72.537617815963,"R 5B (R5 PART) ,AT VILLAGE-DANTALI , Gandhinagar, Gandhinagar, Gujarat",0,23900000,27661879,2.39 - 2.77 Cr,https://www.99acres.com/exidmicrosite/siteplan_g2c.php?live=2&g2c=1&xid_request=1&code=51103,True,4,"Shantigram spans 600 acres of serene greenery | Located on Sarkhej-Gandhinagar Highway for great connectivity | A strong quality commitment, completing over 15 million sq. ft | Properties with 100% power backup available","Stamp Duty: 5.9 % for Male, 4.9 % for Female, 5.9 % for Joint (Male and Female), 4.9 % For Joint (Female and Female) | Registration Charges: Male Ownership: 1%, Female Ownership: No registration charges,  Joint (Male + Female) Ownership: 1 % ",4,Apartment,1784.87,Carpet Area,23900000,True,Sep ‘26 possession,09-2026,https://imagecdn.99acres.com/projects/example/wmefwpy_1756452236_640098713.jpg,https://www.99acres.com/exidmicrosite/property_2d3d_xid.php?projectCode=51103&bno=101&blockId=104896&fno=F1_101&measurement=1&jquery=1&compare=1&g2c=1&hide_button=1&switch_HD=1&platform=DESKTOP,MID FLOOR LLP (RERA REGISTERED Dealer) | BHAVESH PANDYA (Dealer)
399887,Ambrosia by Adani Realty,Residential,NEW LAUNCH,Ahmedabad North,Shantigram,Gujarat,23.167845061013,72.537617815963,"R 5B (R5 PART) ,AT VILLAGE-DANTALI , Gandhinagar, Gandhinagar, Gujarat",0,23900000,27661879,2.39 - 2.77 Cr,https://www.99acres.com/exidmicrosite/siteplan_g2c.php?live=2&g2c=1&xid_request=1&code=51103,True,4,"Shantigram spans 600 acres of serene greenery | Located on Sarkhej-Gandhinagar Highway for great connectivity | A strong quality commitment, completing over 15 million sq. ft | Properties with 100% power backup available","Stamp Duty: 5.9 % for Male, 4.9 % for Female, 5.9 % for Joint (Male and Female), 4.9 % For Joint (Female and Female) | Registration Charges: Male Ownership: 1%, Female Ownership: No registration charges,  Joint (Male + Female) Ownership: 1 % ",4,Apartment,1787.89,Carpet Area,23940438,True,Sep ‘26 possession,09-2026,https://imagecdn.99acres.com/projects/example/l1fxpyy_1756452252_640098897.jpg,https://www.99acres.com/exidmicrosite/property_2d3d_xid.php?projectCode=51103&bno=103&blockId=104896&fno=F1_103&measurement=1&jquery=1&compare=1&g2c=1&hide_button=1&switch_HD=1&platform=DESKTOP,BHAVESH PANDYA (Dealer)
399887,Ambrosia by Adani Realty,Residential,NEW LAUNCH,Ahmedabad North,Shantigram,Gujarat,23.167845061013,72.537617815963,"R 5B (R5 PART) ,AT VILLAGE-DANTALI , Gandhinagar, Gandhinagar, Gujarat",0,23900000,27661879,2.39 - 2.77 Cr,https://www.99acres.com/exidmicrosite/siteplan_g2c.php?live=2&g2c=1&xid_request=1&code=51103,True,4,"Shantigram spans 600 acres of serene greenery | Located on Sarkhej-Gandhinagar Highway for great connectivity | A strong quality commitment, completing over 15 million sq. ft | Properties with 100% power backup available","Stamp Duty: 5.9 % for Male, 4.9 % for Female, 5.9 % for Joint (Male and Female), 4.9 % For Joint (Female and Female) | Registration Charges: Male Ownership: 1%, Female Ownership: No registration charges,  Joint (Male + Female) Ownership: 1 % ",4,Apartment,2062.8,Carpet Area,27621574,True,Sep ‘26 possession,09-2026,https://imagecdn.99acres.com/projects/example/ntwkaq0_1756452190_640098099.jpg,https://www.99acres.com/exidmicrosite/property_2d3d_xid.php?projectCode=51103&bno=102&blockId=104896&fno=F1_102&measurement=1&jquery=1&compare=1&g2c=1&hide_button=1&switch_HD=1&platform=DESKTOP,MID FLOOR LLP (RERA REGISTERED Dealer) | BHAVESH PANDYA (Dealer)
399887,Ambrosia by Adani Realty,Residential,NEW LAUNCH,Ahmedabad North,Shantigram,Gujarat,23.167845061013,72.537617815963,"R 5B (R5 PART) ,AT VILLAGE-DANTALI , Gandhinagar, Gandhinagar, Gujarat",0,23900000,27661879,2.39 - 2.77 Cr,https://www.99acres.com/exidmicrosite/siteplan_g2c.php?live=2&g2c=1&xid_request=1&code=51103,True,4,"Shantigram spans 600 acres of serene greenery | Located on Sarkhej-Gandhinagar Highway for great connectivity | A strong quality commitment, completing over 15 million sq. ft | Properties with 100% power backup available","Stamp Duty: 5.9 % for Male, 4.9 % for Female, 5.9 % for Joint (Male and Female), 4.9 % For Joint (Female and Female) | Registration Charges: Male Ownership: 1%, Female Ownership: No registration charges,  Joint (Male + Female) Ownership: 1 % ",4,Apartment,2065.81,Carpet Area,27661879,True,Sep ‘26 possession,09-2026,https://imagecdn.99acres.com/projects/example/hrb6dbg_1756452211_640098307.jpg,https://www.99acres.com/exidmicrosite/property_2d3d_xid.php?projectCode=51103&bno=104&blockId=104896&fno=F1_104&measurement=1&jquery=1&compare=1&g2c=1&hide_button=1&switch_HD=1&platform=DESKTOP,MID FLOOR LLP (RERA REGISTERED Dealer) | BHAVESH PANDYA (Dealer)
450276,Alt Veltis The Second,Residential,NEW LAUNCH,Ahmedabad North,Zundal,Gujarat,23.137357356113064,72.56422495078321,"Behind Lubi Corporate Road, Khoraj, Ahmedabad",382421,0,0,Price on Request,https://www.99acres.com/exidmicrosite/siteplan_g2c.php?live=2&g2c=1&xid_request=1&code=61379,True,"2,3",Decorative main doors feature designer laminate with safety lock | Two automatic elevators per tower ensure smooth access | Ultra-modern entrance foyer with best quality vitrified flooring | Get Unit of your choice,"Stamp Duty: 5.9 % for Male, 4.9 % for Female, 5.9 % for Joint (Male and Female), 4.9 % For Joint (Female and Female) | Registration Charges: Male Ownership: 1%, Female Ownership: No registration charges,  Joint (Male + Female) Ownership: 1 % ",2,Apartment,631.52,Carpet Area,0,False,Dec ‘28 possession,12-2028,https://imagecdn.99acres.com/projects/example/j5q5wwc_1758691525_651665661.jpg,https://www.99acres.com/exidmicrosite/property_2d3d_xid.php?projectCode=61379&bno=101&blockId=128569&fno=F1_101&measurement=1&jquery=1&compare=1&g2c=1&hide_button=1&switch_HD=1&platform=DESKTOP,
450276,Alt Veltis The Second,Residential,NEW LAUNCH,Ahmedabad North,Zundal,Gujarat,23.137357356113064,72.56422495078321,"Behind Lubi Corporate Road, Khoraj, Ahmedabad",382421,0,0,Price on Request,https://www.99acres.com/exidmicrosite/siteplan_g2c.php?live=2&g2c=1&xid_request=1&code=61379,True,"2,3",Decorative main doors feature designer laminate with safety lock | Two automatic elevators per tower ensure smooth access | Ultra-modern entrance foyer with best quality vitrified flooring | Get Unit of your choice,"Stamp Duty: 5.9 % for Male, 4.9 % for Female, 5.9 % for Joint (Male and Female), 4.9 % For Joint (Female and Female) | Registration Charges: Male Ownership: 1%, Female Ownership: No registration charges,  Joint (Male + Female) Ownership: 1 % ",3,Apartment,868.86,Carpet Area,0,False,Dec ‘28 possession,12-2028,https://imagecdn.99acres.com/projects/example/owmp5mx_1758691414_651665139.jpg,https://www.99acres.com/exidmicrosite/property_2d3d_xid.php?projectCode=61379&bno=102&blockId=128569&fno=F1_102&measurement=1&jquery=1&compare=1&g2c=1&hide_button=1&switch_HD=1&platform=DESKTOP,
412025,Anjney Maruti 360,Residential,NEW LAUNCH,Ahmedabad West,Ambli,Gujarat,23.0238085,72.5053088,"Ahmedabad, Gujrat",382463,0,0,Price on Request,https://www.99acres.com/exidmicrosite/siteplan_g2c.php?live=2&g2c=1&xid_request=1&code=54320,True,"4,5",The project is approved by AUDA | Solar panels as per government norms available | Rainwater Harvesting for sustainable management of water | 1.95% price appreciation in the last 1 year,"Stamp Duty: 5.9 % for Male, 4.9 % for Female, 5.9 % for Joint (Male and Female), 4.9 % For Joint (Female and Female) | Registration Charges: Male Ownership: 1%, Female Ownership: No registration charges,  Joint (Male + Female) Ownership: 1 % ",4,Apartment,2969.54,Carpet Area,0,False,Dec ‘28 possession,12-2028,https://imagecdn.99acres.com/projects/example/cvzyrvj_1760090302_658892911.jpg,,
412025,Anjney Maruti 360,Residential,NEW LAUNCH,Ahmedabad West,Ambli,Gujarat,23.0238085,72.5053088,"Ahmedabad, Gujrat",382463,0,0,Price on Request,https://www.99acres.com/exidmicrosite/siteplan_g2c.php?live=2&g2c=1&xid_request=1&code=54320,True,"4,5",The project is approved by AUDA | Solar panels as per government norms available | Rainwater Harvesting for sustainable management of water | 1.95% price appreciation in the last 1 year,"Stamp Duty: 5.9 % for Male, 4.9 % for Female, 5.9 % for Joint (Male and Female), 4.9 % For Joint (Female and Female) | Registration Charges: Male Ownership: 1%, Female Ownership: No registration charges,  Joint (Male + Female) Ownership: 1 % ",4,Apartment,4012.14,Carpet Area,0,False,Dec ‘28 possession,12-2028,https://newprojects.99acres.com/projects/anjney_finebuild/anjney_maruti_360/maps/96ulrao_1688624666_431924284.jpg,,
412025,Anjney Maruti 360,Residential,NEW LAUNCH,Ahmedabad West,Ambli,Gujarat,23.0238085,72.5053088,"Ahmedabad, Gujrat",382463,0,0,Price on Request,https://www.99acres.com/exidmicrosite/siteplan_g2c.php?live=2&g2c=1&xid_request=1&code=54320,True,"4,5",The project is approved by AUDA | Solar panels as per government norms available | Rainwater Harvesting for sustainable management of water | 1.95% price appreciation in the last 1 year,"Stamp Duty: 5.9 % for Male, 4.9 % for Female, 5.9 % for Joint (Male and Female), 4.9 % For Joint (Female and Female) | Registration Charges: Male Ownership: 1%, Female Ownership: No registration charges,  Joint (Male + Female) Ownership: 1 % ",5,Apartment,5068.4,Carpet Area,0,False,Dec ‘28 possession,12-2028,https://newprojects.99acres.com/projects/anjney_finebuild/anjney_maruti_360/maps/2n2dvwft.jpg,https://www.99acres.com/exidmicrosite/property_2d3d_xid.php?projectCode=54320&bno=103&blockId=113062&fno=F1_103&measurement=1&jquery=1&compare=1&g2c=1&hide_button=1&switch_HD=1&platform=DESKTOP,
412025,Anjney Maruti 360,Residential,NEW LAUNCH,Ahmedabad West,Ambli,Gujarat,23.0238085,72.5053088,"Ahmedabad, Gujrat",382463,0,0,Price on Request,https://www.99acres.com/exidmicrosite/siteplan_g2c.php?live=2&g2c=1&xid_request=1&code=54320,True,"4,5",The project is approved by AUDA | Solar panels as per government norms available | Rainwater Harvesting for sustainable management of water | 1.95% price appreciation in the last 1 year,"Stamp Duty: 5.9 % for Male, 4.9 % for Female, 5.9 % for Joint (Male and Female), 4.9 % For Joint (Female and Female) | Registration Charges: Male Ownership: 1%, Female Ownership: No registration charges,  Joint (Male + Female) Ownership: 1 % ",5,Apartment,5232.66,Carpet Area,0,False,Dec ‘28 possession,12-2028,https://newprojects.99acres.com/projects/anjney_finebuild/anjney_maruti_360/maps/sxe9yvcs.jpg,https://www.99acres.com/exidmicrosite/property_2d3d_xid.php?projectCode=54320&bno=104&blockId=113062&fno=F1_104&measurement=1&jquery=1&compare=1&g2c=1&hide_button=1&switch_HD=1&platform=DESKTOP,
412025,Anjney Maruti 360,Residential,NEW LAUNCH,Ahmedabad West,Ambli,Gujarat,23.0238085,72.5053088,"Ahmedabad, Gujrat",382463,0,0,Price on Request,https://www.99acres.com/exidmicrosite/siteplan_g2c.php?live=2&g2c=1&xid_request=1&code=54320,True,"4,5",The project is approved by AUDA | Solar panels as per government norms available | Rainwater Harvesting for sustainable management of water | 1.95% price appreciation in the last 1 year,"Stamp Duty: 5.9 % for Male, 4.9 % for Female, 5.9 % for Joint (Male and Female), 4.9 % For Joint (Female and Female) | Registration Charges: Male Ownership: 1%, Female Ownership: No registration charges,  Joint (Male + Female) Ownership: 1 % ",5,Apartment,2574.94,Carpet Area,0,False,,,https://newprojects.99acres.com/projects/anjney_finebuild/anjney_maruti_360/maps/12cozef_1713427057_486932806.jpg,,
412025,Anjney Maruti 360,Residential,NEW LAUNCH,Ahmedabad West,Ambli,Gujarat,23.0238085,72.5053088,"Ahmedabad, Gujrat",382463,0,0,Price on Request,https://www.99acres.com/exidmicrosite/siteplan_g2c.php?live=2&g2c=1&xid_request=1&code=54320,True,"4,5",The project is approved by AUDA | Solar panels as per government norms available | Rainwater Harvesting for sustainable management of water | 1.95% price appreciation in the last 1 year,"Stamp Duty: 5.9 % for Male, 4.9 % for Female, 5.9 % for Joint (Male and Female), 4.9 % For Joint (Female and Female) | Registration Charges: Male Ownership: 1%, Female Ownership: No registration charges,  Joint (Male + Female) Ownership: 1 % ",5,Apartment,3541.22,Carpet Area,0,False,,,https://newprojects.99acres.com/projects/anjney_finebuild/anjney_maruti_360/maps/e5c2dea_1713427057_486932808.jpg,,
441147,Swastik Varmine,Residential,NEW LAUNCH,Ahmedabad West,South Bopal,Gujarat,23.01536,72.45337,"45, VIP Road,Near LDR School,Shela,  Ahmedabad",380058,8800000,8800000,88 L,https://www.99acres.com/exidmicrosite/siteplan_g2c.php?live=2&g2c=1&xid_request=1&code=61940,True,3,Developed using the Mivan construction method | Unique elevation with 2-road corner plot and 3-side open view | No vehicle zone on the ground floor | No vehicle zone on the ground floor,"Stamp Duty: 5.9 % for Male, 4.9 % for Female, 5.9 % for Joint (Male and Female), 4.9 % For Joint (Female and Female) | Registration Charges: Male Ownership: 1%, Female Ownership: No registration charges,  Joint (Male + Female) Ownership: 1 % ",3,Apartment,1850.0,Super Built-up Area,8800000,True,Dec ‘27 possession,12-2027,https://imagecdn.99acres.com/projects/example/nxhv6r1_1763036345_672381363.jpg,https://www.99acres.com/exidmicrosite/property_2d3d_xid.php?projectCode=61940&bno=101&blockId=130091&fno=F1_101&measurement=1&jquery=1&compare=1&g2c=1&hide_button=1&switch_HD=1&platform=DESKTOP,Sandip Poriya (Builder) | Santosh Kumar Gurjar (Dealer)
425471,Maruti Aatman,Residential,NEW LAUNCH,Ahmedabad West,Ambli,Gujarat,23.030672,72.490522,"2FJR+766, Ashok Vatika, Ahmedabad, Gujarat 380058",382463,0,43201773,4.32 Cr,https://www.99acres.com/exidmicrosite/siteplan_g2c.php?live=2&g2c=1&xid_request=1&code=56433,True,4,Designed by renowned architect apurva amin for exceptional aesthetics | A serene lifestyle with 76 units in two elegantly designed towers | Central landscape garden with lush greenery and serene water features | Advanced security with 24/7 cctv surveillance and access control,"Stamp Duty: 5.9 % for Male, 4.9 % for Female, 5.9 % for Joint (Male and Female), 4.9 % For Joint (Female and Female) | Registration Charges: Male Ownership: 1%, Female Ownership: No registration charges,  Joint (Male + Female) Ownership: 1 % ",4,Apartment,2384.21,Carpet Area,43201773,True,Jun ‘28 possession,06-2028,https://newprojects.99acres.com/projects/maruti_inspring_realty/maruti_aatman/maps/qlxla6f_1713326694_486649530.jpg,https://www.99acres.com/exidmicrosite/property_2d3d_xid.php?projectCode=56433&bno=102&blockId=118810&fno=F1_102&measurement=1&jquery=1&compare=1&g2c=1&hide_button=1&switch_HD=1&platform=DESKTOP,Lifestyle Realty Solutions (RERA REGISTERED Dealer)
425471,Maruti Aatman,Residential,NEW LAUNCH,Ahmedabad West,Ambli,Gujarat,23.030672,72.490522,"2FJR+766, Ashok Vatika, Ahmedabad, Gujarat 380058",382463,0,43201773,4.32 Cr,https://www.99acres.com/exidmicrosite/siteplan_g2c.php?live=2&g2c=1&xid_request=1&code=56433,True,4,Designed by renowned architect apurva amin for exceptional aesthetics | A serene lifestyle with 76 units in two elegantly designed towers | Central landscape garden with lush greenery and serene water features | Advanced security with 24/7 cctv surveillance and access control,"Stamp Duty: 5.9 % for Male, 4.9 % for Female, 5.9 % for Joint (Male and Female), 4.9 % For Joint (Female and Female) | Registration Charges: Male Ownership: 1%, Female Ownership: No registration charges,  Joint (Male + Female) Ownership: 1 % ",4,Apartment,2399.92,Carpet Area,0,False,,,https://newprojects.99acres.com/projects/maruti_inspring_realty/maruti_aatman/maps/h1gjaxt_1713326913_486649694.jpg,https://www.99acres.com/exidmicrosite/property_2d3d_xid.php?projectCode=56433&bno=102&blockId=117588&fno=F1_102&measurement=1&jquery=1&compare=1&g2c=1&hide_button=1&switch_HD=1&platform=DESKTOP,
425471,Maruti Aatman,Residential,NEW LAUNCH,Ahmedabad West,Ambli,Gujarat,23.030672,72.490522,"2FJR+766, Ashok Vatika, Ahmedabad, Gujarat 380058",382463,0,43201773,4.32 Cr,https://www.99acres.com/exidmicrosite/siteplan_g2c.php?live=2&g2c=1&xid_request=1&code=56433,True,4,Designed by renowned architect apurva amin for exceptional aesthetics | A serene lifestyle with 76 units in two elegantly designed towers | Central landscape garden with lush greenery and serene water features | Advanced security with 24/7 cctv surveillance and access control,"Stamp Duty: 5.9 % for Male, 4.9 % for Female, 5.9 % for Joint (Male and Female), 4.9 % For Joint (Female and Female) | Registration Charges: Male Ownership: 1%, Female Ownership: No registration charges,  Joint (Male + Female) Ownership: 1 % ",4,Apartment,2415.31,Carpet Area,0,False,,,https://newprojects.99acres.com/projects/maruti_inspring_realty/maruti_aatman/maps/kiuev0i_1713326639_486649440.jpg,https://www.99acres.com/exidmicrosite/property_2d3d_xid.php?projectCode=56433&bno=103&blockId=117588&fno=F1_103&measurement=1&jquery=1&compare=1&g2c=1&hide_button=1&switch_HD=1&platform=DESKTOP,
425471,Maruti Aatman,Residential,NEW LAUNCH,Ahmedabad West,Ambli,Gujarat,23.030672,72.490522,"2FJR+766, Ashok Vatika, Ahmedabad, Gujarat 380058",382463,0,43201773,4.32 Cr,https://www.99acres.com/exidmicrosite/siteplan_g2c.php?live=2&g2c=1&xid_request=1&code=56433,True,4,Designed by renowned architect apurva amin for exceptional aesthetics | A serene lifestyle with 76 units in two elegantly designed towers | Central landscape garden with lush greenery and serene water features | Advanced security with 24/7 cctv surveillance and access control,"Stamp Duty: 5.9 % for Male, 4.9 % for Female, 5.9 % for Joint (Male and Female), 4.9 % For Joint (Female and Female) | Registration Charges: Male Ownership: 1%, Female Ownership: No registration charges,  Joint (Male + Female) Ownership: 1 % ",4,Apartment,2429.95,Carpet Area,0,False,,,https://newprojects.99acres.com/projects/maruti_inspring_realty/maruti_aatman/maps/wq3yqto_1713326639_486649448.jpg,https://www.99acres.com/exidmicrosite/property_2d3d_xid.php?projectCode=56433&bno=104&blockId=117588&fno=F1_104&measurement=1&jquery=1&compare=1&g2c=1&hide_button=1&switch_HD=1&platform=DESKTOP,
425471,Maruti Aatman,Residential,NEW LAUNCH,Ahmedabad West,Ambli,Gujarat,23.030672,72.490522,"2FJR+766, Ashok Vatika, Ahmedabad, Gujarat 380058",382463,0,43201773,4.32 Cr,https://www.99acres.com/exidmicrosite/siteplan_g2c.php?live=2&g2c=1&xid_request=1&code=56433,True,4,Designed by renowned architect apurva amin for exceptional aesthetics | A serene lifestyle with 76 units in two elegantly designed towers | Central landscape garden with lush greenery and serene water features | Advanced security with 24/7 cctv surveillance and access control,"Stamp Duty: 5.9 % for Male, 4.9 % for Female, 5.9 % for Joint (Male and Female), 4.9 % For Joint (Female and Female) | Registration Charges: Male Ownership: 1%, Female Ownership: No registration charges,  Joint (Male + Female) Ownership: 1 % ",4,Apartment,2470.64,Carpet Area,0,False,,,https://newprojects.99acres.com/projects/maruti_inspring_realty/maruti_aatman/maps/s1b9kst_1713326750_486649572.jpg,https://www.99acres.com/exidmicrosite/property_2d3d_xid.php?projectCode=56433&bno=105&blockId=117588&fno=F1_105&measurement=1&jquery=1&compare=1&g2c=1&hide_button=1&switch_HD=1&platform=DESKTOP,
425471,Maruti Aatman,Residential,NEW LAUNCH,Ahmedabad West,Ambli,Gujarat,23.030672,72.490522,"2FJR+766, Ashok Vatika, Ahmedabad, Gujarat 380058",382463,0,43201773,4.32 Cr,https://www.99acres.com/exidmicrosite/siteplan_g2c.php?live=2&g2c=1&xid_request=1&code=56433,True,4,Designed by renowned architect apurva amin for exceptional aesthetics | A serene lifestyle with 76 units in two elegantly designed towers | Central landscape garden with lush greenery and serene water features | Advanced security with 24/7 cctv surveillance and access control,"Stamp Duty: 5.9 % for Male, 4.9 % for Female, 5.9 % for Joint (Male and Female), 4.9 % For Joint (Female and Female) | Registration Charges: Male Ownership: 1%, Female Ownership: No registration charges,  Joint (Male + Female) Ownership: 1 % ",4,Apartment,2598.19,Carpet Area,0,False,,,https://newprojects.99acres.com/projects/maruti_inspring_realty/maruti_aatman/maps/qzatpfu_1713326639_486649442.jpg,https://www.99acres.com/exidmicrosite/property_2d3d_xid.php?projectCode=56433&bno=110&blockId=117588&fno=F1_110&measurement=1&jquery=1&compare=1&g2c=1&hide_button=1&switch_HD=1&platform=DESKTOP,
425471,Maruti Aatman,Residential,NEW LAUNCH,Ahmedabad West,Ambli,Gujarat,23.030672,72.490522,"2FJR+766, Ashok Vatika, Ahmedabad, Gujarat 380058",382463,0,43201773,4.32 Cr,https://www.99acres.com/exidmicrosite/siteplan_g2c.php?live=2&g2c=1&xid_request=1&code=56433,True,4,Designed by renowned architect apurva amin for exceptional aesthetics | A serene lifestyle with 76 units in two elegantly designed towers | Central landscape garden with lush greenery and serene water features | Advanced security with 24/7 cctv surveillance and access control,"Stamp Duty: 5.9 % for Male, 4.9 % for Female, 5.9 % for Joint (Male and Female), 4.9 % For Joint (Female and Female) | Registration Charges: Male Ownership: 1%, Female Ownership: No registration charges,  Joint (Male + Female) Ownership: 1 % ",4,Apartment,2764.28,Carpet Area,0,False,,,https://newprojects.99acres.com/projects/maruti_inspring_realty/maruti_aatman/maps/hs78thl_1713326639_486649446.jpg,https://www.99acres.com/exidmicrosite/property_2d3d_xid.php?projectCode=56433&bno=106&blockId=117588&fno=F1_106&measurement=1&jquery=1&compare=1&g2c=1&hide_button=1&switch_HD=1&platform=DESKTOP,
425471,Maruti Aatman,Residential,NEW LAUNCH,Ahmedabad West,Ambli,Gujarat,23.030672,72.490522,"2FJR+766, Ashok Vatika, Ahmedabad, Gujarat 380058",382463,0,43201773,4.32 Cr,https://www.99acres.com/exidmicrosite/siteplan_g2c.php?live=2&g2c=1&xid_request=1&code=56433,True,4,Designed by renowned architect apurva amin for exceptional aesthetics | A serene lifestyle with 76 units in two elegantly designed towers | Central landscape garden with lush greenery and serene water features | Advanced security with 24/7 cctv surveillance and access control,"Stamp Duty: 5.9 % for Male, 4.9 % for Female, 5.9 % for Joint (Male and Female), 4.9 % For Joint (Female and Female) | Registration Charges: Male Ownership: 1%, Female Ownership: No registration charges,  Joint (Male + Female) Ownership: 1 % ",4,Apartment,4756.36,Carpet Area,0,False,,,https://newprojects.99acres.com/projects/maruti_inspring_realty/maruti_aatman/maps/qsuwwoc_1713326723_486649540.jpg,https://www.99acres.com/exidmicrosite/property_2d3d_xid.php?projectCode=56433&bno=107&blockId=117588&fno=F1_107&measurement=1&jquery=1&compare=1&g2c=1&hide_button=1&switch_HD=1&platform=DESKTOP,
425471,Maruti Aatman,Residential,NEW LAUNCH,Ahmedabad West,Ambli,Gujarat,23.030672,72.490522,"2FJR+766, Ashok Vatika, Ahmedabad, Gujarat 380058",382463,0,43201773,4.32 Cr,https://www.99acres.com/exidmicrosite/siteplan_g2c.php?live=2&g2c=1&xid_request=1&code=56433,True,4,Designed by renowned architect apurva amin for exceptional aesthetics | A serene lifestyle with 76 units in two elegantly designed towers | Central landscape garden with lush greenery and serene water features | Advanced security with 24/7 cctv surveillance and access control,"Stamp Duty: 5.9 % for Male, 4.9 % for Female, 5.9 % for Joint (Male and Female), 4.9 % For Joint (Female and Female) | Registration Charges: Male Ownership: 1%, Female Ownership: No registration charges,  Joint (Male + Female) Ownership: 1 % ",4,Apartment,5181.86,Carpet Area,0,False,,,https://newprojects.99acres.com/projects/maruti_inspring_realty/maruti_aatman/maps/hojnadk_1713326638_486649438.jpg,https://www.99acres.com/exidmicrosite/property_2d3d_xid.php?projectCode=56433&bno=108&blockId=117588&fno=F1_108&measurement=1&jquery=1&compare=1&g2c=1&hide_button=1&switch_HD=1&platform=DESKTOP,
425471,Maruti Aatman,Residential,NEW LAUNCH,Ahmedabad West,Ambli,Gujarat,23.030672,72.490522,"2FJR+766, Ashok Vatika, Ahmedabad, Gujarat 380058",382463,0,43201773,4.32 Cr,https://www.99acres.com/exidmicrosite/siteplan_g2c.php?live=2&g2c=1&xid_request=1&code=56433,True,4,Designed by renowned architect apurva amin for exceptional aesthetics | A serene lifestyle with 76 units in two elegantly designed towers | Central landscape garden with lush greenery and serene water features | Advanced security with 24/7 cctv surveillance and access control,"Stamp Duty: 5.9 % for Male, 4.9 % for Female, 5.9 % for Joint (Male and Female), 4.9 % For Joint (Female and Female) | Registration Charges: Male Ownership: 1%, Female Ownership: No registration charges,  Joint (Male + Female) Ownership: 1 % ",4,Apartment,5276.69,Carpet Area,0,False,,,https://newprojects.99acres.com/projects/maruti_inspring_realty/maruti_aatman/maps/khtrtlc_1713326639_486649444.jpg,https://www.99acres.com/exidmicrosite/property_2d3d_xid.php?projectCode=56433&bno=109&blockId=117588&fno=F1_109&measurement=1&jquery=1&compare=1&g2c=1&hide_button=1&switch_HD=1&platform=DESKTOP,
425471,Maruti Aatman,Residential,NEW LAUNCH,Ahmedabad West,Ambli,Gujarat,23.030672,72.490522,"2FJR+766, Ashok Vatika, Ahmedabad, Gujarat 380058",382463,0,43201773,4.32 Cr,https://www.99acres.com/exidmicrosite/siteplan_g2c.php?live=2&g2c=1&xid_request=1&code=56433,True,4,Designed by renowned architect apurva amin for exceptional aesthetics | A serene lifestyle with 76 units in two elegantly designed towers | Central landscape garden with lush greenery and serene water features | Advanced security with 24/7 cctv surveillance and access control,"Stamp Duty: 5.9 % for Male, 4.9 % for Female, 5.9 % for Joint (Male and Female), 4.9 % For Joint (Female and Female) | Registration Charges: Male Ownership: 1%, Female Ownership: No registration charges,  Joint (Male + Female) Ownership: 1 % ",4,Apartment,2495.07,Carpet Area,0,False,,,https://imagecdn.99acres.com/projects/example/gwyem2l_1759561000_656167793.jpg,,
408351,Nirman Sahvas,Residential,NEW LAUNCH,Ahmedabad North,Adalaj,Gujarat,23.16993,72.57929,"Adalaj, Ahmedabad North",382421,4580511,7047960,45.81 - 70.48 L,https://www.99acres.com/exidmicrosite/siteplan_g2c.php?live=2&g2c=1&xid_request=1&code=58650,True,"2,3",Designer landscaped gardens with serene walkways | Solar panel for common amenities | Provision of EV charging point | Provision of Mygate security service,"Stamp Duty: 5.9 % for Male, 4.9 % for Female, 5.9 % for Joint (Male and Female), 4.9 % For Joint (Female and Female) | Registration Charges: Male Ownership: 1%, Female Ownership: No registration charges,  Joint (Male + Female) Ownership: 1 % ",2,Apartment,749.92,Carpet Area,4580511,True,Dec ‘28 possession,12-2028,https://imagecdn.99acres.com/projects/example/7typnie_1735022965_541405805.jpeg,https://www.99acres.com/exidmicrosite/property_2d3d_xid.php?projectCode=58650&bno=102&blockId=122260&fno=F1_102&measurement=1&jquery=1&compare=1&g2c=1&hide_button=1&switch_HD=1&platform=DESKTOP,Mehul Thakkar (RERA REGISTERED Dealer) | Mitesh Bagrecha (Dealer)
408351,Nirman Sahvas,Residential,NEW LAUNCH,Ahmedabad North,Adalaj,Gujarat,23.16993,72.57929,"Adalaj, Ahmedabad North",382421,4580511,7047960,45.81 - 70.48 L,https://www.99acres.com/exidmicrosite/siteplan_g2c.php?live=2&g2c=1&xid_request=1&code=58650,True,"2,3",Designer landscaped gardens with serene walkways | Solar panel for common amenities | Provision of EV charging point | Provision of Mygate security service,"Stamp Duty: 5.9 % for Male, 4.9 % for Female, 5.9 % for Joint (Male and Female), 4.9 % For Joint (Female and Female) | Registration Charges: Male Ownership: 1%, Female Ownership: No registration charges,  Joint (Male + Female) Ownership: 1 % ",3,Apartment,1153.89,Carpet Area,7047960,True,Dec ‘28 possession,12-2028,https://imagecdn.99acres.com/projects/example/xb7yqsr_1735022994_541406121.jpeg,https://www.99acres.com/exidmicrosite/property_2d3d_xid.php?projectCode=58650&bno=101&blockId=122260&fno=F1_101&measurement=1&jquery=1&compare=1&g2c=1&hide_button=1&switch_HD=1&platform=DESKTOP,Mehul Thakkar (RERA REGISTERED Dealer) | Mitesh Bagrecha (Dealer)
449077,K K Shyam Height,Residential,NEW LAUNCH,Ahmedabad North,Zundal,Gujarat,23.134361,72.582382,"NR. PARMESHWAR-5, Gandhinagar, Gandhinagar, GUJARAT, 382421",382421,0,0,Price on Request,https://www.99acres.com/exidmicrosite/siteplan_g2c.php?live=2&g2c=1&xid_request=1&code=62181,True,"2,3","Structural design by Viren D. Parekh.
 | Ample multi-level basement parking available. | Located on a prominent 30 MT Wide T.P. Road. | About 58% open area available in the project","Stamp Duty: 5.9 % for Male, 4.9 % for Female, 5.9 % for Joint (Male and Female), 4.9 % For Joint (Female and Female) | Registration Charges: Male Ownership: 1%, Female Ownership: No registration charges,  Joint (Male + Female) Ownership: 1 % ",2,Apartment,639.27,Carpet Area,0,False,Mar ‘30 possession,03-2030,https://imagecdn.99acres.com/projects/example/9p5yfbc_1764653580_680525279.jpg,https://www.99acres.com/exidmicrosite/property_2d3d_xid.php?projectCode=62181&bno=101&blockId=130897&fno=F1_101&measurement=1&jquery=1&compare=1&g2c=1&hide_button=1&switch_HD=1&platform=DESKTOP,
449077,K K Shyam Height,Residential,NEW LAUNCH,Ahmedabad North,Zundal,Gujarat,23.134361,72.582382,"NR. PARMESHWAR-5, Gandhinagar, Gandhinagar, GUJARAT, 382421",382421,0,0,Price on Request,https://www.99acres.com/exidmicrosite/siteplan_g2c.php?live=2&g2c=1&xid_request=1&code=62181,True,"2,3","Structural design by Viren D. Parekh.
 | Ample multi-level basement parking available. | Located on a prominent 30 MT Wide T.P. Road. | About 58% open area available in the project","Stamp Duty: 5.9 % for Male, 4.9 % for Female, 5.9 % for Joint (Male and Female), 4.9 % For Joint (Female and Female) | Registration Charges: Male Ownership: 1%, Female Ownership: No registration charges,  Joint (Male + Female) Ownership: 1 % ",2,Apartment,674.79,Carpet Area,0,False,Mar ‘30 possession,03-2030,https://imagecdn.99acres.com/projects/example/dfdiyoj_1764653542_680524995.jpg,https://www.99acres.com/exidmicrosite/property_2d3d_xid.php?projectCode=62181&bno=102&blockId=130897&fno=F1_102&measurement=1&jquery=1&compare=1&g2c=1&hide_button=1&switch_HD=1&platform=DESKTOP,
449077,K K Shyam Height,Residential,NEW LAUNCH,Ahmedabad North,Zundal,Gujarat,23.134361,72.582382,"NR. PARMESHWAR-5, Gandhinagar, Gandhinagar, GUJARAT, 382421",382421,0,0,Price on Request,https://www.99acres.com/exidmicrosite/siteplan_g2c.php?live=2&g2c=1&xid_request=1&code=62181,True,"2,3","Structural design by Viren D. Parekh.
 | Ample multi-level basement parking available. | Located on a prominent 30 MT Wide T.P. Road. | About 58% open area available in the project","Stamp Duty: 5.9 % for Male, 4.9 % for Female, 5.9 % for Joint (Male and Female), 4.9 % For Joint (Female and Female) | Registration Charges: Male Ownership: 1%, Female Ownership: No registration charges,  Joint (Male + Female) Ownership: 1 % ",3,Apartment,867.25,Carpet Area,0,False,Mar ‘30 possession,03-2030,https://imagecdn.99acres.com/projects/example/hvwraq6_1764653504_680524691.jpg,https://www.99acres.com/exidmicrosite/property_2d3d_xid.php?projectCode=62181&bno=103&blockId=130897&fno=F1_103&measurement=1&jquery=1&compare=1&g2c=1&hide_button=1&switch_HD=1&platform=DESKTOP,
418147,Sweven By Signature,Residential,NEW LAUNCH,Ahmedabad North,Charodi,Gujarat,23.123739433664852,72.53344395889509,Charodi,0,12000000,17500000,1.2 - 1.75 Cr,https://www.99acres.com/exidmicrosite/siteplan_g2c.php?live=2&g2c=1&xid_request=1&code=59605,True,"3,4",A residential project with 100-foot road frontage | Project is located just behind Sachin Tendulkar's Cricket Academy | Project is besides the Madhuban 28 bungalows and Arkle Equestrian Club | Project is located in front of Cadila House,"Stamp Duty: 5.9 % for Male, 4.9 % for Female, 5.9 % for Joint (Male and Female), 4.9 % For Joint (Female and Female) | Registration Charges: Male Ownership: 1%, Female Ownership: No registration charges,  Joint (Male + Female) Ownership: 1 % ",3,Apartment,2376.0,Super Built-up Area,12000000,True,Jun ‘26 possession,06-2026,https://imagecdn.99acres.com/projects/example/afumyfr_1743682320_583230017.jpeg,https://www.99acres.com/exidmicrosite/property_2d3d_xid.php?projectCode=59605&bno=101&blockId=124994&fno=F1_101&measurement=1&jquery=1&compare=1&g2c=1&hide_button=1&switch_HD=1&platform=DESKTOP,Sagar Kuvadiya (Dealer)
418147,Sweven By Signature,Residential,NEW LAUNCH,Ahmedabad North,Charodi,Gujarat,23.123739433664852,72.53344395889509,Charodi,0,12000000,17500000,1.2 - 1.75 Cr,https://www.99acres.com/exidmicrosite/siteplan_g2c.php?live=2&g2c=1&xid_request=1&code=59605,True,"3,4",A residential project with 100-foot road frontage | Project is located just behind Sachin Tendulkar's Cricket Academy | Project is besides the Madhuban 28 bungalows and Arkle Equestrian Club | Project is located in front of Cadila House,"Stamp Duty: 5.9 % for Male, 4.9 % for Female, 5.9 % for Joint (Male and Female), 4.9 % For Joint (Female and Female) | Registration Charges: Male Ownership: 1%, Female Ownership: No registration charges,  Joint (Male + Female) Ownership: 1 % ",3,Apartment,1144.96,Carpet Area,0,False,,,https://imagecdn.99acres.com/projects/example/7zxrkkm_1742795569_580010027.jpg,,
418147,Sweven By Signature,Residential,NEW LAUNCH,Ahmedabad North,Charodi,Gujarat,23.123739433664852,72.53344395889509,Charodi,0,12000000,17500000,1.2 - 1.75 Cr,https://www.99acres.com/exidmicrosite/siteplan_g2c.php?live=2&g2c=1&xid_request=1&code=59605,True,"3,4",A residential project with 100-foot road frontage | Project is located just behind Sachin Tendulkar's Cricket Academy | Project is besides the Madhuban 28 bungalows and Arkle Equestrian Club | Project is located in front of Cadila House,"Stamp Duty: 5.9 % for Male, 4.9 % for Female, 5.9 % for Joint (Male and Female), 4.9 % For Joint (Female and Female) | Registration Charges: Male Ownership: 1%, Female Ownership: No registration charges,  Joint (Male + Female) Ownership: 1 % ",4,Apartment,3420.0,Super Built-up Area,17500000,True,Jun ‘26 possession,06-2026,https://imagecdn.99acres.com/projects/example/bq4ib9t_1743682391_583230701.jpeg,https://www.99acres.com/exidmicrosite/property_2d3d_xid.php?projectCode=59605&bno=102&blockId=124994&fno=F1_102&measurement=1&jquery=1&compare=1&g2c=1&hide_button=1&switch_HD=1&platform=DESKTOP,Sagar Kuvadiya (Dealer)
418147,Sweven By Signature,Residential,NEW LAUNCH,Ahmedabad North,Charodi,Gujarat,23.123739433664852,72.53344395889509,Charodi,0,12000000,17500000,1.2 - 1.75 Cr,https://www.99acres.com/exidmicrosite/siteplan_g2c.php?live=2&g2c=1&xid_request=1&code=59605,True,"3,4",A residential project with 100-foot road frontage | Project is located just behind Sachin Tendulkar's Cricket Academy | Project is besides the Madhuban 28 bungalows and Arkle Equestrian Club | Project is located in front of Cadila House,"Stamp Duty: 5.9 % for Male, 4.9 % for Female, 5.9 % for Joint (Male and Female), 4.9 % For Joint (Female and Female) | Registration Charges: Male Ownership: 1%, Female Ownership: No registration charges,  Joint (Male + Female) Ownership: 1 % ",4,Apartment,1663.88,Carpet Area,0,False,,,https://imagecdn.99acres.com/projects/example/2tmjjhl_1742795447_580009323.jpg,,
397183,Serene Sparkles,Residential,NEW LAUNCH,Ahmedabad West,South Bopal,Gujarat,23.016388281968,72.456205514575,"OPP APOLLO INTERNATIONAL SCHOOL,Ahmedabad",380058,8500000,8500000,85 L,https://www.99acres.com/exidmicrosite/siteplan_g2c.php?live=2&g2c=1&xid_request=1&code=50114,True,3,"Low-density development ensures serene, private living away from hustle | Green spaces, jogging tracks, and gardens create a tranquil environment | EV charging stations for eco-conscious living and future-ready convenience | Ensures vastu compliance
","Stamp Duty: 5.9 % for Male, 4.9 % for Female, 5.9 % for Joint (Male and Female), 4.9 % For Joint (Female and Female) | Registration Charges: Male Ownership: 1%, Female Ownership: No registration charges,  Joint (Male + Female) Ownership: 1 % ",3,Apartment,866.82,Carpet Area,8500000,True,Dec ‘26 possession,12-2026,https://newprojects.99acres.com/projects/united_buildcon_ahmedabad/united_buildcon_serene_sparkles/maps/o4up9x96.png,https://www.99acres.com/exidmicrosite/property_2d3d_xid.php?projectCode=50114&bno=101&blockId=102882&fno=F1_101&measurement=1&jquery=1&compare=1&g2c=1&hide_button=1&switch_HD=1&platform=DESKTOP,DNS Realty LLP (RERA REGISTERED Dealer) | Realty Lacasa (RERA REGISTERED Dealer) | Harsh Kansara (RERA REGISTERED Dealer)
397183,Serene Sparkles,Residential,NEW LAUNCH,Ahmedabad West,South Bopal,Gujarat,23.016388281968,72.456205514575,"OPP APOLLO INTERNATIONAL SCHOOL,Ahmedabad",380058,8500000,8500000,85 L,https://www.99acres.com/exidmicrosite/siteplan_g2c.php?live=2&g2c=1&xid_request=1&code=50114,True,3,"Low-density development ensures serene, private living away from hustle | Green spaces, jogging tracks, and gardens create a tranquil environment | EV charging stations for eco-conscious living and future-ready convenience | Ensures vastu compliance
","Stamp Duty: 5.9 % for Male, 4.9 % for Female, 5.9 % for Joint (Male and Female), 4.9 % For Joint (Female and Female) | Registration Charges: Male Ownership: 1%, Female Ownership: No registration charges,  Joint (Male + Female) Ownership: 1 % ",3,Apartment,867.46,Carpet Area,8500000,True,Dec ‘26 possession,12-2026,https://newprojects.99acres.com/projects/united_buildcon_ahmedabad/united_buildcon_serene_sparkles/maps/vaq9x0wq.png,https://www.99acres.com/exidmicrosite/property_2d3d_xid.php?projectCode=50114&bno=101&blockId=102882&fno=F1_101&measurement=1&jquery=1&compare=1&g2c=1&hide_button=1&switch_HD=1&platform=DESKTOP,DNS Realty LLP (RERA REGISTERED Dealer) | Realty Lacasa (RERA REGISTERED Dealer) | Harsh Kansara (RERA REGISTERED Dealer)
380452,Savya Skyz 2,Residential,NEW LAUNCH,Ahmedabad North,Motera,Gujarat,23.107447040718,72.611752018218,"Motera, Ahmedabad",0,0,0,Price on Request,https://www.99acres.com/exidmicrosite/siteplan_g2c.php?live=2&g2c=1&xid_request=1&code=46162,True,3,Each of the house consist of surreal views and esthetic vision | This project is exclusively residential | 2 lift each tower with pioneer in dual parking in this segment | 80 Exclusive houses with huge foyer,"Stamp Duty: 5.9 % for Male, 4.9 % for Female, 5.9 % for Joint (Male and Female), 4.9 % For Joint (Female and Female) | Registration Charges: Male Ownership: 1%, Female Ownership: No registration charges,  Joint (Male + Female) Ownership: 1 % ",3,Apartment,918.0,Carpet Area,0,False,Mar ‘24 possession,03-2024,https://newprojects.99acres.com/projects/savya_group/savya_skyz_2/maps/dgys7a2w.png,https://www.99acres.com/exidmicrosite/property_2d3d_xid.php?projectCode=46162&bno=101&blockId=105630&fno=F1_101&measurement=1&jquery=1&compare=1&g2c=1&hide_button=1&switch_HD=1&platform=DESKTOP,
426359,Siddharth Greenz,Residential,NEW LAUNCH,Ahmedabad North,Gota,Gujarat,23.10621,72.535828,"Gota, Ahmedabad North",383255,12800000,12800000,1.28 Cr,https://www.99acres.com/exidmicrosite/siteplan_g2c.php?live=2&g2c=1&xid_request=1&code=60804,True,"3,4","Proximity to Nirma University and KD Hospital | Expansive terrace amenities: Cafeteria, Meditation, Open Projector | Sardar Vallabhbhai Pate International Airport is located just 14 km away | NH 147 is just 4.7 km away","Stamp Duty: 5.9 % for Male, 4.9 % for Female, 5.9 % for Joint (Male and Female), 4.9 % For Joint (Female and Female) | Registration Charges: Male Ownership: 1%, Female Ownership: No registration charges,  Joint (Male + Female) Ownership: 1 % ",3,Apartment,1742.78,Carpet Area,12800000,True,Feb ‘29 possession,02-2029,https://imagecdn.99acres.com/projects/example/5h7rcno_1754050521_626890069.jpg,https://www.99acres.com/exidmicrosite/property_2d3d_xid.php?projectCode=60804&bno=101&blockId=127703&fno=F1_101&measurement=1&jquery=1&compare=1&g2c=1&hide_button=1&switch_HD=1&platform=DESKTOP,ARCH SPACE REALTY (RERA REGISTERED Dealer) | Addown Realty (Dealer)
426359,Siddharth Greenz,Residential,NEW LAUNCH,Ahmedabad North,Gota,Gujarat,23.10621,72.535828,"Gota, Ahmedabad North",383255,12800000,12800000,1.28 Cr,https://www.99acres.com/exidmicrosite/siteplan_g2c.php?live=2&g2c=1&xid_request=1&code=60804,True,"3,4","Proximity to Nirma University and KD Hospital | Expansive terrace amenities: Cafeteria, Meditation, Open Projector | Sardar Vallabhbhai Pate International Airport is located just 14 km away | NH 147 is just 4.7 km away","Stamp Duty: 5.9 % for Male, 4.9 % for Female, 5.9 % for Joint (Male and Female), 4.9 % For Joint (Female and Female) | Registration Charges: Male Ownership: 1%, Female Ownership: No registration charges,  Joint (Male + Female) Ownership: 1 % ",3,Apartment,1373.69,Carpet Area,0,False,,,https://imagecdn.99acres.com/projects/example/2kmvkrp_1754050467_626889385.jpg,https://www.99acres.com/exidmicrosite/property_2d3d_xid.php?projectCode=60804&bno=102&blockId=127703&fno=F1_102&measurement=1&jquery=1&compare=1&g2c=1&hide_button=1&switch_HD=1&platform=DESKTOP,
426359,Siddharth Greenz,Residential,NEW LAUNCH,Ahmedabad North,Gota,Gujarat,23.10621,72.535828,"Gota, Ahmedabad North",383255,12800000,12800000,1.28 Cr,https://www.99acres.com/exidmicrosite/siteplan_g2c.php?live=2&g2c=1&xid_request=1&code=60804,True,"3,4","Proximity to Nirma University and KD Hospital | Expansive terrace amenities: Cafeteria, Meditation, Open Projector | Sardar Vallabhbhai Pate International Airport is located just 14 km away | NH 147 is just 4.7 km away","Stamp Duty: 5.9 % for Male, 4.9 % for Female, 5.9 % for Joint (Male and Female), 4.9 % For Joint (Female and Female) | Registration Charges: Male Ownership: 1%, Female Ownership: No registration charges,  Joint (Male + Female) Ownership: 1 % ",4,Apartment,2014.89,Carpet Area,0,False,Feb ‘29 possession,02-2029,https://imagecdn.99acres.com/projects/example/ffq6lod_1754050554_626890645.jpg,https://www.99acres.com/exidmicrosite/property_2d3d_xid.php?projectCode=60804&bno=103&blockId=127703&fno=F1_103&measurement=1&jquery=1&compare=1&g2c=1&hide_button=1&switch_HD=1&platform=DESKTOP,
441846,Vibgyor Sculpture,Residential,NEW LAUNCH,Ahmedabad West,Ognaj ,Gujarat,23.108038,72.522367,"Ognaj , Ahmedabad West",380060,12500000,16500000,1.25 - 1.65 Cr,https://www.99acres.com/exidmicrosite/siteplan_g2c.php?live=2&g2c=1&xid_request=1&code=60697,True,"3,4",Earthquake-resistant RCC frame structure for enhanced safety  | Quality construction and design expertise | Ample parking space available | Get Unit of your choice,"Stamp Duty: 5.9 % for Male, 4.9 % for Female, 5.9 % for Joint (Male and Female), 4.9 % For Joint (Female and Female) | Registration Charges: Male Ownership: 1%, Female Ownership: No registration charges,  Joint (Male + Female) Ownership: 1 % ",3,Apartment,1244.95,Carpet Area,12500000,True,Dec ‘29 possession,12-2029,https://imagecdn.99acres.com/projects/example/lh4lddw_1748348802_600147549.jpg,https://www.99acres.com/exidmicrosite/property_2d3d_xid.php?projectCode=60697&bno=101&blockId=127511&fno=F1_101&measurement=1&jquery=1&compare=1&g2c=1&hide_button=1&switch_HD=1&platform=DESKTOP,ARCH SPACE REALTY (RERA REGISTERED Dealer)
441846,Vibgyor Sculpture,Residential,NEW LAUNCH,Ahmedabad West,Ognaj ,Gujarat,23.108038,72.522367,"Ognaj , Ahmedabad West",380060,12500000,16500000,1.25 - 1.65 Cr,https://www.99acres.com/exidmicrosite/siteplan_g2c.php?live=2&g2c=1&xid_request=1&code=60697,True,"3,4",Earthquake-resistant RCC frame structure for enhanced safety  | Quality construction and design expertise | Ample parking space available | Get Unit of your choice,"Stamp Duty: 5.9 % for Male, 4.9 % for Female, 5.9 % for Joint (Male and Female), 4.9 % For Joint (Female and Female) | Registration Charges: Male Ownership: 1%, Female Ownership: No registration charges,  Joint (Male + Female) Ownership: 1 % ",4,Apartment,1592.52,Carpet Area,16500000,True,Dec ‘29 possession,12-2029,https://imagecdn.99acres.com/projects/example/stk1ltt_1748348415_600144329.jpg,https://www.99acres.com/exidmicrosite/property_2d3d_xid.php?projectCode=60697&bno=102&blockId=127511&fno=F1_102&measurement=1&jquery=1&compare=1&g2c=1&hide_button=1&switch_HD=1&platform=DESKTOP,ARCH SPACE REALTY (RERA REGISTERED Dealer)
457077,Panchamrut Orchid,Residential,NEW LAUNCH,Ahmedabad West,Shilaj,Gujarat,23.057206,72.469922,"Panchamrut Orchid, Sindhubhavan Ext Rd, Shilaj, 200ft S.P. Ring Rd, Ahmedabad, Gujarat 380059",380059,8400000,8400000,84 L,,True,3,"Quality controlled earthquake resistant RCC framework structure | Two high-speed elevators provided in each block | Located at Shilaj Circle on 200ft S.P. Ring Road, Ahmedabad | Get Unit of your choice","Stamp Duty: 5.9 % for Male, 4.9 % for Female, 5.9 % for Joint (Male and Female), 4.9 % For Joint (Female and Female) | Registration Charges: Male Ownership: 1%, Female Ownership: No registration charges,  Joint (Male + Female) Ownership: 1 % ",3,Apartment,852.93,Carpet Area,8400000,True,Jun ‘30 possession,06-2030,,,Sagar Kuvadiya (Dealer)
426053,Rameshwar City,Residential,NEW LAUNCH,Ahmedabad West,Naranpura,Gujarat,23.05283,72.542983,"Naranpura, Ahmedabad West",380013,12501147,15266855,1.25 - 1.53 Cr,https://www.99acres.com/exidmicrosite/siteplan_g2c.php?live=2&g2c=1&xid_request=1&code=61913,True,3,Three cornered green views | Cross ventilation and airy homes | East-west facing entry | Two level basement with ample parking spaces,"Stamp Duty: 5.9 % for Male, 4.9 % for Female, 5.9 % for Joint (Male and Female), 4.9 % For Joint (Female and Female) | Registration Charges: Male Ownership: 1%, Female Ownership: No registration charges,  Joint (Male + Female) Ownership: 1 % ",3,Apartment,835.08,Carpet Area,12501147,True,Oct ‘28 possession,10-2028,https://imagecdn.99acres.com/projects/example/doebyma_1762406184_668897367.jpg,https://www.99acres.com/exidmicrosite/property_2d3d_xid.php?projectCode=61913&bno=101&blockId=130117&fno=F1_101&measurement=1&jquery=1&compare=1&g2c=1&hide_button=1&switch_HD=1&platform=DESKTOP,Daksh Realtors (Dealer)
426053,Rameshwar City,Residential,NEW LAUNCH,Ahmedabad West,Naranpura,Gujarat,23.05283,72.542983,"Naranpura, Ahmedabad West",380013,12501147,15266855,1.25 - 1.53 Cr,https://www.99acres.com/exidmicrosite/siteplan_g2c.php?live=2&g2c=1&xid_request=1&code=61913,True,3,Three cornered green views | Cross ventilation and airy homes | East-west facing entry | Two level basement with ample parking spaces,"Stamp Duty: 5.9 % for Male, 4.9 % for Female, 5.9 % for Joint (Male and Female), 4.9 % For Joint (Female and Female) | Registration Charges: Male Ownership: 1%, Female Ownership: No registration charges,  Joint (Male + Female) Ownership: 1 % ",3,Apartment,868.12,Carpet Area,12995756,True,Oct ‘28 possession,10-2028,https://imagecdn.99acres.com/projects/example/nyor6qf_1762406120_668896507.jpg,https://www.99acres.com/exidmicrosite/property_2d3d_xid.php?projectCode=61913&bno=102&blockId=130117&fno=F1_102&measurement=1&jquery=1&compare=1&g2c=1&hide_button=1&switch_HD=1&platform=DESKTOP,Daksh Realtors (Dealer)
426053,Rameshwar City,Residential,NEW LAUNCH,Ahmedabad West,Naranpura,Gujarat,23.05283,72.542983,"Naranpura, Ahmedabad West",380013,12501147,15266855,1.25 - 1.53 Cr,https://www.99acres.com/exidmicrosite/siteplan_g2c.php?live=2&g2c=1&xid_request=1&code=61913,True,3,Three cornered green views | Cross ventilation and airy homes | East-west facing entry | Two level basement with ample parking spaces,"Stamp Duty: 5.9 % for Male, 4.9 % for Female, 5.9 % for Joint (Male and Female), 4.9 % For Joint (Female and Female) | Registration Charges: Male Ownership: 1%, Female Ownership: No registration charges,  Joint (Male + Female) Ownership: 1 % ",3,Apartment,925.79,Carpet Area,13859076,True,Oct ‘28 possession,10-2028,https://imagecdn.99acres.com/projects/example/hoi5vd8_1762406081_668896123.jpg,https://www.99acres.com/exidmicrosite/property_2d3d_xid.php?projectCode=61913&bno=103&blockId=130117&fno=F1_103&measurement=1&jquery=1&compare=1&g2c=1&hide_button=1&switch_HD=1&platform=DESKTOP,Daksh Realtors (Dealer)
426053,Rameshwar City,Residential,NEW LAUNCH,Ahmedabad West,Naranpura,Gujarat,23.05283,72.542983,"Naranpura, Ahmedabad West",380013,12501147,15266855,1.25 - 1.53 Cr,https://www.99acres.com/exidmicrosite/siteplan_g2c.php?live=2&g2c=1&xid_request=1&code=61913,True,3,Three cornered green views | Cross ventilation and airy homes | East-west facing entry | Two level basement with ample parking spaces,"Stamp Duty: 5.9 % for Male, 4.9 % for Female, 5.9 % for Joint (Male and Female), 4.9 % For Joint (Female and Female) | Registration Charges: Male Ownership: 1%, Female Ownership: No registration charges,  Joint (Male + Female) Ownership: 1 % ",3,Apartment,979.38,Carpet Area,14661318,True,Oct ‘28 possession,10-2028,https://imagecdn.99acres.com/projects/example/rubr7nf_1762406102_668896301.jpg,https://www.99acres.com/exidmicrosite/property_2d3d_xid.php?projectCode=61913&bno=104&blockId=130117&fno=F1_104&measurement=1&jquery=1&compare=1&g2c=1&hide_button=1&switch_HD=1&platform=DESKTOP,Daksh Realtors (Dealer) | Vikas Dave (Dealer)
426053,Rameshwar City,Residential,NEW LAUNCH,Ahmedabad West,Naranpura,Gujarat,23.05283,72.542983,"Naranpura, Ahmedabad West",380013,12501147,15266855,1.25 - 1.53 Cr,https://www.99acres.com/exidmicrosite/siteplan_g2c.php?live=2&g2c=1&xid_request=1&code=61913,True,3,Three cornered green views | Cross ventilation and airy homes | East-west facing entry | Two level basement with ample parking spaces,"Stamp Duty: 5.9 % for Male, 4.9 % for Female, 5.9 % for Joint (Male and Female), 4.9 % For Joint (Female and Female) | Registration Charges: Male Ownership: 1%, Female Ownership: No registration charges,  Joint (Male + Female) Ownership: 1 % ",3,Apartment,1019.83,Carpet Area,15266855,True,Oct ‘28 possession,10-2028,https://imagecdn.99acres.com/projects/example/ru75ihi_1762406208_668897603.jpg,https://www.99acres.com/exidmicrosite/property_2d3d_xid.php?projectCode=61913&bno=105&blockId=130117&fno=F1_105&measurement=1&jquery=1&compare=1&g2c=1&hide_button=1&switch_HD=1&platform=DESKTOP,Daksh Realtors (Dealer)
426053,Rameshwar City,Residential,NEW LAUNCH,Ahmedabad West,Naranpura,Gujarat,23.05283,72.542983,"Naranpura, Ahmedabad West",380013,12501147,15266855,1.25 - 1.53 Cr,https://www.99acres.com/exidmicrosite/siteplan_g2c.php?live=2&g2c=1&xid_request=1&code=61913,True,3,Three cornered green views | Cross ventilation and airy homes | East-west facing entry | Two level basement with ample parking spaces,"Stamp Duty: 5.9 % for Male, 4.9 % for Female, 5.9 % for Joint (Male and Female), 4.9 % For Joint (Female and Female) | Registration Charges: Male Ownership: 1%, Female Ownership: No registration charges,  Joint (Male + Female) Ownership: 1 % ",3,Apartment,2106.0,Super Built-up Area,0,False,,,https://imagecdn.99acres.com/projects/example/hygzgnv_1762406477_668899559.jpg,https://www.99acres.com/exidmicrosite/property_2d3d_xid.php?projectCode=61913&bno=106&blockId=130117&fno=F1_106&measurement=1&jquery=1&compare=1&g2c=1&hide_button=1&switch_HD=1&platform=DESKTOP,
382646,PIV Ayaan,Residential,NEW LAUNCH,Ahmedabad West,Ambli,Gujarat,23.029637666556,72.493152981299,"Ashok Vatika, Billionaires Street, Ambli Rd, Ahmedabad",382463,30000000,54000000,3 - 5.4 Cr,https://www.99acres.com/exidmicrosite/siteplan_g2c.php?live=2&g2c=1&xid_request=1&code=47407,True,"4,5","With recreational amenities, adorn a high-end lifestyle | Well connected to Thaltej Metro Station
 | 30 mins drive to the  international airport | 65 % open space for greener surrounding","Stamp Duty: 5.9 % for Male, 4.9 % for Female, 5.9 % for Joint (Male and Female), 4.9 % For Joint (Female and Female) | Registration Charges: Male Ownership: 1%, Female Ownership: No registration charges,  Joint (Male + Female) Ownership: 1 % ",4,Apartment,1778.84,Carpet Area,30000000,True,Dec ‘25 possession,12-2025,https://newprojects.99acres.com/projects/piv_realty_llp/piv_ayaan/maps/ykrmnkx3.jpg,https://www.99acres.com/exidmicrosite/property_2d3d_xid.php?projectCode=47407&bno=101&blockId=98046&fno=F1_101&measurement=1&jquery=1&compare=1&g2c=1&hide_button=1&switch_HD=1&platform=DESKTOP,Mehta Estate Corporation (RERA REGISTERED Dealer)
382646,PIV Ayaan,Residential,NEW LAUNCH,Ahmedabad West,Ambli,Gujarat,23.029637666556,72.493152981299,"Ashok Vatika, Billionaires Street, Ambli Rd, Ahmedabad",382463,30000000,54000000,3 - 5.4 Cr,https://www.99acres.com/exidmicrosite/siteplan_g2c.php?live=2&g2c=1&xid_request=1&code=47407,True,"4,5","With recreational amenities, adorn a high-end lifestyle | Well connected to Thaltej Metro Station
 | 30 mins drive to the  international airport | 65 % open space for greener surrounding","Stamp Duty: 5.9 % for Male, 4.9 % for Female, 5.9 % for Joint (Male and Female), 4.9 % For Joint (Female and Female) | Registration Charges: Male Ownership: 1%, Female Ownership: No registration charges,  Joint (Male + Female) Ownership: 1 % ",5,Apartment,3798.37,Carpet Area,54000000,True,Dec ‘25 possession,12-2025,https://newprojects.99acres.com/projects/piv_realty_llp/piv_ayaan/maps/p47dz9tn.jpg,https://www.99acres.com/exidmicrosite/property_2d3d_xid.php?projectCode=47407&bno=103&blockId=98046&fno=F1_103&measurement=1&jquery=1&compare=1&g2c=1&hide_button=1&switch_HD=1&platform=DESKTOP,Mehta Estate Corporation (RERA REGISTERED Dealer)
382646,PIV Ayaan,Residential,NEW LAUNCH,Ahmedabad West,Ambli,Gujarat,23.029637666556,72.493152981299,"Ashok Vatika, Billionaires Street, Ambli Rd, Ahmedabad",382463,30000000,54000000,3 - 5.4 Cr,https://www.99acres.com/exidmicrosite/siteplan_g2c.php?live=2&g2c=1&xid_request=1&code=47407,True,"4,5","With recreational amenities, adorn a high-end lifestyle | Well connected to Thaltej Metro Station
 | 30 mins drive to the  international airport | 65 % open space for greener surrounding","Stamp Duty: 5.9 % for Male, 4.9 % for Female, 5.9 % for Joint (Male and Female), 4.9 % For Joint (Female and Female) | Registration Charges: Male Ownership: 1%, Female Ownership: No registration charges,  Joint (Male + Female) Ownership: 1 % ",5,Apartment,3231.0,Carpet Area,0,False,,,https://newprojects.99acres.com/projects/piv_realty_llp/piv_ayaan/maps/5rkht309.jpg,https://www.99acres.com/exidmicrosite/property_2d3d_xid.php?projectCode=47407&bno=102&blockId=98046&fno=F1_102&measurement=1&jquery=1&compare=1&g2c=1&hide_button=1&switch_HD=1&platform=DESKTOP,
414711,Artham Prism,Residential,NEW LAUNCH,Ahmedabad North,Charodi,Gujarat,23.123109,72.545435,"Chharodi, S.G.Highway, Ahmedabad,Ahmedabad",0,11559890,14905848,1.16 - 1.49 Cr,https://www.99acres.com/exidmicrosite/siteplan_g2c.php?live=2&g2c=1&xid_request=1&code=54523,True,"3,4",Double-Height Living Spaces | Exclusive sky villas | Pet-friendly zones | Landscaped Zones,"Stamp Duty: 5.9 % for Male, 4.9 % for Female, 5.9 % for Joint (Male and Female), 4.9 % For Joint (Female and Female) | Registration Charges: Male Ownership: 1%, Female Ownership: No registration charges,  Joint (Male + Female) Ownership: 1 % ",3,Apartment,1039.25,Carpet Area,11559890,True,Jun ‘27 possession,06-2027,https://imagecdn.99acres.com/projects/example/tgr3owr_1727091638_520159699.jpg,https://www.99acres.com/exidmicrosite/property_2d3d_xid.php?projectCode=54523&bno=101&blockId=113518&fno=F1_101&measurement=1&jquery=1&compare=1&g2c=1&hide_button=1&switch_HD=1&platform=DESKTOP,Sagar Kuvadiya (Dealer)
414711,Artham Prism,Residential,NEW LAUNCH,Ahmedabad North,Charodi,Gujarat,23.123109,72.545435,"Chharodi, S.G.Highway, Ahmedabad,Ahmedabad",0,11559890,14905848,1.16 - 1.49 Cr,https://www.99acres.com/exidmicrosite/siteplan_g2c.php?live=2&g2c=1&xid_request=1&code=54523,True,"3,4",Double-Height Living Spaces | Exclusive sky villas | Pet-friendly zones | Landscaped Zones,"Stamp Duty: 5.9 % for Male, 4.9 % for Female, 5.9 % for Joint (Male and Female), 4.9 % For Joint (Female and Female) | Registration Charges: Male Ownership: 1%, Female Ownership: No registration charges,  Joint (Male + Female) Ownership: 1 % ",4,Apartment,1408.56,Carpet Area,14905848,True,Jun ‘27 possession,06-2027,https://imagecdn.99acres.com/projects/example/ofvs3bt_1727092275_520162699.jpg,https://www.99acres.com/exidmicrosite/property_2d3d_xid.php?projectCode=54523&bno=103&blockId=113518&fno=F1_103&measurement=1&jquery=1&compare=1&g2c=1&hide_button=1&switch_HD=1&platform=DESKTOP,Sagar Kuvadiya (Dealer)
412504,Blue Bell,Residential,NEW LAUNCH,Ahmedabad North,Jagatpur,Gujarat,23.116427819618,72.546149425857,"Jagatpur, Ahmedabad North",382481,6908157,10472238,69.08 L - 1.05 Cr,https://www.99acres.com/exidmicrosite/siteplan_g2c.php?live=2&g2c=1&xid_request=1&code=54217,True,"2,3",RERA approved project | 2 level basement parking | Located on the 100ft. road | 6.25% price appreciation in the last 1 year,"Stamp Duty: 5.9 % for Male, 4.9 % for Female, 5.9 % for Joint (Male and Female), 4.9 % For Joint (Female and Female) | Registration Charges: Male Ownership: 1%, Female Ownership: No registration charges,  Joint (Male + Female) Ownership: 1 % ",2,Apartment,1413.0,Super Built-up Area,6908157,True,Dec ‘27 possession,12-2027,https://newprojects.99acres.com/projects/khwaish_infracon_and_shree_rang_infraspace/blue_bell/maps/q9hff7m_1691582138_438711940.jpg,https://www.99acres.com/exidmicrosite/property_2d3d_xid.php?projectCode=54217&bno=101&blockId=112618&fno=F1_101&measurement=1&jquery=1&compare=1&g2c=1&hide_button=1&switch_HD=1&platform=DESKTOP,CITY SPACE REALTY (Dealer) | RAKESH PRAJAPATI (RERA REGISTERED Dealer) | MITESH BAROT (RERA REGISTERED Dealer) | BHAVESH PANDYA (Dealer)
412504,Blue Bell,Residential,NEW LAUNCH,Ahmedabad North,Jagatpur,Gujarat,23.116427819618,72.546149425857,"Jagatpur, Ahmedabad North",382481,6908157,10472238,69.08 L - 1.05 Cr,https://www.99acres.com/exidmicrosite/siteplan_g2c.php?live=2&g2c=1&xid_request=1&code=54217,True,"2,3",RERA approved project | 2 level basement parking | Located on the 100ft. road | 6.25% price appreciation in the last 1 year,"Stamp Duty: 5.9 % for Male, 4.9 % for Female, 5.9 % for Joint (Male and Female), 4.9 % For Joint (Female and Female) | Registration Charges: Male Ownership: 1%, Female Ownership: No registration charges,  Joint (Male + Female) Ownership: 1 % ",3,Apartment,1935.0,Super Built-up Area,9460215,True,Dec ‘27 possession,12-2027,https://newprojects.99acres.com/projects/khwaish_infracon_and_shree_rang_infraspace/blue_bell/maps/suddh1v_1691670413_438950150.jpg,https://www.99acres.com/exidmicrosite/property_2d3d_xid.php?projectCode=54217&bno=102&blockId=112618&fno=F1_102&measurement=1&jquery=1&compare=1&g2c=1&hide_button=1&switch_HD=1&platform=DESKTOP,CITY SPACE REALTY (Dealer) | RAKESH PRAJAPATI (RERA REGISTERED Dealer) | MITESH BAROT (RERA REGISTERED Dealer) | BHAVESH PANDYA (Dealer)
412504,Blue Bell,Residential,NEW LAUNCH,Ahmedabad North,Jagatpur,Gujarat,23.116427819618,72.546149425857,"Jagatpur, Ahmedabad North",382481,6908157,10472238,69.08 L - 1.05 Cr,https://www.99acres.com/exidmicrosite/siteplan_g2c.php?live=2&g2c=1&xid_request=1&code=54217,True,"2,3",RERA approved project | 2 level basement parking | Located on the 100ft. road | 6.25% price appreciation in the last 1 year,"Stamp Duty: 5.9 % for Male, 4.9 % for Female, 5.9 % for Joint (Male and Female), 4.9 % For Joint (Female and Female) | Registration Charges: Male Ownership: 1%, Female Ownership: No registration charges,  Joint (Male + Female) Ownership: 1 % ",3,Apartment,2142.0,Super Built-up Area,10472238,True,Dec ‘27 possession,12-2027,https://newprojects.99acres.com/projects/khwaish_infracon_and_shree_rang_infraspace/blue_bell/maps/w6ljv2a_1691670417_438950166.jpg,https://www.99acres.com/exidmicrosite/property_2d3d_xid.php?projectCode=54217&bno=103&blockId=112618&fno=F1_103&measurement=1&jquery=1&compare=1&g2c=1&hide_button=1&switch_HD=1&platform=DESKTOP,CITY SPACE REALTY (Dealer) | RAKESH PRAJAPATI (RERA REGISTERED Dealer) | MITESH BAROT (RERA REGISTERED Dealer) | BHAVESH PANDYA (Dealer)
425341,HR Eliseo 2,Residential,NEW LAUNCH,Ahmedabad West,Linkin Road,Gujarat,22.990047,72.477525,"Sarkhej, Ahmedabad South",380054,16202570,16202570,1.62 Cr,https://www.99acres.com/exidmicrosite/siteplan_g2c.php?live=2&g2c=1&xid_request=1&code=57707,True,4,Prime location in a prominent residential zone near Karnavati and YMCA Club | On site box cricket and multipurpose sports court for active living | Every unit features a dedicated servant room with an attached toilet | Get Unit of your choice,"Stamp Duty: 5.9 % for Male, 4.9 % for Female, 5.9 % for Joint (Male and Female), 4.9 % For Joint (Female and Female) | Registration Charges: Male Ownership: 1%, Female Ownership: No registration charges,  Joint (Male + Female) Ownership: 1 % ",4,Apartment,3230.0,Super Built-up Area,0,False,,,https://imagecdn.99acres.com/projects/example/zzxpa8r_1726465121_518528151.png,https://www.99acres.com/exidmicrosite/property_2d3d_xid.php?projectCode=57707&bno=101&blockId=120484&fno=F1_101&measurement=1&jquery=1&compare=1&g2c=1&hide_button=1&switch_HD=1&platform=DESKTOP,
425341,HR Eliseo 2,Residential,NEW LAUNCH,Ahmedabad West,Linkin Road,Gujarat,22.990047,72.477525,"Sarkhej, Ahmedabad South",380054,16202570,16202570,1.62 Cr,https://www.99acres.com/exidmicrosite/siteplan_g2c.php?live=2&g2c=1&xid_request=1&code=57707,True,4,Prime location in a prominent residential zone near Karnavati and YMCA Club | On site box cricket and multipurpose sports court for active living | Every unit features a dedicated servant room with an attached toilet | Get Unit of your choice,"Stamp Duty: 5.9 % for Male, 4.9 % for Female, 5.9 % for Joint (Male and Female), 4.9 % For Joint (Female and Female) | Registration Charges: Male Ownership: 1%, Female Ownership: No registration charges,  Joint (Male + Female) Ownership: 1 % ",4,Apartment,3630.0,Super Built-up Area,0,False,,,https://imagecdn.99acres.com/projects/example/vfnzhi7_1726464991_518527791.png,https://www.99acres.com/exidmicrosite/property_2d3d_xid.php?projectCode=57707&bno=102&blockId=120484&fno=F1_102&measurement=1&jquery=1&compare=1&g2c=1&hide_button=1&switch_HD=1&platform=DESKTOP,
425341,HR Eliseo 2,Residential,NEW LAUNCH,Ahmedabad West,Linkin Road,Gujarat,22.990047,72.477525,"Sarkhej, Ahmedabad South",380054,16202570,16202570,1.62 Cr,https://www.99acres.com/exidmicrosite/siteplan_g2c.php?live=2&g2c=1&xid_request=1&code=57707,True,4,Prime location in a prominent residential zone near Karnavati and YMCA Club | On site box cricket and multipurpose sports court for active living | Every unit features a dedicated servant room with an attached toilet | Get Unit of your choice,"Stamp Duty: 5.9 % for Male, 4.9 % for Female, 5.9 % for Joint (Male and Female), 4.9 % For Joint (Female and Female) | Registration Charges: Male Ownership: 1%, Female Ownership: No registration charges,  Joint (Male + Female) Ownership: 1 % ",4,Apartment,5700.0,Super Built-up Area,0,False,,,https://imagecdn.99acres.com/projects/example/dumglil_1726465309_518528657.png,https://www.99acres.com/exidmicrosite/property_2d3d_xid.php?projectCode=57707&bno=103&blockId=120484&fno=F1_103&measurement=1&jquery=1&compare=1&g2c=1&hide_button=1&switch_HD=1&platform=DESKTOP,
425341,HR Eliseo 2,Residential,NEW LAUNCH,Ahmedabad West,Linkin Road,Gujarat,22.990047,72.477525,"Sarkhej, Ahmedabad South",380054,16202570,16202570,1.62 Cr,https://www.99acres.com/exidmicrosite/siteplan_g2c.php?live=2&g2c=1&xid_request=1&code=57707,True,4,Prime location in a prominent residential zone near Karnavati and YMCA Club | On site box cricket and multipurpose sports court for active living | Every unit features a dedicated servant room with an attached toilet | Get Unit of your choice,"Stamp Duty: 5.9 % for Male, 4.9 % for Female, 5.9 % for Joint (Male and Female), 4.9 % For Joint (Female and Female) | Registration Charges: Male Ownership: 1%, Female Ownership: No registration charges,  Joint (Male + Female) Ownership: 1 % ",4,Apartment,6600.0,Super Built-up Area,0,False,,,https://imagecdn.99acres.com/projects/example/c8yo7kx_1726465192_518528275.png,https://www.99acres.com/exidmicrosite/property_2d3d_xid.php?projectCode=57707&bno=104&blockId=120484&fno=F1_104&measurement=1&jquery=1&compare=1&g2c=1&hide_button=1&switch_HD=1&platform=DESKTOP,
425341,HR Eliseo 2,Residential,NEW LAUNCH,Ahmedabad West,Linkin Road,Gujarat,22.990047,72.477525,"Sarkhej, Ahmedabad South",380054,16202570,16202570,1.62 Cr,https://www.99acres.com/exidmicrosite/siteplan_g2c.php?live=2&g2c=1&xid_request=1&code=57707,True,4,Prime location in a prominent residential zone near Karnavati and YMCA Club | On site box cricket and multipurpose sports court for active living | Every unit features a dedicated servant room with an attached toilet | Get Unit of your choice,"Stamp Duty: 5.9 % for Male, 4.9 % for Female, 5.9 % for Joint (Male and Female), 4.9 % For Joint (Female and Female) | Registration Charges: Male Ownership: 1%, Female Ownership: No registration charges,  Joint (Male + Female) Ownership: 1 % ",4,Apartment,2599.49,Carpet Area,16202570,True,Jun ‘27 possession,06-2027,,,Daksh Realtors (Dealer)
426058,Prime Signor Heritage,Residential,NEW LAUNCH,Ahmedabad North,Zundal,Gujarat,23.138939048367,72.58536150404,"Zundal, Ahmedabad North",382421,5900000,8130000,59 - 81.3 L,https://www.99acres.com/exidmicrosite/siteplan_g2c.php?live=2&g2c=1&xid_request=1&code=59016,True,"2,3","Elegant heritage-inspired architecture offers a unique, timeless living | Advanced amenities: EV charging points, sustainable solar system | Prime Zundal location offers unparalleled connectivity and convenience | Gym, jogging track, and yoga deck promote active, healthy living","Stamp Duty: 5.9 % for Male, 4.9 % for Female, 5.9 % for Joint (Male and Female), 4.9 % For Joint (Female and Female) | Registration Charges: Male Ownership: 1%, Female Ownership: No registration charges,  Joint (Male + Female) Ownership: 1 % ",2,Apartment,584.16,Carpet Area,5900000,True,Mar ‘28 possession,03-2028,https://imagecdn.99acres.com/projects/example/bz9gdrs_1738577667_566491135.jpg,https://www.99acres.com/exidmicrosite/property_2d3d_xid.php?projectCode=59016&bno=101&blockId=123264&fno=F1_101&measurement=1&jquery=1&compare=1&g2c=1&hide_button=1&switch_HD=1&platform=DESKTOP,Vijay Desai (Dealer)
426058,Prime Signor Heritage,Residential,NEW LAUNCH,Ahmedabad North,Zundal,Gujarat,23.138939048367,72.58536150404,"Zundal, Ahmedabad North",382421,5900000,8130000,59 - 81.3 L,https://www.99acres.com/exidmicrosite/siteplan_g2c.php?live=2&g2c=1&xid_request=1&code=59016,True,"2,3","Elegant heritage-inspired architecture offers a unique, timeless living | Advanced amenities: EV charging points, sustainable solar system | Prime Zundal location offers unparalleled connectivity and convenience | Gym, jogging track, and yoga deck promote active, healthy living","Stamp Duty: 5.9 % for Male, 4.9 % for Female, 5.9 % for Joint (Male and Female), 4.9 % For Joint (Female and Female) | Registration Charges: Male Ownership: 1%, Female Ownership: No registration charges,  Joint (Male + Female) Ownership: 1 % ",3,Apartment,856.91,Carpet Area,8130000,True,Mar ‘28 possession,03-2028,https://imagecdn.99acres.com/projects/example/awempvb_1738577738_566491479.jpg,https://www.99acres.com/exidmicrosite/property_2d3d_xid.php?projectCode=59016&bno=102&blockId=123264&fno=F1_102&measurement=1&jquery=1&compare=1&g2c=1&hide_button=1&switch_HD=1&platform=DESKTOP,Vijay Desai (Dealer)
441381,Triveni 84,Residential,NEW LAUNCH,Ahmedabad West,Ambli,Gujarat,23.025155365346713,72.49473864723808,"Opp. Meghmani Farm, Off Iscon Ambli Road, Ahmedabad City, GUJARAT, 380051",382463,0,0,Price on Request,https://www.99acres.com/exidmicrosite/siteplan_g2c.php?live=2&g2c=1&xid_request=1&code=59619,True,"4,5","Low-density design with just 2 homes per floor | Central 3,000 sq. ft. garden with vibrant greenery | Homes with open views amid 65% open green spaces | Two grand towers set 75 ft apart for wider open views","Stamp Duty: 5.9 % for Male, 4.9 % for Female, 5.9 % for Joint (Male and Female), 4.9 % For Joint (Female and Female) | Registration Charges: Male Ownership: 1%, Female Ownership: No registration charges,  Joint (Male + Female) Ownership: 1 % ",4,Apartment,1693.81,Carpet Area,0,False,Dec ‘29 possession,12-2029,https://imagecdn.99acres.com/projects/example/ymdbunl_1745837632_590921425.jpg,https://www.99acres.com/exidmicrosite/property_2d3d_xid.php?projectCode=59619&bno=202&blockId=127055&fno=F2_202&measurement=1&jquery=1&compare=1&g2c=1&hide_button=1&switch_HD=1&platform=DESKTOP,
441381,Triveni 84,Residential,NEW LAUNCH,Ahmedabad West,Ambli,Gujarat,23.025155365346713,72.49473864723808,"Opp. Meghmani Farm, Off Iscon Ambli Road, Ahmedabad City, GUJARAT, 380051",382463,0,0,Price on Request,https://www.99acres.com/exidmicrosite/siteplan_g2c.php?live=2&g2c=1&xid_request=1&code=59619,True,"4,5","Low-density design with just 2 homes per floor | Central 3,000 sq. ft. garden with vibrant greenery | Homes with open views amid 65% open green spaces | Two grand towers set 75 ft apart for wider open views","Stamp Duty: 5.9 % for Male, 4.9 % for Female, 5.9 % for Joint (Male and Female), 4.9 % For Joint (Female and Female) | Registration Charges: Male Ownership: 1%, Female Ownership: No registration charges,  Joint (Male + Female) Ownership: 1 % ",5,Apartment,2716.38,Carpet Area,0,False,Dec ‘29 possession,12-2029,https://imagecdn.99acres.com/projects/example/qga3lvx_1745837598_590921075.jpg,https://www.99acres.com/exidmicrosite/property_2d3d_xid.php?projectCode=59619&bno=2201&blockId=127057&fno=F22_2201&measurement=1&jquery=1&compare=1&g2c=1&hide_button=1&switch_HD=1&platform=DESKTOP,
83351,Arvind  Uplands One,Residential,NEW LAUNCH,Ahmedabad West,Nasmed,Gujarat,23.108410603594,72.40101070372,"Old Survey No. 363, Village Adhana, Nasmed-Adhana Village, Gandhinagar",0,0,0,Price on Request,https://www.99acres.com/exidmicrosite/siteplan_g2c.php?live=2&g2c=1&xid_request=1&code=13322,True,"4,5,6","Golf Square, A premium 9-hole executive golf course | Zen Square, A Japanese Zen inspired Meditation and Wellness Club | 50+ modern amenities with 15 five star suites | Fun Square, an entertainment zone featuring the best, inspired by Disney","Stamp Duty: 5.9 % for Male, 4.9 % for Female, 5.9 % for Joint (Male and Female), 4.9 % For Joint (Female and Female) | Registration Charges: Male Ownership: 1%, Female Ownership: No registration charges,  Joint (Male + Female) Ownership: 1 % ",4,Villa,1938.87,Carpet Area,0,False,,,https://imagecdn.99acres.com/projects/example/5qgyxqw_1728035002_522557837.png,,
83351,Arvind  Uplands One,Residential,NEW LAUNCH,Ahmedabad West,Nasmed,Gujarat,23.108410603594,72.40101070372,"Old Survey No. 363, Village Adhana, Nasmed-Adhana Village, Gandhinagar",0,0,0,Price on Request,https://www.99acres.com/exidmicrosite/siteplan_g2c.php?live=2&g2c=1&xid_request=1&code=13322,True,"4,5,6","Golf Square, A premium 9-hole executive golf course | Zen Square, A Japanese Zen inspired Meditation and Wellness Club | 50+ modern amenities with 15 five star suites | Fun Square, an entertainment zone featuring the best, inspired by Disney","Stamp Duty: 5.9 % for Male, 4.9 % for Female, 5.9 % for Joint (Male and Female), 4.9 % For Joint (Female and Female) | Registration Charges: Male Ownership: 1%, Female Ownership: No registration charges,  Joint (Male + Female) Ownership: 1 % ",4,Villa,2309.94,Carpet Area,0,False,,,https://imagecdn.99acres.com/projects/example/oleu0oz_1728034945_522557511.png,,
83351,Arvind  Uplands One,Residential,NEW LAUNCH,Ahmedabad West,Nasmed,Gujarat,23.108410603594,72.40101070372,"Old Survey No. 363, Village Adhana, Nasmed-Adhana Village, Gandhinagar",0,0,0,Price on Request,https://www.99acres.com/exidmicrosite/siteplan_g2c.php?live=2&g2c=1&xid_request=1&code=13322,True,"4,5,6","Golf Square, A premium 9-hole executive golf course | Zen Square, A Japanese Zen inspired Meditation and Wellness Club | 50+ modern amenities with 15 five star suites | Fun Square, an entertainment zone featuring the best, inspired by Disney","Stamp Duty: 5.9 % for Male, 4.9 % for Female, 5.9 % for Joint (Male and Female), 4.9 % For Joint (Female and Female) | Registration Charges: Male Ownership: 1%, Female Ownership: No registration charges,  Joint (Male + Female) Ownership: 1 % ",4,Villa,2925.0,Super Built-up Area,0,False,Jun ‘23 possession,06-2023,https://newprojects.99acres.com/projects/arvind_infrastructure/arvind_uplands/maps/s5hvjjrx.jpg,https://www.99acres.com/exidmicrosite/property_2d3d_xid.php?projectCode=13322&bno=101&blockId=49239&fno=F1_101&measurement=1&jquery=1&compare=1&g2c=1&hide_button=1&switch_HD=1&platform=DESKTOP,
83351,Arvind  Uplands One,Residential,NEW LAUNCH,Ahmedabad West,Nasmed,Gujarat,23.108410603594,72.40101070372,"Old Survey No. 363, Village Adhana, Nasmed-Adhana Village, Gandhinagar",0,0,0,Price on Request,https://www.99acres.com/exidmicrosite/siteplan_g2c.php?live=2&g2c=1&xid_request=1&code=13322,True,"4,5,6","Golf Square, A premium 9-hole executive golf course | Zen Square, A Japanese Zen inspired Meditation and Wellness Club | 50+ modern amenities with 15 five star suites | Fun Square, an entertainment zone featuring the best, inspired by Disney","Stamp Duty: 5.9 % for Male, 4.9 % for Female, 5.9 % for Joint (Male and Female), 4.9 % For Joint (Female and Female) | Registration Charges: Male Ownership: 1%, Female Ownership: No registration charges,  Joint (Male + Female) Ownership: 1 % ",4,Villa,3870.0,Super Built-up Area,0,False,Jun ‘23 possession,06-2023,https://newprojects.99acres.com/projects/arvind_infrastructure/arvind_uplands/maps/kr6s4l8f.jpg,https://www.99acres.com/exidmicrosite/property_2d3d_xid.php?projectCode=13322&bno=102&blockId=49239&fno=F1_102&measurement=1&jquery=1&compare=1&g2c=1&hide_button=1&switch_HD=1&platform=DESKTOP,
83351,Arvind  Uplands One,Residential,NEW LAUNCH,Ahmedabad West,Nasmed,Gujarat,23.108410603594,72.40101070372,"Old Survey No. 363, Village Adhana, Nasmed-Adhana Village, Gandhinagar",0,0,0,Price on Request,https://www.99acres.com/exidmicrosite/siteplan_g2c.php?live=2&g2c=1&xid_request=1&code=13322,True,"4,5,6","Golf Square, A premium 9-hole executive golf course | Zen Square, A Japanese Zen inspired Meditation and Wellness Club | 50+ modern amenities with 15 five star suites | Fun Square, an entertainment zone featuring the best, inspired by Disney","Stamp Duty: 5.9 % for Male, 4.9 % for Female, 5.9 % for Joint (Male and Female), 4.9 % For Joint (Female and Female) | Registration Charges: Male Ownership: 1%, Female Ownership: No registration charges,  Joint (Male + Female) Ownership: 1 % ",5,Villa,2812.95,Carpet Area,0,False,,,https://imagecdn.99acres.com/projects/example/lf0bgve_1728035054_522558403.png,,
83351,Arvind  Uplands One,Residential,NEW LAUNCH,Ahmedabad West,Nasmed,Gujarat,23.108410603594,72.40101070372,"Old Survey No. 363, Village Adhana, Nasmed-Adhana Village, Gandhinagar",0,0,0,Price on Request,https://www.99acres.com/exidmicrosite/siteplan_g2c.php?live=2&g2c=1&xid_request=1&code=13322,True,"4,5,6","Golf Square, A premium 9-hole executive golf course | Zen Square, A Japanese Zen inspired Meditation and Wellness Club | 50+ modern amenities with 15 five star suites | Fun Square, an entertainment zone featuring the best, inspired by Disney","Stamp Duty: 5.9 % for Male, 4.9 % for Female, 5.9 % for Joint (Male and Female), 4.9 % For Joint (Female and Female) | Registration Charges: Male Ownership: 1%, Female Ownership: No registration charges,  Joint (Male + Female) Ownership: 1 % ",5,Villa,3748.5,Carpet Area,0,False,,,https://imagecdn.99acres.com/projects/example/tgotyad_1728035092_522558685.png,,
83351,Arvind  Uplands One,Residential,NEW LAUNCH,Ahmedabad West,Nasmed,Gujarat,23.108410603594,72.40101070372,"Old Survey No. 363, Village Adhana, Nasmed-Adhana Village, Gandhinagar",0,0,0,Price on Request,https://www.99acres.com/exidmicrosite/siteplan_g2c.php?live=2&g2c=1&xid_request=1&code=13322,True,"4,5,6","Golf Square, A premium 9-hole executive golf course | Zen Square, A Japanese Zen inspired Meditation and Wellness Club | 50+ modern amenities with 15 five star suites | Fun Square, an entertainment zone featuring the best, inspired by Disney","Stamp Duty: 5.9 % for Male, 4.9 % for Female, 5.9 % for Joint (Male and Female), 4.9 % For Joint (Female and Female) | Registration Charges: Male Ownership: 1%, Female Ownership: No registration charges,  Joint (Male + Female) Ownership: 1 % ",5,Villa,4950.0,Super Built-up Area,0,False,Jun ‘23 possession,06-2023,https://newprojects.99acres.com/projects/arvind_infrastructure/arvind_uplands/maps/kapsj4yq.png,https://www.99acres.com/exidmicrosite/property_2d3d_xid.php?projectCode=13322&bno=103&blockId=49239&fno=F1_103&measurement=1&jquery=1&compare=1&g2c=1&hide_button=1&switch_HD=1&platform=DESKTOP,
83351,Arvind  Uplands One,Residential,NEW LAUNCH,Ahmedabad West,Nasmed,Gujarat,23.108410603594,72.40101070372,"Old Survey No. 363, Village Adhana, Nasmed-Adhana Village, Gandhinagar",0,0,0,Price on Request,https://www.99acres.com/exidmicrosite/siteplan_g2c.php?live=2&g2c=1&xid_request=1&code=13322,True,"4,5,6","Golf Square, A premium 9-hole executive golf course | Zen Square, A Japanese Zen inspired Meditation and Wellness Club | 50+ modern amenities with 15 five star suites | Fun Square, an entertainment zone featuring the best, inspired by Disney","Stamp Duty: 5.9 % for Male, 4.9 % for Female, 5.9 % for Joint (Male and Female), 4.9 % For Joint (Female and Female) | Registration Charges: Male Ownership: 1%, Female Ownership: No registration charges,  Joint (Male + Female) Ownership: 1 % ",5,Villa,6075.0,Super Built-up Area,0,False,Jun ‘23 possession,06-2023,https://newprojects.99acres.com/projects/arvind_infrastructure/arvind_uplands/maps/uiec0fys.png,https://www.99acres.com/exidmicrosite/property_2d3d_xid.php?projectCode=13322&bno=104&blockId=49239&fno=F1_104&measurement=1&jquery=1&compare=1&g2c=1&hide_button=1&switch_HD=1&platform=DESKTOP,
83351,Arvind  Uplands One,Residential,NEW LAUNCH,Ahmedabad West,Nasmed,Gujarat,23.108410603594,72.40101070372,"Old Survey No. 363, Village Adhana, Nasmed-Adhana Village, Gandhinagar",0,0,0,Price on Request,https://www.99acres.com/exidmicrosite/siteplan_g2c.php?live=2&g2c=1&xid_request=1&code=13322,True,"4,5,6","Golf Square, A premium 9-hole executive golf course | Zen Square, A Japanese Zen inspired Meditation and Wellness Club | 50+ modern amenities with 15 five star suites | Fun Square, an entertainment zone featuring the best, inspired by Disney","Stamp Duty: 5.9 % for Male, 4.9 % for Female, 5.9 % for Joint (Male and Female), 4.9 % For Joint (Female and Female) | Registration Charges: Male Ownership: 1%, Female Ownership: No registration charges,  Joint (Male + Female) Ownership: 1 % ",6,Villa,5481.18,Carpet Area,0,False,,,https://imagecdn.99acres.com/projects/example/cyqxiaw_1728035161_522559175.png,,
83351,Arvind  Uplands One,Residential,NEW LAUNCH,Ahmedabad West,Nasmed,Gujarat,23.108410603594,72.40101070372,"Old Survey No. 363, Village Adhana, Nasmed-Adhana Village, Gandhinagar",0,0,0,Price on Request,https://www.99acres.com/exidmicrosite/siteplan_g2c.php?live=2&g2c=1&xid_request=1&code=13322,True,"4,5,6","Golf Square, A premium 9-hole executive golf course | Zen Square, A Japanese Zen inspired Meditation and Wellness Club | 50+ modern amenities with 15 five star suites | Fun Square, an entertainment zone featuring the best, inspired by Disney","Stamp Duty: 5.9 % for Male, 4.9 % for Female, 5.9 % for Joint (Male and Female), 4.9 % For Joint (Female and Female) | Registration Charges: Male Ownership: 1%, Female Ownership: No registration charges,  Joint (Male + Female) Ownership: 1 % ",6,Villa,9900.0,Super Built-up Area,0,False,Jun ‘23 possession,06-2023,https://newprojects.99acres.com/projects/arvind_infrastructure/arvind_uplands/maps/0fphwjmy.png,https://www.99acres.com/exidmicrosite/property_2d3d_xid.php?projectCode=13322&bno=105&blockId=49239&fno=F1_105&measurement=1&jquery=1&compare=1&g2c=1&hide_button=1&switch_HD=1&platform=DESKTOP,
422985,Serenity Shivam,Residential,NEW LAUNCH,Ahmedabad West,South Bopal,Gujarat,22.973207,72.692945,"SERENITY SHIVAM,
Next To Serenity Sky, Safal Parisar Road,
South Bopal, Ahmedabad.",380058,8500000,8500000,85 L,https://www.99acres.com/exidmicrosite/siteplan_g2c.php?live=2&g2c=1&xid_request=1&code=58149,True,3,The project is designed with a low-density layout | Expansive gardens and green spaces for relaxation and activities. | Vastu-compliant homes designed to enhance positivity | The development includes dedicated EV charging stations,"Stamp Duty: 5.9 % for Male, 4.9 % for Female, 5.9 % for Joint (Male and Female), 4.9 % For Joint (Female and Female) | Registration Charges: Male Ownership: 1%, Female Ownership: No registration charges,  Joint (Male + Female) Ownership: 1 % ",3,Apartment,855.95,Carpet Area,8500000,True,Dec ‘28 possession,12-2028,https://imagecdn.99acres.com/projects/example/vo9ygc2_1731561310_530775141.jpg,https://www.99acres.com/exidmicrosite/property_2d3d_xid.php?projectCode=58149&bno=102&blockId=121346&fno=F1_102&measurement=1&jquery=1&compare=1&g2c=1&hide_button=1&switch_HD=1&platform=DESKTOP,Realty Lacasa (RERA REGISTERED Dealer) | Harsh Kansara (RERA REGISTERED Dealer)
422985,Serenity Shivam,Residential,NEW LAUNCH,Ahmedabad West,South Bopal,Gujarat,22.973207,72.692945,"SERENITY SHIVAM,
Next To Serenity Sky, Safal Parisar Road,
South Bopal, Ahmedabad.",380058,8500000,8500000,85 L,https://www.99acres.com/exidmicrosite/siteplan_g2c.php?live=2&g2c=1&xid_request=1&code=58149,True,3,The project is designed with a low-density layout | Expansive gardens and green spaces for relaxation and activities. | Vastu-compliant homes designed to enhance positivity | The development includes dedicated EV charging stations,"Stamp Duty: 5.9 % for Male, 4.9 % for Female, 5.9 % for Joint (Male and Female), 4.9 % For Joint (Female and Female) | Registration Charges: Male Ownership: 1%, Female Ownership: No registration charges,  Joint (Male + Female) Ownership: 1 % ",3,Apartment,849.7,Carpet Area,0,False,,,https://imagecdn.99acres.com/projects/example/xnr3zex_1731561247_530774829.jpg,https://www.99acres.com/exidmicrosite/property_2d3d_xid.php?projectCode=58149&bno=101&blockId=121346&fno=F1_101&measurement=1&jquery=1&compare=1&g2c=1&hide_button=1&switch_HD=1&platform=DESKTOP,
422985,Serenity Shivam,Residential,NEW LAUNCH,Ahmedabad West,South Bopal,Gujarat,22.973207,72.692945,"SERENITY SHIVAM,
Next To Serenity Sky, Safal Parisar Road,
South Bopal, Ahmedabad.",380058,8500000,8500000,85 L,https://www.99acres.com/exidmicrosite/siteplan_g2c.php?live=2&g2c=1&xid_request=1&code=58149,True,3,The project is designed with a low-density layout | Expansive gardens and green spaces for relaxation and activities. | Vastu-compliant homes designed to enhance positivity | The development includes dedicated EV charging stations,"Stamp Duty: 5.9 % for Male, 4.9 % for Female, 5.9 % for Joint (Male and Female), 4.9 % For Joint (Female and Female) | Registration Charges: Male Ownership: 1%, Female Ownership: No registration charges,  Joint (Male + Female) Ownership: 1 % ",3,Apartment,855.94,Carpet Area,0,False,,,https://imagecdn.99acres.com/projects/example/moffz9e_1737096170_562167917.jpg,https://www.99acres.com/exidmicrosite/property_2d3d_xid.php?projectCode=58149&bno=102&blockId=121346&fno=F1_102&measurement=1&jquery=1&compare=1&g2c=1&hide_button=1&switch_HD=1&platform=DESKTOP,
422985,Serenity Shivam,Residential,NEW LAUNCH,Ahmedabad West,South Bopal,Gujarat,22.973207,72.692945,"SERENITY SHIVAM,
Next To Serenity Sky, Safal Parisar Road,
South Bopal, Ahmedabad.",380058,8500000,8500000,85 L,https://www.99acres.com/exidmicrosite/siteplan_g2c.php?live=2&g2c=1&xid_request=1&code=58149,True,3,The project is designed with a low-density layout | Expansive gardens and green spaces for relaxation and activities. | Vastu-compliant homes designed to enhance positivity | The development includes dedicated EV charging stations,"Stamp Duty: 5.9 % for Male, 4.9 % for Female, 5.9 % for Joint (Male and Female), 4.9 % For Joint (Female and Female) | Registration Charges: Male Ownership: 1%, Female Ownership: No registration charges,  Joint (Male + Female) Ownership: 1 % ",3,Apartment,857.78,Carpet Area,0,False,Dec ‘28 possession,12-2028,https://imagecdn.99acres.com/projects/example/1yidnxn_1737095187_562160597.jpg,https://www.99acres.com/exidmicrosite/property_2d3d_xid.php?projectCode=58149&bno=104&blockId=121346&fno=F1_104&measurement=1&jquery=1&compare=1&g2c=1&hide_button=1&switch_HD=1&platform=DESKTOP,
334207,Aaryabhumi Apartment,Residential,NEW LAUNCH,Ahmedabad West,Jodhpur,Gujarat,23.016506,72.522835,"Jodhpur, Ahmedabad West",388265,18500000,30000000,1.85 - 3 Cr,https://www.99acres.com/exidmicrosite/siteplan_g2c.php?live=2&g2c=1&xid_request=1&code=45414,True,"3,4",Get Unit of your choice,"Stamp Duty: 5.9 % for Male, 4.9 % for Female, 5.9 % for Joint (Male and Female), 4.9 % For Joint (Female and Female) | Registration Charges: Male Ownership: 1%, Female Ownership: No registration charges,  Joint (Male + Female) Ownership: 1 % ",3,Apartment,1215.0,Carpet Area,21886560,True,Jun ‘22 possession,06-2022,https://newprojects.99acres.com/projects/aaryabhumi_developers_llp/aaryabhumi_apartment/maps/uffaa2w7.jpg,https://www.99acres.com/exidmicrosite/property_2d3d_xid.php?projectCode=45414&bno=101&blockId=92634&fno=F1_101&measurement=1&jquery=1&compare=1&g2c=1&hide_button=1&switch_HD=1&platform=DESKTOP,TORAL C PANDYA (RERA REGISTERED Dealer)
334207,Aaryabhumi Apartment,Residential,NEW LAUNCH,Ahmedabad West,Jodhpur,Gujarat,23.016506,72.522835,"Jodhpur, Ahmedabad West",388265,18500000,30000000,1.85 - 3 Cr,https://www.99acres.com/exidmicrosite/siteplan_g2c.php?live=2&g2c=1&xid_request=1&code=45414,True,"3,4",Get Unit of your choice,"Stamp Duty: 5.9 % for Male, 4.9 % for Female, 5.9 % for Joint (Male and Female), 4.9 % For Joint (Female and Female) | Registration Charges: Male Ownership: 1%, Female Ownership: No registration charges,  Joint (Male + Female) Ownership: 1 % ",3,Apartment,1027.2,Carpet Area,18500000,True,Jun ‘22 possession,06-2022,,,TORAL C PANDYA (RERA REGISTERED Dealer)
334207,Aaryabhumi Apartment,Residential,NEW LAUNCH,Ahmedabad West,Jodhpur,Gujarat,23.016506,72.522835,"Jodhpur, Ahmedabad West",388265,18500000,30000000,1.85 - 3 Cr,https://www.99acres.com/exidmicrosite/siteplan_g2c.php?live=2&g2c=1&xid_request=1&code=45414,True,"3,4",Get Unit of your choice,"Stamp Duty: 5.9 % for Male, 4.9 % for Female, 5.9 % for Joint (Male and Female), 4.9 % For Joint (Female and Female) | Registration Charges: Male Ownership: 1%, Female Ownership: No registration charges,  Joint (Male + Female) Ownership: 1 % ",4,Apartment,1615.56,Carpet Area,30000000,True,Jun ‘22 possession,06-2022,https://newprojects.99acres.com/projects/aaryabhumi_developers_llp/aaryabhumi_apartment/maps/82kyz0o2.jpg,https://www.99acres.com/exidmicrosite/property_2d3d_xid.php?projectCode=45414&bno=102&blockId=92634&fno=F1_102&measurement=1&jquery=1&compare=1&g2c=1&hide_button=1&switch_HD=1&platform=DESKTOP,TORAL C PANDYA (RERA REGISTERED Dealer)
