project_id,project_name,project_type,launch_status,city,locality,state,latitude,longitude,address,postal_code,price_min,price_max,price_label,site_plan_url,has_rera_disclaimer,available_bhk_types,highlights,government_charges,bhk,property_type,area_sqft,area_type,price,price_authentic,possession,possession_raw,floorplan_2d_url,floorplan_3d_url,sellers
414403,Aarohi Avinya,Residential,NEW LAUNCH,Ahmedabad West,Satellite,Gujarat,23.020092739361,72.515168967141,"Jodhpur, Ahmedabad West",380015,18408000,19266000,1.84 - 1.93 Cr,,True,3,"70% open spaces for leisure, wellness, and connection | Prestigious location with seamless urban–nature harmony | Lush landscaped gardens for tranquil everyday living | Spacious interiors with large windows and city views","Stamp Duty: 5.9 % for Male, 4.9 % for Female, 5.9 % for Joint (Male and Female), 4.9 % For Joint (Female and Female) | Registration Charges: Male Ownership: 1%, Female Ownership: No registration charges,  Joint (Male + Female) Ownership: 1 % ",3,Apartment,2360.0,Super Built-up Area,18408000,True,Dec ‘28 possession,12-2028,https://newprojects.99acres.com/projects/siddhi_developers/aarohi_avinya/maps/9q1y2ql_1720001094_502149703.jpg,,Tanishqua Reality (RERA REGISTERED Dealer)
414403,Aarohi Avinya,Residential,NEW LAUNCH,Ahmedabad West,Satellite,Gujarat,23.020092739361,72.515168967141,"Jodhpur, Ahmedabad West",380015,18408000,19266000,1.84 - 1.93 Cr,,True,3,"70% open spaces for leisure, wellness, and connection | Prestigious location with seamless urban–nature harmony | Lush landscaped gardens for tranquil everyday living | Spacious interiors with large windows and city views","Stamp Duty: 5.9 % for Male, 4.9 % for Female, 5.9 % for Joint (Male and Female), 4.9 % For Joint (Female and Female) | Registration Charges: Male Ownership: 1%, Female Ownership: No registration charges,  Joint (Male + Female) Ownership: 1 % ",3,Apartment,2400.0,Super Built-up Area,18720000,True,Dec ‘28 possession,12-2028,https://newprojects.99acres.com/projects/siddhi_developers/aarohi_avinya/maps/28jtfg8_1720001094_502149705.jpg,,Tanishqua Reality (RERA REGISTERED Dealer)
414403,Aarohi Avinya,Residential,NEW LAUNCH,Ahmedabad West,Satellite,Gujarat,23.020092739361,72.515168967141,"Jodhpur, Ahmedabad West",380015,18408000,19266000,1.84 - 1.93 Cr,,True,3,"70% open spaces for leisure, wellness, and connection | Prestigious location with seamless urban–nature harmony | Lush landscaped gardens for tranquil everyday living | Spacious interiors with large windows and city views","Stamp Duty: 5.9 % for Male, 4.9 % for Female, 5.9 % for Joint (Male and Female), 4.9 % For Joint (Female and Female) | Registration Charges: Male Ownership: 1%, Female Ownership: No registration charges,  Joint (Male + Female) Ownership: 1 % ",3,Apartment,2425.0,Super Built-up Area,18915000,True,Dec ‘28 possession,12-2028,https://newprojects.99acres.com/projects/siddhi_developers/aarohi_avinya/maps/ulcz3vk_1720001094_502149699.jpg,,Siddhi Infralink Private limited (Builder) | Tanishqua Reality (RERA REGISTERED Dealer)
414403,Aarohi Avinya,Residential,NEW LAUNCH,Ahmedabad West,Satellite,Gujarat,23.020092739361,72.515168967141,"Jodhpur, Ahmedabad West",380015,18408000,19266000,1.84 - 1.93 Cr,,True,3,"70% open spaces for leisure, wellness, and connection | Prestigious location with seamless urban–nature harmony | Lush landscaped gardens for tranquil everyday living | Spacious interiors with large windows and city views","Stamp Duty: 5.9 % for Male, 4.9 % for Female, 5.9 % for Joint (Male and Female), 4.9 % For Joint (Female and Female) | Registration Charges: Male Ownership: 1%, Female Ownership: No registration charges,  Joint (Male + Female) Ownership: 1 % ",3,Apartment,2470.0,Super Built-up Area,19266000,True,Dec ‘28 possession,12-2028,https://newprojects.99acres.com/projects/siddhi_developers/aarohi_avinya/maps/x9ezeyn_1720001105_502149763.jpg,,Tanishqua Reality (RERA REGISTERED Dealer)
455919,Dev The Galaxy,Residential,NEW LAUNCH,Ahmedabad West,Shela,Gujarat,23.004977,72.469353,"THE GALAXY, Plot No. 956, Opp. Orchid Sky, Club 07 Road, Shela Sharkhej, Ahmedabad",382465,10600000,10600000,1.06 Cr,https://www.99acres.com/exidmicrosite/siteplan_g2c.php?live=2&g2c=1&xid_request=1&code=61826,True,3,"Lakeside living complemented by a natural lake and oxygen park | Two parking spaces allotted | Over 30 meticulously curated amenities, ensuring everyday indulgence | Amenities include indoor swimming pool, splash pool and home theatre","Stamp Duty: 5.9 % for Male, 4.9 % for Female, 5.9 % for Joint (Male and Female), 4.9 % For Joint (Female and Female) | Registration Charges: Male Ownership: 1%, Female Ownership: No registration charges,  Joint (Male + Female) Ownership: 1 % ",3,Apartment,2010.0,Super Built-up Area,10600000,True,Dec ‘28 possession,12-2028,https://imagecdn.99acres.com/projects/example/u9bg339_1762172840_667821643.jpg,,Dev Infinity buildcon pvt. ltd (Builder)
396846,Divya Heights,Residential,NEW LAUNCH,Ahmedabad North,Vaishnodevi Circle,Gujarat,23.132898,72.546443,"Vaishnodevi Circle , Ahmedabad North",0,15100000,15100000,1.51 Cr,https://www.99acres.com/exidmicrosite/siteplan_g2c.php?live=2&g2c=1&xid_request=1&code=50059,True,3,Double storey club house | Party function area on terrace | Each flat facing garden view | Each flat has personal foyer,"Stamp Duty: 5.9 % for Male, 4.9 % for Female, 5.9 % for Joint (Male and Female), 4.9 % For Joint (Female and Female) | Registration Charges: Male Ownership: 1%, Female Ownership: No registration charges,  Joint (Male + Female) Ownership: 1 % ",3,Apartment,2727.0,Super Built-up Area,15100000,True,Jun ‘26 possession,06-2026,https://newprojects.99acres.com/projects/nishan_group/nishan_divya_heights/maps/j370ignv.jpg,https://www.99acres.com/exidmicrosite/property_2d3d_xid.php?projectCode=50059&bno=101&blockId=102738&fno=F1_101&measurement=1&jquery=1&compare=1&g2c=1&hide_button=1&switch_HD=1&platform=DESKTOP,Jaimin Patel (Builder)
455077,Surendra Anugrah Villas,Residential,NEW LAUNCH,Ahmedabad South,Kasindra,Gujarat,22.901121,72.472335,"Kasindra, Ahmedabad South",382465,0,0,Price on Request,https://www.99acres.com/exidmicrosite/siteplan_g2c.php?live=2&g2c=1&xid_request=1&code=61600,True,"4,5","Located opp to Tajpur Road, offering the best of serene and urban life | Each villa includes a multi-purpose sports court and kids play area | Each villa offers expansive living spaces, ensuring privacy | Get Unit of your choice","Stamp Duty: 5.9 % for Male, 4.9 % for Female, 5.9 % for Joint (Male and Female), 4.9 % For Joint (Female and Female) | Registration Charges: Male Ownership: 1%, Female Ownership: No registration charges,  Joint (Male + Female) Ownership: 1 % ",4,Villa,3474.0,Super Built-up Area,0,False,Dec ‘27 possession,12-2027,https://imagecdn.99acres.com/projects/example/00entan_1760445704_660577253.jpg,https://www.99acres.com/exidmicrosite/property_2d3d_xid.php?projectCode=61600&bno=101&blockId=129595&fno=F1_101&measurement=1&jquery=1&compare=1&g2c=1&hide_button=1&switch_HD=1&platform=DESKTOP,
455077,Surendra Anugrah Villas,Residential,NEW LAUNCH,Ahmedabad South,Kasindra,Gujarat,22.901121,72.472335,"Kasindra, Ahmedabad South",382465,0,0,Price on Request,https://www.99acres.com/exidmicrosite/siteplan_g2c.php?live=2&g2c=1&xid_request=1&code=61600,True,"4,5","Located opp to Tajpur Road, offering the best of serene and urban life | Each villa includes a multi-purpose sports court and kids play area | Each villa offers expansive living spaces, ensuring privacy | Get Unit of your choice","Stamp Duty: 5.9 % for Male, 4.9 % for Female, 5.9 % for Joint (Male and Female), 4.9 % For Joint (Female and Female) | Registration Charges: Male Ownership: 1%, Female Ownership: No registration charges,  Joint (Male + Female) Ownership: 1 % ",5,Villa,4374.0,Super Built-up Area,0,False,Dec ‘27 possession,12-2027,https://imagecdn.99acres.com/projects/example/x7zj8zy_1760445717_660577337.jpg,https://www.99acres.com/exidmicrosite/property_2d3d_xid.php?projectCode=61600&bno=102&blockId=129595&fno=F1_102&measurement=1&jquery=1&compare=1&g2c=1&hide_button=1&switch_HD=1&platform=DESKTOP,
436196,Madhuban Kadamb,Residential,NEW LAUNCH,Ahmedabad West,Sarkhej,Gujarat,22.972419490372914,72.49181639730922,"Sarkhej Okaf, Ahmedabad",382210,4052800,5550000,40.53 - 55.5 L,https://www.99acres.com/exidmicrosite/siteplan_g2c.php?live=2&g2c=1&xid_request=1&code=59234,True,"2,3",Provides EV-charging station and parking with car wash area | 30+ Meticulously designed lavish amenities  | Two fully automatic lifts per block | Provides a reading room and library,"Stamp Duty: 5.9 % for Male, 4.9 % for Female, 5.9 % for Joint (Male and Female), 4.9 % For Joint (Female and Female) | Registration Charges: Male Ownership: 1%, Female Ownership: No registration charges,  Joint (Male + Female) Ownership: 1 % ",2,Apartment,1156.0,Super Built-up Area,4052800,True,Mar ‘28 possession,03-2028,https://imagecdn.99acres.com/projects/example/vrmivk1_1740377087_572127931.jpg,https://www.99acres.com/exidmicrosite/property_2d3d_xid.php?projectCode=59234&bno=101&blockId=123862&fno=F1_101&measurement=1&jquery=1&compare=1&g2c=1&hide_button=1&switch_HD=1&platform=DESKTOP,R J PARIKH DEVELOPERS LLP (Builder)
436196,Madhuban Kadamb,Residential,NEW LAUNCH,Ahmedabad West,Sarkhej,Gujarat,22.972419490372914,72.49181639730922,"Sarkhej Okaf, Ahmedabad",382210,4052800,5550000,40.53 - 55.5 L,https://www.99acres.com/exidmicrosite/siteplan_g2c.php?live=2&g2c=1&xid_request=1&code=59234,True,"2,3",Provides EV-charging station and parking with car wash area | 30+ Meticulously designed lavish amenities  | Two fully automatic lifts per block | Provides a reading room and library,"Stamp Duty: 5.9 % for Male, 4.9 % for Female, 5.9 % for Joint (Male and Female), 4.9 % For Joint (Female and Female) | Registration Charges: Male Ownership: 1%, Female Ownership: No registration charges,  Joint (Male + Female) Ownership: 1 % ",2,Apartment,531.0,Carpet Area,0,False,,,https://imagecdn.99acres.com/projects/example/oj55tlh_1745383971_589183441.jpg,,
436196,Madhuban Kadamb,Residential,NEW LAUNCH,Ahmedabad West,Sarkhej,Gujarat,22.972419490372914,72.49181639730922,"Sarkhej Okaf, Ahmedabad",382210,4052800,5550000,40.53 - 55.5 L,https://www.99acres.com/exidmicrosite/siteplan_g2c.php?live=2&g2c=1&xid_request=1&code=59234,True,"2,3",Provides EV-charging station and parking with car wash area | 30+ Meticulously designed lavish amenities  | Two fully automatic lifts per block | Provides a reading room and library,"Stamp Duty: 5.9 % for Male, 4.9 % for Female, 5.9 % for Joint (Male and Female), 4.9 % For Joint (Female and Female) | Registration Charges: Male Ownership: 1%, Female Ownership: No registration charges,  Joint (Male + Female) Ownership: 1 % ",2,Apartment,590.0,Carpet Area,0,False,,,https://imagecdn.99acres.com/projects/example/e6c3xqf_1745383867_589182903.jpg,,
436196,Madhuban Kadamb,Residential,NEW LAUNCH,Ahmedabad West,Sarkhej,Gujarat,22.972419490372914,72.49181639730922,"Sarkhej Okaf, Ahmedabad",382210,4052800,5550000,40.53 - 55.5 L,https://www.99acres.com/exidmicrosite/siteplan_g2c.php?live=2&g2c=1&xid_request=1&code=59234,True,"2,3",Provides EV-charging station and parking with car wash area | 30+ Meticulously designed lavish amenities  | Two fully automatic lifts per block | Provides a reading room and library,"Stamp Duty: 5.9 % for Male, 4.9 % for Female, 5.9 % for Joint (Male and Female), 4.9 % For Joint (Female and Female) | Registration Charges: Male Ownership: 1%, Female Ownership: No registration charges,  Joint (Male + Female) Ownership: 1 % ",2,Apartment,740.0,Carpet Area,0,False,,,https://imagecdn.99acres.com/projects/example/rnyub37_1745384075_589183941.jpg,,
436196,Madhuban Kadamb,Residential,NEW LAUNCH,Ahmedabad West,Sarkhej,Gujarat,22.972419490372914,72.49181639730922,"Sarkhej Okaf, Ahmedabad",382210,4052800,5550000,40.53 - 55.5 L,https://www.99acres.com/exidmicrosite/siteplan_g2c.php?live=2&g2c=1&xid_request=1&code=59234,True,"2,3",Provides EV-charging station and parking with car wash area | 30+ Meticulously designed lavish amenities  | Two fully automatic lifts per block | Provides a reading room and library,"Stamp Duty: 5.9 % for Male, 4.9 % for Female, 5.9 % for Joint (Male and Female), 4.9 % For Joint (Female and Female) | Registration Charges: Male Ownership: 1%, Female Ownership: No registration charges,  Joint (Male + Female) Ownership: 1 % ",3,Apartment,1500.0,Super Built-up Area,5550000,True,Mar ‘28 possession,03-2028,https://imagecdn.99acres.com/projects/example/h6scfge_1740377120_572128075.jpg,https://www.99acres.com/exidmicrosite/property_2d3d_xid.php?projectCode=59234&bno=102&blockId=123862&fno=F1_102&measurement=1&jquery=1&compare=1&g2c=1&hide_button=1&switch_HD=1&platform=DESKTOP,R J PARIKH DEVELOPERS LLP (Builder)
455886,Ekayan,Residential,NEW LAUNCH,Ahmedabad North,Zundal,Gujarat,23.136365,72.579363,"EKAYAN, Plot No. 90/3, Zundal, Gandhinagar",382421,9380500,10402500,93.81 L - 1.04 Cr,https://www.99acres.com/exidmicrosite/siteplan_g2c.php?live=2&g2c=1&xid_request=1&code=62177,True,3,Purely residential project | Biggest 3-master BHK layout with 4 washrooms | Largest balcony in this segment | Podium-level living experience,"Stamp Duty: 5.9 % for Male, 4.9 % for Female, 5.9 % for Joint (Male and Female), 4.9 % For Joint (Female and Female) | Registration Charges: Male Ownership: 1%, Female Ownership: No registration charges,  Joint (Male + Female) Ownership: 1 % ",3,Apartment,2313.0,Super Built-up Area,9380500,True,Jun ‘28 possession,06-2028,https://imagecdn.99acres.com/projects/example/pwyozni_1764316518_678941653.jpg,https://www.99acres.com/exidmicrosite/property_2d3d_xid.php?projectCode=62177&bno=101&blockId=130667&fno=F1_101&measurement=1&jquery=1&compare=1&g2c=1&hide_button=1&switch_HD=1&platform=DESKTOP,B R INFRACON (Builder)
455886,Ekayan,Residential,NEW LAUNCH,Ahmedabad North,Zundal,Gujarat,23.136365,72.579363,"EKAYAN, Plot No. 90/3, Zundal, Gandhinagar",382421,9380500,10402500,93.81 L - 1.04 Cr,https://www.99acres.com/exidmicrosite/siteplan_g2c.php?live=2&g2c=1&xid_request=1&code=62177,True,3,Purely residential project | Biggest 3-master BHK layout with 4 washrooms | Largest balcony in this segment | Podium-level living experience,"Stamp Duty: 5.9 % for Male, 4.9 % for Female, 5.9 % for Joint (Male and Female), 4.9 % For Joint (Female and Female) | Registration Charges: Male Ownership: 1%, Female Ownership: No registration charges,  Joint (Male + Female) Ownership: 1 % ",3,Apartment,2367.0,Super Built-up Area,9599500,True,Jun ‘28 possession,06-2028,https://imagecdn.99acres.com/projects/example/a5fbmsk_1764316543_678941887.jpg,https://www.99acres.com/exidmicrosite/property_2d3d_xid.php?projectCode=62177&bno=102&blockId=130667&fno=F1_102&measurement=1&jquery=1&compare=1&g2c=1&hide_button=1&switch_HD=1&platform=DESKTOP,B R INFRACON (Builder)
455886,Ekayan,Residential,NEW LAUNCH,Ahmedabad North,Zundal,Gujarat,23.136365,72.579363,"EKAYAN, Plot No. 90/3, Zundal, Gandhinagar",382421,9380500,10402500,93.81 L - 1.04 Cr,https://www.99acres.com/exidmicrosite/siteplan_g2c.php?live=2&g2c=1&xid_request=1&code=62177,True,3,Purely residential project | Biggest 3-master BHK layout with 4 washrooms | Largest balcony in this segment | Podium-level living experience,"Stamp Duty: 5.9 % for Male, 4.9 % for Female, 5.9 % for Joint (Male and Female), 4.9 % For Joint (Female and Female) | Registration Charges: Male Ownership: 1%, Female Ownership: No registration charges,  Joint (Male + Female) Ownership: 1 % ",3,Apartment,2385.0,Super Built-up Area,9672500,True,Jun ‘28 possession,06-2028,https://imagecdn.99acres.com/projects/example/et1pmgz_1764316474_678941169.jpg,https://www.99acres.com/exidmicrosite/property_2d3d_xid.php?projectCode=62177&bno=103&blockId=130667&fno=F1_103&measurement=1&jquery=1&compare=1&g2c=1&hide_button=1&switch_HD=1&platform=DESKTOP,B R INFRACON (Builder)
455886,Ekayan,Residential,NEW LAUNCH,Ahmedabad North,Zundal,Gujarat,23.136365,72.579363,"EKAYAN, Plot No. 90/3, Zundal, Gandhinagar",382421,9380500,10402500,93.81 L - 1.04 Cr,https://www.99acres.com/exidmicrosite/siteplan_g2c.php?live=2&g2c=1&xid_request=1&code=62177,True,3,Purely residential project | Biggest 3-master BHK layout with 4 washrooms | Largest balcony in this segment | Podium-level living experience,"Stamp Duty: 5.9 % for Male, 4.9 % for Female, 5.9 % for Joint (Male and Female), 4.9 % For Joint (Female and Female) | Registration Charges: Male Ownership: 1%, Female Ownership: No registration charges,  Joint (Male + Female) Ownership: 1 % ",3,Apartment,2529.0,Super Built-up Area,10256500,True,Jun ‘28 possession,06-2028,https://imagecdn.99acres.com/projects/example/oyg1uoh_1764316594_678942305.jpg,https://www.99acres.com/exidmicrosite/property_2d3d_xid.php?projectCode=62177&bno=104&blockId=130667&fno=F1_104&measurement=1&jquery=1&compare=1&g2c=1&hide_button=1&switch_HD=1&platform=DESKTOP,B R INFRACON (Builder)
455886,Ekayan,Residential,NEW LAUNCH,Ahmedabad North,Zundal,Gujarat,23.136365,72.579363,"EKAYAN, Plot No. 90/3, Zundal, Gandhinagar",382421,9380500,10402500,93.81 L - 1.04 Cr,https://www.99acres.com/exidmicrosite/siteplan_g2c.php?live=2&g2c=1&xid_request=1&code=62177,True,3,Purely residential project | Biggest 3-master BHK layout with 4 washrooms | Largest balcony in this segment | Podium-level living experience,"Stamp Duty: 5.9 % for Male, 4.9 % for Female, 5.9 % for Joint (Male and Female), 4.9 % For Joint (Female and Female) | Registration Charges: Male Ownership: 1%, Female Ownership: No registration charges,  Joint (Male + Female) Ownership: 1 % ",3,Apartment,2565.0,Super Built-up Area,10402500,True,Jun ‘28 possession,06-2028,https://imagecdn.99acres.com/projects/example/tcjw1jl_1764316569_678942107.jpg,https://www.99acres.com/exidmicrosite/property_2d3d_xid.php?projectCode=62177&bno=105&blockId=130667&fno=F1_105&measurement=1&jquery=1&compare=1&g2c=1&hide_button=1&switch_HD=1&platform=DESKTOP,B R INFRACON (Builder)
455303,Paras,Residential,NEW LAUNCH,Ahmedabad West,SG Highway,Gujarat,23.070473,72.524556,"Paras, Near Sola -science city bridge, B/H Sun embark SG highway road, Ahmedabad-380061",0,0,0,Price on Request,https://www.99acres.com/exidmicrosite/siteplan_g2c.php?live=2&g2c=1&xid_request=1&code=61779,True,4,The project has provision for personal EV charging for each unit | The project features a common rooftop solar panel for energy efficiency | Video doorbells enhance resident safety and security | Get Unit of your choice,"Stamp Duty: 5.9 % for Male, 4.9 % for Female, 5.9 % for Joint (Male and Female), 4.9 % For Joint (Female and Female) | Registration Charges: Male Ownership: 1%, Female Ownership: No registration charges,  Joint (Male + Female) Ownership: 1 % ",4,Apartment,3250.0,Super Built-up Area,0,False,Oct ‘26 possession,10-2026,https://imagecdn.99acres.com/projects/example/2klswlk_1760421477_660318419.jpg,https://www.99acres.com/exidmicrosite/property_2d3d_xid.php?projectCode=61779&bno=101&blockId=129815&fno=F1_101&measurement=1&jquery=1&compare=1&g2c=1&hide_button=1&switch_HD=1&platform=DESKTOP,
414575,The Metropark,Residential,NEW LAUNCH,Ahmedabad East,Vastral,Gujarat,23.00257,72.660491,"Vastral, Ahmedabad East",0,7300000,7300000,73 L,,True,3,"100% pure residential project | 100% loan papers available | Exclusive only 3bhk homes with premium podium concept living | 40+ amenities across 50,000 sqft","Stamp Duty: 5.9 % for Male, 4.9 % for Female, 5.9 % for Joint (Male and Female), 4.9 % For Joint (Female and Female) | Registration Charges: Male Ownership: 1%, Female Ownership: No registration charges,  Joint (Male + Female) Ownership: 1 % ",3,Apartment,1935.0,Super Built-up Area,7300000,True,Mar ‘28 possession,03-2028,https://imagecdn.99acres.com/projects/example/whnqzc4_1769577706_704815473.jpg,,Alpesh Patel (Builder)
449506,Terrace Skyline,Residential,NEW LAUNCH,Ahmedabad West,Navrangpura,Gujarat,23.039981,72.556488,"Navrangpura, CG Road, Ahmedabad",380009,16700000,16700000,1.67 Cr,https://www.99acres.com/exidmicrosite/siteplan_g2c.php?live=2&g2c=1&xid_request=1&code=61340,True,3,"Homes designed as sanctuaries, embracing natural light and green views | Features a banquet hall and home theater for events | Lush central garden, children's park and water body with wading pool | High-speed Omega or Orbis elevators for seamless vertical transit","Stamp Duty: 5.9 % for Male, 4.9 % for Female, 5.9 % for Joint (Male and Female), 4.9 % For Joint (Female and Female) | Registration Charges: Male Ownership: 1%, Female Ownership: No registration charges,  Joint (Male + Female) Ownership: 1 % ",3,Apartment,2320.0,Super Built-up Area,16700000,True,Mar ‘28 possession,03-2028,https://imagecdn.99acres.com/projects/example/39bkzzf_1758102368_648398229.jpg,https://www.99acres.com/exidmicrosite/property_2d3d_xid.php?projectCode=61340&bno=101&blockId=128777&fno=F1_101&measurement=1&jquery=1&compare=1&g2c=1&hide_button=1&switch_HD=1&platform=DESKTOP,Siddhi Infralink Private limited (Builder)
448193,Kautilya Two20,Residential,NEW LAUNCH,Ahmedabad West,Shilaj,Gujarat,23.04867,72.479222,"Kautilya Two20, Near Shridhar Corporate House, Shilaj Circle, Shilaj, Ahmedabad, Gujarat 380059",380059,8999000,8999000,89.99 L,,True,3,"2 Parking spots per unit, 16ft Basement & Valet for ultimate convenience | 4 Private Balcony Projects Located on SP Ring Road
 | The ground floor has been designated a vehicle-free zone
 | 16 ft long master bedrooms with uniform mirror designs
","Stamp Duty: 5.9 % for Male, 4.9 % for Female, 5.9 % for Joint (Male and Female), 4.9 % For Joint (Female and Female) | Registration Charges: Male Ownership: 1%, Female Ownership: No registration charges,  Joint (Male + Female) Ownership: 1 % ",3,Apartment,1935.0,Super Built-up Area,8999000,True,Mar ‘28 possession,03-2028,https://imagecdn.99acres.com/projects/example/lot1dvz_1768991117_701883285.jpg,,Vatsal Kamdar (Builder)
437262,Arcus Aura,Residential,NEW LAUNCH,Ahmedabad West,Vasna,Gujarat,23.278637,72.08355,"Vasna, Ahmedabad West",391140,12815000,13310000,1.28 - 1.33 Cr,https://www.99acres.com/exidmicrosite/siteplan_g2c.php?live=2&g2c=1&xid_request=1&code=61618,True,3,Exclusive terrace level lifestyle lounge with pantry and seating areas | Enhanced privacy with dedicated vestibules and foyers in every unit | Premium 3 BHK apartments with integrated ground floor retail spaces | Get Unit of your choice,"Stamp Duty: 5.9 % for Male, 4.9 % for Female, 5.9 % for Joint (Male and Female), 4.9 % For Joint (Female and Female) | Registration Charges: Male Ownership: 1%, Female Ownership: No registration charges,  Joint (Male + Female) Ownership: 1 % ",3,Apartment,989.85,Carpet Area,0,False,,,https://imagecdn.99acres.com/projects/example/dosxhjv_1736502499_554287149.jpg,https://www.99acres.com/exidmicrosite/property_2d3d_xid.php?projectCode=61618&bno=101&blockId=130519&fno=F1_101&measurement=1&jquery=1&compare=1&g2c=1&hide_button=1&switch_HD=1&platform=DESKTOP,
437262,Arcus Aura,Residential,NEW LAUNCH,Ahmedabad West,Vasna,Gujarat,23.278637,72.08355,"Vasna, Ahmedabad West",391140,12815000,13310000,1.28 - 1.33 Cr,https://www.99acres.com/exidmicrosite/siteplan_g2c.php?live=2&g2c=1&xid_request=1&code=61618,True,3,Exclusive terrace level lifestyle lounge with pantry and seating areas | Enhanced privacy with dedicated vestibules and foyers in every unit | Premium 3 BHK apartments with integrated ground floor retail spaces | Get Unit of your choice,"Stamp Duty: 5.9 % for Male, 4.9 % for Female, 5.9 % for Joint (Male and Female), 4.9 % For Joint (Female and Female) | Registration Charges: Male Ownership: 1%, Female Ownership: No registration charges,  Joint (Male + Female) Ownership: 1 % ",3,Apartment,995.23,Carpet Area,0,False,,,https://imagecdn.99acres.com/projects/example/x7mefdt_1736502548_554288217.jpg,https://www.99acres.com/exidmicrosite/property_2d3d_xid.php?projectCode=61618&bno=102&blockId=130519&fno=F1_102&measurement=1&jquery=1&compare=1&g2c=1&hide_button=1&switch_HD=1&platform=DESKTOP,
437262,Arcus Aura,Residential,NEW LAUNCH,Ahmedabad West,Vasna,Gujarat,23.278637,72.08355,"Vasna, Ahmedabad West",391140,12815000,13310000,1.28 - 1.33 Cr,https://www.99acres.com/exidmicrosite/siteplan_g2c.php?live=2&g2c=1&xid_request=1&code=61618,True,3,Exclusive terrace level lifestyle lounge with pantry and seating areas | Enhanced privacy with dedicated vestibules and foyers in every unit | Premium 3 BHK apartments with integrated ground floor retail spaces | Get Unit of your choice,"Stamp Duty: 5.9 % for Male, 4.9 % for Female, 5.9 % for Joint (Male and Female), 4.9 % For Joint (Female and Female) | Registration Charges: Male Ownership: 1%, Female Ownership: No registration charges,  Joint (Male + Female) Ownership: 1 % ",3,Apartment,1031.5,Carpet Area,0,False,,,https://imagecdn.99acres.com/projects/example/8xuik9l_1736502524_554287661.jpg,https://www.99acres.com/exidmicrosite/property_2d3d_xid.php?projectCode=61618&bno=103&blockId=130519&fno=F1_103&measurement=1&jquery=1&compare=1&g2c=1&hide_button=1&switch_HD=1&platform=DESKTOP,
437262,Arcus Aura,Residential,NEW LAUNCH,Ahmedabad West,Vasna,Gujarat,23.278637,72.08355,"Vasna, Ahmedabad West",391140,12815000,13310000,1.28 - 1.33 Cr,https://www.99acres.com/exidmicrosite/siteplan_g2c.php?live=2&g2c=1&xid_request=1&code=61618,True,3,Exclusive terrace level lifestyle lounge with pantry and seating areas | Enhanced privacy with dedicated vestibules and foyers in every unit | Premium 3 BHK apartments with integrated ground floor retail spaces | Get Unit of your choice,"Stamp Duty: 5.9 % for Male, 4.9 % for Female, 5.9 % for Joint (Male and Female), 4.9 % For Joint (Female and Female) | Registration Charges: Male Ownership: 1%, Female Ownership: No registration charges,  Joint (Male + Female) Ownership: 1 % ",3,Apartment,2097.0,Super Built-up Area,12815000,True,Dec ‘26 possession,12-2026,,,Arcus Aura (Builder)
437262,Arcus Aura,Residential,NEW LAUNCH,Ahmedabad West,Vasna,Gujarat,23.278637,72.08355,"Vasna, Ahmedabad West",391140,12815000,13310000,1.28 - 1.33 Cr,https://www.99acres.com/exidmicrosite/siteplan_g2c.php?live=2&g2c=1&xid_request=1&code=61618,True,3,Exclusive terrace level lifestyle lounge with pantry and seating areas | Enhanced privacy with dedicated vestibules and foyers in every unit | Premium 3 BHK apartments with integrated ground floor retail spaces | Get Unit of your choice,"Stamp Duty: 5.9 % for Male, 4.9 % for Female, 5.9 % for Joint (Male and Female), 4.9 % For Joint (Female and Female) | Registration Charges: Male Ownership: 1%, Female Ownership: No registration charges,  Joint (Male + Female) Ownership: 1 % ",3,Apartment,2106.0,Super Built-up Area,12870000,True,Dec ‘26 possession,12-2026,,,Arcus Aura (Builder)
437262,Arcus Aura,Residential,NEW LAUNCH,Ahmedabad West,Vasna,Gujarat,23.278637,72.08355,"Vasna, Ahmedabad West",391140,12815000,13310000,1.28 - 1.33 Cr,https://www.99acres.com/exidmicrosite/siteplan_g2c.php?live=2&g2c=1&xid_request=1&code=61618,True,3,Exclusive terrace level lifestyle lounge with pantry and seating areas | Enhanced privacy with dedicated vestibules and foyers in every unit | Premium 3 BHK apartments with integrated ground floor retail spaces | Get Unit of your choice,"Stamp Duty: 5.9 % for Male, 4.9 % for Female, 5.9 % for Joint (Male and Female), 4.9 % For Joint (Female and Female) | Registration Charges: Male Ownership: 1%, Female Ownership: No registration charges,  Joint (Male + Female) Ownership: 1 % ",3,Apartment,2178.0,Super Built-up Area,13310000,True,Dec ‘26 possession,12-2026,,,Arcus Aura (Builder)
454668,Art Shree Vishnudhara Residency,Residential,NEW LAUNCH,Ahmedabad West,Naranpura,Gujarat,23.06448653466154,72.55426719854866,"SHREE VISHNUDHARA RESIDENCY,OPP GHB OFFICE, , Ahmedabad City, Ahmedabad, GUJARAT, 380013",380013,12300000,12449998,1.23 - 1.24 Cr,https://www.99acres.com/exidmicrosite/siteplan_g2c.php?live=2&g2c=1&xid_request=1&code=61451,True,3,"Decorative entrance, premium elevators, and a multi-purpose hall | Elevated Party Garden, Gym, Game Room, and Senior Citizen Sitting Area | 24x7 security with CCTV surveillance at key points for peace of mind | Building-wide fire suppression system for enhanced safety","Stamp Duty: 5.9 % for Male, 4.9 % for Female, 5.9 % for Joint (Male and Female), 4.9 % For Joint (Female and Female) | Registration Charges: Male Ownership: 1%, Female Ownership: No registration charges,  Joint (Male + Female) Ownership: 1 % ",3,Apartment,1066.81,Carpet Area,12300000,True,Jul ‘28 possession,07-2028,https://imagecdn.99acres.com/projects/example/2hthjtb_1758794658_652358073.jpg,https://www.99acres.com/exidmicrosite/property_2d3d_xid.php?projectCode=61451&bno=101&blockId=129053&fno=F1_101&measurement=1&jquery=1&compare=1&g2c=1&hide_button=1&switch_HD=1&platform=DESKTOP,ART NIRMAN LIMITED (Builder)
454668,Art Shree Vishnudhara Residency,Residential,NEW LAUNCH,Ahmedabad West,Naranpura,Gujarat,23.06448653466154,72.55426719854866,"SHREE VISHNUDHARA RESIDENCY,OPP GHB OFFICE, , Ahmedabad City, Ahmedabad, GUJARAT, 380013",380013,12300000,12449998,1.23 - 1.24 Cr,https://www.99acres.com/exidmicrosite/siteplan_g2c.php?live=2&g2c=1&xid_request=1&code=61451,True,3,"Decorative entrance, premium elevators, and a multi-purpose hall | Elevated Party Garden, Gym, Game Room, and Senior Citizen Sitting Area | 24x7 security with CCTV surveillance at key points for peace of mind | Building-wide fire suppression system for enhanced safety","Stamp Duty: 5.9 % for Male, 4.9 % for Female, 5.9 % for Joint (Male and Female), 4.9 % For Joint (Female and Female) | Registration Charges: Male Ownership: 1%, Female Ownership: No registration charges,  Joint (Male + Female) Ownership: 1 % ",3,Apartment,1079.51,Carpet Area,12449998,True,Jul ‘28 possession,07-2028,https://imagecdn.99acres.com/projects/example/sfovdlv_1758794612_652357609.jpg,https://www.99acres.com/exidmicrosite/property_2d3d_xid.php?projectCode=61451&bno=102&blockId=129053&fno=F1_102&measurement=1&jquery=1&compare=1&g2c=1&hide_button=1&switch_HD=1&platform=DESKTOP,ART NIRMAN LIMITED (Builder)
441166,Art Shree Vishnudhara Nidhi Apartment,Residential,NEW LAUNCH,Ahmedabad West,Naranpura,Gujarat,23.06401,72.55422,"OPP GHB OFFICE, , Ahmedabad City, Ahmedabad, Gujarat, 380013",380013,11199995,12230132,1.12 - 1.22 Cr,https://www.99acres.com/exidmicrosite/siteplan_g2c.php?live=2&g2c=1&xid_request=1&code=61661,True,3,"Inspired by the divine treasures of Nav Nidhi from Indian mythology | Sleek, modern facade with captivating architecture | Prime location 132 ft. Ring Road, excellent connectivity | Get Unit of your choice","Stamp Duty: 5.9 % for Male, 4.9 % for Female, 5.9 % for Joint (Male and Female), 4.9 % For Joint (Female and Female) | Registration Charges: Male Ownership: 1%, Female Ownership: No registration charges,  Joint (Male + Female) Ownership: 1 % ",3,Apartment,2044.0,Super Built-up Area,11199995,True,Oct ‘27 possession,10-2027,https://imagecdn.99acres.com/projects/example/rhl3kub_1760600737_661229551.jpg,https://www.99acres.com/exidmicrosite/property_2d3d_xid.php?projectCode=61661&bno=101&blockId=129601&fno=F1_101&measurement=1&jquery=1&compare=1&g2c=1&hide_button=1&switch_HD=1&platform=DESKTOP,ART NIRMAN LIMITED (Builder)
441166,Art Shree Vishnudhara Nidhi Apartment,Residential,NEW LAUNCH,Ahmedabad West,Naranpura,Gujarat,23.06401,72.55422,"OPP GHB OFFICE, , Ahmedabad City, Ahmedabad, Gujarat, 380013",380013,11199995,12230132,1.12 - 1.22 Cr,https://www.99acres.com/exidmicrosite/siteplan_g2c.php?live=2&g2c=1&xid_request=1&code=61661,True,3,"Inspired by the divine treasures of Nav Nidhi from Indian mythology | Sleek, modern facade with captivating architecture | Prime location 132 ft. Ring Road, excellent connectivity | Get Unit of your choice","Stamp Duty: 5.9 % for Male, 4.9 % for Female, 5.9 % for Joint (Male and Female), 4.9 % For Joint (Female and Female) | Registration Charges: Male Ownership: 1%, Female Ownership: No registration charges,  Joint (Male + Female) Ownership: 1 % ",3,Apartment,2232.0,Super Built-up Area,12230132,True,Oct ‘27 possession,10-2027,https://imagecdn.99acres.com/projects/example/yk0snes_1760600717_661229311.jpg,https://www.99acres.com/exidmicrosite/property_2d3d_xid.php?projectCode=61661&bno=102&blockId=129601&fno=F1_102&measurement=1&jquery=1&compare=1&g2c=1&hide_button=1&switch_HD=1&platform=DESKTOP,ART NIRMAN LIMITED (Builder) | Vikas Dave (Dealer)
453036,The Empress,Residential,NEW LAUNCH,Ahmedabad West,South Bopal,Gujarat,23.024444,72.463804,"Gala Gymkhana Road , South Bopal , Ahmedabad",380058,10700000,10700000,1.07 Cr,https://www.99acres.com/exidmicrosite/siteplan_g2c.php?live=2&g2c=1&xid_request=1&code=61294,True,3,Only 3 BHK Apartments | 21 fabulous floors with Panoramic Balcony | Two wide road Corner Premium Plot | 10'ft clear Ceiling Height with Premium Specifications,"Stamp Duty: 5.9 % for Male, 4.9 % for Female, 5.9 % for Joint (Male and Female), 4.9 % For Joint (Female and Female) | Registration Charges: Male Ownership: 1%, Female Ownership: No registration charges,  Joint (Male + Female) Ownership: 1 % ",3,Apartment,2050.0,Super Built-up Area,10700000,True,Dec ‘28 possession,12-2028,,,Nikunj Patel (Builder)
412517,Vivaan Orbit,Residential,NEW LAUNCH,Ahmedabad North,Zundal,Gujarat,23.138632091306,72.569479481314,"VIVAAN ORBIT, B/H HILLOCK HOTEL, SPRING ROAD, ZUNDAL, GANDHINAGAR 382421",382421,6000000,8000000,60 - 80 L,https://www.99acres.com/exidmicrosite/siteplan_g2c.php?live=2&g2c=1&xid_request=1&code=55252,True,"2,3",Well connected with Sardar Patel Ring Road with the distance of 1 km | Convenience of KD Hospital at the distance of 4 km | Electric vehicle charging point available  | Properties with 100% power backup available,"Stamp Duty: 5.9 % for Male, 4.9 % for Female, 5.9 % for Joint (Male and Female), 4.9 % For Joint (Female and Female) | Registration Charges: Male Ownership: 1%, Female Ownership: No registration charges,  Joint (Male + Female) Ownership: 1 % ",2,Apartment,669.52,Carpet Area,6000000,True,Jun ‘28 possession,06-2028,https://newprojects.99acres.com/projects/meadows_properties/meadows_vivaan_orbit/maps/iwhg8wr_1701066061_458393340.jpg,https://www.99acres.com/exidmicrosite/property_2d3d_xid.php?projectCode=55252&bno=101&blockId=115128&fno=F1_101&measurement=1&jquery=1&compare=1&g2c=1&hide_button=1&switch_HD=1&platform=DESKTOP,Vivaan Group (Builder) | Mitesh Bagrecha (Dealer) | Z.A. KESHWANI (Dealer) | Vijay Desai (Dealer) | BHAVESH PANDYA (Dealer)
412517,Vivaan Orbit,Residential,NEW LAUNCH,Ahmedabad North,Zundal,Gujarat,23.138632091306,72.569479481314,"VIVAAN ORBIT, B/H HILLOCK HOTEL, SPRING ROAD, ZUNDAL, GANDHINAGAR 382421",382421,6000000,8000000,60 - 80 L,https://www.99acres.com/exidmicrosite/siteplan_g2c.php?live=2&g2c=1&xid_request=1&code=55252,True,"2,3",Well connected with Sardar Patel Ring Road with the distance of 1 km | Convenience of KD Hospital at the distance of 4 km | Electric vehicle charging point available  | Properties with 100% power backup available,"Stamp Duty: 5.9 % for Male, 4.9 % for Female, 5.9 % for Joint (Male and Female), 4.9 % For Joint (Female and Female) | Registration Charges: Male Ownership: 1%, Female Ownership: No registration charges,  Joint (Male + Female) Ownership: 1 % ",3,Apartment,861.87,Carpet Area,8000000,True,Jun ‘28 possession,06-2028,https://newprojects.99acres.com/projects/meadows_properties/meadows_vivaan_orbit/maps/jsqrepq_1701066052_458393304.jpg,https://www.99acres.com/exidmicrosite/property_2d3d_xid.php?projectCode=55252&bno=102&blockId=115128&fno=F1_102&measurement=1&jquery=1&compare=1&g2c=1&hide_button=1&switch_HD=1&platform=DESKTOP,Vivaan Group (Builder) | Mitesh Bagrecha (Dealer) | Z.A. KESHWANI (Dealer) | Vijay Desai (Dealer) | BHAVESH PANDYA (Dealer)
426865,Scarlet Springs,Residential,NEW LAUNCH,Ahmedabad North,New Ranip,Gujarat,23.094039,72.567696,"New Ranip, Ahmedabad North",382480,7599993,7599993,76 L,https://www.99acres.com/exidmicrosite/siteplan_g2c.php?live=2&g2c=1&xid_request=1&code=61733,True,3,"Meticulously crafted towers with panoramic city skyline views

 | Overlooking Kaligam Garden for serene green vistas

 | Immediate access via an 18-meter wide approach road

 | Diversity lawn, fitness center, kids circuit, and jogging track","Stamp Duty: 5.9 % for Male, 4.9 % for Female, 5.9 % for Joint (Male and Female), 4.9 % For Joint (Female and Female) | Registration Charges: Male Ownership: 1%, Female Ownership: No registration charges,  Joint (Male + Female) Ownership: 1 % ",3,Apartment,1674.0,Super Built-up Area,7599993,True,Dec ‘26 possession,12-2026,https://imagecdn.99acres.com/projects/example/7vvt5cg_1761646364_664939671.jpg,https://www.99acres.com/exidmicrosite/property_2d3d_xid.php?projectCode=61733&bno=101&blockId=129527&fno=F1_101&measurement=1&jquery=1&compare=1&g2c=1&hide_button=1&switch_HD=1&platform=DESKTOP,Scarlet Springs (Builder)
426865,Scarlet Springs,Residential,NEW LAUNCH,Ahmedabad North,New Ranip,Gujarat,23.094039,72.567696,"New Ranip, Ahmedabad North",382480,7599993,7599993,76 L,https://www.99acres.com/exidmicrosite/siteplan_g2c.php?live=2&g2c=1&xid_request=1&code=61733,True,3,"Meticulously crafted towers with panoramic city skyline views

 | Overlooking Kaligam Garden for serene green vistas

 | Immediate access via an 18-meter wide approach road

 | Diversity lawn, fitness center, kids circuit, and jogging track","Stamp Duty: 5.9 % for Male, 4.9 % for Female, 5.9 % for Joint (Male and Female), 4.9 % For Joint (Female and Female) | Registration Charges: Male Ownership: 1%, Female Ownership: No registration charges,  Joint (Male + Female) Ownership: 1 % ",3,Apartment,815.47,Carpet Area,0,False,,,https://imagecdn.99acres.com/projects/example/gj9ucex_1761646168_664937469.jpg,https://www.99acres.com/exidmicrosite/property_2d3d_xid.php?projectCode=61733&bno=102&blockId=129527&fno=F1_102&measurement=1&jquery=1&compare=1&g2c=1&hide_button=1&switch_HD=1&platform=DESKTOP,
437858,Shivana Aresta,Residential,NEW LAUNCH,Ahmedabad West,South Bopal,Gujarat,23.02131,72.4518,"Daskroi, Ahmedabad East",380058,7630000,7630000,76.3 L,https://www.99acres.com/exidmicrosite/siteplan_g2c.php?live=2&g2c=1&xid_request=1&code=61657,True,3,Only 3 units per floor | No parking zone on the ground floor | No common wall between apartments | 80 feet space between 2 towers,"Stamp Duty: 5.9 % for Male, 4.9 % for Female, 5.9 % for Joint (Male and Female), 4.9 % For Joint (Female and Female) | Registration Charges: Male Ownership: 1%, Female Ownership: No registration charges,  Joint (Male + Female) Ownership: 1 % ",3,Apartment,1760.0,Super Built-up Area,7630000,True,Aug ‘28 possession,08-2028,https://imagecdn.99acres.com/projects/example/vczskcf_1761648712_664964615.jpg,https://www.99acres.com/exidmicrosite/property_2d3d_xid.php?projectCode=61657&bno=101&blockId=129501&fno=F1_101&measurement=1&jquery=1&compare=1&g2c=1&hide_button=1&switch_HD=1&platform=DESKTOP,VIKASH PATEL (Builder)
398882,Suryansh Sanidhya Shivalaya,Residential,NEW LAUNCH,Ahmedabad West,Sarkhej,Gujarat,22.976399630304,72.4867245004,"Sarkhej, Ahmedabad South",382210,4400000,4400000,44 L,https://www.99acres.com/exidmicrosite/siteplan_g2c.php?live=2&g2c=1&xid_request=1&code=52793,True,2,"The Main 100 Feet TP Road scheme is located amidst lush green spaces | Three-way connectivity to SG Highway West, SP Ring Road | SG Highway West is 240 meters away, closest link to main road | Project area 4.5 feet above SG Highway, free from waterlogging","Stamp Duty: 5.9 % for Male, 4.9 % for Female, 5.9 % for Joint (Male and Female), 4.9 % For Joint (Female and Female) | Registration Charges: Male Ownership: 1%, Female Ownership: No registration charges,  Joint (Male + Female) Ownership: 1 % ",2,Apartment,1080.0,Super Built-up Area,4400000,True,Dec ‘25 possession,12-2025,https://newprojects.99acres.com/projects/sunbuildcon_projects_llp/sunbuildcon_suryansh_sanidhya/maps/u6d7ps88.png,https://www.99acres.com/exidmicrosite/property_2d3d_xid.php?projectCode=52793&bno=101&blockId=109786&fno=F1_101&measurement=1&jquery=1&compare=1&g2c=1&hide_button=1&switch_HD=1&platform=DESKTOP,SUN BUILDCON (Builder)
439275,Shivam Skydeck,Residential,NEW LAUNCH,Ahmedabad North,New CG Road,Gujarat,23.1102895,72.5859099,AHEMBADABAD,,12500000,24300000,1.25 - 2.43 Cr,https://www.99acres.com/exidmicrosite/siteplan_g2c.php?live=2&g2c=1&xid_request=1&code=62502,True,"3,4","Vastu-compliant, elegant apartments with an attractive entrance | Vehicle-free zones with a senior citizen sitout and walking track | The project provides 24-hour security with CCTV surveillance | Get Unit of your choice","Stamp Duty: 5.9 % for Male, 4.9 % for Female, 5.9 % for Joint (Male and Female), 4.9 % For Joint (Female and Female) | Registration Charges: Male Ownership: 1%, Female Ownership: No registration charges,  Joint (Male + Female) Ownership: 1 % ",3,Apartment,2268.0,Super Built-up Area,12500000,True,Dec ‘26 possession,12-2026,https://imagecdn.99acres.com/projects/example/w4ev4qe_1766559738_690028263.jpg,https://www.99acres.com/exidmicrosite/property_2d3d_xid.php?projectCode=62502&bno=101&blockId=130983&fno=F1_101&measurement=1&jquery=1&compare=1&g2c=1&hide_button=1&switch_HD=1&platform=DESKTOP,Shivam skydeck (Builder)
439275,Shivam Skydeck,Residential,NEW LAUNCH,Ahmedabad North,New CG Road,Gujarat,23.1102895,72.5859099,AHEMBADABAD,,12500000,24300000,1.25 - 2.43 Cr,https://www.99acres.com/exidmicrosite/siteplan_g2c.php?live=2&g2c=1&xid_request=1&code=62502,True,"3,4","Vastu-compliant, elegant apartments with an attractive entrance | Vehicle-free zones with a senior citizen sitout and walking track | The project provides 24-hour security with CCTV surveillance | Get Unit of your choice","Stamp Duty: 5.9 % for Male, 4.9 % for Female, 5.9 % for Joint (Male and Female), 4.9 % For Joint (Female and Female) | Registration Charges: Male Ownership: 1%, Female Ownership: No registration charges,  Joint (Male + Female) Ownership: 1 % ",3,Apartment,2448.0,Super Built-up Area,13700000,True,Dec ‘26 possession,12-2026,https://imagecdn.99acres.com/projects/example/w6io18s_1766559793_690029011.jpg,https://www.99acres.com/exidmicrosite/property_2d3d_xid.php?projectCode=62502&bno=102&blockId=130983&fno=F1_102&measurement=1&jquery=1&compare=1&g2c=1&hide_button=1&switch_HD=1&platform=DESKTOP,Shivam skydeck (Builder)
439275,Shivam Skydeck,Residential,NEW LAUNCH,Ahmedabad North,New CG Road,Gujarat,23.1102895,72.5859099,AHEMBADABAD,,12500000,24300000,1.25 - 2.43 Cr,https://www.99acres.com/exidmicrosite/siteplan_g2c.php?live=2&g2c=1&xid_request=1&code=62502,True,"3,4","Vastu-compliant, elegant apartments with an attractive entrance | Vehicle-free zones with a senior citizen sitout and walking track | The project provides 24-hour security with CCTV surveillance | Get Unit of your choice","Stamp Duty: 5.9 % for Male, 4.9 % for Female, 5.9 % for Joint (Male and Female), 4.9 % For Joint (Female and Female) | Registration Charges: Male Ownership: 1%, Female Ownership: No registration charges,  Joint (Male + Female) Ownership: 1 % ",3,Apartment,2610.0,Super Built-up Area,14800000,True,Dec ‘26 possession,12-2026,https://imagecdn.99acres.com/projects/example/mtvm7nx_1766559839_690029683.jpg,https://www.99acres.com/exidmicrosite/property_2d3d_xid.php?projectCode=62502&bno=103&blockId=130983&fno=F1_103&measurement=1&jquery=1&compare=1&g2c=1&hide_button=1&switch_HD=1&platform=DESKTOP,Shivam skydeck (Builder)
439275,Shivam Skydeck,Residential,NEW LAUNCH,Ahmedabad North,New CG Road,Gujarat,23.1102895,72.5859099,AHEMBADABAD,,12500000,24300000,1.25 - 2.43 Cr,https://www.99acres.com/exidmicrosite/siteplan_g2c.php?live=2&g2c=1&xid_request=1&code=62502,True,"3,4","Vastu-compliant, elegant apartments with an attractive entrance | Vehicle-free zones with a senior citizen sitout and walking track | The project provides 24-hour security with CCTV surveillance | Get Unit of your choice","Stamp Duty: 5.9 % for Male, 4.9 % for Female, 5.9 % for Joint (Male and Female), 4.9 % For Joint (Female and Female) | Registration Charges: Male Ownership: 1%, Female Ownership: No registration charges,  Joint (Male + Female) Ownership: 1 % ",4,Apartment,4158.0,Super Built-up Area,24300000,True,Dec ‘26 possession,12-2026,https://imagecdn.99acres.com/projects/example/uhoo9kq_1766558637_690015467.jpg,https://www.99acres.com/exidmicrosite/property_2d3d_xid.php?projectCode=62502&bno=104&blockId=130983&fno=F1_104&measurement=1&jquery=1&compare=1&g2c=1&hide_button=1&switch_HD=1&platform=DESKTOP,Shivam skydeck (Builder)
419821,Aadhya Arambh,Residential,NEW LAUNCH,Ahmedabad West,Ghatlodia,Gujarat,23.085446,72.546699,"Ghatlodia, Ahmedabad",380061,0,16220837,1.62 Cr,https://www.99acres.com/exidmicrosite/siteplan_g2c.php?live=2&g2c=1&xid_request=1&code=55861,True,"3,4",Developed by Balatripura Developers with a focus on durability | Located in an area witnessing robust infrastructural growth | Proximity to parks and recreational areas for a healthy lifestyle | Strategically positioned for easy access to key parts of Ahmedabad,"Stamp Duty: 5.9 % for Male, 4.9 % for Female, 5.9 % for Joint (Male and Female), 4.9 % For Joint (Female and Female) | Registration Charges: Male Ownership: 1%, Female Ownership: No registration charges,  Joint (Male + Female) Ownership: 1 % ",3,Apartment,1270.14,Carpet Area,12899999,True,Dec ‘26 possession,12-2026,https://newprojects.99acres.com/projects/balatripura_developers/balatripura_aadhya_arambh/maps/gqx5sac_1706684682_470465484.jpg,https://www.99acres.com/exidmicrosite/property_2d3d_xid.php?projectCode=55861&bno=113&blockId=115978&fno=F1_113&measurement=1&jquery=1&compare=1&g2c=1&hide_button=1&switch_HD=1&platform=DESKTOP,Shikhar Projects (Builder)
419821,Aadhya Arambh,Residential,NEW LAUNCH,Ahmedabad West,Ghatlodia,Gujarat,23.085446,72.546699,"Ghatlodia, Ahmedabad",380061,0,16220837,1.62 Cr,https://www.99acres.com/exidmicrosite/siteplan_g2c.php?live=2&g2c=1&xid_request=1&code=55861,True,"3,4",Developed by Balatripura Developers with a focus on durability | Located in an area witnessing robust infrastructural growth | Proximity to parks and recreational areas for a healthy lifestyle | Strategically positioned for easy access to key parts of Ahmedabad,"Stamp Duty: 5.9 % for Male, 4.9 % for Female, 5.9 % for Joint (Male and Female), 4.9 % For Joint (Female and Female) | Registration Charges: Male Ownership: 1%, Female Ownership: No registration charges,  Joint (Male + Female) Ownership: 1 % ",3,Apartment,1289.52,Carpet Area,13092991,True,Dec ‘26 possession,12-2026,https://newprojects.99acres.com/projects/balatripura_developers/balatripura_aadhya_arambh/maps/ttkryg7_1706684683_470465508.jpg,https://www.99acres.com/exidmicrosite/property_2d3d_xid.php?projectCode=55861&bno=114&blockId=115978&fno=F1_114&measurement=1&jquery=1&compare=1&g2c=1&hide_button=1&switch_HD=1&platform=DESKTOP,Shikhar Projects (Builder)
419821,Aadhya Arambh,Residential,NEW LAUNCH,Ahmedabad West,Ghatlodia,Gujarat,23.085446,72.546699,"Ghatlodia, Ahmedabad",380061,0,16220837,1.62 Cr,https://www.99acres.com/exidmicrosite/siteplan_g2c.php?live=2&g2c=1&xid_request=1&code=55861,True,"3,4",Developed by Balatripura Developers with a focus on durability | Located in an area witnessing robust infrastructural growth | Proximity to parks and recreational areas for a healthy lifestyle | Strategically positioned for easy access to key parts of Ahmedabad,"Stamp Duty: 5.9 % for Male, 4.9 % for Female, 5.9 % for Joint (Male and Female), 4.9 % For Joint (Female and Female) | Registration Charges: Male Ownership: 1%, Female Ownership: No registration charges,  Joint (Male + Female) Ownership: 1 % ",3,Apartment,1317.5,Carpet Area,13377401,True,Dec ‘26 possession,12-2026,https://newprojects.99acres.com/projects/balatripura_developers/balatripura_aadhya_arambh/maps/vxexhag_1706684684_470465514.jpg,,Shikhar Projects (Builder)
419821,Aadhya Arambh,Residential,NEW LAUNCH,Ahmedabad West,Ghatlodia,Gujarat,23.085446,72.546699,"Ghatlodia, Ahmedabad",380061,0,16220837,1.62 Cr,https://www.99acres.com/exidmicrosite/siteplan_g2c.php?live=2&g2c=1&xid_request=1&code=55861,True,"3,4",Developed by Balatripura Developers with a focus on durability | Located in an area witnessing robust infrastructural growth | Proximity to parks and recreational areas for a healthy lifestyle | Strategically positioned for easy access to key parts of Ahmedabad,"Stamp Duty: 5.9 % for Male, 4.9 % for Female, 5.9 % for Joint (Male and Female), 4.9 % For Joint (Female and Female) | Registration Charges: Male Ownership: 1%, Female Ownership: No registration charges,  Joint (Male + Female) Ownership: 1 % ",3,Apartment,1359.48,Carpet Area,13804015,True,Dec ‘26 possession,12-2026,https://newprojects.99acres.com/projects/balatripura_developers/balatripura_aadhya_arambh/maps/7vknctv_1706684683_470465496.jpg,https://www.99acres.com/exidmicrosite/property_2d3d_xid.php?projectCode=55861&bno=111&blockId=115978&fno=F1_111&measurement=1&jquery=1&compare=1&g2c=1&hide_button=1&switch_HD=1&platform=DESKTOP,Shikhar Projects (Builder)
419821,Aadhya Arambh,Residential,NEW LAUNCH,Ahmedabad West,Ghatlodia,Gujarat,23.085446,72.546699,"Ghatlodia, Ahmedabad",380061,0,16220837,1.62 Cr,https://www.99acres.com/exidmicrosite/siteplan_g2c.php?live=2&g2c=1&xid_request=1&code=55861,True,"3,4",Developed by Balatripura Developers with a focus on durability | Located in an area witnessing robust infrastructural growth | Proximity to parks and recreational areas for a healthy lifestyle | Strategically positioned for easy access to key parts of Ahmedabad,"Stamp Duty: 5.9 % for Male, 4.9 % for Female, 5.9 % for Joint (Male and Female), 4.9 % For Joint (Female and Female) | Registration Charges: Male Ownership: 1%, Female Ownership: No registration charges,  Joint (Male + Female) Ownership: 1 % ",4,Apartment,1512.33,Carpet Area,15300003,True,Dec ‘26 possession,12-2026,https://newprojects.99acres.com/projects/balatripura_developers/balatripura_aadhya_arambh/maps/6m4c2lw_1706684736_470466066.jpg,https://www.99acres.com/exidmicrosite/property_2d3d_xid.php?projectCode=55861&bno=121&blockId=115978&fno=F1_121&measurement=1&jquery=1&compare=1&g2c=1&hide_button=1&switch_HD=1&platform=DESKTOP,Shikhar Projects (Builder)
419821,Aadhya Arambh,Residential,NEW LAUNCH,Ahmedabad West,Ghatlodia,Gujarat,23.085446,72.546699,"Ghatlodia, Ahmedabad",380061,0,16220837,1.62 Cr,https://www.99acres.com/exidmicrosite/siteplan_g2c.php?live=2&g2c=1&xid_request=1&code=55861,True,"3,4",Developed by Balatripura Developers with a focus on durability | Located in an area witnessing robust infrastructural growth | Proximity to parks and recreational areas for a healthy lifestyle | Strategically positioned for easy access to key parts of Ahmedabad,"Stamp Duty: 5.9 % for Male, 4.9 % for Female, 5.9 % for Joint (Male and Female), 4.9 % For Joint (Female and Female) | Registration Charges: Male Ownership: 1%, Female Ownership: No registration charges,  Joint (Male + Female) Ownership: 1 % ",4,Apartment,1557.54,Carpet Area,15755360,True,Dec ‘26 possession,12-2026,https://newprojects.99acres.com/projects/balatripura_developers/balatripura_aadhya_arambh/maps/lqb39ep_1706684682_470465488.jpg,https://www.99acres.com/exidmicrosite/property_2d3d_xid.php?projectCode=55861&bno=112&blockId=115978&fno=F1_112&measurement=1&jquery=1&compare=1&g2c=1&hide_button=1&switch_HD=1&platform=DESKTOP,Shikhar Projects (Builder)
419821,Aadhya Arambh,Residential,NEW LAUNCH,Ahmedabad West,Ghatlodia,Gujarat,23.085446,72.546699,"Ghatlodia, Ahmedabad",380061,0,16220837,1.62 Cr,https://www.99acres.com/exidmicrosite/siteplan_g2c.php?live=2&g2c=1&xid_request=1&code=55861,True,"3,4",Developed by Balatripura Developers with a focus on durability | Located in an area witnessing robust infrastructural growth | Proximity to parks and recreational areas for a healthy lifestyle | Strategically positioned for easy access to key parts of Ahmedabad,"Stamp Duty: 5.9 % for Male, 4.9 % for Female, 5.9 % for Joint (Male and Female), 4.9 % For Joint (Female and Female) | Registration Charges: Male Ownership: 1%, Female Ownership: No registration charges,  Joint (Male + Female) Ownership: 1 % ",4,Apartment,1603.82,Carpet Area,16220837,True,Dec ‘26 possession,12-2026,https://newprojects.99acres.com/projects/balatripura_developers/balatripura_aadhya_arambh/maps/rwaa1tc_1706684681_470465480.jpg,https://www.99acres.com/exidmicrosite/property_2d3d_xid.php?projectCode=55861&bno=119&blockId=115978&fno=F1_119&measurement=1&jquery=1&compare=1&g2c=1&hide_button=1&switch_HD=1&platform=DESKTOP,Shikhar Projects (Builder)
419821,Aadhya Arambh,Residential,NEW LAUNCH,Ahmedabad West,Ghatlodia,Gujarat,23.085446,72.546699,"Ghatlodia, Ahmedabad",380061,0,16220837,1.62 Cr,https://www.99acres.com/exidmicrosite/siteplan_g2c.php?live=2&g2c=1&xid_request=1&code=55861,True,"3,4",Developed by Balatripura Developers with a focus on durability | Located in an area witnessing robust infrastructural growth | Proximity to parks and recreational areas for a healthy lifestyle | Strategically positioned for easy access to key parts of Ahmedabad,"Stamp Duty: 5.9 % for Male, 4.9 % for Female, 5.9 % for Joint (Male and Female), 4.9 % For Joint (Female and Female) | Registration Charges: Male Ownership: 1%, Female Ownership: No registration charges,  Joint (Male + Female) Ownership: 1 % ",4,Apartment,1649.03,Carpet Area,0,False,,,https://newprojects.99acres.com/projects/balatripura_developers/balatripura_aadhya_arambh/maps/vzbkkur_1706684683_470465492.jpg,https://www.99acres.com/exidmicrosite/property_2d3d_xid.php?projectCode=55861&bno=120&blockId=115978&fno=F1_120&measurement=1&jquery=1&compare=1&g2c=1&hide_button=1&switch_HD=1&platform=DESKTOP,
448207,Sun Citypark,Residential,NEW LAUNCH,Ahmedabad West,Ghatlodia,Gujarat,23.069911,72.538013,"Sattadhar - Saibaba Mandir Road, Ahmedabad",380061,9900000,11200000,99 L - 1.12 Cr,https://www.99acres.com/exidmicrosite/siteplan_g2c.php?live=2&g2c=1&xid_request=1&code=60768,True,3,"Designed by HM Architects; structure by consultant Umang Patel | Central courtyard with pathways, play zones, and relaxation areas | Layout promotes natural light and ventilation in all blocks | First-floor social plaza with seating and kids' play zone","Stamp Duty: 5.9 % for Male, 4.9 % for Female, 5.9 % for Joint (Male and Female), 4.9 % For Joint (Female and Female) | Registration Charges: Male Ownership: 1%, Female Ownership: No registration charges,  Joint (Male + Female) Ownership: 1 % ",3,Apartment,861.22,Carpet Area,9900000,True,Jun ‘28 possession,06-2028,https://imagecdn.99acres.com/projects/example/ybxvb9o_1752649951_619649921.jpg,https://www.99acres.com/exidmicrosite/property_2d3d_xid.php?projectCode=60768&bno=101&blockId=127277&fno=F1_101&measurement=1&jquery=1&compare=1&g2c=1&hide_button=1&switch_HD=1&platform=DESKTOP,Mr Mahendra Kalal (Builder)
448207,Sun Citypark,Residential,NEW LAUNCH,Ahmedabad West,Ghatlodia,Gujarat,23.069911,72.538013,"Sattadhar - Saibaba Mandir Road, Ahmedabad",380061,9900000,11200000,99 L - 1.12 Cr,https://www.99acres.com/exidmicrosite/siteplan_g2c.php?live=2&g2c=1&xid_request=1&code=60768,True,3,"Designed by HM Architects; structure by consultant Umang Patel | Central courtyard with pathways, play zones, and relaxation areas | Layout promotes natural light and ventilation in all blocks | First-floor social plaza with seating and kids' play zone","Stamp Duty: 5.9 % for Male, 4.9 % for Female, 5.9 % for Joint (Male and Female), 4.9 % For Joint (Female and Female) | Registration Charges: Male Ownership: 1%, Female Ownership: No registration charges,  Joint (Male + Female) Ownership: 1 % ",3,Apartment,911.17,Carpet Area,10500000,True,Jun ‘28 possession,06-2028,https://imagecdn.99acres.com/projects/example/couk1m0_1752649976_619650195.jpg,https://www.99acres.com/exidmicrosite/property_2d3d_xid.php?projectCode=60768&bno=102&blockId=127277&fno=F1_102&measurement=1&jquery=1&compare=1&g2c=1&hide_button=1&switch_HD=1&platform=DESKTOP,Mr Mahendra Kalal (Builder)
448207,Sun Citypark,Residential,NEW LAUNCH,Ahmedabad West,Ghatlodia,Gujarat,23.069911,72.538013,"Sattadhar - Saibaba Mandir Road, Ahmedabad",380061,9900000,11200000,99 L - 1.12 Cr,https://www.99acres.com/exidmicrosite/siteplan_g2c.php?live=2&g2c=1&xid_request=1&code=60768,True,3,"Designed by HM Architects; structure by consultant Umang Patel | Central courtyard with pathways, play zones, and relaxation areas | Layout promotes natural light and ventilation in all blocks | First-floor social plaza with seating and kids' play zone","Stamp Duty: 5.9 % for Male, 4.9 % for Female, 5.9 % for Joint (Male and Female), 4.9 % For Joint (Female and Female) | Registration Charges: Male Ownership: 1%, Female Ownership: No registration charges,  Joint (Male + Female) Ownership: 1 % ",3,Apartment,977.9,Carpet Area,11200000,True,Jun ‘28 possession,06-2028,https://imagecdn.99acres.com/projects/example/bvovnqj_1752650008_619650505.jpg,https://www.99acres.com/exidmicrosite/property_2d3d_xid.php?projectCode=60768&bno=103&blockId=127277&fno=F1_103&measurement=1&jquery=1&compare=1&g2c=1&hide_button=1&switch_HD=1&platform=DESKTOP,Mr Mahendra Kalal (Builder)
441826,The One,Residential,NEW LAUNCH,Ahmedabad West,Satellite,Gujarat,23.01623,72.52653,"Nr. M.G Farm & Party Plot,Bileshwar Mahadev Road,Jodhpur,Satellite,Ahmedabad",380015,28800000,45120000,2.88 - 4.51 Cr,https://www.99acres.com/exidmicrosite/siteplan_g2c.php?live=2&g2c=1&xid_request=1&code=60032,True,4,"3-side open spaces with expansive views
 | Spacious penthouses, featuring 770 sq. ft. terraces
 | Large balconies with private foyers for enhanced privacy
 | 30,000 sq ft clubhouse with gym, squash, and indoor games
","Stamp Duty: 5.9 % for Male, 4.9 % for Female, 5.9 % for Joint (Male and Female), 4.9 % For Joint (Female and Female) | Registration Charges: Male Ownership: 1%, Female Ownership: No registration charges,  Joint (Male + Female) Ownership: 1 % ",4,Apartment,3615.0,Super Built-up Area,28920000,True,Dec ‘30 possession,12-2030,https://imagecdn.99acres.com/projects/example/tltrq8p_1757311987_644096129.jpg,https://www.99acres.com/exidmicrosite/property_2d3d_xid.php?projectCode=60032&bno=101&blockId=126435&fno=F1_101&measurement=1&jquery=1&compare=1&g2c=1&hide_button=1&switch_HD=1&platform=DESKTOP,aaryan group (Builder) | Kayra Property Solutions (Dealer) | V A Real Estate (Dealer) | TORAL C PANDYA (RERA REGISTERED Dealer)
441826,The One,Residential,NEW LAUNCH,Ahmedabad West,Satellite,Gujarat,23.01623,72.52653,"Nr. M.G Farm & Party Plot,Bileshwar Mahadev Road,Jodhpur,Satellite,Ahmedabad",380015,28800000,45120000,2.88 - 4.51 Cr,https://www.99acres.com/exidmicrosite/siteplan_g2c.php?live=2&g2c=1&xid_request=1&code=60032,True,4,"3-side open spaces with expansive views
 | Spacious penthouses, featuring 770 sq. ft. terraces
 | Large balconies with private foyers for enhanced privacy
 | 30,000 sq ft clubhouse with gym, squash, and indoor games
","Stamp Duty: 5.9 % for Male, 4.9 % for Female, 5.9 % for Joint (Male and Female), 4.9 % For Joint (Female and Female) | Registration Charges: Male Ownership: 1%, Female Ownership: No registration charges,  Joint (Male + Female) Ownership: 1 % ",4,Apartment,3640.0,Super Built-up Area,29120000,True,Dec ‘30 possession,12-2030,https://imagecdn.99acres.com/projects/example/rfqavrd_1757311898_644095273.jpg,https://www.99acres.com/exidmicrosite/property_2d3d_xid.php?projectCode=60032&bno=102&blockId=126435&fno=F1_102&measurement=1&jquery=1&compare=1&g2c=1&hide_button=1&switch_HD=1&platform=DESKTOP,aaryan group (Builder) | Kayra Property Solutions (Dealer) | V A Real Estate (Dealer) | TORAL C PANDYA (RERA REGISTERED Dealer)
441826,The One,Residential,NEW LAUNCH,Ahmedabad West,Satellite,Gujarat,23.01623,72.52653,"Nr. M.G Farm & Party Plot,Bileshwar Mahadev Road,Jodhpur,Satellite,Ahmedabad",380015,28800000,45120000,2.88 - 4.51 Cr,https://www.99acres.com/exidmicrosite/siteplan_g2c.php?live=2&g2c=1&xid_request=1&code=60032,True,4,"3-side open spaces with expansive views
 | Spacious penthouses, featuring 770 sq. ft. terraces
 | Large balconies with private foyers for enhanced privacy
 | 30,000 sq ft clubhouse with gym, squash, and indoor games
","Stamp Duty: 5.9 % for Male, 4.9 % for Female, 5.9 % for Joint (Male and Female), 4.9 % For Joint (Female and Female) | Registration Charges: Male Ownership: 1%, Female Ownership: No registration charges,  Joint (Male + Female) Ownership: 1 % ",4,Apartment,5010.0,Super Built-up Area,40080000,True,Dec ‘30 possession,12-2030,https://imagecdn.99acres.com/projects/example/2n3rpz0_1746004365_591474799.jpg,https://www.99acres.com/exidmicrosite/property_2d3d_xid.php?projectCode=60032&bno=103&blockId=126435&fno=F1_103&measurement=1&jquery=1&compare=1&g2c=1&hide_button=1&switch_HD=1&platform=DESKTOP,aaryan group (Builder) | Kayra Property Solutions (Dealer) | V A Real Estate (Dealer) | TORAL C PANDYA (RERA REGISTERED Dealer)
441826,The One,Residential,NEW LAUNCH,Ahmedabad West,Satellite,Gujarat,23.01623,72.52653,"Nr. M.G Farm & Party Plot,Bileshwar Mahadev Road,Jodhpur,Satellite,Ahmedabad",380015,28800000,45120000,2.88 - 4.51 Cr,https://www.99acres.com/exidmicrosite/siteplan_g2c.php?live=2&g2c=1&xid_request=1&code=60032,True,4,"3-side open spaces with expansive views
 | Spacious penthouses, featuring 770 sq. ft. terraces
 | Large balconies with private foyers for enhanced privacy
 | 30,000 sq ft clubhouse with gym, squash, and indoor games
","Stamp Duty: 5.9 % for Male, 4.9 % for Female, 5.9 % for Joint (Male and Female), 4.9 % For Joint (Female and Female) | Registration Charges: Male Ownership: 1%, Female Ownership: No registration charges,  Joint (Male + Female) Ownership: 1 % ",4,Apartment,5600.0,Super Built-up Area,44800000,True,Dec ‘30 possession,12-2030,https://imagecdn.99acres.com/projects/example/ftjgahl_1746004403_591475051.jpg,https://www.99acres.com/exidmicrosite/property_2d3d_xid.php?projectCode=60032&bno=104&blockId=126435&fno=F1_104&measurement=1&jquery=1&compare=1&g2c=1&hide_button=1&switch_HD=1&platform=DESKTOP,aaryan group (Builder) | Lifestyle Realty Solutions (RERA REGISTERED Dealer) | Kayra Property Solutions (Dealer) | V A Real Estate (Dealer) | TORAL C PANDYA (RERA REGISTERED Dealer)
441826,The One,Residential,NEW LAUNCH,Ahmedabad West,Satellite,Gujarat,23.01623,72.52653,"Nr. M.G Farm & Party Plot,Bileshwar Mahadev Road,Jodhpur,Satellite,Ahmedabad",380015,28800000,45120000,2.88 - 4.51 Cr,https://www.99acres.com/exidmicrosite/siteplan_g2c.php?live=2&g2c=1&xid_request=1&code=60032,True,4,"3-side open spaces with expansive views
 | Spacious penthouses, featuring 770 sq. ft. terraces
 | Large balconies with private foyers for enhanced privacy
 | 30,000 sq ft clubhouse with gym, squash, and indoor games
","Stamp Duty: 5.9 % for Male, 4.9 % for Female, 5.9 % for Joint (Male and Female), 4.9 % For Joint (Female and Female) | Registration Charges: Male Ownership: 1%, Female Ownership: No registration charges,  Joint (Male + Female) Ownership: 1 % ",4,Apartment,5640.0,Super Built-up Area,45120000,True,Dec ‘30 possession,12-2030,https://imagecdn.99acres.com/projects/example/2iyl34o_1746004431_591475165.jpg,https://www.99acres.com/exidmicrosite/property_2d3d_xid.php?projectCode=60032&bno=105&blockId=126435&fno=F1_105&measurement=1&jquery=1&compare=1&g2c=1&hide_button=1&switch_HD=1&platform=DESKTOP,aaryan group (Builder) | Lifestyle Realty Solutions (RERA REGISTERED Dealer) | Kayra Property Solutions (Dealer) | V A Real Estate (Dealer) | TORAL C PANDYA (RERA REGISTERED Dealer)
441826,The One,Residential,NEW LAUNCH,Ahmedabad West,Satellite,Gujarat,23.01623,72.52653,"Nr. M.G Farm & Party Plot,Bileshwar Mahadev Road,Jodhpur,Satellite,Ahmedabad",380015,28800000,45120000,2.88 - 4.51 Cr,https://www.99acres.com/exidmicrosite/siteplan_g2c.php?live=2&g2c=1&xid_request=1&code=60032,True,4,"3-side open spaces with expansive views
 | Spacious penthouses, featuring 770 sq. ft. terraces
 | Large balconies with private foyers for enhanced privacy
 | 30,000 sq ft clubhouse with gym, squash, and indoor games
","Stamp Duty: 5.9 % for Male, 4.9 % for Female, 5.9 % for Joint (Male and Female), 4.9 % For Joint (Female and Female) | Registration Charges: Male Ownership: 1%, Female Ownership: No registration charges,  Joint (Male + Female) Ownership: 1 % ",4,Apartment,3600.0,Super Built-up Area,28800000,True,Dec ‘30 possession,12-2030,,,aaryan group (Builder) | Lifestyle Realty Solutions (RERA REGISTERED Dealer) | Kayra Property Solutions (Dealer) | V A Real Estate (Dealer) | TORAL C PANDYA (RERA REGISTERED Dealer)
423634,Shruti Apartment,Residential,NEW LAUNCH,Ahmedabad West,Memnagar,Gujarat,23.04657,72.53805,"Drive In Road, Behind Manav Mandir, Memnagar, Ahmedabad",380052,11300007,14367152,1.13 - 1.44 Cr,https://www.99acres.com/exidmicrosite/siteplan_g2c.php?live=2&g2c=1&xid_request=1&code=58889,True,3,"Low-density project: only 90 residential units across 10 storeys | Common EV charging point available for sustainable living | Project theme based on ""Collaboration with Nature | Extensive 20+ luxury amenities, including a rooftop garden and library","Stamp Duty: 5.9 % for Male, 4.9 % for Female, 5.9 % for Joint (Male and Female), 4.9 % For Joint (Female and Female) | Registration Charges: Male Ownership: 1%, Female Ownership: No registration charges,  Joint (Male + Female) Ownership: 1 % ",3,Apartment,1890.0,Super Built-up Area,11300007,True,Jun ‘27 possession,06-2027,https://imagecdn.99acres.com/projects/example/hlwxtf4_1737631052_563751739.jpg,https://www.99acres.com/exidmicrosite/property_2d3d_xid.php?projectCode=58889&bno=104&blockId=123320&fno=F1_104&measurement=1&jquery=1&compare=1&g2c=1&hide_button=1&switch_HD=1&platform=DESKTOP,Bosky Sapan Group (Builder)
423634,Shruti Apartment,Residential,NEW LAUNCH,Ahmedabad West,Memnagar,Gujarat,23.04657,72.53805,"Drive In Road, Behind Manav Mandir, Memnagar, Ahmedabad",380052,11300007,14367152,1.13 - 1.44 Cr,https://www.99acres.com/exidmicrosite/siteplan_g2c.php?live=2&g2c=1&xid_request=1&code=58889,True,3,"Low-density project: only 90 residential units across 10 storeys | Common EV charging point available for sustainable living | Project theme based on ""Collaboration with Nature | Extensive 20+ luxury amenities, including a rooftop garden and library","Stamp Duty: 5.9 % for Male, 4.9 % for Female, 5.9 % for Joint (Male and Female), 4.9 % For Joint (Female and Female) | Registration Charges: Male Ownership: 1%, Female Ownership: No registration charges,  Joint (Male + Female) Ownership: 1 % ",3,Apartment,2025.0,Super Built-up Area,12107151,True,Jun ‘27 possession,06-2027,https://imagecdn.99acres.com/projects/example/zaigbqe_1737631121_563752307.jpg,https://www.99acres.com/exidmicrosite/property_2d3d_xid.php?projectCode=58889&bno=103&blockId=123320&fno=F1_103&measurement=1&jquery=1&compare=1&g2c=1&hide_button=1&switch_HD=1&platform=DESKTOP,Bosky Sapan Group (Builder)
423634,Shruti Apartment,Residential,NEW LAUNCH,Ahmedabad West,Memnagar,Gujarat,23.04657,72.53805,"Drive In Road, Behind Manav Mandir, Memnagar, Ahmedabad",380052,11300007,14367152,1.13 - 1.44 Cr,https://www.99acres.com/exidmicrosite/siteplan_g2c.php?live=2&g2c=1&xid_request=1&code=58889,True,3,"Low-density project: only 90 residential units across 10 storeys | Common EV charging point available for sustainable living | Project theme based on ""Collaboration with Nature | Extensive 20+ luxury amenities, including a rooftop garden and library","Stamp Duty: 5.9 % for Male, 4.9 % for Female, 5.9 % for Joint (Male and Female), 4.9 % For Joint (Female and Female) | Registration Charges: Male Ownership: 1%, Female Ownership: No registration charges,  Joint (Male + Female) Ownership: 1 % ",3,Apartment,2223.0,Super Built-up Area,13290961,True,Jun ‘27 possession,06-2027,https://imagecdn.99acres.com/projects/example/pfgi51f_1737631186_563753011.jpg,https://www.99acres.com/exidmicrosite/property_2d3d_xid.php?projectCode=58889&bno=103&blockId=123318&fno=F1_103&measurement=1&jquery=1&compare=1&g2c=1&hide_button=1&switch_HD=1&platform=DESKTOP,Bosky Sapan Group (Builder)
423634,Shruti Apartment,Residential,NEW LAUNCH,Ahmedabad West,Memnagar,Gujarat,23.04657,72.53805,"Drive In Road, Behind Manav Mandir, Memnagar, Ahmedabad",380052,11300007,14367152,1.13 - 1.44 Cr,https://www.99acres.com/exidmicrosite/siteplan_g2c.php?live=2&g2c=1&xid_request=1&code=58889,True,3,"Low-density project: only 90 residential units across 10 storeys | Common EV charging point available for sustainable living | Project theme based on ""Collaboration with Nature | Extensive 20+ luxury amenities, including a rooftop garden and library","Stamp Duty: 5.9 % for Male, 4.9 % for Female, 5.9 % for Joint (Male and Female), 4.9 % For Joint (Female and Female) | Registration Charges: Male Ownership: 1%, Female Ownership: No registration charges,  Joint (Male + Female) Ownership: 1 % ",3,Apartment,2403.0,Super Built-up Area,14367152,True,Jun ‘27 possession,06-2027,https://imagecdn.99acres.com/projects/example/rzm8nxm_1737631255_563753685.jpg,https://www.99acres.com/exidmicrosite/property_2d3d_xid.php?projectCode=58889&bno=104&blockId=122794&fno=F1_104&measurement=1&jquery=1&compare=1&g2c=1&hide_button=1&switch_HD=1&platform=DESKTOP,Bosky Sapan Group (Builder)
395978,Shubham Anthem,Residential,NEW LAUNCH,Ahmedabad West,Shela,Gujarat,23.005785381664,72.446796181673,"Shela, Ahmedabad",382465,8100000,17500000,81 L - 1.75 Cr,https://www.99acres.com/exidmicrosite/siteplan_g2c.php?live=2&g2c=1&xid_request=1&code=55887,True,"3,4",The project is approved by AUDA | 30-meter wide road ensures easy accessibility | Prime location near key amenities and urban connectivity | Get Unit of your choice,"Stamp Duty: 5.9 % for Male, 4.9 % for Female, 5.9 % for Joint (Male and Female), 4.9 % For Joint (Female and Female) | Registration Charges: Male Ownership: 1%, Female Ownership: No registration charges,  Joint (Male + Female) Ownership: 1 % ",3,Apartment,1750.0,Super Built-up Area,8100000,True,Jun ‘26 possession,06-2026,https://imagecdn.99acres.com/projects/example/elsaa2s_1746439286_593010713.jpg,,Yogesh Kalavadia (Builder)
395978,Shubham Anthem,Residential,NEW LAUNCH,Ahmedabad West,Shela,Gujarat,23.005785381664,72.446796181673,"Shela, Ahmedabad",382465,8100000,17500000,81 L - 1.75 Cr,https://www.99acres.com/exidmicrosite/siteplan_g2c.php?live=2&g2c=1&xid_request=1&code=55887,True,"3,4",The project is approved by AUDA | 30-meter wide road ensures easy accessibility | Prime location near key amenities and urban connectivity | Get Unit of your choice,"Stamp Duty: 5.9 % for Male, 4.9 % for Female, 5.9 % for Joint (Male and Female), 4.9 % For Joint (Female and Female) | Registration Charges: Male Ownership: 1%, Female Ownership: No registration charges,  Joint (Male + Female) Ownership: 1 % ",4,Apartment,4075.0,Super Built-up Area,17500000,True,Jun ‘26 possession,06-2026,https://imagecdn.99acres.com/projects/example/ukjj7su_1746439316_593011047.jpg,,Yogesh Kalavadia (Builder)
395198,Aaravi 119,Residential,NEW LAUNCH,Ahmedabad West,Shilaj,Gujarat,23.043990295206,72.472513135413,"AARAVI 119, BEHIND SHREEYAM LOTUS, SHILAJ, Ahmedabad City",380059,7400000,9400000,74 - 94 L,https://www.99acres.com/exidmicrosite/siteplan_g2c.php?live=2&g2c=1&xid_request=1&code=49342,True,"2,3","Live by the 120-ft SBR Ext. Road, opposite the city's largest Oxygen Park | 50 exclusive, airy luxury homes in a low-density G+12 development | Spacious 2 & 3 BHKs: Large rooms, free vestibules & big kitchen yards | Smart 8-ft doors & Jaquar fittings: Affordable luxury at its best","Stamp Duty: 5.9 % for Male, 4.9 % for Female, 5.9 % for Joint (Male and Female), 4.9 % For Joint (Female and Female) | Registration Charges: Male Ownership: 1%, Female Ownership: No registration charges,  Joint (Male + Female) Ownership: 1 % ",2,Apartment,1410.0,Super Built-up Area,7400000,True,Jan ‘26 possession,01-2026,,,Dhruv Bhai (Builder) | PARMAR MITESHKUMAR (RERA REGISTERED Dealer) | Daksh Realtors (Dealer)
395198,Aaravi 119,Residential,NEW LAUNCH,Ahmedabad West,Shilaj,Gujarat,23.043990295206,72.472513135413,"AARAVI 119, BEHIND SHREEYAM LOTUS, SHILAJ, Ahmedabad City",380059,7400000,9400000,74 - 94 L,https://www.99acres.com/exidmicrosite/siteplan_g2c.php?live=2&g2c=1&xid_request=1&code=49342,True,"2,3","Live by the 120-ft SBR Ext. Road, opposite the city's largest Oxygen Park | 50 exclusive, airy luxury homes in a low-density G+12 development | Spacious 2 & 3 BHKs: Large rooms, free vestibules & big kitchen yards | Smart 8-ft doors & Jaquar fittings: Affordable luxury at its best","Stamp Duty: 5.9 % for Male, 4.9 % for Female, 5.9 % for Joint (Male and Female), 4.9 % For Joint (Female and Female) | Registration Charges: Male Ownership: 1%, Female Ownership: No registration charges,  Joint (Male + Female) Ownership: 1 % ",3,Apartment,1760.0,Super Built-up Area,9400000,True,Jan ‘26 possession,01-2026,,,Dhruv Bhai (Builder) | PARMAR MITESHKUMAR (RERA REGISTERED Dealer) | Daksh Realtors (Dealer)
438863,Snehal Exotica,Residential,NEW LAUNCH,Ahmedabad West,Ghatlodia,Gujarat,23.062936125638576,72.53368410844341,"D-601, Swagat Society, Sarvodaya Nagar, Ghatlodiya, Ahmedabad, Gujarat 380061",380061,14500000,14500000,1.45 Cr,https://www.99acres.com/exidmicrosite/siteplan_g2c.php?live=2&g2c=1&xid_request=1&code=61655,True,3,Architectural brilliance with natural elements and views | Enjoy recreational facilities including an indoor game area and a sky deck | CCTV surveillance and video door camera for security | Ample parking space available,"Stamp Duty: 5.9 % for Male, 4.9 % for Female, 5.9 % for Joint (Male and Female), 4.9 % For Joint (Female and Female) | Registration Charges: Male Ownership: 1%, Female Ownership: No registration charges,  Joint (Male + Female) Ownership: 1 % ",3,Apartment,2025.0,Super Built-up Area,14500000,True,Dec ‘27 possession,12-2027,https://imagecdn.99acres.com/projects/example/c5uha0s_1760694317_661682635.jpg,https://www.99acres.com/exidmicrosite/property_2d3d_xid.php?projectCode=61655&bno=101&blockId=129597&fno=F1_101&measurement=1&jquery=1&compare=1&g2c=1&hide_button=1&switch_HD=1&platform=DESKTOP,V GAJJAR DEVELOPERS (Builder)
386911,Saanvi Nirman Skydeck Serene,Residential,NEW LAUNCH,Ahmedabad West,Wapa,Gujarat,23.0197182,72.42639,"WAPA, Godhavi, Ahmedabad West",0,22500010,46420885,2.25 - 4.64 Cr,https://www.99acres.com/exidmicrosite/siteplan_g2c.php?live=2&g2c=1&xid_request=1&code=48392,True,5,Ahmedabad Urban Development Authority approved the project | 2 basement levels and 3 mechanical parking slots | 5 automatic elevators in each tower | Fire hydrant system in each block,"Stamp Duty: 5.9 % for Male, 4.9 % for Female, 5.9 % for Joint (Male and Female), 4.9 % For Joint (Female and Female) | Registration Charges: Male Ownership: 1%, Female Ownership: No registration charges,  Joint (Male + Female) Ownership: 1 % ",5,Apartment,2502.0,Carpet Area,22500010,True,Mar ‘26 possession,03-2026,https://newprojects.99acres.com/projects/saanvi_nirman/skydeck_serene/maps/vcn45x0a.jpg,https://www.99acres.com/exidmicrosite/property_2d3d_xid.php?projectCode=48392&bno=101&blockId=99226&fno=F1_101&measurement=1&jquery=1&compare=1&g2c=1&hide_button=1&switch_HD=1&platform=DESKTOP,NAMI REALTIES (Dealer)
386911,Saanvi Nirman Skydeck Serene,Residential,NEW LAUNCH,Ahmedabad West,Wapa,Gujarat,23.0197182,72.42639,"WAPA, Godhavi, Ahmedabad West",0,22500010,46420885,2.25 - 4.64 Cr,https://www.99acres.com/exidmicrosite/siteplan_g2c.php?live=2&g2c=1&xid_request=1&code=48392,True,5,Ahmedabad Urban Development Authority approved the project | 2 basement levels and 3 mechanical parking slots | 5 automatic elevators in each tower | Fire hydrant system in each block,"Stamp Duty: 5.9 % for Male, 4.9 % for Female, 5.9 % for Joint (Male and Female), 4.9 % For Joint (Female and Female) | Registration Charges: Male Ownership: 1%, Female Ownership: No registration charges,  Joint (Male + Female) Ownership: 1 % ",5,Apartment,2565.25,Carpet Area,23066557,True,Mar ‘26 possession,03-2026,https://imagecdn.99acres.com/projects/example/p872jyl_1762415413_669021571.jpg,,NAMI REALTIES (Dealer)
386911,Saanvi Nirman Skydeck Serene,Residential,NEW LAUNCH,Ahmedabad West,Wapa,Gujarat,23.0197182,72.42639,"WAPA, Godhavi, Ahmedabad West",0,22500010,46420885,2.25 - 4.64 Cr,https://www.99acres.com/exidmicrosite/siteplan_g2c.php?live=2&g2c=1&xid_request=1&code=48392,True,5,Ahmedabad Urban Development Authority approved the project | 2 basement levels and 3 mechanical parking slots | 5 automatic elevators in each tower | Fire hydrant system in each block,"Stamp Duty: 5.9 % for Male, 4.9 % for Female, 5.9 % for Joint (Male and Female), 4.9 % For Joint (Female and Female) | Registration Charges: Male Ownership: 1%, Female Ownership: No registration charges,  Joint (Male + Female) Ownership: 1 % ",5,Apartment,5162.26,Carpet Area,46420885,True,Mar ‘26 possession,03-2026,https://imagecdn.99acres.com/projects/example/pwthvfn_1762415442_669022011.jpg,,NAMI REALTIES (Dealer)
386911,Saanvi Nirman Skydeck Serene,Residential,NEW LAUNCH,Ahmedabad West,Wapa,Gujarat,23.0197182,72.42639,"WAPA, Godhavi, Ahmedabad West",0,22500010,46420885,2.25 - 4.64 Cr,https://www.99acres.com/exidmicrosite/siteplan_g2c.php?live=2&g2c=1&xid_request=1&code=48392,True,5,Ahmedabad Urban Development Authority approved the project | 2 basement levels and 3 mechanical parking slots | 5 automatic elevators in each tower | Fire hydrant system in each block,"Stamp Duty: 5.9 % for Male, 4.9 % for Female, 5.9 % for Joint (Male and Female), 4.9 % For Joint (Female and Female) | Registration Charges: Male Ownership: 1%, Female Ownership: No registration charges,  Joint (Male + Female) Ownership: 1 % ",5,Apartment,5080.0,Carpet Area,0,False,,,https://newprojects.99acres.com/projects/saanvi_nirman/skydeck_serene/maps/85vw7scx.jpg,https://www.99acres.com/exidmicrosite/property_2d3d_xid.php?projectCode=48392&bno=102&blockId=99226&fno=F1_102&measurement=1&jquery=1&compare=1&g2c=1&hide_button=1&switch_HD=1&platform=DESKTOP,
417556,The Sovereign,Residential,NEW LAUNCH,Ahmedabad West,Thaltej,Gujarat,23.051174,72.491331,"The Sovereign, Near Thaltej-Shilaj Bridge,Ahmedabad City, Ahmedabad,Gujarat",380059,43400000,85000000,4.34 - 8.5 Cr,https://www.99acres.com/exidmicrosite/siteplan_g2c.php?live=2&g2c=1&xid_request=1&code=55263,True,"4,5","1.4 times taller than the Statue of Liberty, New York

 | 4 & 5 BFHK apartments with meticulously planned amenities
 | 360° View from each apartment, 3 Towers (1 apartment per floor)

 | 37 Cloud whispering floors, 102 exclusive residences
","Stamp Duty: 5.9 % for Male, 4.9 % for Female, 5.9 % for Joint (Male and Female), 4.9 % For Joint (Female and Female) | Registration Charges: Male Ownership: 1%, Female Ownership: No registration charges,  Joint (Male + Female) Ownership: 1 % ",4,Apartment,6014.0,Super Built-up Area,43400000,True,Dec ‘27 possession,12-2027,https://newprojects.99acres.com/projects/ashima_limited/ashima_the_sovereign/maps/ei1nodv_1701686492_459694702.jpg,https://www.99acres.com/exidmicrosite/property_2d3d_xid.php?projectCode=55263&bno=101&blockId=115212&fno=F1_101&measurement=1&jquery=1&compare=1&g2c=1&hide_button=1&switch_HD=1&platform=DESKTOP,ASHIMA LIMITED   REAL ESTATE DIVISION (Builder)
417556,The Sovereign,Residential,NEW LAUNCH,Ahmedabad West,Thaltej,Gujarat,23.051174,72.491331,"The Sovereign, Near Thaltej-Shilaj Bridge,Ahmedabad City, Ahmedabad,Gujarat",380059,43400000,85000000,4.34 - 8.5 Cr,https://www.99acres.com/exidmicrosite/siteplan_g2c.php?live=2&g2c=1&xid_request=1&code=55263,True,"4,5","1.4 times taller than the Statue of Liberty, New York

 | 4 & 5 BFHK apartments with meticulously planned amenities
 | 360° View from each apartment, 3 Towers (1 apartment per floor)

 | 37 Cloud whispering floors, 102 exclusive residences
","Stamp Duty: 5.9 % for Male, 4.9 % for Female, 5.9 % for Joint (Male and Female), 4.9 % For Joint (Female and Female) | Registration Charges: Male Ownership: 1%, Female Ownership: No registration charges,  Joint (Male + Female) Ownership: 1 % ",5,Apartment,10201.0,Super Built-up Area,85000000,True,Dec ‘27 possession,12-2027,https://newprojects.99acres.com/projects/ashima_limited/ashima_the_sovereign/maps/bvuy8ap_1701776766_459896866.jpg,https://www.99acres.com/exidmicrosite/property_2d3d_xid.php?projectCode=55263&bno=102&blockId=115212&fno=F1_102&measurement=1&jquery=1&compare=1&g2c=1&hide_button=1&switch_HD=1&platform=DESKTOP,ASHIMA LIMITED   REAL ESTATE DIVISION (Builder)
425110,Satyamev Royal 4,Residential,NEW LAUNCH,Ahmedabad North,Chandkheda,Gujarat,23.12493996484,72.601669026436,"Chandkheda, Ahmedabad North",382424,5698996,7473408,56.99 - 74.73 L,https://www.99acres.com/exidmicrosite/siteplan_g2c.php?live=2&g2c=1&xid_request=1&code=56368,True,"2,3",Beautifully designed elevation and attractive entrance gate  | 2 Level basement parking available | 2 side road facing project | Get Unit of your choice,"Stamp Duty: 5.9 % for Male, 4.9 % for Female, 5.9 % for Joint (Male and Female), 4.9 % For Joint (Female and Female) | Registration Charges: Male Ownership: 1%, Female Ownership: No registration charges,  Joint (Male + Female) Ownership: 1 % ",2,Apartment,672.21,Carpet Area,5698996,True,Mar ‘27 possession,03-2027,https://newprojects.99acres.com/projects/satyamev_group_ahmedabad/satyamev_royal_4/maps/cdoz9vu_1712386777_484581764.jpg,https://www.99acres.com/exidmicrosite/property_2d3d_xid.php?projectCode=56368&bno=102&blockId=118784&fno=F1_102&measurement=1&jquery=1&compare=1&g2c=1&hide_button=1&switch_HD=1&platform=DESKTOP,Satyamev Group (Builder)
425110,Satyamev Royal 4,Residential,NEW LAUNCH,Ahmedabad North,Chandkheda,Gujarat,23.12493996484,72.601669026436,"Chandkheda, Ahmedabad North",382424,5698996,7473408,56.99 - 74.73 L,https://www.99acres.com/exidmicrosite/siteplan_g2c.php?live=2&g2c=1&xid_request=1&code=56368,True,"2,3",Beautifully designed elevation and attractive entrance gate  | 2 Level basement parking available | 2 side road facing project | Get Unit of your choice,"Stamp Duty: 5.9 % for Male, 4.9 % for Female, 5.9 % for Joint (Male and Female), 4.9 % For Joint (Female and Female) | Registration Charges: Male Ownership: 1%, Female Ownership: No registration charges,  Joint (Male + Female) Ownership: 1 % ",2,Apartment,676.3,Carpet Area,5732919,True,Mar ‘27 possession,03-2027,https://newprojects.99acres.com/projects/satyamev_group_ahmedabad/satyamev_royal_4/maps/zvispvf_1712386777_484581766.jpg,https://www.99acres.com/exidmicrosite/property_2d3d_xid.php?projectCode=56368&bno=102&blockId=117342&fno=F1_102&measurement=1&jquery=1&compare=1&g2c=1&hide_button=1&switch_HD=1&platform=DESKTOP,Satyamev Group (Builder)
425110,Satyamev Royal 4,Residential,NEW LAUNCH,Ahmedabad North,Chandkheda,Gujarat,23.12493996484,72.601669026436,"Chandkheda, Ahmedabad North",382424,5698996,7473408,56.99 - 74.73 L,https://www.99acres.com/exidmicrosite/siteplan_g2c.php?live=2&g2c=1&xid_request=1&code=56368,True,"2,3",Beautifully designed elevation and attractive entrance gate  | 2 Level basement parking available | 2 side road facing project | Get Unit of your choice,"Stamp Duty: 5.9 % for Male, 4.9 % for Female, 5.9 % for Joint (Male and Female), 4.9 % For Joint (Female and Female) | Registration Charges: Male Ownership: 1%, Female Ownership: No registration charges,  Joint (Male + Female) Ownership: 1 % ",2,Apartment,692.98,Carpet Area,5868609,True,Mar ‘27 possession,03-2027,https://newprojects.99acres.com/projects/satyamev_group_ahmedabad/satyamev_royal_4/maps/rt1vtwx_1712387265_484584428.jpg,https://www.99acres.com/exidmicrosite/property_2d3d_xid.php?projectCode=56368&bno=103&blockId=117342&fno=F1_103&measurement=1&jquery=1&compare=1&g2c=1&hide_button=1&switch_HD=1&platform=DESKTOP,Satyamev Group (Builder)
425110,Satyamev Royal 4,Residential,NEW LAUNCH,Ahmedabad North,Chandkheda,Gujarat,23.12493996484,72.601669026436,"Chandkheda, Ahmedabad North",382424,5698996,7473408,56.99 - 74.73 L,https://www.99acres.com/exidmicrosite/siteplan_g2c.php?live=2&g2c=1&xid_request=1&code=56368,True,"2,3",Beautifully designed elevation and attractive entrance gate  | 2 Level basement parking available | 2 side road facing project | Get Unit of your choice,"Stamp Duty: 5.9 % for Male, 4.9 % for Female, 5.9 % for Joint (Male and Female), 4.9 % For Joint (Female and Female) | Registration Charges: Male Ownership: 1%, Female Ownership: No registration charges,  Joint (Male + Female) Ownership: 1 % ",2,Apartment,696.53,Carpet Area,5902532,True,Mar ‘27 possession,03-2027,https://newprojects.99acres.com/projects/satyamev_group_ahmedabad/satyamev_royal_4/maps/paumbks_1712387265_484584432.jpg,https://www.99acres.com/exidmicrosite/property_2d3d_xid.php?projectCode=56368&bno=104&blockId=117342&fno=F1_104&measurement=1&jquery=1&compare=1&g2c=1&hide_button=1&switch_HD=1&platform=DESKTOP,Satyamev Group (Builder)
425110,Satyamev Royal 4,Residential,NEW LAUNCH,Ahmedabad North,Chandkheda,Gujarat,23.12493996484,72.601669026436,"Chandkheda, Ahmedabad North",382424,5698996,7473408,56.99 - 74.73 L,https://www.99acres.com/exidmicrosite/siteplan_g2c.php?live=2&g2c=1&xid_request=1&code=56368,True,"2,3",Beautifully designed elevation and attractive entrance gate  | 2 Level basement parking available | 2 side road facing project | Get Unit of your choice,"Stamp Duty: 5.9 % for Male, 4.9 % for Female, 5.9 % for Joint (Male and Female), 4.9 % For Joint (Female and Female) | Registration Charges: Male Ownership: 1%, Female Ownership: No registration charges,  Joint (Male + Female) Ownership: 1 % ",3,Apartment,837.11,Carpet Area,7298999,True,Mar ‘27 possession,03-2027,https://newprojects.99acres.com/projects/satyamev_group_ahmedabad/satyamev_royal_4/maps/rcocaa3_1712386901_484582396.jpg,https://www.99acres.com/exidmicrosite/property_2d3d_xid.php?projectCode=56368&bno=106&blockId=117342&fno=F1_106&measurement=1&jquery=1&compare=1&g2c=1&hide_button=1&switch_HD=1&platform=DESKTOP,Satyamev Group (Builder)
425110,Satyamev Royal 4,Residential,NEW LAUNCH,Ahmedabad North,Chandkheda,Gujarat,23.12493996484,72.601669026436,"Chandkheda, Ahmedabad North",382424,5698996,7473408,56.99 - 74.73 L,https://www.99acres.com/exidmicrosite/siteplan_g2c.php?live=2&g2c=1&xid_request=1&code=56368,True,"2,3",Beautifully designed elevation and attractive entrance gate  | 2 Level basement parking available | 2 side road facing project | Get Unit of your choice,"Stamp Duty: 5.9 % for Male, 4.9 % for Female, 5.9 % for Joint (Male and Female), 4.9 % For Joint (Female and Female) | Registration Charges: Male Ownership: 1%, Female Ownership: No registration charges,  Joint (Male + Female) Ownership: 1 % ",3,Apartment,857.67,Carpet Area,7473408,True,Mar ‘27 possession,03-2027,https://newprojects.99acres.com/projects/satyamev_group_ahmedabad/satyamev_royal_4/maps/lju9esk_1712386776_484581762.jpg,https://www.99acres.com/exidmicrosite/property_2d3d_xid.php?projectCode=56368&bno=105&blockId=117342&fno=F1_105&measurement=1&jquery=1&compare=1&g2c=1&hide_button=1&switch_HD=1&platform=DESKTOP,Satyamev Group (Builder)
430740,Raivat Turquoise Re 45,Residential,NEW LAUNCH,Ahmedabad West,Linkin Road,Gujarat,22.9869,72.478545,"Daskroi, Ahmedabad East",380054,14161235,21749046,1.42 - 2.17 Cr,https://www.99acres.com/exidmicrosite/siteplan_g2c.php?live=2&g2c=1&xid_request=1&code=57677,True,"3,4",15+ amenities for an elevated lifestyle  | Ample parking space for your luxury cars | Scenic jogging track through the park | Get Unit of your choice,"Stamp Duty: 5.9 % for Male, 4.9 % for Female, 5.9 % for Joint (Male and Female), 4.9 % For Joint (Female and Female) | Registration Charges: Male Ownership: 1%, Female Ownership: No registration charges,  Joint (Male + Female) Ownership: 1 % ",3,Apartment,1350.0,Carpet Area,14538150,True,Dec ‘29 possession,12-2029,https://imagecdn.99acres.com/projects/example/cvmse10_1726208960_517971685.jpg,https://www.99acres.com/exidmicrosite/property_2d3d_xid.php?projectCode=57677&bno=101&blockId=120304&fno=F1_101&measurement=1&jquery=1&compare=1&g2c=1&hide_button=1&switch_HD=1&platform=DESKTOP,Growth Vision Space (RERA REGISTERED Dealer) | Disha Estate Management Private Limited (Dealer) | Harsh Kansara (RERA REGISTERED Dealer) | Daxesh Patel (RERA REGISTERED Dealer)
430740,Raivat Turquoise Re 45,Residential,NEW LAUNCH,Ahmedabad West,Linkin Road,Gujarat,22.9869,72.478545,"Daskroi, Ahmedabad East",380054,14161235,21749046,1.42 - 2.17 Cr,https://www.99acres.com/exidmicrosite/siteplan_g2c.php?live=2&g2c=1&xid_request=1&code=57677,True,"3,4",15+ amenities for an elevated lifestyle  | Ample parking space for your luxury cars | Scenic jogging track through the park | Get Unit of your choice,"Stamp Duty: 5.9 % for Male, 4.9 % for Female, 5.9 % for Joint (Male and Female), 4.9 % For Joint (Female and Female) | Registration Charges: Male Ownership: 1%, Female Ownership: No registration charges,  Joint (Male + Female) Ownership: 1 % ",3,Apartment,1315.0,Carpet Area,14161235,True,Dec ‘29 possession,12-2029,,,Growth Vision Space (RERA REGISTERED Dealer) | Disha Estate Management Private Limited (Dealer) | Harsh Kansara (RERA REGISTERED Dealer) | Daxesh Patel (RERA REGISTERED Dealer)
430740,Raivat Turquoise Re 45,Residential,NEW LAUNCH,Ahmedabad West,Linkin Road,Gujarat,22.9869,72.478545,"Daskroi, Ahmedabad East",380054,14161235,21749046,1.42 - 2.17 Cr,https://www.99acres.com/exidmicrosite/siteplan_g2c.php?live=2&g2c=1&xid_request=1&code=57677,True,"3,4",15+ amenities for an elevated lifestyle  | Ample parking space for your luxury cars | Scenic jogging track through the park | Get Unit of your choice,"Stamp Duty: 5.9 % for Male, 4.9 % for Female, 5.9 % for Joint (Male and Female), 4.9 % For Joint (Female and Female) | Registration Charges: Male Ownership: 1%, Female Ownership: No registration charges,  Joint (Male + Female) Ownership: 1 % ",4,Apartment,1700.0,Carpet Area,16806081,True,Dec ‘29 possession,12-2029,https://imagecdn.99acres.com/projects/example/0b97ops_1726208850_517971355.jpg,https://www.99acres.com/exidmicrosite/property_2d3d_xid.php?projectCode=57677&bno=102&blockId=120304&fno=F1_102&measurement=1&jquery=1&compare=1&g2c=1&hide_button=1&switch_HD=1&platform=DESKTOP,Growth Vision Space (RERA REGISTERED Dealer) | Disha Estate Management Private Limited (Dealer) | Harsh Kansara (RERA REGISTERED Dealer) | Daxesh Patel (RERA REGISTERED Dealer)
430740,Raivat Turquoise Re 45,Residential,NEW LAUNCH,Ahmedabad West,Linkin Road,Gujarat,22.9869,72.478545,"Daskroi, Ahmedabad East",380054,14161235,21749046,1.42 - 2.17 Cr,https://www.99acres.com/exidmicrosite/siteplan_g2c.php?live=2&g2c=1&xid_request=1&code=57677,True,"3,4",15+ amenities for an elevated lifestyle  | Ample parking space for your luxury cars | Scenic jogging track through the park | Get Unit of your choice,"Stamp Duty: 5.9 % for Male, 4.9 % for Female, 5.9 % for Joint (Male and Female), 4.9 % For Joint (Female and Female) | Registration Charges: Male Ownership: 1%, Female Ownership: No registration charges,  Joint (Male + Female) Ownership: 1 % ",4,Apartment,1860.0,Carpet Area,18387829,True,Dec ‘29 possession,12-2029,https://imagecdn.99acres.com/projects/example/2sklibe_1726208821_517971173.jpg,https://www.99acres.com/exidmicrosite/property_2d3d_xid.php?projectCode=57677&bno=103&blockId=120304&fno=F1_103&measurement=1&jquery=1&compare=1&g2c=1&hide_button=1&switch_HD=1&platform=DESKTOP,Growth Vision Space (RERA REGISTERED Dealer) | Disha Estate Management Private Limited (Dealer) | Harsh Kansara (RERA REGISTERED Dealer) | Daxesh Patel (RERA REGISTERED Dealer)
430740,Raivat Turquoise Re 45,Residential,NEW LAUNCH,Ahmedabad West,Linkin Road,Gujarat,22.9869,72.478545,"Daskroi, Ahmedabad East",380054,14161235,21749046,1.42 - 2.17 Cr,https://www.99acres.com/exidmicrosite/siteplan_g2c.php?live=2&g2c=1&xid_request=1&code=57677,True,"3,4",15+ amenities for an elevated lifestyle  | Ample parking space for your luxury cars | Scenic jogging track through the park | Get Unit of your choice,"Stamp Duty: 5.9 % for Male, 4.9 % for Female, 5.9 % for Joint (Male and Female), 4.9 % For Joint (Female and Female) | Registration Charges: Male Ownership: 1%, Female Ownership: No registration charges,  Joint (Male + Female) Ownership: 1 % ",4,Apartment,2200.0,Carpet Area,21749046,True,Dec ‘29 possession,12-2029,https://imagecdn.99acres.com/projects/example/aelkr58_1726208889_517971463.jpg,https://www.99acres.com/exidmicrosite/property_2d3d_xid.php?projectCode=57677&bno=104&blockId=120304&fno=F1_104&measurement=1&jquery=1&compare=1&g2c=1&hide_button=1&switch_HD=1&platform=DESKTOP,Growth Vision Space (RERA REGISTERED Dealer) | Disha Estate Management Private Limited (Dealer) | Harsh Kansara (RERA REGISTERED Dealer) | Daxesh Patel (RERA REGISTERED Dealer)
419031,Kavisha The Portrait,Residential,NEW LAUNCH,Ahmedabad West,Shela,Gujarat,23.009066821166,72.447955285619,"Sanad, Ahmedabad West",382465,11072342,30354486,1.11 - 3.04 Cr,https://www.99acres.com/exidmicrosite/siteplan_g2c.php?live=2&g2c=1&xid_request=1&code=57219,True,"3,4","Redefine luxury with Ahmedabad's largest podium | Lavish 27 and 60 ft. balconies with panoramic views | 3BHK flat with 18 ft. balcony and 22ft. hall | 4BHK flat with 2 kitchens, 34ft. hall and 27ft. balcony","Stamp Duty: 5.9 % for Male, 4.9 % for Female, 5.9 % for Joint (Male and Female), 4.9 % For Joint (Female and Female) | Registration Charges: Male Ownership: 1%, Female Ownership: No registration charges,  Joint (Male + Female) Ownership: 1 % ",3,Apartment,1085.43,Carpet Area,11500000,True,Dec ‘27 possession,12-2027,https://newprojects.99acres.com/projects/kavisha_group/kavisha_the_portrait/maps/ad5tf5v_1721736666_506415799_O.jpg,https://www.99acres.com/exidmicrosite/property_2d3d_xid.php?projectCode=57219&bno=101&blockId=119124&fno=F1_101&measurement=1&jquery=1&compare=1&g2c=1&hide_button=1&switch_HD=1&platform=DESKTOP,ESTATE (Dealer) | Parikh Realestate Management Pvt Ltd (RERA REGISTERED Dealer) | ADVIK REALTORS (Dealer) | MID FLOOR LLP (RERA REGISTERED Dealer) | Cosmic Basera Realtors (RERA REGISTERED Dealer) | Z.A. KESHWANI (Dealer) | Proptiger Marketing Services Pvt Ltd (Dealer) | Daxesh Patel (RERA REGISTERED Dealer) | Aman Kesrani (RERA REGISTERED Dealer)
419031,Kavisha The Portrait,Residential,NEW LAUNCH,Ahmedabad West,Shela,Gujarat,23.009066821166,72.447955285619,"Sanad, Ahmedabad West",382465,11072342,30354486,1.11 - 3.04 Cr,https://www.99acres.com/exidmicrosite/siteplan_g2c.php?live=2&g2c=1&xid_request=1&code=57219,True,"3,4","Redefine luxury with Ahmedabad's largest podium | Lavish 27 and 60 ft. balconies with panoramic views | 3BHK flat with 18 ft. balcony and 22ft. hall | 4BHK flat with 2 kitchens, 34ft. hall and 27ft. balcony","Stamp Duty: 5.9 % for Male, 4.9 % for Female, 5.9 % for Joint (Male and Female), 4.9 % For Joint (Female and Female) | Registration Charges: Male Ownership: 1%, Female Ownership: No registration charges,  Joint (Male + Female) Ownership: 1 % ",3,Apartment,1563.78,Carpet Area,16568028,True,Dec ‘27 possession,12-2027,https://newprojects.99acres.com/projects/kavisha_group/kavisha_the_portrait/maps/e6qnsb5_1721736964_506417465_O.jpg,https://www.99acres.com/exidmicrosite/property_2d3d_xid.php?projectCode=57219&bno=102&blockId=119124&fno=F1_102&measurement=1&jquery=1&compare=1&g2c=1&hide_button=1&switch_HD=1&platform=DESKTOP,ESTATE (Dealer) | Parikh Realestate Management Pvt Ltd (RERA REGISTERED Dealer) | ADVIK REALTORS (Dealer) | MID FLOOR LLP (RERA REGISTERED Dealer) | Cosmic Basera Realtors (RERA REGISTERED Dealer) | Z.A. KESHWANI (Dealer) | Proptiger Marketing Services Pvt Ltd (Dealer) | Daxesh Patel (RERA REGISTERED Dealer) | Aman Kesrani (RERA REGISTERED Dealer)
419031,Kavisha The Portrait,Residential,NEW LAUNCH,Ahmedabad West,Shela,Gujarat,23.009066821166,72.447955285619,"Sanad, Ahmedabad West",382465,11072342,30354486,1.11 - 3.04 Cr,https://www.99acres.com/exidmicrosite/siteplan_g2c.php?live=2&g2c=1&xid_request=1&code=57219,True,"3,4","Redefine luxury with Ahmedabad's largest podium | Lavish 27 and 60 ft. balconies with panoramic views | 3BHK flat with 18 ft. balcony and 22ft. hall | 4BHK flat with 2 kitchens, 34ft. hall and 27ft. balcony","Stamp Duty: 5.9 % for Male, 4.9 % for Female, 5.9 % for Joint (Male and Female), 4.9 % For Joint (Female and Female) | Registration Charges: Male Ownership: 1%, Female Ownership: No registration charges,  Joint (Male + Female) Ownership: 1 % ",3,Apartment,1571.85,Carpet Area,16653560,True,Dec ‘27 possession,12-2027,https://newprojects.99acres.com/projects/kavisha_group/kavisha_the_portrait/maps/jkwahv2_1721737213_506418583_O.jpg,https://www.99acres.com/exidmicrosite/property_2d3d_xid.php?projectCode=57219&bno=103&blockId=119124&fno=F1_103&measurement=1&jquery=1&compare=1&g2c=1&hide_button=1&switch_HD=1&platform=DESKTOP,ESTATE (Dealer) | Parikh Realestate Management Pvt Ltd (RERA REGISTERED Dealer) | ADVIK REALTORS (Dealer) | MID FLOOR LLP (RERA REGISTERED Dealer) | Cosmic Basera Realtors (RERA REGISTERED Dealer) | Z.A. KESHWANI (Dealer) | Proptiger Marketing Services Pvt Ltd (Dealer) | Daxesh Patel (RERA REGISTERED Dealer) | Aman Kesrani (RERA REGISTERED Dealer)
419031,Kavisha The Portrait,Residential,NEW LAUNCH,Ahmedabad West,Shela,Gujarat,23.009066821166,72.447955285619,"Sanad, Ahmedabad West",382465,11072342,30354486,1.11 - 3.04 Cr,https://www.99acres.com/exidmicrosite/siteplan_g2c.php?live=2&g2c=1&xid_request=1&code=57219,True,"3,4","Redefine luxury with Ahmedabad's largest podium | Lavish 27 and 60 ft. balconies with panoramic views | 3BHK flat with 18 ft. balcony and 22ft. hall | 4BHK flat with 2 kitchens, 34ft. hall and 27ft. balcony","Stamp Duty: 5.9 % for Male, 4.9 % for Female, 5.9 % for Joint (Male and Female), 4.9 % For Joint (Female and Female) | Registration Charges: Male Ownership: 1%, Female Ownership: No registration charges,  Joint (Male + Female) Ownership: 1 % ",3,Apartment,1668.95,Carpet Area,17682219,True,Dec ‘27 possession,12-2027,https://newprojects.99acres.com/projects/kavisha_group/kavisha_the_portrait/maps/ymnkfcu_1721737623_506420165_O.jpg,https://www.99acres.com/exidmicrosite/property_2d3d_xid.php?projectCode=57219&bno=104&blockId=119124&fno=F1_104&measurement=1&jquery=1&compare=1&g2c=1&hide_button=1&switch_HD=1&platform=DESKTOP,ESTATE (Dealer) | Parikh Realestate Management Pvt Ltd (RERA REGISTERED Dealer) | ADVIK REALTORS (Dealer) | MID FLOOR LLP (RERA REGISTERED Dealer) | Cosmic Basera Realtors (RERA REGISTERED Dealer) | Z.A. KESHWANI (Dealer) | Proptiger Marketing Services Pvt Ltd (Dealer) | Daxesh Patel (RERA REGISTERED Dealer) | Aman Kesrani (RERA REGISTERED Dealer)
419031,Kavisha The Portrait,Residential,NEW LAUNCH,Ahmedabad West,Shela,Gujarat,23.009066821166,72.447955285619,"Sanad, Ahmedabad West",382465,11072342,30354486,1.11 - 3.04 Cr,https://www.99acres.com/exidmicrosite/siteplan_g2c.php?live=2&g2c=1&xid_request=1&code=57219,True,"3,4","Redefine luxury with Ahmedabad's largest podium | Lavish 27 and 60 ft. balconies with panoramic views | 3BHK flat with 18 ft. balcony and 22ft. hall | 4BHK flat with 2 kitchens, 34ft. hall and 27ft. balcony","Stamp Duty: 5.9 % for Male, 4.9 % for Female, 5.9 % for Joint (Male and Female), 4.9 % For Joint (Female and Female) | Registration Charges: Male Ownership: 1%, Female Ownership: No registration charges,  Joint (Male + Female) Ownership: 1 % ",3,Apartment,1034.95,Carpet Area,0,False,Dec ‘27 possession,12-2027,,,
419031,Kavisha The Portrait,Residential,NEW LAUNCH,Ahmedabad West,Shela,Gujarat,23.009066821166,72.447955285619,"Sanad, Ahmedabad West",382465,11072342,30354486,1.11 - 3.04 Cr,https://www.99acres.com/exidmicrosite/siteplan_g2c.php?live=2&g2c=1&xid_request=1&code=57219,True,"3,4","Redefine luxury with Ahmedabad's largest podium | Lavish 27 and 60 ft. balconies with panoramic views | 3BHK flat with 18 ft. balcony and 22ft. hall | 4BHK flat with 2 kitchens, 34ft. hall and 27ft. balcony","Stamp Duty: 5.9 % for Male, 4.9 % for Female, 5.9 % for Joint (Male and Female), 4.9 % For Joint (Female and Female) | Registration Charges: Male Ownership: 1%, Female Ownership: No registration charges,  Joint (Male + Female) Ownership: 1 % ",3,Apartment,1045.07,Carpet Area,11072342,True,Dec ‘27 possession,12-2027,,,ESTATE (Dealer) | Parikh Realestate Management Pvt Ltd (RERA REGISTERED Dealer) | ADVIK REALTORS (Dealer) | MID FLOOR LLP (RERA REGISTERED Dealer) | Cosmic Basera Realtors (RERA REGISTERED Dealer) | Z.A. KESHWANI (Dealer) | Proptiger Marketing Services Pvt Ltd (Dealer) | Daxesh Patel (RERA REGISTERED Dealer) | Aman Kesrani (RERA REGISTERED Dealer)
419031,Kavisha The Portrait,Residential,NEW LAUNCH,Ahmedabad West,Shela,Gujarat,23.009066821166,72.447955285619,"Sanad, Ahmedabad West",382465,11072342,30354486,1.11 - 3.04 Cr,https://www.99acres.com/exidmicrosite/siteplan_g2c.php?live=2&g2c=1&xid_request=1&code=57219,True,"3,4","Redefine luxury with Ahmedabad's largest podium | Lavish 27 and 60 ft. balconies with panoramic views | 3BHK flat with 18 ft. balcony and 22ft. hall | 4BHK flat with 2 kitchens, 34ft. hall and 27ft. balcony","Stamp Duty: 5.9 % for Male, 4.9 % for Female, 5.9 % for Joint (Male and Female), 4.9 % For Joint (Female and Female) | Registration Charges: Male Ownership: 1%, Female Ownership: No registration charges,  Joint (Male + Female) Ownership: 1 % ",3,Apartment,1059.49,Carpet Area,0,False,Dec ‘27 possession,12-2027,,,
419031,Kavisha The Portrait,Residential,NEW LAUNCH,Ahmedabad West,Shela,Gujarat,23.009066821166,72.447955285619,"Sanad, Ahmedabad West",382465,11072342,30354486,1.11 - 3.04 Cr,https://www.99acres.com/exidmicrosite/siteplan_g2c.php?live=2&g2c=1&xid_request=1&code=57219,True,"3,4","Redefine luxury with Ahmedabad's largest podium | Lavish 27 and 60 ft. balconies with panoramic views | 3BHK flat with 18 ft. balcony and 22ft. hall | 4BHK flat with 2 kitchens, 34ft. hall and 27ft. balcony","Stamp Duty: 5.9 % for Male, 4.9 % for Female, 5.9 % for Joint (Male and Female), 4.9 % For Joint (Female and Female) | Registration Charges: Male Ownership: 1%, Female Ownership: No registration charges,  Joint (Male + Female) Ownership: 1 % ",3,Apartment,1069.61,Carpet Area,0,False,Dec ‘27 possession,12-2027,,,
419031,Kavisha The Portrait,Residential,NEW LAUNCH,Ahmedabad West,Shela,Gujarat,23.009066821166,72.447955285619,"Sanad, Ahmedabad West",382465,11072342,30354486,1.11 - 3.04 Cr,https://www.99acres.com/exidmicrosite/siteplan_g2c.php?live=2&g2c=1&xid_request=1&code=57219,True,"3,4","Redefine luxury with Ahmedabad's largest podium | Lavish 27 and 60 ft. balconies with panoramic views | 3BHK flat with 18 ft. balcony and 22ft. hall | 4BHK flat with 2 kitchens, 34ft. hall and 27ft. balcony","Stamp Duty: 5.9 % for Male, 4.9 % for Female, 5.9 % for Joint (Male and Female), 4.9 % For Joint (Female and Female) | Registration Charges: Male Ownership: 1%, Female Ownership: No registration charges,  Joint (Male + Female) Ownership: 1 % ",3,Apartment,1107.61,Carpet Area,11734926,True,Dec ‘27 possession,12-2027,,,ESTATE (Dealer) | Parikh Realestate Management Pvt Ltd (RERA REGISTERED Dealer) | ADVIK REALTORS (Dealer) | MID FLOOR LLP (RERA REGISTERED Dealer) | Cosmic Basera Realtors (RERA REGISTERED Dealer) | Z.A. KESHWANI (Dealer) | Proptiger Marketing Services Pvt Ltd (Dealer) | Daxesh Patel (RERA REGISTERED Dealer) | Aman Kesrani (RERA REGISTERED Dealer)
419031,Kavisha The Portrait,Residential,NEW LAUNCH,Ahmedabad West,Shela,Gujarat,23.009066821166,72.447955285619,"Sanad, Ahmedabad West",382465,11072342,30354486,1.11 - 3.04 Cr,https://www.99acres.com/exidmicrosite/siteplan_g2c.php?live=2&g2c=1&xid_request=1&code=57219,True,"3,4","Redefine luxury with Ahmedabad's largest podium | Lavish 27 and 60 ft. balconies with panoramic views | 3BHK flat with 18 ft. balcony and 22ft. hall | 4BHK flat with 2 kitchens, 34ft. hall and 27ft. balcony","Stamp Duty: 5.9 % for Male, 4.9 % for Female, 5.9 % for Joint (Male and Female), 4.9 % For Joint (Female and Female) | Registration Charges: Male Ownership: 1%, Female Ownership: No registration charges,  Joint (Male + Female) Ownership: 1 % ",3,Apartment,1404.58,Carpet Area,14881346,True,Dec ‘27 possession,12-2027,,,ESTATE (Dealer) | Parikh Realestate Management Pvt Ltd (RERA REGISTERED Dealer) | ADVIK REALTORS (Dealer) | MID FLOOR LLP (RERA REGISTERED Dealer) | Cosmic Basera Realtors (RERA REGISTERED Dealer) | Z.A. KESHWANI (Dealer) | Proptiger Marketing Services Pvt Ltd (Dealer) | Daxesh Patel (RERA REGISTERED Dealer) | Aman Kesrani (RERA REGISTERED Dealer)
419031,Kavisha The Portrait,Residential,NEW LAUNCH,Ahmedabad West,Shela,Gujarat,23.009066821166,72.447955285619,"Sanad, Ahmedabad West",382465,11072342,30354486,1.11 - 3.04 Cr,https://www.99acres.com/exidmicrosite/siteplan_g2c.php?live=2&g2c=1&xid_request=1&code=57219,True,"3,4","Redefine luxury with Ahmedabad's largest podium | Lavish 27 and 60 ft. balconies with panoramic views | 3BHK flat with 18 ft. balcony and 22ft. hall | 4BHK flat with 2 kitchens, 34ft. hall and 27ft. balcony","Stamp Duty: 5.9 % for Male, 4.9 % for Female, 5.9 % for Joint (Male and Female), 4.9 % For Joint (Female and Female) | Registration Charges: Male Ownership: 1%, Female Ownership: No registration charges,  Joint (Male + Female) Ownership: 1 % ",3,Apartment,1408.35,Carpet Area,14921261,True,Dec ‘27 possession,12-2027,,,ESTATE (Dealer) | Parikh Realestate Management Pvt Ltd (RERA REGISTERED Dealer) | ADVIK REALTORS (Dealer) | MID FLOOR LLP (RERA REGISTERED Dealer) | Cosmic Basera Realtors (RERA REGISTERED Dealer) | Z.A. KESHWANI (Dealer) | Proptiger Marketing Services Pvt Ltd (Dealer) | Daxesh Patel (RERA REGISTERED Dealer) | Aman Kesrani (RERA REGISTERED Dealer)
419031,Kavisha The Portrait,Residential,NEW LAUNCH,Ahmedabad West,Shela,Gujarat,23.009066821166,72.447955285619,"Sanad, Ahmedabad West",382465,11072342,30354486,1.11 - 3.04 Cr,https://www.99acres.com/exidmicrosite/siteplan_g2c.php?live=2&g2c=1&xid_request=1&code=57219,True,"3,4","Redefine luxury with Ahmedabad's largest podium | Lavish 27 and 60 ft. balconies with panoramic views | 3BHK flat with 18 ft. balcony and 22ft. hall | 4BHK flat with 2 kitchens, 34ft. hall and 27ft. balcony","Stamp Duty: 5.9 % for Male, 4.9 % for Female, 5.9 % for Joint (Male and Female), 4.9 % For Joint (Female and Female) | Registration Charges: Male Ownership: 1%, Female Ownership: No registration charges,  Joint (Male + Female) Ownership: 1 % ",3,Apartment,2159.99,Carpet Area,22884817,True,Dec ‘27 possession,12-2027,,,ESTATE (Dealer) | Parikh Realestate Management Pvt Ltd (RERA REGISTERED Dealer) | ADVIK REALTORS (Dealer) | Cosmic Basera Realtors (RERA REGISTERED Dealer) | Z.A. KESHWANI (Dealer) | Proptiger Marketing Services Pvt Ltd (Dealer) | Daxesh Patel (RERA REGISTERED Dealer) | Aman Kesrani (RERA REGISTERED Dealer)
419031,Kavisha The Portrait,Residential,NEW LAUNCH,Ahmedabad West,Shela,Gujarat,23.009066821166,72.447955285619,"Sanad, Ahmedabad West",382465,11072342,30354486,1.11 - 3.04 Cr,https://www.99acres.com/exidmicrosite/siteplan_g2c.php?live=2&g2c=1&xid_request=1&code=57219,True,"3,4","Redefine luxury with Ahmedabad's largest podium | Lavish 27 and 60 ft. balconies with panoramic views | 3BHK flat with 18 ft. balcony and 22ft. hall | 4BHK flat with 2 kitchens, 34ft. hall and 27ft. balcony","Stamp Duty: 5.9 % for Male, 4.9 % for Female, 5.9 % for Joint (Male and Female), 4.9 % For Joint (Female and Female) | Registration Charges: Male Ownership: 1%, Female Ownership: No registration charges,  Joint (Male + Female) Ownership: 1 % ",4,Apartment,2195.73,Carpet Area,17687310,True,Dec ‘27 possession,12-2027,https://newprojects.99acres.com/projects/kavisha_group/kavisha_the_portrait/maps/z45q8gw_1721737878_506421523_O.jpg,https://www.99acres.com/exidmicrosite/property_2d3d_xid.php?projectCode=57219&bno=105&blockId=119124&fno=F1_105&measurement=1&jquery=1&compare=1&g2c=1&hide_button=1&switch_HD=1&platform=DESKTOP,ESTATE (Dealer) | Parikh Realestate Management Pvt Ltd (RERA REGISTERED Dealer) | ADVIK REALTORS (Dealer) | MID FLOOR LLP (RERA REGISTERED Dealer) | Cosmic Basera Realtors (RERA REGISTERED Dealer) | Z.A. KESHWANI (Dealer) | Proptiger Marketing Services Pvt Ltd (Dealer) | Daxesh Patel (RERA REGISTERED Dealer) | Aman Kesrani (RERA REGISTERED Dealer)
419031,Kavisha The Portrait,Residential,NEW LAUNCH,Ahmedabad West,Shela,Gujarat,23.009066821166,72.447955285619,"Sanad, Ahmedabad West",382465,11072342,30354486,1.11 - 3.04 Cr,https://www.99acres.com/exidmicrosite/siteplan_g2c.php?live=2&g2c=1&xid_request=1&code=57219,True,"3,4","Redefine luxury with Ahmedabad's largest podium | Lavish 27 and 60 ft. balconies with panoramic views | 3BHK flat with 18 ft. balcony and 22ft. hall | 4BHK flat with 2 kitchens, 34ft. hall and 27ft. balcony","Stamp Duty: 5.9 % for Male, 4.9 % for Female, 5.9 % for Joint (Male and Female), 4.9 % For Joint (Female and Female) | Registration Charges: Male Ownership: 1%, Female Ownership: No registration charges,  Joint (Male + Female) Ownership: 1 % ",4,Apartment,2282.17,Carpet Area,18388356,True,Dec ‘27 possession,12-2027,https://newprojects.99acres.com/projects/kavisha_group/kavisha_the_portrait/maps/udsimii_1721737375_506419295_O.jpg,https://www.99acres.com/exidmicrosite/property_2d3d_xid.php?projectCode=57219&bno=106&blockId=119124&fno=F1_106&measurement=1&jquery=1&compare=1&g2c=1&hide_button=1&switch_HD=1&platform=DESKTOP,ESTATE (Dealer) | Parikh Realestate Management Pvt Ltd (RERA REGISTERED Dealer) | ADVIK REALTORS (Dealer) | MID FLOOR LLP (RERA REGISTERED Dealer) | Cosmic Basera Realtors (RERA REGISTERED Dealer) | Z.A. KESHWANI (Dealer) | Proptiger Marketing Services Pvt Ltd (Dealer) | Daxesh Patel (RERA REGISTERED Dealer) | Aman Kesrani (RERA REGISTERED Dealer)
419031,Kavisha The Portrait,Residential,NEW LAUNCH,Ahmedabad West,Shela,Gujarat,23.009066821166,72.447955285619,"Sanad, Ahmedabad West",382465,11072342,30354486,1.11 - 3.04 Cr,https://www.99acres.com/exidmicrosite/siteplan_g2c.php?live=2&g2c=1&xid_request=1&code=57219,True,"3,4","Redefine luxury with Ahmedabad's largest podium | Lavish 27 and 60 ft. balconies with panoramic views | 3BHK flat with 18 ft. balcony and 22ft. hall | 4BHK flat with 2 kitchens, 34ft. hall and 27ft. balcony","Stamp Duty: 5.9 % for Male, 4.9 % for Female, 5.9 % for Joint (Male and Female), 4.9 % For Joint (Female and Female) | Registration Charges: Male Ownership: 1%, Female Ownership: No registration charges,  Joint (Male + Female) Ownership: 1 % ",4,Apartment,2487.76,Carpet Area,20040246,True,Dec ‘27 possession,12-2027,https://newprojects.99acres.com/projects/kavisha_group/kavisha_the_portrait/maps/ufjasff_1721738040_506422317_O.jpg,https://www.99acres.com/exidmicrosite/property_2d3d_xid.php?projectCode=57219&bno=107&blockId=119124&fno=F1_107&measurement=1&jquery=1&compare=1&g2c=1&hide_button=1&switch_HD=1&platform=DESKTOP,ESTATE (Dealer) | Parikh Realestate Management Pvt Ltd (RERA REGISTERED Dealer) | ADVIK REALTORS (Dealer) | MID FLOOR LLP (RERA REGISTERED Dealer) | Cosmic Basera Realtors (RERA REGISTERED Dealer) | Z.A. KESHWANI (Dealer) | Proptiger Marketing Services Pvt Ltd (Dealer) | Daxesh Patel (RERA REGISTERED Dealer) | Aman Kesrani (RERA REGISTERED Dealer)
419031,Kavisha The Portrait,Residential,NEW LAUNCH,Ahmedabad West,Shela,Gujarat,23.009066821166,72.447955285619,"Sanad, Ahmedabad West",382465,11072342,30354486,1.11 - 3.04 Cr,https://www.99acres.com/exidmicrosite/siteplan_g2c.php?live=2&g2c=1&xid_request=1&code=57219,True,"3,4","Redefine luxury with Ahmedabad's largest podium | Lavish 27 and 60 ft. balconies with panoramic views | 3BHK flat with 18 ft. balcony and 22ft. hall | 4BHK flat with 2 kitchens, 34ft. hall and 27ft. balcony","Stamp Duty: 5.9 % for Male, 4.9 % for Female, 5.9 % for Joint (Male and Female), 4.9 % For Joint (Female and Female) | Registration Charges: Male Ownership: 1%, Female Ownership: No registration charges,  Joint (Male + Female) Ownership: 1 % ",4,Apartment,2660.41,Carpet Area,21434280,True,Dec ‘27 possession,12-2027,https://newprojects.99acres.com/projects/kavisha_group/kavisha_the_portrait/maps/nnrrjzi_1721738180_506422835_O.jpg,https://www.99acres.com/exidmicrosite/property_2d3d_xid.php?projectCode=57219&bno=108&blockId=119124&fno=F1_108&measurement=1&jquery=1&compare=1&g2c=1&hide_button=1&switch_HD=1&platform=DESKTOP,ESTATE (Dealer) | Parikh Realestate Management Pvt Ltd (RERA REGISTERED Dealer) | ADVIK REALTORS (Dealer) | MID FLOOR LLP (RERA REGISTERED Dealer) | Cosmic Basera Realtors (RERA REGISTERED Dealer) | Z.A. KESHWANI (Dealer) | Proptiger Marketing Services Pvt Ltd (Dealer) | Daxesh Patel (RERA REGISTERED Dealer) | Aman Kesrani (RERA REGISTERED Dealer)
419031,Kavisha The Portrait,Residential,NEW LAUNCH,Ahmedabad West,Shela,Gujarat,23.009066821166,72.447955285619,"Sanad, Ahmedabad West",382465,11072342,30354486,1.11 - 3.04 Cr,https://www.99acres.com/exidmicrosite/siteplan_g2c.php?live=2&g2c=1&xid_request=1&code=57219,True,"3,4","Redefine luxury with Ahmedabad's largest podium | Lavish 27 and 60 ft. balconies with panoramic views | 3BHK flat with 18 ft. balcony and 22ft. hall | 4BHK flat with 2 kitchens, 34ft. hall and 27ft. balcony","Stamp Duty: 5.9 % for Male, 4.9 % for Female, 5.9 % for Joint (Male and Female), 4.9 % For Joint (Female and Female) | Registration Charges: Male Ownership: 1%, Female Ownership: No registration charges,  Joint (Male + Female) Ownership: 1 % ",4,Apartment,2829.94,Carpet Area,22796082,True,Dec ‘27 possession,12-2027,https://newprojects.99acres.com/projects/kavisha_group/kavisha_the_portrait/maps/yhste3l_1721736853_506416859_O.jpg,https://www.99acres.com/exidmicrosite/property_2d3d_xid.php?projectCode=57219&bno=109&blockId=119124&fno=F1_109&measurement=1&jquery=1&compare=1&g2c=1&hide_button=1&switch_HD=1&platform=DESKTOP,ESTATE (Dealer) | Parikh Realestate Management Pvt Ltd (RERA REGISTERED Dealer) | ADVIK REALTORS (Dealer) | MID FLOOR LLP (RERA REGISTERED Dealer) | Cosmic Basera Realtors (RERA REGISTERED Dealer) | Z.A. KESHWANI (Dealer) | Proptiger Marketing Services Pvt Ltd (Dealer) | Daxesh Patel (RERA REGISTERED Dealer) | Aman Kesrani (RERA REGISTERED Dealer)
419031,Kavisha The Portrait,Residential,NEW LAUNCH,Ahmedabad West,Shela,Gujarat,23.009066821166,72.447955285619,"Sanad, Ahmedabad West",382465,11072342,30354486,1.11 - 3.04 Cr,https://www.99acres.com/exidmicrosite/siteplan_g2c.php?live=2&g2c=1&xid_request=1&code=57219,True,"3,4","Redefine luxury with Ahmedabad's largest podium | Lavish 27 and 60 ft. balconies with panoramic views | 3BHK flat with 18 ft. balcony and 22ft. hall | 4BHK flat with 2 kitchens, 34ft. hall and 27ft. balcony","Stamp Duty: 5.9 % for Male, 4.9 % for Female, 5.9 % for Joint (Male and Female), 4.9 % For Joint (Female and Female) | Registration Charges: Male Ownership: 1%, Female Ownership: No registration charges,  Joint (Male + Female) Ownership: 1 % ",4,Apartment,2830.48,Carpet Area,22804140,True,Dec ‘27 possession,12-2027,https://newprojects.99acres.com/projects/kavisha_group/kavisha_the_portrait/maps/v6bvoyn_1721737110_506418229_O.jpg,https://www.99acres.com/exidmicrosite/property_2d3d_xid.php?projectCode=57219&bno=109&blockId=119124&fno=F1_109&measurement=1&jquery=1&compare=1&g2c=1&hide_button=1&switch_HD=1&platform=DESKTOP,ESTATE (Dealer) | Parikh Realestate Management Pvt Ltd (RERA REGISTERED Dealer) | ADVIK REALTORS (Dealer) | MID FLOOR LLP (RERA REGISTERED Dealer) | Cosmic Basera Realtors (RERA REGISTERED Dealer) | Z.A. KESHWANI (Dealer) | Proptiger Marketing Services Pvt Ltd (Dealer) | Daxesh Patel (RERA REGISTERED Dealer) | Aman Kesrani (RERA REGISTERED Dealer)
419031,Kavisha The Portrait,Residential,NEW LAUNCH,Ahmedabad West,Shela,Gujarat,23.009066821166,72.447955285619,"Sanad, Ahmedabad West",382465,11072342,30354486,1.11 - 3.04 Cr,https://www.99acres.com/exidmicrosite/siteplan_g2c.php?live=2&g2c=1&xid_request=1&code=57219,True,"3,4","Redefine luxury with Ahmedabad's largest podium | Lavish 27 and 60 ft. balconies with panoramic views | 3BHK flat with 18 ft. balcony and 22ft. hall | 4BHK flat with 2 kitchens, 34ft. hall and 27ft. balcony","Stamp Duty: 5.9 % for Male, 4.9 % for Female, 5.9 % for Joint (Male and Female), 4.9 % For Joint (Female and Female) | Registration Charges: Male Ownership: 1%, Female Ownership: No registration charges,  Joint (Male + Female) Ownership: 1 % ",4,Apartment,2171.62,Carpet Area,0,False,Dec ‘27 possession,12-2027,,,
419031,Kavisha The Portrait,Residential,NEW LAUNCH,Ahmedabad West,Shela,Gujarat,23.009066821166,72.447955285619,"Sanad, Ahmedabad West",382465,11072342,30354486,1.11 - 3.04 Cr,https://www.99acres.com/exidmicrosite/siteplan_g2c.php?live=2&g2c=1&xid_request=1&code=57219,True,"3,4","Redefine luxury with Ahmedabad's largest podium | Lavish 27 and 60 ft. balconies with panoramic views | 3BHK flat with 18 ft. balcony and 22ft. hall | 4BHK flat with 2 kitchens, 34ft. hall and 27ft. balcony","Stamp Duty: 5.9 % for Male, 4.9 % for Female, 5.9 % for Joint (Male and Female), 4.9 % For Joint (Female and Female) | Registration Charges: Male Ownership: 1%, Female Ownership: No registration charges,  Joint (Male + Female) Ownership: 1 % ",4,Apartment,2656.64,Carpet Area,0,False,Dec ‘27 possession,12-2027,,,
419031,Kavisha The Portrait,Residential,NEW LAUNCH,Ahmedabad West,Shela,Gujarat,23.009066821166,72.447955285619,"Sanad, Ahmedabad West",382465,11072342,30354486,1.11 - 3.04 Cr,https://www.99acres.com/exidmicrosite/siteplan_g2c.php?live=2&g2c=1&xid_request=1&code=57219,True,"3,4","Redefine luxury with Ahmedabad's largest podium | Lavish 27 and 60 ft. balconies with panoramic views | 3BHK flat with 18 ft. balcony and 22ft. hall | 4BHK flat with 2 kitchens, 34ft. hall and 27ft. balcony","Stamp Duty: 5.9 % for Male, 4.9 % for Female, 5.9 % for Joint (Male and Female), 4.9 % For Joint (Female and Female) | Registration Charges: Male Ownership: 1%, Female Ownership: No registration charges,  Joint (Male + Female) Ownership: 1 % ",4,Apartment,2661.06,Carpet Area,21442338,True,Dec ‘27 possession,12-2027,,,ESTATE (Dealer) | Parikh Realestate Management Pvt Ltd (RERA REGISTERED Dealer) | ADVIK REALTORS (Dealer) | MID FLOOR LLP (RERA REGISTERED Dealer) | Cosmic Basera Realtors (RERA REGISTERED Dealer) | Z.A. KESHWANI (Dealer) | Proptiger Marketing Services Pvt Ltd (Dealer) | Daxesh Patel (RERA REGISTERED Dealer) | Aman Kesrani (RERA REGISTERED Dealer)
419031,Kavisha The Portrait,Residential,NEW LAUNCH,Ahmedabad West,Shela,Gujarat,23.009066821166,72.447955285619,"Sanad, Ahmedabad West",382465,11072342,30354486,1.11 - 3.04 Cr,https://www.99acres.com/exidmicrosite/siteplan_g2c.php?live=2&g2c=1&xid_request=1&code=57219,True,"3,4","Redefine luxury with Ahmedabad's largest podium | Lavish 27 and 60 ft. balconies with panoramic views | 3BHK flat with 18 ft. balcony and 22ft. hall | 4BHK flat with 2 kitchens, 34ft. hall and 27ft. balcony","Stamp Duty: 5.9 % for Male, 4.9 % for Female, 5.9 % for Joint (Male and Female), 4.9 % For Joint (Female and Female) | Registration Charges: Male Ownership: 1%, Female Ownership: No registration charges,  Joint (Male + Female) Ownership: 1 % ",4,Apartment,3767.36,Carpet Area,30354486,True,Dec ‘27 possession,12-2027,,,ESTATE (Dealer) | Parikh Realestate Management Pvt Ltd (RERA REGISTERED Dealer) | ADVIK REALTORS (Dealer) | Cosmic Basera Realtors (RERA REGISTERED Dealer) | Z.A. KESHWANI (Dealer) | Proptiger Marketing Services Pvt Ltd (Dealer) | Daxesh Patel (RERA REGISTERED Dealer) | Aman Kesrani (RERA REGISTERED Dealer)
448663,Gokul Flora,Residential,NEW LAUNCH,Ahmedabad West,Ambawadi,Gujarat,23.029900192788972,72.54572714966606,"GOKUL PARK, NEAR JAHANAVI RESTAURANT, AMBAWADI, AHMEDABAD WEST",0,16513000,17115000,1.65 - 1.71 Cr,,True,3,"Biggest 3BHK project in the heart of the city | All-side open units designed for ample light, ventilation, and privacy | All bedrooms designed as master suites for comfort and privacy | Earthquake-resistant RCC structure ensuring safety","Stamp Duty: 5.9 % for Male, 4.9 % for Female, 5.9 % for Joint (Male and Female), 4.9 % For Joint (Female and Female) | Registration Charges: Male Ownership: 1%, Female Ownership: No registration charges,  Joint (Male + Female) Ownership: 1 % ",3,Apartment,2358.98,Super Built-up Area,16513000,True,Feb ‘27 possession,02-2027,,,Mr NILESH RAMESHBHAI VIRANI (Builder)
448663,Gokul Flora,Residential,NEW LAUNCH,Ahmedabad West,Ambawadi,Gujarat,23.029900192788972,72.54572714966606,"GOKUL PARK, NEAR JAHANAVI RESTAURANT, AMBAWADI, AHMEDABAD WEST",0,16513000,17115000,1.65 - 1.71 Cr,,True,3,"Biggest 3BHK project in the heart of the city | All-side open units designed for ample light, ventilation, and privacy | All bedrooms designed as master suites for comfort and privacy | Earthquake-resistant RCC structure ensuring safety","Stamp Duty: 5.9 % for Male, 4.9 % for Female, 5.9 % for Joint (Male and Female), 4.9 % For Joint (Female and Female) | Registration Charges: Male Ownership: 1%, Female Ownership: No registration charges,  Joint (Male + Female) Ownership: 1 % ",3,Apartment,2382.44,Super Built-up Area,16681000,True,Feb ‘27 possession,02-2027,,,Mr NILESH RAMESHBHAI VIRANI (Builder)
448663,Gokul Flora,Residential,NEW LAUNCH,Ahmedabad West,Ambawadi,Gujarat,23.029900192788972,72.54572714966606,"GOKUL PARK, NEAR JAHANAVI RESTAURANT, AMBAWADI, AHMEDABAD WEST",0,16513000,17115000,1.65 - 1.71 Cr,,True,3,"Biggest 3BHK project in the heart of the city | All-side open units designed for ample light, ventilation, and privacy | All bedrooms designed as master suites for comfort and privacy | Earthquake-resistant RCC structure ensuring safety","Stamp Duty: 5.9 % for Male, 4.9 % for Female, 5.9 % for Joint (Male and Female), 4.9 % For Joint (Female and Female) | Registration Charges: Male Ownership: 1%, Female Ownership: No registration charges,  Joint (Male + Female) Ownership: 1 % ",3,Apartment,2411.61,Super Built-up Area,16877000,True,Feb ‘27 possession,02-2027,,,Mr NILESH RAMESHBHAI VIRANI (Builder)
448663,Gokul Flora,Residential,NEW LAUNCH,Ahmedabad West,Ambawadi,Gujarat,23.029900192788972,72.54572714966606,"GOKUL PARK, NEAR JAHANAVI RESTAURANT, AMBAWADI, AHMEDABAD WEST",0,16513000,17115000,1.65 - 1.71 Cr,,True,3,"Biggest 3BHK project in the heart of the city | All-side open units designed for ample light, ventilation, and privacy | All bedrooms designed as master suites for comfort and privacy | Earthquake-resistant RCC structure ensuring safety","Stamp Duty: 5.9 % for Male, 4.9 % for Female, 5.9 % for Joint (Male and Female), 4.9 % For Joint (Female and Female) | Registration Charges: Male Ownership: 1%, Female Ownership: No registration charges,  Joint (Male + Female) Ownership: 1 % ",3,Apartment,2445.45,Super Built-up Area,17115000,True,Feb ‘27 possession,02-2027,,,Mr NILESH RAMESHBHAI VIRANI (Builder)
449421,Shrikanth 90,Residential,NEW LAUNCH,Ahmedabad East,Nana Chiloda,Gujarat,23.1056,72.662548,"Nana Chiloda, Ahmedabad East",382330,6200000,6200000,62 L,https://www.99acres.com/exidmicrosite/siteplan_g2c.php?live=2&g2c=1&xid_request=1&code=62790,True,3,Get Unit of your choice,"Stamp Duty: 5.9 % for Male, 4.9 % for Female, 5.9 % for Joint (Male and Female), 4.9 % For Joint (Female and Female) | Registration Charges: Male Ownership: 1%, Female Ownership: No registration charges,  Joint (Male + Female) Ownership: 1 % ",3,Apartment,829.68,Carpet Area,0,False,,,https://imagecdn.99acres.com/projects/example/isctjoo_1767682319_695075125.jpg,https://www.99acres.com/exidmicrosite/property_2d3d_xid.php?projectCode=62790&bno=101&blockId=131860&fno=F1_101&measurement=1&jquery=1&compare=1&g2c=1&hide_button=1&switch_HD=1&platform=DESKTOP,
449421,Shrikanth 90,Residential,NEW LAUNCH,Ahmedabad East,Nana Chiloda,Gujarat,23.1056,72.662548,"Nana Chiloda, Ahmedabad East",382330,6200000,6200000,62 L,https://www.99acres.com/exidmicrosite/siteplan_g2c.php?live=2&g2c=1&xid_request=1&code=62790,True,3,Get Unit of your choice,"Stamp Duty: 5.9 % for Male, 4.9 % for Female, 5.9 % for Joint (Male and Female), 4.9 % For Joint (Female and Female) | Registration Charges: Male Ownership: 1%, Female Ownership: No registration charges,  Joint (Male + Female) Ownership: 1 % ",3,Apartment,836.79,Carpet Area,0,False,,,https://imagecdn.99acres.com/projects/example/ges3crr_1767682179_695073521.jpg,https://www.99acres.com/exidmicrosite/property_2d3d_xid.php?projectCode=62790&bno=102&blockId=131860&fno=F1_102&measurement=1&jquery=1&compare=1&g2c=1&hide_button=1&switch_HD=1&platform=DESKTOP,
449421,Shrikanth 90,Residential,NEW LAUNCH,Ahmedabad East,Nana Chiloda,Gujarat,23.1056,72.662548,"Nana Chiloda, Ahmedabad East",382330,6200000,6200000,62 L,https://www.99acres.com/exidmicrosite/siteplan_g2c.php?live=2&g2c=1&xid_request=1&code=62790,True,3,Get Unit of your choice,"Stamp Duty: 5.9 % for Male, 4.9 % for Female, 5.9 % for Joint (Male and Female), 4.9 % For Joint (Female and Female) | Registration Charges: Male Ownership: 1%, Female Ownership: No registration charges,  Joint (Male + Female) Ownership: 1 % ",3,Apartment,849.59,Carpet Area,0,False,,,https://imagecdn.99acres.com/projects/example/ikyolkw_1767682248_695074379.jpg,https://www.99acres.com/exidmicrosite/property_2d3d_xid.php?projectCode=62790&bno=103&blockId=131860&fno=F1_103&measurement=1&jquery=1&compare=1&g2c=1&hide_button=1&switch_HD=1&platform=DESKTOP,
449421,Shrikanth 90,Residential,NEW LAUNCH,Ahmedabad East,Nana Chiloda,Gujarat,23.1056,72.662548,"Nana Chiloda, Ahmedabad East",382330,6200000,6200000,62 L,https://www.99acres.com/exidmicrosite/siteplan_g2c.php?live=2&g2c=1&xid_request=1&code=62790,True,3,Get Unit of your choice,"Stamp Duty: 5.9 % for Male, 4.9 % for Female, 5.9 % for Joint (Male and Female), 4.9 % For Joint (Female and Female) | Registration Charges: Male Ownership: 1%, Female Ownership: No registration charges,  Joint (Male + Female) Ownership: 1 % ",3,Apartment,856.48,Carpet Area,0,False,,,https://imagecdn.99acres.com/projects/example/3bfir63_1767682284_695074793.jpg,https://www.99acres.com/exidmicrosite/property_2d3d_xid.php?projectCode=62790&bno=104&blockId=131860&fno=F1_104&measurement=1&jquery=1&compare=1&g2c=1&hide_button=1&switch_HD=1&platform=DESKTOP,
449421,Shrikanth 90,Residential,NEW LAUNCH,Ahmedabad East,Nana Chiloda,Gujarat,23.1056,72.662548,"Nana Chiloda, Ahmedabad East",382330,6200000,6200000,62 L,https://www.99acres.com/exidmicrosite/siteplan_g2c.php?live=2&g2c=1&xid_request=1&code=62790,True,3,Get Unit of your choice,"Stamp Duty: 5.9 % for Male, 4.9 % for Female, 5.9 % for Joint (Male and Female), 4.9 % For Joint (Female and Female) | Registration Charges: Male Ownership: 1%, Female Ownership: No registration charges,  Joint (Male + Female) Ownership: 1 % ",3,Apartment,2070.0,Super Built-up Area,6200000,True,Mar ‘29 possession,03-2029,,,MANISH KHEMCHANDANI (Dealer)
448200,Swastik Reva,Residential,NEW LAUNCH,Ahmedabad North,Charodi,Gujarat,23.12501081657612,72.53707986736504,"Modi Sankul Road Bh. Brillia By Pravish, S.G. Highway Chharodi,Ahmedabad",0,13800000,17800000,1.38 - 1.78 Cr,https://www.99acres.com/exidmicrosite/siteplan_g2c.php?live=2&g2c=1&xid_request=1&code=62355,True,"3,4",Iconic clubhouse with tree-like pergolas & modern glass façade | Expansive 897.07 Sq.mts. common plot with lush landscaping | Multi-level basement parking with dedicated residential and visitor zones | Proximity to educational institutions and major business hubs,"Stamp Duty: 5.9 % for Male, 4.9 % for Female, 5.9 % for Joint (Male and Female), 4.9 % For Joint (Female and Female) | Registration Charges: Male Ownership: 1%, Female Ownership: No registration charges,  Joint (Male + Female) Ownership: 1 % ",3,Apartment,2655.0,Super Built-up Area,13800000,True,Sep ‘27 possession,09-2027,https://imagecdn.99acres.com/projects/example/vsfpboh_1767781564_695705003.jpg,https://www.99acres.com/exidmicrosite/property_2d3d_xid.php?projectCode=62355&bno=102&blockId=131124&fno=F1_102&measurement=1&jquery=1&compare=1&g2c=1&hide_button=1&switch_HD=1&platform=DESKTOP,Swastik Reva (Builder)
448200,Swastik Reva,Residential,NEW LAUNCH,Ahmedabad North,Charodi,Gujarat,23.12501081657612,72.53707986736504,"Modi Sankul Road Bh. Brillia By Pravish, S.G. Highway Chharodi,Ahmedabad",0,13800000,17800000,1.38 - 1.78 Cr,https://www.99acres.com/exidmicrosite/siteplan_g2c.php?live=2&g2c=1&xid_request=1&code=62355,True,"3,4",Iconic clubhouse with tree-like pergolas & modern glass façade | Expansive 897.07 Sq.mts. common plot with lush landscaping | Multi-level basement parking with dedicated residential and visitor zones | Proximity to educational institutions and major business hubs,"Stamp Duty: 5.9 % for Male, 4.9 % for Female, 5.9 % for Joint (Male and Female), 4.9 % For Joint (Female and Female) | Registration Charges: Male Ownership: 1%, Female Ownership: No registration charges,  Joint (Male + Female) Ownership: 1 % ",4,Apartment,3420.0,Super Built-up Area,17800000,True,Sep ‘27 possession,09-2027,https://imagecdn.99acres.com/projects/example/clda3pt_1767781578_695705323.jpg,https://www.99acres.com/exidmicrosite/property_2d3d_xid.php?projectCode=62355&bno=103&blockId=131124&fno=F1_103&measurement=1&jquery=1&compare=1&g2c=1&hide_button=1&switch_HD=1&platform=DESKTOP,Swastik Reva (Builder)
419815,Sampath Sky,Residential,NEW LAUNCH,Ahmedabad North,New Ranip,Gujarat,23.099436,72.554246,"New Ranip, Ahmedabad North",382480,10752000,11256000,1.08 - 1.13 Cr,,True,3,Comprehensive residential avenue offering flats and limited retail | Strategic Jagatpur location offers high accessibility & serene surroundings | Two high-speed elevators for efficient vertical movement | Luxury 3 BHK apartments and 4 BHK Penthouses with terrace gardens,"Stamp Duty: 5.9 % for Male, 4.9 % for Female, 5.9 % for Joint (Male and Female), 4.9 % For Joint (Female and Female) | Registration Charges: Male Ownership: 1%, Female Ownership: No registration charges,  Joint (Male + Female) Ownership: 1 % ",3,Apartment,2304.0,Super Built-up Area,10752000,True,Dec ‘27 possession,12-2027,https://imagecdn.99acres.com/projects/example/dj2aesz_1764920049_682054327.jpg,,Mr Darshan Prajapati (Builder) | Vikas Dave (Dealer)
419815,Sampath Sky,Residential,NEW LAUNCH,Ahmedabad North,New Ranip,Gujarat,23.099436,72.554246,"New Ranip, Ahmedabad North",382480,10752000,11256000,1.08 - 1.13 Cr,,True,3,Comprehensive residential avenue offering flats and limited retail | Strategic Jagatpur location offers high accessibility & serene surroundings | Two high-speed elevators for efficient vertical movement | Luxury 3 BHK apartments and 4 BHK Penthouses with terrace gardens,"Stamp Duty: 5.9 % for Male, 4.9 % for Female, 5.9 % for Joint (Male and Female), 4.9 % For Joint (Female and Female) | Registration Charges: Male Ownership: 1%, Female Ownership: No registration charges,  Joint (Male + Female) Ownership: 1 % ",3,Apartment,2412.0,Super Built-up Area,11256000,True,Dec ‘27 possession,12-2027,https://imagecdn.99acres.com/projects/example/wezxbas_1764920960_682066423.jpg,,Mr Darshan Prajapati (Builder)
439503,Venus Planet,Residential,NEW LAUNCH,Ahmedabad West,Shela,Gujarat,23.004113599693422,72.47391720833245,"Club 07 Road, Near S.P Ring Road Junction, Before Orchid Sky,, Ahmedabad City",382465,9133000,9133000,91.33 L,https://www.99acres.com/exidmicrosite/siteplan_g2c.php?live=2&g2c=1&xid_request=1&code=59470,True,3,"Amenities include Clubhouse, Kids play area, and swimming Pool | Enjoy Yoga/Zumba and social gatherings at the Kitty Party Area | The development includes retail spaces | Located off S.P. Ring Road offering premium 3 BHK homes and shops","Stamp Duty: 5.9 % for Male, 4.9 % for Female, 5.9 % for Joint (Male and Female), 4.9 % For Joint (Female and Female) | Registration Charges: Male Ownership: 1%, Female Ownership: No registration charges,  Joint (Male + Female) Ownership: 1 % ",3,Apartment,841.0,Carpet Area,9133000,True,Dec ‘30 possession,12-2030,https://imagecdn.99acres.com/projects/example/hwlop9r_1742287796_578367007.jpg,https://www.99acres.com/exidmicrosite/property_2d3d_xid.php?projectCode=59470&bno=101&blockId=124828&fno=F1_101&measurement=1&jquery=1&compare=1&g2c=1&hide_button=1&switch_HD=1&platform=DESKTOP,ESTATE (Dealer) | ADVIK REALTORS (Dealer) | MID FLOOR LLP (RERA REGISTERED Dealer) | Cosmic Basera Realtors (RERA REGISTERED Dealer) | Navin (Dealer) | Realty Lacasa (RERA REGISTERED Dealer) | Daxesh Patel (RERA REGISTERED Dealer) | Brickroots (Dealer)
451304,Trinay Anagh,Residential,NEW LAUNCH,Ahmedabad West,Jodhpur,Gujarat,23.027652,72.525012,"B/h Iscon Emporio, opp Adinath Digambar Jain Mandir, Jodhpur Cross Road, Satellite, Ahmedabad",388265,20000000,28100000,2 - 2.81 Cr,https://www.99acres.com/exidmicrosite/siteplan_g2c.php?live=2&g2c=1&xid_request=1&code=61102,True,"3,4","Three car parking spaces per flat with no-vehicle ground zone | Mivan Technology for strength, leak-proof walls, seamless finish | 24x7 CCTV, video door phone, smart locks & optical fiber cabling | Get Unit of your choice","Stamp Duty: 5.9 % for Male, 4.9 % for Female, 5.9 % for Joint (Male and Female), 4.9 % For Joint (Female and Female) | Registration Charges: Male Ownership: 1%, Female Ownership: No registration charges,  Joint (Male + Female) Ownership: 1 % ",3,Apartment,2763.0,Super Built-up Area,20000000,True,Mar ‘27 possession,03-2027,https://imagecdn.99acres.com/projects/example/virznf5_1757589277_645744203.jpg,https://www.99acres.com/exidmicrosite/property_2d3d_xid.php?projectCode=61102&bno=101&blockId=128551&fno=F1_101&measurement=1&jquery=1&compare=1&g2c=1&hide_button=1&switch_HD=1&platform=DESKTOP,Shakti sinh Vaghela (Builder) | MID FLOOR LLP (RERA REGISTERED Dealer)
451304,Trinay Anagh,Residential,NEW LAUNCH,Ahmedabad West,Jodhpur,Gujarat,23.027652,72.525012,"B/h Iscon Emporio, opp Adinath Digambar Jain Mandir, Jodhpur Cross Road, Satellite, Ahmedabad",388265,20000000,28100000,2 - 2.81 Cr,https://www.99acres.com/exidmicrosite/siteplan_g2c.php?live=2&g2c=1&xid_request=1&code=61102,True,"3,4","Three car parking spaces per flat with no-vehicle ground zone | Mivan Technology for strength, leak-proof walls, seamless finish | 24x7 CCTV, video door phone, smart locks & optical fiber cabling | Get Unit of your choice","Stamp Duty: 5.9 % for Male, 4.9 % for Female, 5.9 % for Joint (Male and Female), 4.9 % For Joint (Female and Female) | Registration Charges: Male Ownership: 1%, Female Ownership: No registration charges,  Joint (Male + Female) Ownership: 1 % ",4,Apartment,3306.0,Super Built-up Area,23900000,True,Mar ‘27 possession,03-2027,https://imagecdn.99acres.com/projects/example/jzymaso_1757589337_645744893.jpg,https://www.99acres.com/exidmicrosite/property_2d3d_xid.php?projectCode=61102&bno=102&blockId=128551&fno=F1_102&measurement=1&jquery=1&compare=1&g2c=1&hide_button=1&switch_HD=1&platform=DESKTOP,Shakti sinh Vaghela (Builder) | MID FLOOR LLP (RERA REGISTERED Dealer)
451304,Trinay Anagh,Residential,NEW LAUNCH,Ahmedabad West,Jodhpur,Gujarat,23.027652,72.525012,"B/h Iscon Emporio, opp Adinath Digambar Jain Mandir, Jodhpur Cross Road, Satellite, Ahmedabad",388265,20000000,28100000,2 - 2.81 Cr,https://www.99acres.com/exidmicrosite/siteplan_g2c.php?live=2&g2c=1&xid_request=1&code=61102,True,"3,4","Three car parking spaces per flat with no-vehicle ground zone | Mivan Technology for strength, leak-proof walls, seamless finish | 24x7 CCTV, video door phone, smart locks & optical fiber cabling | Get Unit of your choice","Stamp Duty: 5.9 % for Male, 4.9 % for Female, 5.9 % for Joint (Male and Female), 4.9 % For Joint (Female and Female) | Registration Charges: Male Ownership: 1%, Female Ownership: No registration charges,  Joint (Male + Female) Ownership: 1 % ",4,Apartment,3373.0,Super Built-up Area,24400000,True,Mar ‘27 possession,03-2027,https://imagecdn.99acres.com/projects/example/na5mh2e_1757589381_645745407.jpg,https://www.99acres.com/exidmicrosite/property_2d3d_xid.php?projectCode=61102&bno=103&blockId=128551&fno=F1_103&measurement=1&jquery=1&compare=1&g2c=1&hide_button=1&switch_HD=1&platform=DESKTOP,Shakti sinh Vaghela (Builder)
451304,Trinay Anagh,Residential,NEW LAUNCH,Ahmedabad West,Jodhpur,Gujarat,23.027652,72.525012,"B/h Iscon Emporio, opp Adinath Digambar Jain Mandir, Jodhpur Cross Road, Satellite, Ahmedabad",388265,20000000,28100000,2 - 2.81 Cr,https://www.99acres.com/exidmicrosite/siteplan_g2c.php?live=2&g2c=1&xid_request=1&code=61102,True,"3,4","Three car parking spaces per flat with no-vehicle ground zone | Mivan Technology for strength, leak-proof walls, seamless finish | 24x7 CCTV, video door phone, smart locks & optical fiber cabling | Get Unit of your choice","Stamp Duty: 5.9 % for Male, 4.9 % for Female, 5.9 % for Joint (Male and Female), 4.9 % For Joint (Female and Female) | Registration Charges: Male Ownership: 1%, Female Ownership: No registration charges,  Joint (Male + Female) Ownership: 1 % ",4,Apartment,3476.0,Super Built-up Area,25100000,True,Mar ‘27 possession,03-2027,https://imagecdn.99acres.com/projects/example/gtpjbaz_1756466973_640272039.jpg,https://www.99acres.com/exidmicrosite/property_2d3d_xid.php?projectCode=61102&bno=104&blockId=128551&fno=F1_104&measurement=1&jquery=1&compare=1&g2c=1&hide_button=1&switch_HD=1&platform=DESKTOP,Shakti sinh Vaghela (Builder) | MID FLOOR LLP (RERA REGISTERED Dealer)
451304,Trinay Anagh,Residential,NEW LAUNCH,Ahmedabad West,Jodhpur,Gujarat,23.027652,72.525012,"B/h Iscon Emporio, opp Adinath Digambar Jain Mandir, Jodhpur Cross Road, Satellite, Ahmedabad",388265,20000000,28100000,2 - 2.81 Cr,https://www.99acres.com/exidmicrosite/siteplan_g2c.php?live=2&g2c=1&xid_request=1&code=61102,True,"3,4","Three car parking spaces per flat with no-vehicle ground zone | Mivan Technology for strength, leak-proof walls, seamless finish | 24x7 CCTV, video door phone, smart locks & optical fiber cabling | Get Unit of your choice","Stamp Duty: 5.9 % for Male, 4.9 % for Female, 5.9 % for Joint (Male and Female), 4.9 % For Joint (Female and Female) | Registration Charges: Male Ownership: 1%, Female Ownership: No registration charges,  Joint (Male + Female) Ownership: 1 % ",4,Apartment,3877.0,Super Built-up Area,28100000,True,Mar ‘27 possession,03-2027,https://imagecdn.99acres.com/projects/example/eb4caaq_1757589360_645745137.jpg,https://www.99acres.com/exidmicrosite/property_2d3d_xid.php?projectCode=61102&bno=105&blockId=128551&fno=F1_105&measurement=1&jquery=1&compare=1&g2c=1&hide_button=1&switch_HD=1&platform=DESKTOP,Shakti sinh Vaghela (Builder) | MID FLOOR LLP (RERA REGISTERED Dealer)
455077,Surendra Anugrah Villas,Residential,NEW LAUNCH,Ahmedabad South,Kasindra,Gujarat,22.901121,72.472335,"Kasindra, Ahmedabad South",382465,0,0,Price on Request,https://www.99acres.com/exidmicrosite/siteplan_g2c.php?live=2&g2c=1&xid_request=1&code=61600,True,"4,5","Located opp to Tajpur Road, offering the best of serene and urban life | Each villa includes a multi-purpose sports court and kids play area | Each villa offers expansive living spaces, ensuring privacy | Get Unit of your choice","Stamp Duty: 5.9 % for Male, 4.9 % for Female, 5.9 % for Joint (Male and Female), 4.9 % For Joint (Female and Female) | Registration Charges: Male Ownership: 1%, Female Ownership: No registration charges,  Joint (Male + Female) Ownership: 1 % ",4,Villa,3474.0,Super Built-up Area,0,False,Dec ‘27 possession,12-2027,https://imagecdn.99acres.com/projects/example/00entan_1760445704_660577253.jpg,https://www.99acres.com/exidmicrosite/property_2d3d_xid.php?projectCode=61600&bno=101&blockId=129595&fno=F1_101&measurement=1&jquery=1&compare=1&g2c=1&hide_button=1&switch_HD=1&platform=DESKTOP,
455077,Surendra Anugrah Villas,Residential,NEW LAUNCH,Ahmedabad South,Kasindra,Gujarat,22.901121,72.472335,"Kasindra, Ahmedabad South",382465,0,0,Price on Request,https://www.99acres.com/exidmicrosite/siteplan_g2c.php?live=2&g2c=1&xid_request=1&code=61600,True,"4,5","Located opp to Tajpur Road, offering the best of serene and urban life | Each villa includes a multi-purpose sports court and kids play area | Each villa offers expansive living spaces, ensuring privacy | Get Unit of your choice","Stamp Duty: 5.9 % for Male, 4.9 % for Female, 5.9 % for Joint (Male and Female), 4.9 % For Joint (Female and Female) | Registration Charges: Male Ownership: 1%, Female Ownership: No registration charges,  Joint (Male + Female) Ownership: 1 % ",5,Villa,4374.0,Super Built-up Area,0,False,Dec ‘27 possession,12-2027,https://imagecdn.99acres.com/projects/example/x7zj8zy_1760445717_660577337.jpg,https://www.99acres.com/exidmicrosite/property_2d3d_xid.php?projectCode=61600&bno=102&blockId=129595&fno=F1_102&measurement=1&jquery=1&compare=1&g2c=1&hide_button=1&switch_HD=1&platform=DESKTOP,
455919,Dev The Galaxy,Residential,NEW LAUNCH,Ahmedabad West,Shela,Gujarat,23.004977,72.469353,"THE GALAXY, Plot No. 956, Opp. Orchid Sky, Club 07 Road, Shela Sharkhej, Ahmedabad",382465,10600000,10600000,1.06 Cr,https://www.99acres.com/exidmicrosite/siteplan_g2c.php?live=2&g2c=1&xid_request=1&code=61826,True,3,"Lakeside living complemented by a natural lake and oxygen park | Two parking spaces allotted | Over 30 meticulously curated amenities, ensuring everyday indulgence | Amenities include indoor swimming pool, splash pool and home theatre","Stamp Duty: 5.9 % for Male, 4.9 % for Female, 5.9 % for Joint (Male and Female), 4.9 % For Joint (Female and Female) | Registration Charges: Male Ownership: 1%, Female Ownership: No registration charges,  Joint (Male + Female) Ownership: 1 % ",3,Apartment,2010.0,Super Built-up Area,10600000,True,Dec ‘28 possession,12-2028,https://imagecdn.99acres.com/projects/example/u9bg339_1762172840_667821643.jpg,,Dev Infinity buildcon pvt. ltd (Builder)
396846,Divya Heights,Residential,NEW LAUNCH,Ahmedabad North,Vaishnodevi Circle,Gujarat,23.132898,72.546443,"Vaishnodevi Circle , Ahmedabad North",0,15100000,15100000,1.51 Cr,https://www.99acres.com/exidmicrosite/siteplan_g2c.php?live=2&g2c=1&xid_request=1&code=50059,True,3,Double storey club house | Party function area on terrace | Each flat facing garden view | Each flat has personal foyer,"Stamp Duty: 5.9 % for Male, 4.9 % for Female, 5.9 % for Joint (Male and Female), 4.9 % For Joint (Female and Female) | Registration Charges: Male Ownership: 1%, Female Ownership: No registration charges,  Joint (Male + Female) Ownership: 1 % ",3,Apartment,2727.0,Super Built-up Area,15100000,True,Jun ‘26 possession,06-2026,https://newprojects.99acres.com/projects/nishan_group/nishan_divya_heights/maps/j370ignv.jpg,https://www.99acres.com/exidmicrosite/property_2d3d_xid.php?projectCode=50059&bno=101&blockId=102740&fno=F1_101&measurement=1&jquery=1&compare=1&g2c=1&hide_button=1&switch_HD=1&platform=DESKTOP,Jaimin Patel (Builder)
406898,Highline by AG Group,Residential,NEW LAUNCH,Ahmedabad West,Sola,Gujarat,23.09594309762,72.528014231255,"Gokul Road, S.G Highway, Gota, Ahmedabad - 382481",0,15500000,50896149,1.55 - 5.09 Cr,https://www.99acres.com/exidmicrosite/siteplan_g2c.php?live=2&g2c=1&xid_request=1&code=52572,True,"3,4","Luxurious three bedrooms and four bathroom units with minimum space wastage, having a customizable payment plan | Gujarat's  largest and iconic project with multiple usage of building | IGBC Gold certified building & 100 ft. minimum distance between each tower & 4 road corner plot | Design by international architect and construction by Rivera Infra Projects Pvt. Ltd.","Stamp Duty: 5.9 % for Male, 4.9 % for Female, 5.9 % for Joint (Male and Female), 4.9 % For Joint (Female and Female) | Registration Charges: Male Ownership: 1%, Female Ownership: No registration charges,  Joint (Male + Female) Ownership: 1 % ",3,Apartment,2700.0,Super Built-up Area,15500000,True,Dec ‘26 possession,12-2026,,https://www.99acres.com/exidmicrosite/property_2d3d_xid.php?projectCode=52572&bno=101&blockId=109192&fno=F1_101&measurement=1&jquery=1&compare=1&g2c=1&hide_button=1&switch_HD=1&platform=DESKTOP,AG GROUP (Builder) | MID FLOOR LLP (RERA REGISTERED Dealer) | Omprakash Tripathi (RERA REGISTERED Dealer) | Daksh Realtors (Dealer)
406898,Highline by AG Group,Residential,NEW LAUNCH,Ahmedabad West,Sola,Gujarat,23.09594309762,72.528014231255,"Gokul Road, S.G Highway, Gota, Ahmedabad - 382481",0,15500000,50896149,1.55 - 5.09 Cr,https://www.99acres.com/exidmicrosite/siteplan_g2c.php?live=2&g2c=1&xid_request=1&code=52572,True,"3,4","Luxurious three bedrooms and four bathroom units with minimum space wastage, having a customizable payment plan | Gujarat's  largest and iconic project with multiple usage of building | IGBC Gold certified building & 100 ft. minimum distance between each tower & 4 road corner plot | Design by international architect and construction by Rivera Infra Projects Pvt. Ltd.","Stamp Duty: 5.9 % for Male, 4.9 % for Female, 5.9 % for Joint (Male and Female), 4.9 % For Joint (Female and Female) | Registration Charges: Male Ownership: 1%, Female Ownership: No registration charges,  Joint (Male + Female) Ownership: 1 % ",4,Apartment,2701.0,Super Built-up Area,25500000,True,Dec ‘26 possession,12-2026,https://imagecdn.99acres.com/projects/example/dkqcmgk_1724153464_513026139.jpg,https://www.99acres.com/exidmicrosite/property_2d3d_xid.php?projectCode=52572&bno=106&blockId=109192&fno=F1_106&measurement=1&jquery=1&compare=1&g2c=1&hide_button=1&switch_HD=1&platform=DESKTOP,AG GROUP (Builder) | MID FLOOR LLP (RERA REGISTERED Dealer) | Omprakash Tripathi (RERA REGISTERED Dealer) | AV REALTY (Dealer) | Daksh Realtors (Dealer)
406898,Highline by AG Group,Residential,NEW LAUNCH,Ahmedabad West,Sola,Gujarat,23.09594309762,72.528014231255,"Gokul Road, S.G Highway, Gota, Ahmedabad - 382481",0,15500000,50896149,1.55 - 5.09 Cr,https://www.99acres.com/exidmicrosite/siteplan_g2c.php?live=2&g2c=1&xid_request=1&code=52572,True,"3,4","Luxurious three bedrooms and four bathroom units with minimum space wastage, having a customizable payment plan | Gujarat's  largest and iconic project with multiple usage of building | IGBC Gold certified building & 100 ft. minimum distance between each tower & 4 road corner plot | Design by international architect and construction by Rivera Infra Projects Pvt. Ltd.","Stamp Duty: 5.9 % for Male, 4.9 % for Female, 5.9 % for Joint (Male and Female), 4.9 % For Joint (Female and Female) | Registration Charges: Male Ownership: 1%, Female Ownership: No registration charges,  Joint (Male + Female) Ownership: 1 % ",4,Apartment,3800.0,Super Built-up Area,35875601,True,Dec ‘26 possession,12-2026,https://imagecdn.99acres.com/projects/example/oddkx9r_1724153193_513024841.jpg,https://www.99acres.com/exidmicrosite/property_2d3d_xid.php?projectCode=52572&bno=105&blockId=109192&fno=F1_105&measurement=1&jquery=1&compare=1&g2c=1&hide_button=1&switch_HD=1&platform=DESKTOP,AV REALTY (Dealer) | Daksh Realtors (Dealer)
406898,Highline by AG Group,Residential,NEW LAUNCH,Ahmedabad West,Sola,Gujarat,23.09594309762,72.528014231255,"Gokul Road, S.G Highway, Gota, Ahmedabad - 382481",0,15500000,50896149,1.55 - 5.09 Cr,https://www.99acres.com/exidmicrosite/siteplan_g2c.php?live=2&g2c=1&xid_request=1&code=52572,True,"3,4","Luxurious three bedrooms and four bathroom units with minimum space wastage, having a customizable payment plan | Gujarat's  largest and iconic project with multiple usage of building | IGBC Gold certified building & 100 ft. minimum distance between each tower & 4 road corner plot | Design by international architect and construction by Rivera Infra Projects Pvt. Ltd.","Stamp Duty: 5.9 % for Male, 4.9 % for Female, 5.9 % for Joint (Male and Female), 4.9 % For Joint (Female and Female) | Registration Charges: Male Ownership: 1%, Female Ownership: No registration charges,  Joint (Male + Female) Ownership: 1 % ",4,Apartment,5391.0,Super Built-up Area,50896149,True,Dec ‘26 possession,12-2026,https://imagecdn.99acres.com/projects/example/kqirlr2_1756452055_640096327.jpg,,MID FLOOR LLP (RERA REGISTERED Dealer) | AV REALTY (Dealer) | Daksh Realtors (Dealer)
414403,Aarohi Avinya,Residential,NEW LAUNCH,Ahmedabad West,Satellite,Gujarat,23.020092739361,72.515168967141,"Jodhpur, Ahmedabad West",380015,18408000,19266000,1.84 - 1.93 Cr,,True,3,"70% open spaces for leisure, wellness, and connection | Prestigious location with seamless urban–nature harmony | Lush landscaped gardens for tranquil everyday living | Spacious interiors with large windows and city views","Stamp Duty: 5.9 % for Male, 4.9 % for Female, 5.9 % for Joint (Male and Female), 4.9 % For Joint (Female and Female) | Registration Charges: Male Ownership: 1%, Female Ownership: No registration charges,  Joint (Male + Female) Ownership: 1 % ",3,Apartment,2360.0,Super Built-up Area,18408000,True,Dec ‘28 possession,12-2028,https://newprojects.99acres.com/projects/siddhi_developers/aarohi_avinya/maps/9q1y2ql_1720001094_502149703.jpg,,Tanishqua Reality (RERA REGISTERED Dealer)
414403,Aarohi Avinya,Residential,NEW LAUNCH,Ahmedabad West,Satellite,Gujarat,23.020092739361,72.515168967141,"Jodhpur, Ahmedabad West",380015,18408000,19266000,1.84 - 1.93 Cr,,True,3,"70% open spaces for leisure, wellness, and connection | Prestigious location with seamless urban–nature harmony | Lush landscaped gardens for tranquil everyday living | Spacious interiors with large windows and city views","Stamp Duty: 5.9 % for Male, 4.9 % for Female, 5.9 % for Joint (Male and Female), 4.9 % For Joint (Female and Female) | Registration Charges: Male Ownership: 1%, Female Ownership: No registration charges,  Joint (Male + Female) Ownership: 1 % ",3,Apartment,2400.0,Super Built-up Area,18720000,True,Dec ‘28 possession,12-2028,https://newprojects.99acres.com/projects/siddhi_developers/aarohi_avinya/maps/28jtfg8_1720001094_502149705.jpg,,Tanishqua Reality (RERA REGISTERED Dealer)
414403,Aarohi Avinya,Residential,NEW LAUNCH,Ahmedabad West,Satellite,Gujarat,23.020092739361,72.515168967141,"Jodhpur, Ahmedabad West",380015,18408000,19266000,1.84 - 1.93 Cr,,True,3,"70% open spaces for leisure, wellness, and connection | Prestigious location with seamless urban–nature harmony | Lush landscaped gardens for tranquil everyday living | Spacious interiors with large windows and city views","Stamp Duty: 5.9 % for Male, 4.9 % for Female, 5.9 % for Joint (Male and Female), 4.9 % For Joint (Female and Female) | Registration Charges: Male Ownership: 1%, Female Ownership: No registration charges,  Joint (Male + Female) Ownership: 1 % ",3,Apartment,2425.0,Super Built-up Area,18915000,True,Dec ‘28 possession,12-2028,https://newprojects.99acres.com/projects/siddhi_developers/aarohi_avinya/maps/ulcz3vk_1720001094_502149699.jpg,,Siddhi Infralink Private limited (Builder) | Tanishqua Reality (RERA REGISTERED Dealer)
414403,Aarohi Avinya,Residential,NEW LAUNCH,Ahmedabad West,Satellite,Gujarat,23.020092739361,72.515168967141,"Jodhpur, Ahmedabad West",380015,18408000,19266000,1.84 - 1.93 Cr,,True,3,"70% open spaces for leisure, wellness, and connection | Prestigious location with seamless urban–nature harmony | Lush landscaped gardens for tranquil everyday living | Spacious interiors with large windows and city views","Stamp Duty: 5.9 % for Male, 4.9 % for Female, 5.9 % for Joint (Male and Female), 4.9 % For Joint (Female and Female) | Registration Charges: Male Ownership: 1%, Female Ownership: No registration charges,  Joint (Male + Female) Ownership: 1 % ",3,Apartment,2470.0,Super Built-up Area,19266000,True,Dec ‘28 possession,12-2028,https://newprojects.99acres.com/projects/siddhi_developers/aarohi_avinya/maps/x9ezeyn_1720001105_502149763.jpg,,Tanishqua Reality (RERA REGISTERED Dealer)
436196,Madhuban Kadamb,Residential,NEW LAUNCH,Ahmedabad West,Sarkhej,Gujarat,22.972419490372914,72.49181639730922,"Sarkhej Okaf, Ahmedabad",382210,4052800,5550000,40.53 - 55.5 L,https://www.99acres.com/exidmicrosite/siteplan_g2c.php?live=2&g2c=1&xid_request=1&code=59234,True,"2,3",Provides EV-charging station and parking with car wash area | 30+ Meticulously designed lavish amenities  | Two fully automatic lifts per block | Provides a reading room and library,"Stamp Duty: 5.9 % for Male, 4.9 % for Female, 5.9 % for Joint (Male and Female), 4.9 % For Joint (Female and Female) | Registration Charges: Male Ownership: 1%, Female Ownership: No registration charges,  Joint (Male + Female) Ownership: 1 % ",2,Apartment,1156.0,Super Built-up Area,4052800,True,Mar ‘28 possession,03-2028,https://imagecdn.99acres.com/projects/example/vrmivk1_1740377087_572127931.jpg,https://www.99acres.com/exidmicrosite/property_2d3d_xid.php?projectCode=59234&bno=101&blockId=123862&fno=F1_101&measurement=1&jquery=1&compare=1&g2c=1&hide_button=1&switch_HD=1&platform=DESKTOP,R J PARIKH DEVELOPERS LLP (Builder)
436196,Madhuban Kadamb,Residential,NEW LAUNCH,Ahmedabad West,Sarkhej,Gujarat,22.972419490372914,72.49181639730922,"Sarkhej Okaf, Ahmedabad",382210,4052800,5550000,40.53 - 55.5 L,https://www.99acres.com/exidmicrosite/siteplan_g2c.php?live=2&g2c=1&xid_request=1&code=59234,True,"2,3",Provides EV-charging station and parking with car wash area | 30+ Meticulously designed lavish amenities  | Two fully automatic lifts per block | Provides a reading room and library,"Stamp Duty: 5.9 % for Male, 4.9 % for Female, 5.9 % for Joint (Male and Female), 4.9 % For Joint (Female and Female) | Registration Charges: Male Ownership: 1%, Female Ownership: No registration charges,  Joint (Male + Female) Ownership: 1 % ",2,Apartment,531.0,Carpet Area,0,False,,,https://imagecdn.99acres.com/projects/example/oj55tlh_1745383971_589183441.jpg,,
436196,Madhuban Kadamb,Residential,NEW LAUNCH,Ahmedabad West,Sarkhej,Gujarat,22.972419490372914,72.49181639730922,"Sarkhej Okaf, Ahmedabad",382210,4052800,5550000,40.53 - 55.5 L,https://www.99acres.com/exidmicrosite/siteplan_g2c.php?live=2&g2c=1&xid_request=1&code=59234,True,"2,3",Provides EV-charging station and parking with car wash area | 30+ Meticulously designed lavish amenities  | Two fully automatic lifts per block | Provides a reading room and library,"Stamp Duty: 5.9 % for Male, 4.9 % for Female, 5.9 % for Joint (Male and Female), 4.9 % For Joint (Female and Female) | Registration Charges: Male Ownership: 1%, Female Ownership: No registration charges,  Joint (Male + Female) Ownership: 1 % ",2,Apartment,590.0,Carpet Area,0,False,,,https://imagecdn.99acres.com/projects/example/e6c3xqf_1745383867_589182903.jpg,,
436196,Madhuban Kadamb,Residential,NEW LAUNCH,Ahmedabad West,Sarkhej,Gujarat,22.972419490372914,72.49181639730922,"Sarkhej Okaf, Ahmedabad",382210,4052800,5550000,40.53 - 55.5 L,https://www.99acres.com/exidmicrosite/siteplan_g2c.php?live=2&g2c=1&xid_request=1&code=59234,True,"2,3",Provides EV-charging station and parking with car wash area | 30+ Meticulously designed lavish amenities  | Two fully automatic lifts per block | Provides a reading room and library,"Stamp Duty: 5.9 % for Male, 4.9 % for Female, 5.9 % for Joint (Male and Female), 4.9 % For Joint (Female and Female) | Registration Charges: Male Ownership: 1%, Female Ownership: No registration charges,  Joint (Male + Female) Ownership: 1 % ",2,Apartment,740.0,Carpet Area,0,False,,,https://imagecdn.99acres.com/projects/example/rnyub37_1745384075_589183941.jpg,,
436196,Madhuban Kadamb,Residential,NEW LAUNCH,Ahmedabad West,Sarkhej,Gujarat,22.972419490372914,72.49181639730922,"Sarkhej Okaf, Ahmedabad",382210,4052800,5550000,40.53 - 55.5 L,https://www.99acres.com/exidmicrosite/siteplan_g2c.php?live=2&g2c=1&xid_request=1&code=59234,True,"2,3",Provides EV-charging station and parking with car wash area | 30+ Meticulously designed lavish amenities  | Two fully automatic lifts per block | Provides a reading room and library,"Stamp Duty: 5.9 % for Male, 4.9 % for Female, 5.9 % for Joint (Male and Female), 4.9 % For Joint (Female and Female) | Registration Charges: Male Ownership: 1%, Female Ownership: No registration charges,  Joint (Male + Female) Ownership: 1 % ",3,Apartment,1500.0,Super Built-up Area,5550000,True,Mar ‘28 possession,03-2028,https://imagecdn.99acres.com/projects/example/h6scfge_1740377120_572128075.jpg,https://www.99acres.com/exidmicrosite/property_2d3d_xid.php?projectCode=59234&bno=102&blockId=123862&fno=F1_102&measurement=1&jquery=1&compare=1&g2c=1&hide_button=1&switch_HD=1&platform=DESKTOP,R J PARIKH DEVELOPERS LLP (Builder)
455886,Ekayan,Residential,NEW LAUNCH,Ahmedabad North,Zundal,Gujarat,23.136365,72.579363,"EKAYAN, Plot No. 90/3, Zundal, Gandhinagar",382421,9380500,10402500,93.81 L - 1.04 Cr,https://www.99acres.com/exidmicrosite/siteplan_g2c.php?live=2&g2c=1&xid_request=1&code=62177,True,3,Purely residential project | Biggest 3-master BHK layout with 4 washrooms | Largest balcony in this segment | Podium-level living experience,"Stamp Duty: 5.9 % for Male, 4.9 % for Female, 5.9 % for Joint (Male and Female), 4.9 % For Joint (Female and Female) | Registration Charges: Male Ownership: 1%, Female Ownership: No registration charges,  Joint (Male + Female) Ownership: 1 % ",3,Apartment,2313.0,Super Built-up Area,9380500,True,Jun ‘28 possession,06-2028,https://imagecdn.99acres.com/projects/example/pwyozni_1764316518_678941653.jpg,https://www.99acres.com/exidmicrosite/property_2d3d_xid.php?projectCode=62177&bno=101&blockId=130667&fno=F1_101&measurement=1&jquery=1&compare=1&g2c=1&hide_button=1&switch_HD=1&platform=DESKTOP,B R INFRACON (Builder)
455886,Ekayan,Residential,NEW LAUNCH,Ahmedabad North,Zundal,Gujarat,23.136365,72.579363,"EKAYAN, Plot No. 90/3, Zundal, Gandhinagar",382421,9380500,10402500,93.81 L - 1.04 Cr,https://www.99acres.com/exidmicrosite/siteplan_g2c.php?live=2&g2c=1&xid_request=1&code=62177,True,3,Purely residential project | Biggest 3-master BHK layout with 4 washrooms | Largest balcony in this segment | Podium-level living experience,"Stamp Duty: 5.9 % for Male, 4.9 % for Female, 5.9 % for Joint (Male and Female), 4.9 % For Joint (Female and Female) | Registration Charges: Male Ownership: 1%, Female Ownership: No registration charges,  Joint (Male + Female) Ownership: 1 % ",3,Apartment,2367.0,Super Built-up Area,9599500,True,Jun ‘28 possession,06-2028,https://imagecdn.99acres.com/projects/example/a5fbmsk_1764316543_678941887.jpg,https://www.99acres.com/exidmicrosite/property_2d3d_xid.php?projectCode=62177&bno=102&blockId=130667&fno=F1_102&measurement=1&jquery=1&compare=1&g2c=1&hide_button=1&switch_HD=1&platform=DESKTOP,B R INFRACON (Builder)
455886,Ekayan,Residential,NEW LAUNCH,Ahmedabad North,Zundal,Gujarat,23.136365,72.579363,"EKAYAN, Plot No. 90/3, Zundal, Gandhinagar",382421,9380500,10402500,93.81 L - 1.04 Cr,https://www.99acres.com/exidmicrosite/siteplan_g2c.php?live=2&g2c=1&xid_request=1&code=62177,True,3,Purely residential project | Biggest 3-master BHK layout with 4 washrooms | Largest balcony in this segment | Podium-level living experience,"Stamp Duty: 5.9 % for Male, 4.9 % for Female, 5.9 % for Joint (Male and Female), 4.9 % For Joint (Female and Female) | Registration Charges: Male Ownership: 1%, Female Ownership: No registration charges,  Joint (Male + Female) Ownership: 1 % ",3,Apartment,2385.0,Super Built-up Area,9672500,True,Jun ‘28 possession,06-2028,https://imagecdn.99acres.com/projects/example/et1pmgz_1764316474_678941169.jpg,https://www.99acres.com/exidmicrosite/property_2d3d_xid.php?projectCode=62177&bno=103&blockId=130667&fno=F1_103&measurement=1&jquery=1&compare=1&g2c=1&hide_button=1&switch_HD=1&platform=DESKTOP,B R INFRACON (Builder)
455886,Ekayan,Residential,NEW LAUNCH,Ahmedabad North,Zundal,Gujarat,23.136365,72.579363,"EKAYAN, Plot No. 90/3, Zundal, Gandhinagar",382421,9380500,10402500,93.81 L - 1.04 Cr,https://www.99acres.com/exidmicrosite/siteplan_g2c.php?live=2&g2c=1&xid_request=1&code=62177,True,3,Purely residential project | Biggest 3-master BHK layout with 4 washrooms | Largest balcony in this segment | Podium-level living experience,"Stamp Duty: 5.9 % for Male, 4.9 % for Female, 5.9 % for Joint (Male and Female), 4.9 % For Joint (Female and Female) | Registration Charges: Male Ownership: 1%, Female Ownership: No registration charges,  Joint (Male + Female) Ownership: 1 % ",3,Apartment,2529.0,Super Built-up Area,10256500,True,Jun ‘28 possession,06-2028,https://imagecdn.99acres.com/projects/example/oyg1uoh_1764316594_678942305.jpg,https://www.99acres.com/exidmicrosite/property_2d3d_xid.php?projectCode=62177&bno=104&blockId=130667&fno=F1_104&measurement=1&jquery=1&compare=1&g2c=1&hide_button=1&switch_HD=1&platform=DESKTOP,B R INFRACON (Builder)
455886,Ekayan,Residential,NEW LAUNCH,Ahmedabad North,Zundal,Gujarat,23.136365,72.579363,"EKAYAN, Plot No. 90/3, Zundal, Gandhinagar",382421,9380500,10402500,93.81 L - 1.04 Cr,https://www.99acres.com/exidmicrosite/siteplan_g2c.php?live=2&g2c=1&xid_request=1&code=62177,True,3,Purely residential project | Biggest 3-master BHK layout with 4 washrooms | Largest balcony in this segment | Podium-level living experience,"Stamp Duty: 5.9 % for Male, 4.9 % for Female, 5.9 % for Joint (Male and Female), 4.9 % For Joint (Female and Female) | Registration Charges: Male Ownership: 1%, Female Ownership: No registration charges,  Joint (Male + Female) Ownership: 1 % ",3,Apartment,2565.0,Super Built-up Area,10402500,True,Jun ‘28 possession,06-2028,https://imagecdn.99acres.com/projects/example/tcjw1jl_1764316569_678942107.jpg,https://www.99acres.com/exidmicrosite/property_2d3d_xid.php?projectCode=62177&bno=105&blockId=130667&fno=F1_105&measurement=1&jquery=1&compare=1&g2c=1&hide_button=1&switch_HD=1&platform=DESKTOP,B R INFRACON (Builder)
455303,Paras,Residential,NEW LAUNCH,Ahmedabad West,SG Highway,Gujarat,23.070473,72.524556,"Paras, Near Sola -science city bridge, B/H Sun embark SG highway road, Ahmedabad-380061",0,0,0,Price on Request,https://www.99acres.com/exidmicrosite/siteplan_g2c.php?live=2&g2c=1&xid_request=1&code=61779,True,4,The project has provision for personal EV charging for each unit | The project features a common rooftop solar panel for energy efficiency | Video doorbells enhance resident safety and security | Get Unit of your choice,"Stamp Duty: 5.9 % for Male, 4.9 % for Female, 5.9 % for Joint (Male and Female), 4.9 % For Joint (Female and Female) | Registration Charges: Male Ownership: 1%, Female Ownership: No registration charges,  Joint (Male + Female) Ownership: 1 % ",4,Apartment,3250.0,Super Built-up Area,0,False,Oct ‘26 possession,10-2026,https://imagecdn.99acres.com/projects/example/2klswlk_1760421477_660318419.jpg,https://www.99acres.com/exidmicrosite/property_2d3d_xid.php?projectCode=61779&bno=101&blockId=129815&fno=F1_101&measurement=1&jquery=1&compare=1&g2c=1&hide_button=1&switch_HD=1&platform=DESKTOP,
449506,Terrace Skyline,Residential,NEW LAUNCH,Ahmedabad West,Navrangpura,Gujarat,23.039981,72.556488,"Navrangpura, CG Road, Ahmedabad",380009,16700000,16700000,1.67 Cr,https://www.99acres.com/exidmicrosite/siteplan_g2c.php?live=2&g2c=1&xid_request=1&code=61340,True,3,"Homes designed as sanctuaries, embracing natural light and green views | Features a banquet hall and home theater for events | Lush central garden, children's park and water body with wading pool | High-speed Omega or Orbis elevators for seamless vertical transit","Stamp Duty: 5.9 % for Male, 4.9 % for Female, 5.9 % for Joint (Male and Female), 4.9 % For Joint (Female and Female) | Registration Charges: Male Ownership: 1%, Female Ownership: No registration charges,  Joint (Male + Female) Ownership: 1 % ",3,Apartment,2320.0,Super Built-up Area,16700000,True,Mar ‘28 possession,03-2028,https://imagecdn.99acres.com/projects/example/39bkzzf_1758102368_648398229.jpg,https://www.99acres.com/exidmicrosite/property_2d3d_xid.php?projectCode=61340&bno=101&blockId=128777&fno=F1_101&measurement=1&jquery=1&compare=1&g2c=1&hide_button=1&switch_HD=1&platform=DESKTOP,Siddhi Infralink Private limited (Builder)
414575,The Metropark,Residential,NEW LAUNCH,Ahmedabad East,Vastral,Gujarat,23.00257,72.660491,"Vastral, Ahmedabad East",0,7300000,7300000,73 L,,True,3,"100% pure residential project | 100% loan papers available | Exclusive only 3bhk homes with premium podium concept living | 40+ amenities across 50,000 sqft","Stamp Duty: 5.9 % for Male, 4.9 % for Female, 5.9 % for Joint (Male and Female), 4.9 % For Joint (Female and Female) | Registration Charges: Male Ownership: 1%, Female Ownership: No registration charges,  Joint (Male + Female) Ownership: 1 % ",3,Apartment,1935.0,Super Built-up Area,7300000,True,Mar ‘28 possession,03-2028,https://imagecdn.99acres.com/projects/example/whnqzc4_1769577706_704815473.jpg,,Alpesh Patel (Builder)
448193,Kautilya Two20,Residential,NEW LAUNCH,Ahmedabad West,Shilaj,Gujarat,23.04867,72.479222,"Kautilya Two20, Near Shridhar Corporate House, Shilaj Circle, Shilaj, Ahmedabad, Gujarat 380059",380059,8999000,8999000,89.99 L,,True,3,"2 Parking spots per unit, 16ft Basement & Valet for ultimate convenience | 4 Private Balcony Projects Located on SP Ring Road
 | The ground floor has been designated a vehicle-free zone
 | 16 ft long master bedrooms with uniform mirror designs
","Stamp Duty: 5.9 % for Male, 4.9 % for Female, 5.9 % for Joint (Male and Female), 4.9 % For Joint (Female and Female) | Registration Charges: Male Ownership: 1%, Female Ownership: No registration charges,  Joint (Male + Female) Ownership: 1 % ",3,Apartment,1935.0,Super Built-up Area,8999000,True,Mar ‘28 possession,03-2028,https://imagecdn.99acres.com/projects/example/lot1dvz_1768991117_701883285.jpg,,Vatsal Kamdar (Builder)
437262,Arcus Aura,Residential,NEW LAUNCH,Ahmedabad West,Vasna,Gujarat,23.278637,72.08355,"Vasna, Ahmedabad West",391140,12815000,13310000,1.28 - 1.33 Cr,https://www.99acres.com/exidmicrosite/siteplan_g2c.php?live=2&g2c=1&xid_request=1&code=61618,True,3,Exclusive terrace level lifestyle lounge with pantry and seating areas | Enhanced privacy with dedicated vestibules and foyers in every unit | Premium 3 BHK apartments with integrated ground floor retail spaces | Get Unit of your choice,"Stamp Duty: 5.9 % for Male, 4.9 % for Female, 5.9 % for Joint (Male and Female), 4.9 % For Joint (Female and Female) | Registration Charges: Male Ownership: 1%, Female Ownership: No registration charges,  Joint (Male + Female) Ownership: 1 % ",3,Apartment,989.85,Carpet Area,0,False,,,https://imagecdn.99acres.com/projects/example/dosxhjv_1736502499_554287149.jpg,https://www.99acres.com/exidmicrosite/property_2d3d_xid.php?projectCode=61618&bno=101&blockId=130519&fno=F1_101&measurement=1&jquery=1&compare=1&g2c=1&hide_button=1&switch_HD=1&platform=DESKTOP,
437262,Arcus Aura,Residential,NEW LAUNCH,Ahmedabad West,Vasna,Gujarat,23.278637,72.08355,"Vasna, Ahmedabad West",391140,12815000,13310000,1.28 - 1.33 Cr,https://www.99acres.com/exidmicrosite/siteplan_g2c.php?live=2&g2c=1&xid_request=1&code=61618,True,3,Exclusive terrace level lifestyle lounge with pantry and seating areas | Enhanced privacy with dedicated vestibules and foyers in every unit | Premium 3 BHK apartments with integrated ground floor retail spaces | Get Unit of your choice,"Stamp Duty: 5.9 % for Male, 4.9 % for Female, 5.9 % for Joint (Male and Female), 4.9 % For Joint (Female and Female) | Registration Charges: Male Ownership: 1%, Female Ownership: No registration charges,  Joint (Male + Female) Ownership: 1 % ",3,Apartment,995.23,Carpet Area,0,False,,,https://imagecdn.99acres.com/projects/example/x7mefdt_1736502548_554288217.jpg,https://www.99acres.com/exidmicrosite/property_2d3d_xid.php?projectCode=61618&bno=102&blockId=130519&fno=F1_102&measurement=1&jquery=1&compare=1&g2c=1&hide_button=1&switch_HD=1&platform=DESKTOP,
437262,Arcus Aura,Residential,NEW LAUNCH,Ahmedabad West,Vasna,Gujarat,23.278637,72.08355,"Vasna, Ahmedabad West",391140,12815000,13310000,1.28 - 1.33 Cr,https://www.99acres.com/exidmicrosite/siteplan_g2c.php?live=2&g2c=1&xid_request=1&code=61618,True,3,Exclusive terrace level lifestyle lounge with pantry and seating areas | Enhanced privacy with dedicated vestibules and foyers in every unit | Premium 3 BHK apartments with integrated ground floor retail spaces | Get Unit of your choice,"Stamp Duty: 5.9 % for Male, 4.9 % for Female, 5.9 % for Joint (Male and Female), 4.9 % For Joint (Female and Female) | Registration Charges: Male Ownership: 1%, Female Ownership: No registration charges,  Joint (Male + Female) Ownership: 1 % ",3,Apartment,1031.5,Carpet Area,0,False,,,https://imagecdn.99acres.com/projects/example/8xuik9l_1736502524_554287661.jpg,https://www.99acres.com/exidmicrosite/property_2d3d_xid.php?projectCode=61618&bno=103&blockId=130519&fno=F1_103&measurement=1&jquery=1&compare=1&g2c=1&hide_button=1&switch_HD=1&platform=DESKTOP,
437262,Arcus Aura,Residential,NEW LAUNCH,Ahmedabad West,Vasna,Gujarat,23.278637,72.08355,"Vasna, Ahmedabad West",391140,12815000,13310000,1.28 - 1.33 Cr,https://www.99acres.com/exidmicrosite/siteplan_g2c.php?live=2&g2c=1&xid_request=1&code=61618,True,3,Exclusive terrace level lifestyle lounge with pantry and seating areas | Enhanced privacy with dedicated vestibules and foyers in every unit | Premium 3 BHK apartments with integrated ground floor retail spaces | Get Unit of your choice,"Stamp Duty: 5.9 % for Male, 4.9 % for Female, 5.9 % for Joint (Male and Female), 4.9 % For Joint (Female and Female) | Registration Charges: Male Ownership: 1%, Female Ownership: No registration charges,  Joint (Male + Female) Ownership: 1 % ",3,Apartment,2097.0,Super Built-up Area,12815000,True,Dec ‘26 possession,12-2026,,,Arcus Aura (Builder)
437262,Arcus Aura,Residential,NEW LAUNCH,Ahmedabad West,Vasna,Gujarat,23.278637,72.08355,"Vasna, Ahmedabad West",391140,12815000,13310000,1.28 - 1.33 Cr,https://www.99acres.com/exidmicrosite/siteplan_g2c.php?live=2&g2c=1&xid_request=1&code=61618,True,3,Exclusive terrace level lifestyle lounge with pantry and seating areas | Enhanced privacy with dedicated vestibules and foyers in every unit | Premium 3 BHK apartments with integrated ground floor retail spaces | Get Unit of your choice,"Stamp Duty: 5.9 % for Male, 4.9 % for Female, 5.9 % for Joint (Male and Female), 4.9 % For Joint (Female and Female) | Registration Charges: Male Ownership: 1%, Female Ownership: No registration charges,  Joint (Male + Female) Ownership: 1 % ",3,Apartment,2106.0,Super Built-up Area,12870000,True,Dec ‘26 possession,12-2026,,,Arcus Aura (Builder)
437262,Arcus Aura,Residential,NEW LAUNCH,Ahmedabad West,Vasna,Gujarat,23.278637,72.08355,"Vasna, Ahmedabad West",391140,12815000,13310000,1.28 - 1.33 Cr,https://www.99acres.com/exidmicrosite/siteplan_g2c.php?live=2&g2c=1&xid_request=1&code=61618,True,3,Exclusive terrace level lifestyle lounge with pantry and seating areas | Enhanced privacy with dedicated vestibules and foyers in every unit | Premium 3 BHK apartments with integrated ground floor retail spaces | Get Unit of your choice,"Stamp Duty: 5.9 % for Male, 4.9 % for Female, 5.9 % for Joint (Male and Female), 4.9 % For Joint (Female and Female) | Registration Charges: Male Ownership: 1%, Female Ownership: No registration charges,  Joint (Male + Female) Ownership: 1 % ",3,Apartment,2178.0,Super Built-up Area,13310000,True,Dec ‘26 possession,12-2026,,,Arcus Aura (Builder)
434059,Swami Dominance,Residential,NEW LAUNCH,Ahmedabad West,Sanand,Gujarat,22.994352,72.375568,"Sanand, Ahmedabad West",382110,4000000,4000000,40 L,,True,2,Get Unit of your choice,"Stamp Duty: 5.9 % for Male, 4.9 % for Female, 5.9 % for Joint (Male and Female), 4.9 % For Joint (Female and Female) | Registration Charges: Male Ownership: 1%, Female Ownership: No registration charges,  Joint (Male + Female) Ownership: 1 % ",2,Apartment,1242.0,Super Built-up Area,4000000,True,Dec ‘27 possession,12-2027,,,Gaurang Patel (Builder)
454668,Art Shree Vishnudhara Residency,Residential,NEW LAUNCH,Ahmedabad West,Naranpura,Gujarat,23.06448653466154,72.55426719854866,"SHREE VISHNUDHARA RESIDENCY,OPP GHB OFFICE, , Ahmedabad City, Ahmedabad, GUJARAT, 380013",380013,12300000,12449998,1.23 - 1.24 Cr,https://www.99acres.com/exidmicrosite/siteplan_g2c.php?live=2&g2c=1&xid_request=1&code=61451,True,3,"Decorative entrance, premium elevators, and a multi-purpose hall | Elevated Party Garden, Gym, Game Room, and Senior Citizen Sitting Area | 24x7 security with CCTV surveillance at key points for peace of mind | Building-wide fire suppression system for enhanced safety","Stamp Duty: 5.9 % for Male, 4.9 % for Female, 5.9 % for Joint (Male and Female), 4.9 % For Joint (Female and Female) | Registration Charges: Male Ownership: 1%, Female Ownership: No registration charges,  Joint (Male + Female) Ownership: 1 % ",3,Apartment,1066.81,Carpet Area,12300000,True,Jul ‘28 possession,07-2028,https://imagecdn.99acres.com/projects/example/2hthjtb_1758794658_652358073.jpg,https://www.99acres.com/exidmicrosite/property_2d3d_xid.php?projectCode=61451&bno=101&blockId=129053&fno=F1_101&measurement=1&jquery=1&compare=1&g2c=1&hide_button=1&switch_HD=1&platform=DESKTOP,ART NIRMAN LIMITED (Builder)
454668,Art Shree Vishnudhara Residency,Residential,NEW LAUNCH,Ahmedabad West,Naranpura,Gujarat,23.06448653466154,72.55426719854866,"SHREE VISHNUDHARA RESIDENCY,OPP GHB OFFICE, , Ahmedabad City, Ahmedabad, GUJARAT, 380013",380013,12300000,12449998,1.23 - 1.24 Cr,https://www.99acres.com/exidmicrosite/siteplan_g2c.php?live=2&g2c=1&xid_request=1&code=61451,True,3,"Decorative entrance, premium elevators, and a multi-purpose hall | Elevated Party Garden, Gym, Game Room, and Senior Citizen Sitting Area | 24x7 security with CCTV surveillance at key points for peace of mind | Building-wide fire suppression system for enhanced safety","Stamp Duty: 5.9 % for Male, 4.9 % for Female, 5.9 % for Joint (Male and Female), 4.9 % For Joint (Female and Female) | Registration Charges: Male Ownership: 1%, Female Ownership: No registration charges,  Joint (Male + Female) Ownership: 1 % ",3,Apartment,1079.51,Carpet Area,12449998,True,Jul ‘28 possession,07-2028,https://imagecdn.99acres.com/projects/example/sfovdlv_1758794612_652357609.jpg,https://www.99acres.com/exidmicrosite/property_2d3d_xid.php?projectCode=61451&bno=102&blockId=129053&fno=F1_102&measurement=1&jquery=1&compare=1&g2c=1&hide_button=1&switch_HD=1&platform=DESKTOP,ART NIRMAN LIMITED (Builder)
441166,Art Shree Vishnudhara Nidhi Apartment,Residential,NEW LAUNCH,Ahmedabad West,Naranpura,Gujarat,23.06401,72.55422,"OPP GHB OFFICE, , Ahmedabad City, Ahmedabad, Gujarat, 380013",380013,11199995,12230132,1.12 - 1.22 Cr,https://www.99acres.com/exidmicrosite/siteplan_g2c.php?live=2&g2c=1&xid_request=1&code=61661,True,3,"Inspired by the divine treasures of Nav Nidhi from Indian mythology | Sleek, modern facade with captivating architecture | Prime location 132 ft. Ring Road, excellent connectivity | Get Unit of your choice","Stamp Duty: 5.9 % for Male, 4.9 % for Female, 5.9 % for Joint (Male and Female), 4.9 % For Joint (Female and Female) | Registration Charges: Male Ownership: 1%, Female Ownership: No registration charges,  Joint (Male + Female) Ownership: 1 % ",3,Apartment,2044.0,Super Built-up Area,11199995,True,Oct ‘27 possession,10-2027,https://imagecdn.99acres.com/projects/example/rhl3kub_1760600737_661229551.jpg,https://www.99acres.com/exidmicrosite/property_2d3d_xid.php?projectCode=61661&bno=101&blockId=129601&fno=F1_101&measurement=1&jquery=1&compare=1&g2c=1&hide_button=1&switch_HD=1&platform=DESKTOP,ART NIRMAN LIMITED (Builder)
441166,Art Shree Vishnudhara Nidhi Apartment,Residential,NEW LAUNCH,Ahmedabad West,Naranpura,Gujarat,23.06401,72.55422,"OPP GHB OFFICE, , Ahmedabad City, Ahmedabad, Gujarat, 380013",380013,11199995,12230132,1.12 - 1.22 Cr,https://www.99acres.com/exidmicrosite/siteplan_g2c.php?live=2&g2c=1&xid_request=1&code=61661,True,3,"Inspired by the divine treasures of Nav Nidhi from Indian mythology | Sleek, modern facade with captivating architecture | Prime location 132 ft. Ring Road, excellent connectivity | Get Unit of your choice","Stamp Duty: 5.9 % for Male, 4.9 % for Female, 5.9 % for Joint (Male and Female), 4.9 % For Joint (Female and Female) | Registration Charges: Male Ownership: 1%, Female Ownership: No registration charges,  Joint (Male + Female) Ownership: 1 % ",3,Apartment,2232.0,Super Built-up Area,12230132,True,Oct ‘27 possession,10-2027,https://imagecdn.99acres.com/projects/example/yk0snes_1760600717_661229311.jpg,https://www.99acres.com/exidmicrosite/property_2d3d_xid.php?projectCode=61661&bno=102&blockId=129601&fno=F1_102&measurement=1&jquery=1&compare=1&g2c=1&hide_button=1&switch_HD=1&platform=DESKTOP,ART NIRMAN LIMITED (Builder) | Vikas Dave (Dealer)
453036,The Empress,Residential,NEW LAUNCH,Ahmedabad West,South Bopal,Gujarat,23.024444,72.463804,"Gala Gymkhana Road , South Bopal , Ahmedabad",380058,10700000,10700000,1.07 Cr,https://www.99acres.com/exidmicrosite/siteplan_g2c.php?live=2&g2c=1&xid_request=1&code=61294,True,3,Only 3 BHK Apartments | 21 fabulous floors with Panoramic Balcony | Two wide road Corner Premium Plot | 10'ft clear Ceiling Height with Premium Specifications,"Stamp Duty: 5.9 % for Male, 4.9 % for Female, 5.9 % for Joint (Male and Female), 4.9 % For Joint (Female and Female) | Registration Charges: Male Ownership: 1%, Female Ownership: No registration charges,  Joint (Male + Female) Ownership: 1 % ",3,Apartment,2050.0,Super Built-up Area,10700000,True,Dec ‘28 possession,12-2028,,,Nikunj Patel (Builder)
412517,Vivaan Orbit,Residential,NEW LAUNCH,Ahmedabad North,Zundal,Gujarat,23.138632091306,72.569479481314,"VIVAAN ORBIT, B/H HILLOCK HOTEL, SPRING ROAD, ZUNDAL, GANDHINAGAR 382421",382421,6000000,8000000,60 - 80 L,https://www.99acres.com/exidmicrosite/siteplan_g2c.php?live=2&g2c=1&xid_request=1&code=55252,True,"2,3",Well connected with Sardar Patel Ring Road with the distance of 1 km | Convenience of KD Hospital at the distance of 4 km | Electric vehicle charging point available  | Properties with 100% power backup available,"Stamp Duty: 5.9 % for Male, 4.9 % for Female, 5.9 % for Joint (Male and Female), 4.9 % For Joint (Female and Female) | Registration Charges: Male Ownership: 1%, Female Ownership: No registration charges,  Joint (Male + Female) Ownership: 1 % ",2,Apartment,669.52,Carpet Area,6000000,True,Jun ‘28 possession,06-2028,https://newprojects.99acres.com/projects/meadows_properties/meadows_vivaan_orbit/maps/iwhg8wr_1701066061_458393340.jpg,https://www.99acres.com/exidmicrosite/property_2d3d_xid.php?projectCode=55252&bno=101&blockId=115128&fno=F1_101&measurement=1&jquery=1&compare=1&g2c=1&hide_button=1&switch_HD=1&platform=DESKTOP,Vivaan Group (Builder) | Mitesh Bagrecha (Dealer) | Z.A. KESHWANI (Dealer) | Vijay Desai (Dealer) | BHAVESH PANDYA (Dealer)
412517,Vivaan Orbit,Residential,NEW LAUNCH,Ahmedabad North,Zundal,Gujarat,23.138632091306,72.569479481314,"VIVAAN ORBIT, B/H HILLOCK HOTEL, SPRING ROAD, ZUNDAL, GANDHINAGAR 382421",382421,6000000,8000000,60 - 80 L,https://www.99acres.com/exidmicrosite/siteplan_g2c.php?live=2&g2c=1&xid_request=1&code=55252,True,"2,3",Well connected with Sardar Patel Ring Road with the distance of 1 km | Convenience of KD Hospital at the distance of 4 km | Electric vehicle charging point available  | Properties with 100% power backup available,"Stamp Duty: 5.9 % for Male, 4.9 % for Female, 5.9 % for Joint (Male and Female), 4.9 % For Joint (Female and Female) | Registration Charges: Male Ownership: 1%, Female Ownership: No registration charges,  Joint (Male + Female) Ownership: 1 % ",3,Apartment,861.87,Carpet Area,8000000,True,Jun ‘28 possession,06-2028,https://newprojects.99acres.com/projects/meadows_properties/meadows_vivaan_orbit/maps/jsqrepq_1701066052_458393304.jpg,https://www.99acres.com/exidmicrosite/property_2d3d_xid.php?projectCode=55252&bno=102&blockId=115128&fno=F1_102&measurement=1&jquery=1&compare=1&g2c=1&hide_button=1&switch_HD=1&platform=DESKTOP,Vivaan Group (Builder) | Mitesh Bagrecha (Dealer) | Z.A. KESHWANI (Dealer) | Vijay Desai (Dealer) | BHAVESH PANDYA (Dealer)
426865,Scarlet Springs,Residential,NEW LAUNCH,Ahmedabad North,New Ranip,Gujarat,23.094039,72.567696,"New Ranip, Ahmedabad North",382480,7599993,7599993,76 L,https://www.99acres.com/exidmicrosite/siteplan_g2c.php?live=2&g2c=1&xid_request=1&code=61733,True,3,"Meticulously crafted towers with panoramic city skyline views

 | Overlooking Kaligam Garden for serene green vistas

 | Immediate access via an 18-meter wide approach road

 | Diversity lawn, fitness center, kids circuit, and jogging track","Stamp Duty: 5.9 % for Male, 4.9 % for Female, 5.9 % for Joint (Male and Female), 4.9 % For Joint (Female and Female) | Registration Charges: Male Ownership: 1%, Female Ownership: No registration charges,  Joint (Male + Female) Ownership: 1 % ",3,Apartment,1674.0,Super Built-up Area,7599993,True,Dec ‘26 possession,12-2026,https://imagecdn.99acres.com/projects/example/7vvt5cg_1761646364_664939671.jpg,https://www.99acres.com/exidmicrosite/property_2d3d_xid.php?projectCode=61733&bno=101&blockId=129527&fno=F1_101&measurement=1&jquery=1&compare=1&g2c=1&hide_button=1&switch_HD=1&platform=DESKTOP,Scarlet Springs (Builder)
426865,Scarlet Springs,Residential,NEW LAUNCH,Ahmedabad North,New Ranip,Gujarat,23.094039,72.567696,"New Ranip, Ahmedabad North",382480,7599993,7599993,76 L,https://www.99acres.com/exidmicrosite/siteplan_g2c.php?live=2&g2c=1&xid_request=1&code=61733,True,3,"Meticulously crafted towers with panoramic city skyline views

 | Overlooking Kaligam Garden for serene green vistas

 | Immediate access via an 18-meter wide approach road

 | Diversity lawn, fitness center, kids circuit, and jogging track","Stamp Duty: 5.9 % for Male, 4.9 % for Female, 5.9 % for Joint (Male and Female), 4.9 % For Joint (Female and Female) | Registration Charges: Male Ownership: 1%, Female Ownership: No registration charges,  Joint (Male + Female) Ownership: 1 % ",3,Apartment,815.47,Carpet Area,0,False,,,https://imagecdn.99acres.com/projects/example/gj9ucex_1761646168_664937469.jpg,https://www.99acres.com/exidmicrosite/property_2d3d_xid.php?projectCode=61733&bno=102&blockId=129527&fno=F1_102&measurement=1&jquery=1&compare=1&g2c=1&hide_button=1&switch_HD=1&platform=DESKTOP,
437858,Shivana Aresta,Residential,NEW LAUNCH,Ahmedabad West,South Bopal,Gujarat,23.02131,72.4518,"Daskroi, Ahmedabad East",380058,7630000,7630000,76.3 L,https://www.99acres.com/exidmicrosite/siteplan_g2c.php?live=2&g2c=1&xid_request=1&code=61657,True,3,Only 3 units per floor | No parking zone on the ground floor | No common wall between apartments | 80 feet space between 2 towers,"Stamp Duty: 5.9 % for Male, 4.9 % for Female, 5.9 % for Joint (Male and Female), 4.9 % For Joint (Female and Female) | Registration Charges: Male Ownership: 1%, Female Ownership: No registration charges,  Joint (Male + Female) Ownership: 1 % ",3,Apartment,1760.0,Super Built-up Area,7630000,True,Aug ‘28 possession,08-2028,https://imagecdn.99acres.com/projects/example/vczskcf_1761648712_664964615.jpg,https://www.99acres.com/exidmicrosite/property_2d3d_xid.php?projectCode=61657&bno=101&blockId=129501&fno=F1_101&measurement=1&jquery=1&compare=1&g2c=1&hide_button=1&switch_HD=1&platform=DESKTOP,VIKASH PATEL (Builder)
398882,Suryansh Sanidhya Shivalaya,Residential,NEW LAUNCH,Ahmedabad West,Sarkhej,Gujarat,22.976399630304,72.4867245004,"Sarkhej, Ahmedabad South",382210,4400000,4400000,44 L,https://www.99acres.com/exidmicrosite/siteplan_g2c.php?live=2&g2c=1&xid_request=1&code=52793,True,2,"The Main 100 Feet TP Road scheme is located amidst lush green spaces | Three-way connectivity to SG Highway West, SP Ring Road | SG Highway West is 240 meters away, closest link to main road | Project area 4.5 feet above SG Highway, free from waterlogging","Stamp Duty: 5.9 % for Male, 4.9 % for Female, 5.9 % for Joint (Male and Female), 4.9 % For Joint (Female and Female) | Registration Charges: Male Ownership: 1%, Female Ownership: No registration charges,  Joint (Male + Female) Ownership: 1 % ",2,Apartment,1080.0,Super Built-up Area,4400000,True,Dec ‘25 possession,12-2025,https://newprojects.99acres.com/projects/sunbuildcon_projects_llp/sunbuildcon_suryansh_sanidhya/maps/u6d7ps88.png,https://www.99acres.com/exidmicrosite/property_2d3d_xid.php?projectCode=52793&bno=101&blockId=109786&fno=F1_101&measurement=1&jquery=1&compare=1&g2c=1&hide_button=1&switch_HD=1&platform=DESKTOP,SUN BUILDCON (Builder)
439275,Shivam Skydeck,Residential,NEW LAUNCH,Ahmedabad North,New CG Road,Gujarat,23.1102895,72.5859099,AHEMBADABAD,,12500000,24300000,1.25 - 2.43 Cr,https://www.99acres.com/exidmicrosite/siteplan_g2c.php?live=2&g2c=1&xid_request=1&code=62502,True,"3,4","Vastu-compliant, elegant apartments with an attractive entrance | Vehicle-free zones with a senior citizen sitout and walking track | The project provides 24-hour security with CCTV surveillance | Get Unit of your choice","Stamp Duty: 5.9 % for Male, 4.9 % for Female, 5.9 % for Joint (Male and Female), 4.9 % For Joint (Female and Female) | Registration Charges: Male Ownership: 1%, Female Ownership: No registration charges,  Joint (Male + Female) Ownership: 1 % ",3,Apartment,2268.0,Super Built-up Area,12500000,True,Dec ‘26 possession,12-2026,https://imagecdn.99acres.com/projects/example/w4ev4qe_1766559738_690028263.jpg,https://www.99acres.com/exidmicrosite/property_2d3d_xid.php?projectCode=62502&bno=101&blockId=130983&fno=F1_101&measurement=1&jquery=1&compare=1&g2c=1&hide_button=1&switch_HD=1&platform=DESKTOP,Shivam skydeck (Builder)
439275,Shivam Skydeck,Residential,NEW LAUNCH,Ahmedabad North,New CG Road,Gujarat,23.1102895,72.5859099,AHEMBADABAD,,12500000,24300000,1.25 - 2.43 Cr,https://www.99acres.com/exidmicrosite/siteplan_g2c.php?live=2&g2c=1&xid_request=1&code=62502,True,"3,4","Vastu-compliant, elegant apartments with an attractive entrance | Vehicle-free zones with a senior citizen sitout and walking track | The project provides 24-hour security with CCTV surveillance | Get Unit of your choice","Stamp Duty: 5.9 % for Male, 4.9 % for Female, 5.9 % for Joint (Male and Female), 4.9 % For Joint (Female and Female) | Registration Charges: Male Ownership: 1%, Female Ownership: No registration charges,  Joint (Male + Female) Ownership: 1 % ",3,Apartment,2448.0,Super Built-up Area,13700000,True,Dec ‘26 possession,12-2026,https://imagecdn.99acres.com/projects/example/w6io18s_1766559793_690029011.jpg,https://www.99acres.com/exidmicrosite/property_2d3d_xid.php?projectCode=62502&bno=102&blockId=130983&fno=F1_102&measurement=1&jquery=1&compare=1&g2c=1&hide_button=1&switch_HD=1&platform=DESKTOP,Shivam skydeck (Builder)
439275,Shivam Skydeck,Residential,NEW LAUNCH,Ahmedabad North,New CG Road,Gujarat,23.1102895,72.5859099,AHEMBADABAD,,12500000,24300000,1.25 - 2.43 Cr,https://www.99acres.com/exidmicrosite/siteplan_g2c.php?live=2&g2c=1&xid_request=1&code=62502,True,"3,4","Vastu-compliant, elegant apartments with an attractive entrance | Vehicle-free zones with a senior citizen sitout and walking track | The project provides 24-hour security with CCTV surveillance | Get Unit of your choice","Stamp Duty: 5.9 % for Male, 4.9 % for Female, 5.9 % for Joint (Male and Female), 4.9 % For Joint (Female and Female) | Registration Charges: Male Ownership: 1%, Female Ownership: No registration charges,  Joint (Male + Female) Ownership: 1 % ",3,Apartment,2610.0,Super Built-up Area,14800000,True,Dec ‘26 possession,12-2026,https://imagecdn.99acres.com/projects/example/mtvm7nx_1766559839_690029683.jpg,https://www.99acres.com/exidmicrosite/property_2d3d_xid.php?projectCode=62502&bno=103&blockId=130983&fno=F1_103&measurement=1&jquery=1&compare=1&g2c=1&hide_button=1&switch_HD=1&platform=DESKTOP,Shivam skydeck (Builder)
439275,Shivam Skydeck,Residential,NEW LAUNCH,Ahmedabad North,New CG Road,Gujarat,23.1102895,72.5859099,AHEMBADABAD,,12500000,24300000,1.25 - 2.43 Cr,https://www.99acres.com/exidmicrosite/siteplan_g2c.php?live=2&g2c=1&xid_request=1&code=62502,True,"3,4","Vastu-compliant, elegant apartments with an attractive entrance | Vehicle-free zones with a senior citizen sitout and walking track | The project provides 24-hour security with CCTV surveillance | Get Unit of your choice","Stamp Duty: 5.9 % for Male, 4.9 % for Female, 5.9 % for Joint (Male and Female), 4.9 % For Joint (Female and Female) | Registration Charges: Male Ownership: 1%, Female Ownership: No registration charges,  Joint (Male + Female) Ownership: 1 % ",4,Apartment,4158.0,Super Built-up Area,24300000,True,Dec ‘26 possession,12-2026,https://imagecdn.99acres.com/projects/example/uhoo9kq_1766558637_690015467.jpg,https://www.99acres.com/exidmicrosite/property_2d3d_xid.php?projectCode=62502&bno=104&blockId=130983&fno=F1_104&measurement=1&jquery=1&compare=1&g2c=1&hide_button=1&switch_HD=1&platform=DESKTOP,Shivam skydeck (Builder)
419821,Aadhya Arambh,Residential,NEW LAUNCH,Ahmedabad West,Ghatlodia,Gujarat,23.085446,72.546699,"Ghatlodia, Ahmedabad",380061,0,16220837,1.62 Cr,https://www.99acres.com/exidmicrosite/siteplan_g2c.php?live=2&g2c=1&xid_request=1&code=55861,True,"3,4",Developed by Balatripura Developers with a focus on durability | Located in an area witnessing robust infrastructural growth | Proximity to parks and recreational areas for a healthy lifestyle | Strategically positioned for easy access to key parts of Ahmedabad,"Stamp Duty: 5.9 % for Male, 4.9 % for Female, 5.9 % for Joint (Male and Female), 4.9 % For Joint (Female and Female) | Registration Charges: Male Ownership: 1%, Female Ownership: No registration charges,  Joint (Male + Female) Ownership: 1 % ",3,Apartment,1270.14,Carpet Area,12899999,True,Dec ‘26 possession,12-2026,https://newprojects.99acres.com/projects/balatripura_developers/balatripura_aadhya_arambh/maps/gqx5sac_1706684682_470465484.jpg,https://www.99acres.com/exidmicrosite/property_2d3d_xid.php?projectCode=55861&bno=113&blockId=115978&fno=F1_113&measurement=1&jquery=1&compare=1&g2c=1&hide_button=1&switch_HD=1&platform=DESKTOP,Shikhar Projects (Builder)
419821,Aadhya Arambh,Residential,NEW LAUNCH,Ahmedabad West,Ghatlodia,Gujarat,23.085446,72.546699,"Ghatlodia, Ahmedabad",380061,0,16220837,1.62 Cr,https://www.99acres.com/exidmicrosite/siteplan_g2c.php?live=2&g2c=1&xid_request=1&code=55861,True,"3,4",Developed by Balatripura Developers with a focus on durability | Located in an area witnessing robust infrastructural growth | Proximity to parks and recreational areas for a healthy lifestyle | Strategically positioned for easy access to key parts of Ahmedabad,"Stamp Duty: 5.9 % for Male, 4.9 % for Female, 5.9 % for Joint (Male and Female), 4.9 % For Joint (Female and Female) | Registration Charges: Male Ownership: 1%, Female Ownership: No registration charges,  Joint (Male + Female) Ownership: 1 % ",3,Apartment,1289.52,Carpet Area,13092991,True,Dec ‘26 possession,12-2026,https://newprojects.99acres.com/projects/balatripura_developers/balatripura_aadhya_arambh/maps/ttkryg7_1706684683_470465508.jpg,https://www.99acres.com/exidmicrosite/property_2d3d_xid.php?projectCode=55861&bno=114&blockId=115978&fno=F1_114&measurement=1&jquery=1&compare=1&g2c=1&hide_button=1&switch_HD=1&platform=DESKTOP,Shikhar Projects (Builder)
419821,Aadhya Arambh,Residential,NEW LAUNCH,Ahmedabad West,Ghatlodia,Gujarat,23.085446,72.546699,"Ghatlodia, Ahmedabad",380061,0,16220837,1.62 Cr,https://www.99acres.com/exidmicrosite/siteplan_g2c.php?live=2&g2c=1&xid_request=1&code=55861,True,"3,4",Developed by Balatripura Developers with a focus on durability | Located in an area witnessing robust infrastructural growth | Proximity to parks and recreational areas for a healthy lifestyle | Strategically positioned for easy access to key parts of Ahmedabad,"Stamp Duty: 5.9 % for Male, 4.9 % for Female, 5.9 % for Joint (Male and Female), 4.9 % For Joint (Female and Female) | Registration Charges: Male Ownership: 1%, Female Ownership: No registration charges,  Joint (Male + Female) Ownership: 1 % ",3,Apartment,1317.5,Carpet Area,13377401,True,Dec ‘26 possession,12-2026,https://newprojects.99acres.com/projects/balatripura_developers/balatripura_aadhya_arambh/maps/vxexhag_1706684684_470465514.jpg,,Shikhar Projects (Builder)
419821,Aadhya Arambh,Residential,NEW LAUNCH,Ahmedabad West,Ghatlodia,Gujarat,23.085446,72.546699,"Ghatlodia, Ahmedabad",380061,0,16220837,1.62 Cr,https://www.99acres.com/exidmicrosite/siteplan_g2c.php?live=2&g2c=1&xid_request=1&code=55861,True,"3,4",Developed by Balatripura Developers with a focus on durability | Located in an area witnessing robust infrastructural growth | Proximity to parks and recreational areas for a healthy lifestyle | Strategically positioned for easy access to key parts of Ahmedabad,"Stamp Duty: 5.9 % for Male, 4.9 % for Female, 5.9 % for Joint (Male and Female), 4.9 % For Joint (Female and Female) | Registration Charges: Male Ownership: 1%, Female Ownership: No registration charges,  Joint (Male + Female) Ownership: 1 % ",3,Apartment,1359.48,Carpet Area,13804015,True,Dec ‘26 possession,12-2026,https://newprojects.99acres.com/projects/balatripura_developers/balatripura_aadhya_arambh/maps/7vknctv_1706684683_470465496.jpg,https://www.99acres.com/exidmicrosite/property_2d3d_xid.php?projectCode=55861&bno=111&blockId=115978&fno=F1_111&measurement=1&jquery=1&compare=1&g2c=1&hide_button=1&switch_HD=1&platform=DESKTOP,Shikhar Projects (Builder)
419821,Aadhya Arambh,Residential,NEW LAUNCH,Ahmedabad West,Ghatlodia,Gujarat,23.085446,72.546699,"Ghatlodia, Ahmedabad",380061,0,16220837,1.62 Cr,https://www.99acres.com/exidmicrosite/siteplan_g2c.php?live=2&g2c=1&xid_request=1&code=55861,True,"3,4",Developed by Balatripura Developers with a focus on durability | Located in an area witnessing robust infrastructural growth | Proximity to parks and recreational areas for a healthy lifestyle | Strategically positioned for easy access to key parts of Ahmedabad,"Stamp Duty: 5.9 % for Male, 4.9 % for Female, 5.9 % for Joint (Male and Female), 4.9 % For Joint (Female and Female) | Registration Charges: Male Ownership: 1%, Female Ownership: No registration charges,  Joint (Male + Female) Ownership: 1 % ",4,Apartment,1512.33,Carpet Area,15300003,True,Dec ‘26 possession,12-2026,https://newprojects.99acres.com/projects/balatripura_developers/balatripura_aadhya_arambh/maps/6m4c2lw_1706684736_470466066.jpg,https://www.99acres.com/exidmicrosite/property_2d3d_xid.php?projectCode=55861&bno=121&blockId=115978&fno=F1_121&measurement=1&jquery=1&compare=1&g2c=1&hide_button=1&switch_HD=1&platform=DESKTOP,Shikhar Projects (Builder)
419821,Aadhya Arambh,Residential,NEW LAUNCH,Ahmedabad West,Ghatlodia,Gujarat,23.085446,72.546699,"Ghatlodia, Ahmedabad",380061,0,16220837,1.62 Cr,https://www.99acres.com/exidmicrosite/siteplan_g2c.php?live=2&g2c=1&xid_request=1&code=55861,True,"3,4",Developed by Balatripura Developers with a focus on durability | Located in an area witnessing robust infrastructural growth | Proximity to parks and recreational areas for a healthy lifestyle | Strategically positioned for easy access to key parts of Ahmedabad,"Stamp Duty: 5.9 % for Male, 4.9 % for Female, 5.9 % for Joint (Male and Female), 4.9 % For Joint (Female and Female) | Registration Charges: Male Ownership: 1%, Female Ownership: No registration charges,  Joint (Male + Female) Ownership: 1 % ",4,Apartment,1557.54,Carpet Area,15755360,True,Dec ‘26 possession,12-2026,https://newprojects.99acres.com/projects/balatripura_developers/balatripura_aadhya_arambh/maps/lqb39ep_1706684682_470465488.jpg,https://www.99acres.com/exidmicrosite/property_2d3d_xid.php?projectCode=55861&bno=112&blockId=115978&fno=F1_112&measurement=1&jquery=1&compare=1&g2c=1&hide_button=1&switch_HD=1&platform=DESKTOP,Shikhar Projects (Builder)
419821,Aadhya Arambh,Residential,NEW LAUNCH,Ahmedabad West,Ghatlodia,Gujarat,23.085446,72.546699,"Ghatlodia, Ahmedabad",380061,0,16220837,1.62 Cr,https://www.99acres.com/exidmicrosite/siteplan_g2c.php?live=2&g2c=1&xid_request=1&code=55861,True,"3,4",Developed by Balatripura Developers with a focus on durability | Located in an area witnessing robust infrastructural growth | Proximity to parks and recreational areas for a healthy lifestyle | Strategically positioned for easy access to key parts of Ahmedabad,"Stamp Duty: 5.9 % for Male, 4.9 % for Female, 5.9 % for Joint (Male and Female), 4.9 % For Joint (Female and Female) | Registration Charges: Male Ownership: 1%, Female Ownership: No registration charges,  Joint (Male + Female) Ownership: 1 % ",4,Apartment,1603.82,Carpet Area,16220837,True,Dec ‘26 possession,12-2026,https://newprojects.99acres.com/projects/balatripura_developers/balatripura_aadhya_arambh/maps/rwaa1tc_1706684681_470465480.jpg,https://www.99acres.com/exidmicrosite/property_2d3d_xid.php?projectCode=55861&bno=119&blockId=115978&fno=F1_119&measurement=1&jquery=1&compare=1&g2c=1&hide_button=1&switch_HD=1&platform=DESKTOP,Shikhar Projects (Builder)
419821,Aadhya Arambh,Residential,NEW LAUNCH,Ahmedabad West,Ghatlodia,Gujarat,23.085446,72.546699,"Ghatlodia, Ahmedabad",380061,0,16220837,1.62 Cr,https://www.99acres.com/exidmicrosite/siteplan_g2c.php?live=2&g2c=1&xid_request=1&code=55861,True,"3,4",Developed by Balatripura Developers with a focus on durability | Located in an area witnessing robust infrastructural growth | Proximity to parks and recreational areas for a healthy lifestyle | Strategically positioned for easy access to key parts of Ahmedabad,"Stamp Duty: 5.9 % for Male, 4.9 % for Female, 5.9 % for Joint (Male and Female), 4.9 % For Joint (Female and Female) | Registration Charges: Male Ownership: 1%, Female Ownership: No registration charges,  Joint (Male + Female) Ownership: 1 % ",4,Apartment,1649.03,Carpet Area,0,False,,,https://newprojects.99acres.com/projects/balatripura_developers/balatripura_aadhya_arambh/maps/vzbkkur_1706684683_470465492.jpg,https://www.99acres.com/exidmicrosite/property_2d3d_xid.php?projectCode=55861&bno=120&blockId=115978&fno=F1_120&measurement=1&jquery=1&compare=1&g2c=1&hide_button=1&switch_HD=1&platform=DESKTOP,
448207,Sun Citypark,Residential,NEW LAUNCH,Ahmedabad West,Ghatlodia,Gujarat,23.069911,72.538013,"Sattadhar - Saibaba Mandir Road, Ahmedabad",380061,9900000,11200000,99 L - 1.12 Cr,https://www.99acres.com/exidmicrosite/siteplan_g2c.php?live=2&g2c=1&xid_request=1&code=60768,True,3,"Designed by HM Architects; structure by consultant Umang Patel | Central courtyard with pathways, play zones, and relaxation areas | Layout promotes natural light and ventilation in all blocks | First-floor social plaza with seating and kids' play zone","Stamp Duty: 5.9 % for Male, 4.9 % for Female, 5.9 % for Joint (Male and Female), 4.9 % For Joint (Female and Female) | Registration Charges: Male Ownership: 1%, Female Ownership: No registration charges,  Joint (Male + Female) Ownership: 1 % ",3,Apartment,861.22,Carpet Area,9900000,True,Jun ‘28 possession,06-2028,https://imagecdn.99acres.com/projects/example/ybxvb9o_1752649951_619649921.jpg,https://www.99acres.com/exidmicrosite/property_2d3d_xid.php?projectCode=60768&bno=101&blockId=127277&fno=F1_101&measurement=1&jquery=1&compare=1&g2c=1&hide_button=1&switch_HD=1&platform=DESKTOP,Mr Mahendra Kalal (Builder)
448207,Sun Citypark,Residential,NEW LAUNCH,Ahmedabad West,Ghatlodia,Gujarat,23.069911,72.538013,"Sattadhar - Saibaba Mandir Road, Ahmedabad",380061,9900000,11200000,99 L - 1.12 Cr,https://www.99acres.com/exidmicrosite/siteplan_g2c.php?live=2&g2c=1&xid_request=1&code=60768,True,3,"Designed by HM Architects; structure by consultant Umang Patel | Central courtyard with pathways, play zones, and relaxation areas | Layout promotes natural light and ventilation in all blocks | First-floor social plaza with seating and kids' play zone","Stamp Duty: 5.9 % for Male, 4.9 % for Female, 5.9 % for Joint (Male and Female), 4.9 % For Joint (Female and Female) | Registration Charges: Male Ownership: 1%, Female Ownership: No registration charges,  Joint (Male + Female) Ownership: 1 % ",3,Apartment,911.17,Carpet Area,10500000,True,Jun ‘28 possession,06-2028,https://imagecdn.99acres.com/projects/example/couk1m0_1752649976_619650195.jpg,https://www.99acres.com/exidmicrosite/property_2d3d_xid.php?projectCode=60768&bno=102&blockId=127277&fno=F1_102&measurement=1&jquery=1&compare=1&g2c=1&hide_button=1&switch_HD=1&platform=DESKTOP,Mr Mahendra Kalal (Builder)
448207,Sun Citypark,Residential,NEW LAUNCH,Ahmedabad West,Ghatlodia,Gujarat,23.069911,72.538013,"Sattadhar - Saibaba Mandir Road, Ahmedabad",380061,9900000,11200000,99 L - 1.12 Cr,https://www.99acres.com/exidmicrosite/siteplan_g2c.php?live=2&g2c=1&xid_request=1&code=60768,True,3,"Designed by HM Architects; structure by consultant Umang Patel | Central courtyard with pathways, play zones, and relaxation areas | Layout promotes natural light and ventilation in all blocks | First-floor social plaza with seating and kids' play zone","Stamp Duty: 5.9 % for Male, 4.9 % for Female, 5.9 % for Joint (Male and Female), 4.9 % For Joint (Female and Female) | Registration Charges: Male Ownership: 1%, Female Ownership: No registration charges,  Joint (Male + Female) Ownership: 1 % ",3,Apartment,977.9,Carpet Area,11200000,True,Jun ‘28 possession,06-2028,https://imagecdn.99acres.com/projects/example/bvovnqj_1752650008_619650505.jpg,https://www.99acres.com/exidmicrosite/property_2d3d_xid.php?projectCode=60768&bno=103&blockId=127277&fno=F1_103&measurement=1&jquery=1&compare=1&g2c=1&hide_button=1&switch_HD=1&platform=DESKTOP,Mr Mahendra Kalal (Builder)
441826,The One,Residential,NEW LAUNCH,Ahmedabad West,Satellite,Gujarat,23.01623,72.52653,"Nr. M.G Farm & Party Plot,Bileshwar Mahadev Road,Jodhpur,Satellite,Ahmedabad",380015,28800000,45120000,2.88 - 4.51 Cr,https://www.99acres.com/exidmicrosite/siteplan_g2c.php?live=2&g2c=1&xid_request=1&code=60032,True,4,"3-side open spaces with expansive views
 | Spacious penthouses, featuring 770 sq. ft. terraces
 | Large balconies with private foyers for enhanced privacy
 | 30,000 sq ft clubhouse with gym, squash, and indoor games
","Stamp Duty: 5.9 % for Male, 4.9 % for Female, 5.9 % for Joint (Male and Female), 4.9 % For Joint (Female and Female) | Registration Charges: Male Ownership: 1%, Female Ownership: No registration charges,  Joint (Male + Female) Ownership: 1 % ",4,Apartment,3615.0,Super Built-up Area,28920000,True,Dec ‘30 possession,12-2030,https://imagecdn.99acres.com/projects/example/tltrq8p_1757311987_644096129.jpg,https://www.99acres.com/exidmicrosite/property_2d3d_xid.php?projectCode=60032&bno=101&blockId=126435&fno=F1_101&measurement=1&jquery=1&compare=1&g2c=1&hide_button=1&switch_HD=1&platform=DESKTOP,aaryan group (Builder) | Kayra Property Solutions (Dealer) | V A Real Estate (Dealer) | TORAL C PANDYA (RERA REGISTERED Dealer)
441826,The One,Residential,NEW LAUNCH,Ahmedabad West,Satellite,Gujarat,23.01623,72.52653,"Nr. M.G Farm & Party Plot,Bileshwar Mahadev Road,Jodhpur,Satellite,Ahmedabad",380015,28800000,45120000,2.88 - 4.51 Cr,https://www.99acres.com/exidmicrosite/siteplan_g2c.php?live=2&g2c=1&xid_request=1&code=60032,True,4,"3-side open spaces with expansive views
 | Spacious penthouses, featuring 770 sq. ft. terraces
 | Large balconies with private foyers for enhanced privacy
 | 30,000 sq ft clubhouse with gym, squash, and indoor games
","Stamp Duty: 5.9 % for Male, 4.9 % for Female, 5.9 % for Joint (Male and Female), 4.9 % For Joint (Female and Female) | Registration Charges: Male Ownership: 1%, Female Ownership: No registration charges,  Joint (Male + Female) Ownership: 1 % ",4,Apartment,3640.0,Super Built-up Area,29120000,True,Dec ‘30 possession,12-2030,https://imagecdn.99acres.com/projects/example/rfqavrd_1757311898_644095273.jpg,https://www.99acres.com/exidmicrosite/property_2d3d_xid.php?projectCode=60032&bno=102&blockId=126435&fno=F1_102&measurement=1&jquery=1&compare=1&g2c=1&hide_button=1&switch_HD=1&platform=DESKTOP,aaryan group (Builder) | Kayra Property Solutions (Dealer) | V A Real Estate (Dealer) | TORAL C PANDYA (RERA REGISTERED Dealer)
441826,The One,Residential,NEW LAUNCH,Ahmedabad West,Satellite,Gujarat,23.01623,72.52653,"Nr. M.G Farm & Party Plot,Bileshwar Mahadev Road,Jodhpur,Satellite,Ahmedabad",380015,28800000,45120000,2.88 - 4.51 Cr,https://www.99acres.com/exidmicrosite/siteplan_g2c.php?live=2&g2c=1&xid_request=1&code=60032,True,4,"3-side open spaces with expansive views
 | Spacious penthouses, featuring 770 sq. ft. terraces
 | Large balconies with private foyers for enhanced privacy
 | 30,000 sq ft clubhouse with gym, squash, and indoor games
","Stamp Duty: 5.9 % for Male, 4.9 % for Female, 5.9 % for Joint (Male and Female), 4.9 % For Joint (Female and Female) | Registration Charges: Male Ownership: 1%, Female Ownership: No registration charges,  Joint (Male + Female) Ownership: 1 % ",4,Apartment,5010.0,Super Built-up Area,40080000,True,Dec ‘30 possession,12-2030,https://imagecdn.99acres.com/projects/example/2n3rpz0_1746004365_591474799.jpg,https://www.99acres.com/exidmicrosite/property_2d3d_xid.php?projectCode=60032&bno=103&blockId=126435&fno=F1_103&measurement=1&jquery=1&compare=1&g2c=1&hide_button=1&switch_HD=1&platform=DESKTOP,aaryan group (Builder) | Kayra Property Solutions (Dealer) | V A Real Estate (Dealer) | TORAL C PANDYA (RERA REGISTERED Dealer)
441826,The One,Residential,NEW LAUNCH,Ahmedabad West,Satellite,Gujarat,23.01623,72.52653,"Nr. M.G Farm & Party Plot,Bileshwar Mahadev Road,Jodhpur,Satellite,Ahmedabad",380015,28800000,45120000,2.88 - 4.51 Cr,https://www.99acres.com/exidmicrosite/siteplan_g2c.php?live=2&g2c=1&xid_request=1&code=60032,True,4,"3-side open spaces with expansive views
 | Spacious penthouses, featuring 770 sq. ft. terraces
 | Large balconies with private foyers for enhanced privacy
 | 30,000 sq ft clubhouse with gym, squash, and indoor games
","Stamp Duty: 5.9 % for Male, 4.9 % for Female, 5.9 % for Joint (Male and Female), 4.9 % For Joint (Female and Female) | Registration Charges: Male Ownership: 1%, Female Ownership: No registration charges,  Joint (Male + Female) Ownership: 1 % ",4,Apartment,5600.0,Super Built-up Area,44800000,True,Dec ‘30 possession,12-2030,https://imagecdn.99acres.com/projects/example/ftjgahl_1746004403_591475051.jpg,https://www.99acres.com/exidmicrosite/property_2d3d_xid.php?projectCode=60032&bno=104&blockId=126435&fno=F1_104&measurement=1&jquery=1&compare=1&g2c=1&hide_button=1&switch_HD=1&platform=DESKTOP,aaryan group (Builder) | Lifestyle Realty Solutions (RERA REGISTERED Dealer) | Kayra Property Solutions (Dealer) | V A Real Estate (Dealer) | TORAL C PANDYA (RERA REGISTERED Dealer)
441826,The One,Residential,NEW LAUNCH,Ahmedabad West,Satellite,Gujarat,23.01623,72.52653,"Nr. M.G Farm & Party Plot,Bileshwar Mahadev Road,Jodhpur,Satellite,Ahmedabad",380015,28800000,45120000,2.88 - 4.51 Cr,https://www.99acres.com/exidmicrosite/siteplan_g2c.php?live=2&g2c=1&xid_request=1&code=60032,True,4,"3-side open spaces with expansive views
 | Spacious penthouses, featuring 770 sq. ft. terraces
 | Large balconies with private foyers for enhanced privacy
 | 30,000 sq ft clubhouse with gym, squash, and indoor games
","Stamp Duty: 5.9 % for Male, 4.9 % for Female, 5.9 % for Joint (Male and Female), 4.9 % For Joint (Female and Female) | Registration Charges: Male Ownership: 1%, Female Ownership: No registration charges,  Joint (Male + Female) Ownership: 1 % ",4,Apartment,5640.0,Super Built-up Area,45120000,True,Dec ‘30 possession,12-2030,https://imagecdn.99acres.com/projects/example/2iyl34o_1746004431_591475165.jpg,https://www.99acres.com/exidmicrosite/property_2d3d_xid.php?projectCode=60032&bno=105&blockId=126435&fno=F1_105&measurement=1&jquery=1&compare=1&g2c=1&hide_button=1&switch_HD=1&platform=DESKTOP,aaryan group (Builder) | Lifestyle Realty Solutions (RERA REGISTERED Dealer) | Kayra Property Solutions (Dealer) | V A Real Estate (Dealer) | TORAL C PANDYA (RERA REGISTERED Dealer)
441826,The One,Residential,NEW LAUNCH,Ahmedabad West,Satellite,Gujarat,23.01623,72.52653,"Nr. M.G Farm & Party Plot,Bileshwar Mahadev Road,Jodhpur,Satellite,Ahmedabad",380015,28800000,45120000,2.88 - 4.51 Cr,https://www.99acres.com/exidmicrosite/siteplan_g2c.php?live=2&g2c=1&xid_request=1&code=60032,True,4,"3-side open spaces with expansive views
 | Spacious penthouses, featuring 770 sq. ft. terraces
 | Large balconies with private foyers for enhanced privacy
 | 30,000 sq ft clubhouse with gym, squash, and indoor games
","Stamp Duty: 5.9 % for Male, 4.9 % for Female, 5.9 % for Joint (Male and Female), 4.9 % For Joint (Female and Female) | Registration Charges: Male Ownership: 1%, Female Ownership: No registration charges,  Joint (Male + Female) Ownership: 1 % ",4,Apartment,3600.0,Super Built-up Area,28800000,True,Dec ‘30 possession,12-2030,,,aaryan group (Builder) | Lifestyle Realty Solutions (RERA REGISTERED Dealer) | Kayra Property Solutions (Dealer) | V A Real Estate (Dealer) | TORAL C PANDYA (RERA REGISTERED Dealer)
423634,Shruti Apartment,Residential,NEW LAUNCH,Ahmedabad West,Memnagar,Gujarat,23.04657,72.53805,"Drive In Road, Behind Manav Mandir, Memnagar, Ahmedabad",380052,11300007,14367152,1.13 - 1.44 Cr,https://www.99acres.com/exidmicrosite/siteplan_g2c.php?live=2&g2c=1&xid_request=1&code=58889,True,3,"Low-density project: only 90 residential units across 10 storeys | Common EV charging point available for sustainable living | Project theme based on ""Collaboration with Nature | Extensive 20+ luxury amenities, including a rooftop garden and library","Stamp Duty: 5.9 % for Male, 4.9 % for Female, 5.9 % for Joint (Male and Female), 4.9 % For Joint (Female and Female) | Registration Charges: Male Ownership: 1%, Female Ownership: No registration charges,  Joint (Male + Female) Ownership: 1 % ",3,Apartment,1890.0,Super Built-up Area,11300007,True,Jun ‘27 possession,06-2027,https://imagecdn.99acres.com/projects/example/hlwxtf4_1737631052_563751739.jpg,https://www.99acres.com/exidmicrosite/property_2d3d_xid.php?projectCode=58889&bno=104&blockId=123320&fno=F1_104&measurement=1&jquery=1&compare=1&g2c=1&hide_button=1&switch_HD=1&platform=DESKTOP,Bosky Sapan Group (Builder)
423634,Shruti Apartment,Residential,NEW LAUNCH,Ahmedabad West,Memnagar,Gujarat,23.04657,72.53805,"Drive In Road, Behind Manav Mandir, Memnagar, Ahmedabad",380052,11300007,14367152,1.13 - 1.44 Cr,https://www.99acres.com/exidmicrosite/siteplan_g2c.php?live=2&g2c=1&xid_request=1&code=58889,True,3,"Low-density project: only 90 residential units across 10 storeys | Common EV charging point available for sustainable living | Project theme based on ""Collaboration with Nature | Extensive 20+ luxury amenities, including a rooftop garden and library","Stamp Duty: 5.9 % for Male, 4.9 % for Female, 5.9 % for Joint (Male and Female), 4.9 % For Joint (Female and Female) | Registration Charges: Male Ownership: 1%, Female Ownership: No registration charges,  Joint (Male + Female) Ownership: 1 % ",3,Apartment,2025.0,Super Built-up Area,12107151,True,Jun ‘27 possession,06-2027,https://imagecdn.99acres.com/projects/example/zaigbqe_1737631121_563752307.jpg,https://www.99acres.com/exidmicrosite/property_2d3d_xid.php?projectCode=58889&bno=103&blockId=123320&fno=F1_103&measurement=1&jquery=1&compare=1&g2c=1&hide_button=1&switch_HD=1&platform=DESKTOP,Bosky Sapan Group (Builder)
423634,Shruti Apartment,Residential,NEW LAUNCH,Ahmedabad West,Memnagar,Gujarat,23.04657,72.53805,"Drive In Road, Behind Manav Mandir, Memnagar, Ahmedabad",380052,11300007,14367152,1.13 - 1.44 Cr,https://www.99acres.com/exidmicrosite/siteplan_g2c.php?live=2&g2c=1&xid_request=1&code=58889,True,3,"Low-density project: only 90 residential units across 10 storeys | Common EV charging point available for sustainable living | Project theme based on ""Collaboration with Nature | Extensive 20+ luxury amenities, including a rooftop garden and library","Stamp Duty: 5.9 % for Male, 4.9 % for Female, 5.9 % for Joint (Male and Female), 4.9 % For Joint (Female and Female) | Registration Charges: Male Ownership: 1%, Female Ownership: No registration charges,  Joint (Male + Female) Ownership: 1 % ",3,Apartment,2223.0,Super Built-up Area,13290961,True,Jun ‘27 possession,06-2027,https://imagecdn.99acres.com/projects/example/pfgi51f_1737631186_563753011.jpg,https://www.99acres.com/exidmicrosite/property_2d3d_xid.php?projectCode=58889&bno=103&blockId=123318&fno=F1_103&measurement=1&jquery=1&compare=1&g2c=1&hide_button=1&switch_HD=1&platform=DESKTOP,Bosky Sapan Group (Builder)
423634,Shruti Apartment,Residential,NEW LAUNCH,Ahmedabad West,Memnagar,Gujarat,23.04657,72.53805,"Drive In Road, Behind Manav Mandir, Memnagar, Ahmedabad",380052,11300007,14367152,1.13 - 1.44 Cr,https://www.99acres.com/exidmicrosite/siteplan_g2c.php?live=2&g2c=1&xid_request=1&code=58889,True,3,"Low-density project: only 90 residential units across 10 storeys | Common EV charging point available for sustainable living | Project theme based on ""Collaboration with Nature | Extensive 20+ luxury amenities, including a rooftop garden and library","Stamp Duty: 5.9 % for Male, 4.9 % for Female, 5.9 % for Joint (Male and Female), 4.9 % For Joint (Female and Female) | Registration Charges: Male Ownership: 1%, Female Ownership: No registration charges,  Joint (Male + Female) Ownership: 1 % ",3,Apartment,2403.0,Super Built-up Area,14367152,True,Jun ‘27 possession,06-2027,https://imagecdn.99acres.com/projects/example/rzm8nxm_1737631255_563753685.jpg,https://www.99acres.com/exidmicrosite/property_2d3d_xid.php?projectCode=58889&bno=104&blockId=122794&fno=F1_104&measurement=1&jquery=1&compare=1&g2c=1&hide_button=1&switch_HD=1&platform=DESKTOP,Bosky Sapan Group (Builder)
395978,Shubham Anthem,Residential,NEW LAUNCH,Ahmedabad West,Shela,Gujarat,23.005785381664,72.446796181673,"Shela, Ahmedabad",382465,8100000,17500000,81 L - 1.75 Cr,https://www.99acres.com/exidmicrosite/siteplan_g2c.php?live=2&g2c=1&xid_request=1&code=55887,True,"3,4",The project is approved by AUDA | 30-meter wide road ensures easy accessibility | Prime location near key amenities and urban connectivity | Get Unit of your choice,"Stamp Duty: 5.9 % for Male, 4.9 % for Female, 5.9 % for Joint (Male and Female), 4.9 % For Joint (Female and Female) | Registration Charges: Male Ownership: 1%, Female Ownership: No registration charges,  Joint (Male + Female) Ownership: 1 % ",3,Apartment,1750.0,Super Built-up Area,8100000,True,Jun ‘26 possession,06-2026,https://imagecdn.99acres.com/projects/example/elsaa2s_1746439286_593010713.jpg,,Yogesh Kalavadia (Builder)
395978,Shubham Anthem,Residential,NEW LAUNCH,Ahmedabad West,Shela,Gujarat,23.005785381664,72.446796181673,"Shela, Ahmedabad",382465,8100000,17500000,81 L - 1.75 Cr,https://www.99acres.com/exidmicrosite/siteplan_g2c.php?live=2&g2c=1&xid_request=1&code=55887,True,"3,4",The project is approved by AUDA | 30-meter wide road ensures easy accessibility | Prime location near key amenities and urban connectivity | Get Unit of your choice,"Stamp Duty: 5.9 % for Male, 4.9 % for Female, 5.9 % for Joint (Male and Female), 4.9 % For Joint (Female and Female) | Registration Charges: Male Ownership: 1%, Female Ownership: No registration charges,  Joint (Male + Female) Ownership: 1 % ",4,Apartment,4075.0,Super Built-up Area,17500000,True,Jun ‘26 possession,06-2026,https://imagecdn.99acres.com/projects/example/ukjj7su_1746439316_593011047.jpg,,Yogesh Kalavadia (Builder)
415849,Maitri Elevate,Residential,NEW LAUNCH,Ahmedabad North,Motera,Gujarat,23.104046,72.604391,"Motera, Ahmedabad North",0,13800000,18200000,1.38 - 1.82 Cr,https://www.99acres.com/exidmicrosite/siteplan_g2c.php?live=2&g2c=1&xid_request=1&code=55265,True,"3,4","Athleisure based homes focused on athletics and leisure | 40,000+ sq. ft. podium with curated sports amenities | Tucked away with the tranquil Sabarmati river front just within the sight | Close to Airport, Bullet Train, Metro, and River Front","Stamp Duty: 5.9 % for Male, 4.9 % for Female, 5.9 % for Joint (Male and Female), 4.9 % For Joint (Female and Female) | Registration Charges: Male Ownership: 1%, Female Ownership: No registration charges,  Joint (Male + Female) Ownership: 1 % ",3,Apartment,2817.0,Super Built-up Area,13800000,True,Dec ‘28 possession,12-2028,https://newprojects.99acres.com/projects/gayatri_infrastructure/gayatri_maitri_elevate/maps/yx8guzt_1715689595_491976494.jpg,https://www.99acres.com/exidmicrosite/property_2d3d_xid.php?projectCode=55265&bno=101&blockId=114902&fno=F1_101&measurement=1&jquery=1&compare=1&g2c=1&hide_button=1&switch_HD=1&platform=DESKTOP,MAITRI GROUP (Builder)
415849,Maitri Elevate,Residential,NEW LAUNCH,Ahmedabad North,Motera,Gujarat,23.104046,72.604391,"Motera, Ahmedabad North",0,13800000,18200000,1.38 - 1.82 Cr,https://www.99acres.com/exidmicrosite/siteplan_g2c.php?live=2&g2c=1&xid_request=1&code=55265,True,"3,4","Athleisure based homes focused on athletics and leisure | 40,000+ sq. ft. podium with curated sports amenities | Tucked away with the tranquil Sabarmati river front just within the sight | Close to Airport, Bullet Train, Metro, and River Front","Stamp Duty: 5.9 % for Male, 4.9 % for Female, 5.9 % for Joint (Male and Female), 4.9 % For Joint (Female and Female) | Registration Charges: Male Ownership: 1%, Female Ownership: No registration charges,  Joint (Male + Female) Ownership: 1 % ",4,Apartment,3636.0,Super Built-up Area,17800000,True,Dec ‘28 possession,12-2028,https://newprojects.99acres.com/projects/gayatri_infrastructure/gayatri_maitri_elevate/maps/dfaxiaz_1715689638_491976588.jpg,https://www.99acres.com/exidmicrosite/property_2d3d_xid.php?projectCode=55265&bno=102&blockId=114902&fno=F1_102&measurement=1&jquery=1&compare=1&g2c=1&hide_button=1&switch_HD=1&platform=DESKTOP,MAITRI GROUP (Builder)
415849,Maitri Elevate,Residential,NEW LAUNCH,Ahmedabad North,Motera,Gujarat,23.104046,72.604391,"Motera, Ahmedabad North",0,13800000,18200000,1.38 - 1.82 Cr,https://www.99acres.com/exidmicrosite/siteplan_g2c.php?live=2&g2c=1&xid_request=1&code=55265,True,"3,4","Athleisure based homes focused on athletics and leisure | 40,000+ sq. ft. podium with curated sports amenities | Tucked away with the tranquil Sabarmati river front just within the sight | Close to Airport, Bullet Train, Metro, and River Front","Stamp Duty: 5.9 % for Male, 4.9 % for Female, 5.9 % for Joint (Male and Female), 4.9 % For Joint (Female and Female) | Registration Charges: Male Ownership: 1%, Female Ownership: No registration charges,  Joint (Male + Female) Ownership: 1 % ",4,Apartment,3726.0,Super Built-up Area,18200000,True,Dec ‘28 possession,12-2028,https://newprojects.99acres.com/projects/gayatri_infrastructure/gayatri_maitri_elevate/maps/ct2zzdm_1715689682_491976730.jpg,https://www.99acres.com/exidmicrosite/property_2d3d_xid.php?projectCode=55265&bno=103&blockId=114902&fno=F1_103&measurement=1&jquery=1&compare=1&g2c=1&hide_button=1&switch_HD=1&platform=DESKTOP,MAITRI GROUP (Builder)
395198,Aaravi 119,Residential,NEW LAUNCH,Ahmedabad West,Shilaj,Gujarat,23.043990295206,72.472513135413,"AARAVI 119, BEHIND SHREEYAM LOTUS, SHILAJ, Ahmedabad City",380059,7400000,9400000,74 - 94 L,https://www.99acres.com/exidmicrosite/siteplan_g2c.php?live=2&g2c=1&xid_request=1&code=49342,True,"2,3","Live by the 120-ft SBR Ext. Road, opposite the city's largest Oxygen Park | 50 exclusive, airy luxury homes in a low-density G+12 development | Spacious 2 & 3 BHKs: Large rooms, free vestibules & big kitchen yards | Smart 8-ft doors & Jaquar fittings: Affordable luxury at its best","Stamp Duty: 5.9 % for Male, 4.9 % for Female, 5.9 % for Joint (Male and Female), 4.9 % For Joint (Female and Female) | Registration Charges: Male Ownership: 1%, Female Ownership: No registration charges,  Joint (Male + Female) Ownership: 1 % ",2,Apartment,1410.0,Super Built-up Area,7400000,True,Jan ‘26 possession,01-2026,,,Dhruv Bhai (Builder) | PARMAR MITESHKUMAR (RERA REGISTERED Dealer) | Daksh Realtors (Dealer)
395198,Aaravi 119,Residential,NEW LAUNCH,Ahmedabad West,Shilaj,Gujarat,23.043990295206,72.472513135413,"AARAVI 119, BEHIND SHREEYAM LOTUS, SHILAJ, Ahmedabad City",380059,7400000,9400000,74 - 94 L,https://www.99acres.com/exidmicrosite/siteplan_g2c.php?live=2&g2c=1&xid_request=1&code=49342,True,"2,3","Live by the 120-ft SBR Ext. Road, opposite the city's largest Oxygen Park | 50 exclusive, airy luxury homes in a low-density G+12 development | Spacious 2 & 3 BHKs: Large rooms, free vestibules & big kitchen yards | Smart 8-ft doors & Jaquar fittings: Affordable luxury at its best","Stamp Duty: 5.9 % for Male, 4.9 % for Female, 5.9 % for Joint (Male and Female), 4.9 % For Joint (Female and Female) | Registration Charges: Male Ownership: 1%, Female Ownership: No registration charges,  Joint (Male + Female) Ownership: 1 % ",3,Apartment,1760.0,Super Built-up Area,9400000,True,Jan ‘26 possession,01-2026,,,Dhruv Bhai (Builder) | PARMAR MITESHKUMAR (RERA REGISTERED Dealer) | Daksh Realtors (Dealer)
438863,Snehal Exotica,Residential,NEW LAUNCH,Ahmedabad West,Ghatlodia,Gujarat,23.062936125638576,72.53368410844341,"D-601, Swagat Society, Sarvodaya Nagar, Ghatlodiya, Ahmedabad, Gujarat 380061",380061,14500000,14500000,1.45 Cr,https://www.99acres.com/exidmicrosite/siteplan_g2c.php?live=2&g2c=1&xid_request=1&code=61655,True,3,Architectural brilliance with natural elements and views | Enjoy recreational facilities including an indoor game area and a sky deck | CCTV surveillance and video door camera for security | Ample parking space available,"Stamp Duty: 5.9 % for Male, 4.9 % for Female, 5.9 % for Joint (Male and Female), 4.9 % For Joint (Female and Female) | Registration Charges: Male Ownership: 1%, Female Ownership: No registration charges,  Joint (Male + Female) Ownership: 1 % ",3,Apartment,2025.0,Super Built-up Area,14500000,True,Dec ‘27 possession,12-2027,https://imagecdn.99acres.com/projects/example/c5uha0s_1760694317_661682635.jpg,https://www.99acres.com/exidmicrosite/property_2d3d_xid.php?projectCode=61655&bno=101&blockId=129597&fno=F1_101&measurement=1&jquery=1&compare=1&g2c=1&hide_button=1&switch_HD=1&platform=DESKTOP,V GAJJAR DEVELOPERS (Builder)
417556,The Sovereign,Residential,NEW LAUNCH,Ahmedabad West,Thaltej,Gujarat,23.051174,72.491331,"The Sovereign, Near Thaltej-Shilaj Bridge,Ahmedabad City, Ahmedabad,Gujarat",380059,43400000,85000000,4.34 - 8.5 Cr,https://www.99acres.com/exidmicrosite/siteplan_g2c.php?live=2&g2c=1&xid_request=1&code=55263,True,"4,5","1.4 times taller than the Statue of Liberty, New York

 | 4 & 5 BFHK apartments with meticulously planned amenities
 | 360° View from each apartment, 3 Towers (1 apartment per floor)

 | 37 Cloud whispering floors, 102 exclusive residences
","Stamp Duty: 5.9 % for Male, 4.9 % for Female, 5.9 % for Joint (Male and Female), 4.9 % For Joint (Female and Female) | Registration Charges: Male Ownership: 1%, Female Ownership: No registration charges,  Joint (Male + Female) Ownership: 1 % ",4,Apartment,6014.0,Super Built-up Area,43400000,True,Dec ‘27 possession,12-2027,https://newprojects.99acres.com/projects/ashima_limited/ashima_the_sovereign/maps/ei1nodv_1701686492_459694702.jpg,https://www.99acres.com/exidmicrosite/property_2d3d_xid.php?projectCode=55263&bno=101&blockId=115212&fno=F1_101&measurement=1&jquery=1&compare=1&g2c=1&hide_button=1&switch_HD=1&platform=DESKTOP,ASHIMA LIMITED   REAL ESTATE DIVISION (Builder)
417556,The Sovereign,Residential,NEW LAUNCH,Ahmedabad West,Thaltej,Gujarat,23.051174,72.491331,"The Sovereign, Near Thaltej-Shilaj Bridge,Ahmedabad City, Ahmedabad,Gujarat",380059,43400000,85000000,4.34 - 8.5 Cr,https://www.99acres.com/exidmicrosite/siteplan_g2c.php?live=2&g2c=1&xid_request=1&code=55263,True,"4,5","1.4 times taller than the Statue of Liberty, New York

 | 4 & 5 BFHK apartments with meticulously planned amenities
 | 360° View from each apartment, 3 Towers (1 apartment per floor)

 | 37 Cloud whispering floors, 102 exclusive residences
","Stamp Duty: 5.9 % for Male, 4.9 % for Female, 5.9 % for Joint (Male and Female), 4.9 % For Joint (Female and Female) | Registration Charges: Male Ownership: 1%, Female Ownership: No registration charges,  Joint (Male + Female) Ownership: 1 % ",5,Apartment,10201.0,Super Built-up Area,85000000,True,Dec ‘27 possession,12-2027,https://newprojects.99acres.com/projects/ashima_limited/ashima_the_sovereign/maps/bvuy8ap_1701776766_459896866.jpg,https://www.99acres.com/exidmicrosite/property_2d3d_xid.php?projectCode=55263&bno=102&blockId=115212&fno=F1_102&measurement=1&jquery=1&compare=1&g2c=1&hide_button=1&switch_HD=1&platform=DESKTOP,ASHIMA LIMITED   REAL ESTATE DIVISION (Builder)
425110,Satyamev Royal 4,Residential,NEW LAUNCH,Ahmedabad North,Chandkheda,Gujarat,23.12493996484,72.601669026436,"Chandkheda, Ahmedabad North",382424,5698996,7473408,56.99 - 74.73 L,https://www.99acres.com/exidmicrosite/siteplan_g2c.php?live=2&g2c=1&xid_request=1&code=56368,True,"2,3",Beautifully designed elevation and attractive entrance gate  | 2 Level basement parking available | 2 side road facing project | Get Unit of your choice,"Stamp Duty: 5.9 % for Male, 4.9 % for Female, 5.9 % for Joint (Male and Female), 4.9 % For Joint (Female and Female) | Registration Charges: Male Ownership: 1%, Female Ownership: No registration charges,  Joint (Male + Female) Ownership: 1 % ",2,Apartment,672.21,Carpet Area,5698996,True,Mar ‘27 possession,03-2027,https://newprojects.99acres.com/projects/satyamev_group_ahmedabad/satyamev_royal_4/maps/cdoz9vu_1712386777_484581764.jpg,https://www.99acres.com/exidmicrosite/property_2d3d_xid.php?projectCode=56368&bno=102&blockId=118784&fno=F1_102&measurement=1&jquery=1&compare=1&g2c=1&hide_button=1&switch_HD=1&platform=DESKTOP,Satyamev Group (Builder)
425110,Satyamev Royal 4,Residential,NEW LAUNCH,Ahmedabad North,Chandkheda,Gujarat,23.12493996484,72.601669026436,"Chandkheda, Ahmedabad North",382424,5698996,7473408,56.99 - 74.73 L,https://www.99acres.com/exidmicrosite/siteplan_g2c.php?live=2&g2c=1&xid_request=1&code=56368,True,"2,3",Beautifully designed elevation and attractive entrance gate  | 2 Level basement parking available | 2 side road facing project | Get Unit of your choice,"Stamp Duty: 5.9 % for Male, 4.9 % for Female, 5.9 % for Joint (Male and Female), 4.9 % For Joint (Female and Female) | Registration Charges: Male Ownership: 1%, Female Ownership: No registration charges,  Joint (Male + Female) Ownership: 1 % ",2,Apartment,676.3,Carpet Area,5732919,True,Mar ‘27 possession,03-2027,https://newprojects.99acres.com/projects/satyamev_group_ahmedabad/satyamev_royal_4/maps/zvispvf_1712386777_484581766.jpg,https://www.99acres.com/exidmicrosite/property_2d3d_xid.php?projectCode=56368&bno=102&blockId=117342&fno=F1_102&measurement=1&jquery=1&compare=1&g2c=1&hide_button=1&switch_HD=1&platform=DESKTOP,Satyamev Group (Builder)
425110,Satyamev Royal 4,Residential,NEW LAUNCH,Ahmedabad North,Chandkheda,Gujarat,23.12493996484,72.601669026436,"Chandkheda, Ahmedabad North",382424,5698996,7473408,56.99 - 74.73 L,https://www.99acres.com/exidmicrosite/siteplan_g2c.php?live=2&g2c=1&xid_request=1&code=56368,True,"2,3",Beautifully designed elevation and attractive entrance gate  | 2 Level basement parking available | 2 side road facing project | Get Unit of your choice,"Stamp Duty: 5.9 % for Male, 4.9 % for Female, 5.9 % for Joint (Male and Female), 4.9 % For Joint (Female and Female) | Registration Charges: Male Ownership: 1%, Female Ownership: No registration charges,  Joint (Male + Female) Ownership: 1 % ",2,Apartment,692.98,Carpet Area,5868609,True,Mar ‘27 possession,03-2027,https://newprojects.99acres.com/projects/satyamev_group_ahmedabad/satyamev_royal_4/maps/rt1vtwx_1712387265_484584428.jpg,https://www.99acres.com/exidmicrosite/property_2d3d_xid.php?projectCode=56368&bno=103&blockId=117342&fno=F1_103&measurement=1&jquery=1&compare=1&g2c=1&hide_button=1&switch_HD=1&platform=DESKTOP,Satyamev Group (Builder)
425110,Satyamev Royal 4,Residential,NEW LAUNCH,Ahmedabad North,Chandkheda,Gujarat,23.12493996484,72.601669026436,"Chandkheda, Ahmedabad North",382424,5698996,7473408,56.99 - 74.73 L,https://www.99acres.com/exidmicrosite/siteplan_g2c.php?live=2&g2c=1&xid_request=1&code=56368,True,"2,3",Beautifully designed elevation and attractive entrance gate  | 2 Level basement parking available | 2 side road facing project | Get Unit of your choice,"Stamp Duty: 5.9 % for Male, 4.9 % for Female, 5.9 % for Joint (Male and Female), 4.9 % For Joint (Female and Female) | Registration Charges: Male Ownership: 1%, Female Ownership: No registration charges,  Joint (Male + Female) Ownership: 1 % ",2,Apartment,696.53,Carpet Area,5902532,True,Mar ‘27 possession,03-2027,https://newprojects.99acres.com/projects/satyamev_group_ahmedabad/satyamev_royal_4/maps/paumbks_1712387265_484584432.jpg,https://www.99acres.com/exidmicrosite/property_2d3d_xid.php?projectCode=56368&bno=104&blockId=117342&fno=F1_104&measurement=1&jquery=1&compare=1&g2c=1&hide_button=1&switch_HD=1&platform=DESKTOP,Satyamev Group (Builder)
425110,Satyamev Royal 4,Residential,NEW LAUNCH,Ahmedabad North,Chandkheda,Gujarat,23.12493996484,72.601669026436,"Chandkheda, Ahmedabad North",382424,5698996,7473408,56.99 - 74.73 L,https://www.99acres.com/exidmicrosite/siteplan_g2c.php?live=2&g2c=1&xid_request=1&code=56368,True,"2,3",Beautifully designed elevation and attractive entrance gate  | 2 Level basement parking available | 2 side road facing project | Get Unit of your choice,"Stamp Duty: 5.9 % for Male, 4.9 % for Female, 5.9 % for Joint (Male and Female), 4.9 % For Joint (Female and Female) | Registration Charges: Male Ownership: 1%, Female Ownership: No registration charges,  Joint (Male + Female) Ownership: 1 % ",3,Apartment,837.11,Carpet Area,7298999,True,Mar ‘27 possession,03-2027,https://newprojects.99acres.com/projects/satyamev_group_ahmedabad/satyamev_royal_4/maps/rcocaa3_1712386901_484582396.jpg,https://www.99acres.com/exidmicrosite/property_2d3d_xid.php?projectCode=56368&bno=106&blockId=117342&fno=F1_106&measurement=1&jquery=1&compare=1&g2c=1&hide_button=1&switch_HD=1&platform=DESKTOP,Satyamev Group (Builder)
425110,Satyamev Royal 4,Residential,NEW LAUNCH,Ahmedabad North,Chandkheda,Gujarat,23.12493996484,72.601669026436,"Chandkheda, Ahmedabad North",382424,5698996,7473408,56.99 - 74.73 L,https://www.99acres.com/exidmicrosite/siteplan_g2c.php?live=2&g2c=1&xid_request=1&code=56368,True,"2,3",Beautifully designed elevation and attractive entrance gate  | 2 Level basement parking available | 2 side road facing project | Get Unit of your choice,"Stamp Duty: 5.9 % for Male, 4.9 % for Female, 5.9 % for Joint (Male and Female), 4.9 % For Joint (Female and Female) | Registration Charges: Male Ownership: 1%, Female Ownership: No registration charges,  Joint (Male + Female) Ownership: 1 % ",3,Apartment,857.67,Carpet Area,7473408,True,Mar ‘27 possession,03-2027,https://newprojects.99acres.com/projects/satyamev_group_ahmedabad/satyamev_royal_4/maps/lju9esk_1712386776_484581762.jpg,https://www.99acres.com/exidmicrosite/property_2d3d_xid.php?projectCode=56368&bno=105&blockId=117342&fno=F1_105&measurement=1&jquery=1&compare=1&g2c=1&hide_button=1&switch_HD=1&platform=DESKTOP,Satyamev Group (Builder)
430740,Raivat Turquoise Re 45,Residential,NEW LAUNCH,Ahmedabad West,Linkin Road,Gujarat,22.9869,72.478545,"Daskroi, Ahmedabad East",380054,14161235,21749046,1.42 - 2.17 Cr,https://www.99acres.com/exidmicrosite/siteplan_g2c.php?live=2&g2c=1&xid_request=1&code=57677,True,"3,4",15+ amenities for an elevated lifestyle  | Ample parking space for your luxury cars | Scenic jogging track through the park | Get Unit of your choice,"Stamp Duty: 5.9 % for Male, 4.9 % for Female, 5.9 % for Joint (Male and Female), 4.9 % For Joint (Female and Female) | Registration Charges: Male Ownership: 1%, Female Ownership: No registration charges,  Joint (Male + Female) Ownership: 1 % ",3,Apartment,1350.0,Carpet Area,14538150,True,Dec ‘29 possession,12-2029,https://imagecdn.99acres.com/projects/example/cvmse10_1726208960_517971685.jpg,https://www.99acres.com/exidmicrosite/property_2d3d_xid.php?projectCode=57677&bno=101&blockId=120304&fno=F1_101&measurement=1&jquery=1&compare=1&g2c=1&hide_button=1&switch_HD=1&platform=DESKTOP,Growth Vision Space (RERA REGISTERED Dealer) | Disha Estate Management Private Limited (Dealer) | Harsh Kansara (RERA REGISTERED Dealer) | Daxesh Patel (RERA REGISTERED Dealer)
430740,Raivat Turquoise Re 45,Residential,NEW LAUNCH,Ahmedabad West,Linkin Road,Gujarat,22.9869,72.478545,"Daskroi, Ahmedabad East",380054,14161235,21749046,1.42 - 2.17 Cr,https://www.99acres.com/exidmicrosite/siteplan_g2c.php?live=2&g2c=1&xid_request=1&code=57677,True,"3,4",15+ amenities for an elevated lifestyle  | Ample parking space for your luxury cars | Scenic jogging track through the park | Get Unit of your choice,"Stamp Duty: 5.9 % for Male, 4.9 % for Female, 5.9 % for Joint (Male and Female), 4.9 % For Joint (Female and Female) | Registration Charges: Male Ownership: 1%, Female Ownership: No registration charges,  Joint (Male + Female) Ownership: 1 % ",3,Apartment,1315.0,Carpet Area,14161235,True,Dec ‘29 possession,12-2029,,,Growth Vision Space (RERA REGISTERED Dealer) | Disha Estate Management Private Limited (Dealer) | Harsh Kansara (RERA REGISTERED Dealer) | Daxesh Patel (RERA REGISTERED Dealer)
430740,Raivat Turquoise Re 45,Residential,NEW LAUNCH,Ahmedabad West,Linkin Road,Gujarat,22.9869,72.478545,"Daskroi, Ahmedabad East",380054,14161235,21749046,1.42 - 2.17 Cr,https://www.99acres.com/exidmicrosite/siteplan_g2c.php?live=2&g2c=1&xid_request=1&code=57677,True,"3,4",15+ amenities for an elevated lifestyle  | Ample parking space for your luxury cars | Scenic jogging track through the park | Get Unit of your choice,"Stamp Duty: 5.9 % for Male, 4.9 % for Female, 5.9 % for Joint (Male and Female), 4.9 % For Joint (Female and Female) | Registration Charges: Male Ownership: 1%, Female Ownership: No registration charges,  Joint (Male + Female) Ownership: 1 % ",4,Apartment,1700.0,Carpet Area,16806081,True,Dec ‘29 possession,12-2029,https://imagecdn.99acres.com/projects/example/0b97ops_1726208850_517971355.jpg,https://www.99acres.com/exidmicrosite/property_2d3d_xid.php?projectCode=57677&bno=102&blockId=120304&fno=F1_102&measurement=1&jquery=1&compare=1&g2c=1&hide_button=1&switch_HD=1&platform=DESKTOP,Growth Vision Space (RERA REGISTERED Dealer) | Disha Estate Management Private Limited (Dealer) | Harsh Kansara (RERA REGISTERED Dealer) | Daxesh Patel (RERA REGISTERED Dealer)
430740,Raivat Turquoise Re 45,Residential,NEW LAUNCH,Ahmedabad West,Linkin Road,Gujarat,22.9869,72.478545,"Daskroi, Ahmedabad East",380054,14161235,21749046,1.42 - 2.17 Cr,https://www.99acres.com/exidmicrosite/siteplan_g2c.php?live=2&g2c=1&xid_request=1&code=57677,True,"3,4",15+ amenities for an elevated lifestyle  | Ample parking space for your luxury cars | Scenic jogging track through the park | Get Unit of your choice,"Stamp Duty: 5.9 % for Male, 4.9 % for Female, 5.9 % for Joint (Male and Female), 4.9 % For Joint (Female and Female) | Registration Charges: Male Ownership: 1%, Female Ownership: No registration charges,  Joint (Male + Female) Ownership: 1 % ",4,Apartment,1860.0,Carpet Area,18387829,True,Dec ‘29 possession,12-2029,https://imagecdn.99acres.com/projects/example/2sklibe_1726208821_517971173.jpg,https://www.99acres.com/exidmicrosite/property_2d3d_xid.php?projectCode=57677&bno=103&blockId=120304&fno=F1_103&measurement=1&jquery=1&compare=1&g2c=1&hide_button=1&switch_HD=1&platform=DESKTOP,Growth Vision Space (RERA REGISTERED Dealer) | Disha Estate Management Private Limited (Dealer) | Harsh Kansara (RERA REGISTERED Dealer) | Daxesh Patel (RERA REGISTERED Dealer)
430740,Raivat Turquoise Re 45,Residential,NEW LAUNCH,Ahmedabad West,Linkin Road,Gujarat,22.9869,72.478545,"Daskroi, Ahmedabad East",380054,14161235,21749046,1.42 - 2.17 Cr,https://www.99acres.com/exidmicrosite/siteplan_g2c.php?live=2&g2c=1&xid_request=1&code=57677,True,"3,4",15+ amenities for an elevated lifestyle  | Ample parking space for your luxury cars | Scenic jogging track through the park | Get Unit of your choice,"Stamp Duty: 5.9 % for Male, 4.9 % for Female, 5.9 % for Joint (Male and Female), 4.9 % For Joint (Female and Female) | Registration Charges: Male Ownership: 1%, Female Ownership: No registration charges,  Joint (Male + Female) Ownership: 1 % ",4,Apartment,2200.0,Carpet Area,21749046,True,Dec ‘29 possession,12-2029,https://imagecdn.99acres.com/projects/example/aelkr58_1726208889_517971463.jpg,https://www.99acres.com/exidmicrosite/property_2d3d_xid.php?projectCode=57677&bno=104&blockId=120304&fno=F1_104&measurement=1&jquery=1&compare=1&g2c=1&hide_button=1&switch_HD=1&platform=DESKTOP,Growth Vision Space (RERA REGISTERED Dealer) | Disha Estate Management Private Limited (Dealer) | Harsh Kansara (RERA REGISTERED Dealer) | Daxesh Patel (RERA REGISTERED Dealer)
426092,Satyagrah The Atlantis 84,Residential,NEW LAUNCH,Ahmedabad North,Zundal,Gujarat,23.137014058832,72.575865730079,"Zundal, Gujarat",382421,6718950,6878925,67.19 - 68.79 L,https://www.99acres.com/exidmicrosite/siteplan_g2c.php?live=2&g2c=1&xid_request=1&code=56493,True,3,The atlantis 84 showcases exceptional architectural style and uniqueness | Premium 3 bhk apartments with spacious layouts and aesthetic interiors | State-of-the-art security features ensure residents' peace of mind | Extensive landscaping creates a lush environment for tranquil living,"Stamp Duty: 5.9 % for Male, 4.9 % for Female, 5.9 % for Joint (Male and Female), 4.9 % For Joint (Female and Female) | Registration Charges: Male Ownership: 1%, Female Ownership: No registration charges,  Joint (Male + Female) Ownership: 1 % ",3,Apartment,866.28,Carpet Area,6718950,True,Sep ‘26 possession,09-2026,https://newprojects.99acres.com/projects/satyagrah_builders/satyagrah_the_atlantis_84/maps/jpydhck_1713963640_488157386.jpg,https://www.99acres.com/exidmicrosite/property_2d3d_xid.php?projectCode=56493&bno=101&blockId=117600&fno=F1_101&measurement=1&jquery=1&compare=1&g2c=1&hide_button=1&switch_HD=1&platform=DESKTOP,Mehul Thakkar (RERA REGISTERED Dealer) | MR VINOD (Dealer) | RAKESH PRAJAPATI (RERA REGISTERED Dealer) | Sharma Bharat Bhushan (Dealer)
426092,Satyagrah The Atlantis 84,Residential,NEW LAUNCH,Ahmedabad North,Zundal,Gujarat,23.137014058832,72.575865730079,"Zundal, Gujarat",382421,6718950,6878925,67.19 - 68.79 L,https://www.99acres.com/exidmicrosite/siteplan_g2c.php?live=2&g2c=1&xid_request=1&code=56493,True,3,The atlantis 84 showcases exceptional architectural style and uniqueness | Premium 3 bhk apartments with spacious layouts and aesthetic interiors | State-of-the-art security features ensure residents' peace of mind | Extensive landscaping creates a lush environment for tranquil living,"Stamp Duty: 5.9 % for Male, 4.9 % for Female, 5.9 % for Joint (Male and Female), 4.9 % For Joint (Female and Female) | Registration Charges: Male Ownership: 1%, Female Ownership: No registration charges,  Joint (Male + Female) Ownership: 1 % ",3,Apartment,874.68,Carpet Area,6878925,True,Sep ‘26 possession,09-2026,https://newprojects.99acres.com/projects/satyagrah_builders/satyagrah_the_atlantis_84/maps/tcbxfix_1713963640_488157384.jpg,https://www.99acres.com/exidmicrosite/property_2d3d_xid.php?projectCode=56493&bno=103&blockId=117600&fno=F1_103&measurement=1&jquery=1&compare=1&g2c=1&hide_button=1&switch_HD=1&platform=DESKTOP,MR VINOD (Dealer) | RAKESH PRAJAPATI (RERA REGISTERED Dealer)
426092,Satyagrah The Atlantis 84,Residential,NEW LAUNCH,Ahmedabad North,Zundal,Gujarat,23.137014058832,72.575865730079,"Zundal, Gujarat",382421,6718950,6878925,67.19 - 68.79 L,https://www.99acres.com/exidmicrosite/siteplan_g2c.php?live=2&g2c=1&xid_request=1&code=56493,True,3,The atlantis 84 showcases exceptional architectural style and uniqueness | Premium 3 bhk apartments with spacious layouts and aesthetic interiors | State-of-the-art security features ensure residents' peace of mind | Extensive landscaping creates a lush environment for tranquil living,"Stamp Duty: 5.9 % for Male, 4.9 % for Female, 5.9 % for Joint (Male and Female), 4.9 % For Joint (Female and Female) | Registration Charges: Male Ownership: 1%, Female Ownership: No registration charges,  Joint (Male + Female) Ownership: 1 % ",3,Apartment,866.82,Carpet Area,0,False,,,https://newprojects.99acres.com/projects/satyagrah_builders/satyagrah_the_atlantis_84/maps/it6pxoa_1713963651_488157428.jpg,https://www.99acres.com/exidmicrosite/property_2d3d_xid.php?projectCode=56493&bno=102&blockId=117600&fno=F1_102&measurement=1&jquery=1&compare=1&g2c=1&hide_button=1&switch_HD=1&platform=DESKTOP,
396846,Divya Heights,Residential,NEW LAUNCH,Ahmedabad North,Vaishnodevi Circle,Gujarat,23.132898,72.546443,"Vaishnodevi Circle , Ahmedabad North",0,15100000,15100000,1.51 Cr,https://www.99acres.com/exidmicrosite/siteplan_g2c.php?live=2&g2c=1&xid_request=1&code=50059,True,3,Double storey club house | Party function area on terrace | Each flat facing garden view | Each flat has personal foyer,"Stamp Duty: 5.9 % for Male, 4.9 % for Female, 5.9 % for Joint (Male and Female), 4.9 % For Joint (Female and Female) | Registration Charges: Male Ownership: 1%, Female Ownership: No registration charges,  Joint (Male + Female) Ownership: 1 % ",3,Apartment,2727.0,Super Built-up Area,15100000,True,Jun ‘26 possession,06-2026,https://newprojects.99acres.com/projects/nishan_group/nishan_divya_heights/maps/j370ignv.jpg,https://www.99acres.com/exidmicrosite/property_2d3d_xid.php?projectCode=50059&bno=101&blockId=102738&fno=F1_101&measurement=1&jquery=1&compare=1&g2c=1&hide_button=1&switch_HD=1&platform=DESKTOP,Jaimin Patel (Builder)
455077,Surendra Anugrah Villas,Residential,NEW LAUNCH,Ahmedabad South,Kasindra,Gujarat,22.901121,72.472335,"Kasindra, Ahmedabad South",382465,0,0,Price on Request,https://www.99acres.com/exidmicrosite/siteplan_g2c.php?live=2&g2c=1&xid_request=1&code=61600,True,"4,5","Located opp to Tajpur Road, offering the best of serene and urban life | Each villa includes a multi-purpose sports court and kids play area | Each villa offers expansive living spaces, ensuring privacy | Get Unit of your choice","Stamp Duty: 5.9 % for Male, 4.9 % for Female, 5.9 % for Joint (Male and Female), 4.9 % For Joint (Female and Female) | Registration Charges: Male Ownership: 1%, Female Ownership: No registration charges,  Joint (Male + Female) Ownership: 1 % ",4,Villa,3474.0,Super Built-up Area,0,False,Dec ‘27 possession,12-2027,https://imagecdn.99acres.com/projects/example/00entan_1760445704_660577253.jpg,https://www.99acres.com/exidmicrosite/property_2d3d_xid.php?projectCode=61600&bno=101&blockId=129595&fno=F1_101&measurement=1&jquery=1&compare=1&g2c=1&hide_button=1&switch_HD=1&platform=DESKTOP,
455077,Surendra Anugrah Villas,Residential,NEW LAUNCH,Ahmedabad South,Kasindra,Gujarat,22.901121,72.472335,"Kasindra, Ahmedabad South",382465,0,0,Price on Request,https://www.99acres.com/exidmicrosite/siteplan_g2c.php?live=2&g2c=1&xid_request=1&code=61600,True,"4,5","Located opp to Tajpur Road, offering the best of serene and urban life | Each villa includes a multi-purpose sports court and kids play area | Each villa offers expansive living spaces, ensuring privacy | Get Unit of your choice","Stamp Duty: 5.9 % for Male, 4.9 % for Female, 5.9 % for Joint (Male and Female), 4.9 % For Joint (Female and Female) | Registration Charges: Male Ownership: 1%, Female Ownership: No registration charges,  Joint (Male + Female) Ownership: 1 % ",5,Villa,4374.0,Super Built-up Area,0,False,Dec ‘27 possession,12-2027,https://imagecdn.99acres.com/projects/example/x7zj8zy_1760445717_660577337.jpg,https://www.99acres.com/exidmicrosite/property_2d3d_xid.php?projectCode=61600&bno=102&blockId=129595&fno=F1_102&measurement=1&jquery=1&compare=1&g2c=1&hide_button=1&switch_HD=1&platform=DESKTOP,
414403,Aarohi Avinya,Residential,NEW LAUNCH,Ahmedabad West,Satellite,Gujarat,23.020092739361,72.515168967141,"Jodhpur, Ahmedabad West",380015,18408000,19266000,1.84 - 1.93 Cr,,True,3,"70% open spaces for leisure, wellness, and connection | Prestigious location with seamless urban–nature harmony | Lush landscaped gardens for tranquil everyday living | Spacious interiors with large windows and city views","Stamp Duty: 5.9 % for Male, 4.9 % for Female, 5.9 % for Joint (Male and Female), 4.9 % For Joint (Female and Female) | Registration Charges: Male Ownership: 1%, Female Ownership: No registration charges,  Joint (Male + Female) Ownership: 1 % ",3,Apartment,2360.0,Super Built-up Area,18408000,True,Dec ‘28 possession,12-2028,https://newprojects.99acres.com/projects/siddhi_developers/aarohi_avinya/maps/9q1y2ql_1720001094_502149703.jpg,,Tanishqua Reality (RERA REGISTERED Dealer)
414403,Aarohi Avinya,Residential,NEW LAUNCH,Ahmedabad West,Satellite,Gujarat,23.020092739361,72.515168967141,"Jodhpur, Ahmedabad West",380015,18408000,19266000,1.84 - 1.93 Cr,,True,3,"70% open spaces for leisure, wellness, and connection | Prestigious location with seamless urban–nature harmony | Lush landscaped gardens for tranquil everyday living | Spacious interiors with large windows and city views","Stamp Duty: 5.9 % for Male, 4.9 % for Female, 5.9 % for Joint (Male and Female), 4.9 % For Joint (Female and Female) | Registration Charges: Male Ownership: 1%, Female Ownership: No registration charges,  Joint (Male + Female) Ownership: 1 % ",3,Apartment,2400.0,Super Built-up Area,18720000,True,Dec ‘28 possession,12-2028,https://newprojects.99acres.com/projects/siddhi_developers/aarohi_avinya/maps/28jtfg8_1720001094_502149705.jpg,,Tanishqua Reality (RERA REGISTERED Dealer)
414403,Aarohi Avinya,Residential,NEW LAUNCH,Ahmedabad West,Satellite,Gujarat,23.020092739361,72.515168967141,"Jodhpur, Ahmedabad West",380015,18408000,19266000,1.84 - 1.93 Cr,,True,3,"70% open spaces for leisure, wellness, and connection | Prestigious location with seamless urban–nature harmony | Lush landscaped gardens for tranquil everyday living | Spacious interiors with large windows and city views","Stamp Duty: 5.9 % for Male, 4.9 % for Female, 5.9 % for Joint (Male and Female), 4.9 % For Joint (Female and Female) | Registration Charges: Male Ownership: 1%, Female Ownership: No registration charges,  Joint (Male + Female) Ownership: 1 % ",3,Apartment,2425.0,Super Built-up Area,18915000,True,Dec ‘28 possession,12-2028,https://newprojects.99acres.com/projects/siddhi_developers/aarohi_avinya/maps/ulcz3vk_1720001094_502149699.jpg,,Siddhi Infralink Private limited (Builder) | Tanishqua Reality (RERA REGISTERED Dealer)
414403,Aarohi Avinya,Residential,NEW LAUNCH,Ahmedabad West,Satellite,Gujarat,23.020092739361,72.515168967141,"Jodhpur, Ahmedabad West",380015,18408000,19266000,1.84 - 1.93 Cr,,True,3,"70% open spaces for leisure, wellness, and connection | Prestigious location with seamless urban–nature harmony | Lush landscaped gardens for tranquil everyday living | Spacious interiors with large windows and city views","Stamp Duty: 5.9 % for Male, 4.9 % for Female, 5.9 % for Joint (Male and Female), 4.9 % For Joint (Female and Female) | Registration Charges: Male Ownership: 1%, Female Ownership: No registration charges,  Joint (Male + Female) Ownership: 1 % ",3,Apartment,2470.0,Super Built-up Area,19266000,True,Dec ‘28 possession,12-2028,https://newprojects.99acres.com/projects/siddhi_developers/aarohi_avinya/maps/x9ezeyn_1720001105_502149763.jpg,,Tanishqua Reality (RERA REGISTERED Dealer)
406898,Highline by AG Group,Residential,NEW LAUNCH,Ahmedabad West,Sola,Gujarat,23.09594309762,72.528014231255,"Gokul Road, S.G Highway, Gota, Ahmedabad - 382481",0,15500000,50896149,1.55 - 5.09 Cr,https://www.99acres.com/exidmicrosite/siteplan_g2c.php?live=2&g2c=1&xid_request=1&code=52572,True,"3,4","Luxurious three bedrooms and four bathroom units with minimum space wastage, having a customizable payment plan | Gujarat's  largest and iconic project with multiple usage of building | IGBC Gold certified building & 100 ft. minimum distance between each tower & 4 road corner plot | Design by international architect and construction by Rivera Infra Projects Pvt. Ltd.","Stamp Duty: 5.9 % for Male, 4.9 % for Female, 5.9 % for Joint (Male and Female), 4.9 % For Joint (Female and Female) | Registration Charges: Male Ownership: 1%, Female Ownership: No registration charges,  Joint (Male + Female) Ownership: 1 % ",3,Apartment,2700.0,Super Built-up Area,15500000,True,Dec ‘26 possession,12-2026,,https://www.99acres.com/exidmicrosite/property_2d3d_xid.php?projectCode=52572&bno=101&blockId=109192&fno=F1_101&measurement=1&jquery=1&compare=1&g2c=1&hide_button=1&switch_HD=1&platform=DESKTOP,AG GROUP (Builder) | MID FLOOR LLP (RERA REGISTERED Dealer) | Omprakash Tripathi (RERA REGISTERED Dealer) | Daksh Realtors (Dealer)
406898,Highline by AG Group,Residential,NEW LAUNCH,Ahmedabad West,Sola,Gujarat,23.09594309762,72.528014231255,"Gokul Road, S.G Highway, Gota, Ahmedabad - 382481",0,15500000,50896149,1.55 - 5.09 Cr,https://www.99acres.com/exidmicrosite/siteplan_g2c.php?live=2&g2c=1&xid_request=1&code=52572,True,"3,4","Luxurious three bedrooms and four bathroom units with minimum space wastage, having a customizable payment plan | Gujarat's  largest and iconic project with multiple usage of building | IGBC Gold certified building & 100 ft. minimum distance between each tower & 4 road corner plot | Design by international architect and construction by Rivera Infra Projects Pvt. Ltd.","Stamp Duty: 5.9 % for Male, 4.9 % for Female, 5.9 % for Joint (Male and Female), 4.9 % For Joint (Female and Female) | Registration Charges: Male Ownership: 1%, Female Ownership: No registration charges,  Joint (Male + Female) Ownership: 1 % ",4,Apartment,2701.0,Super Built-up Area,25500000,True,Dec ‘26 possession,12-2026,https://imagecdn.99acres.com/projects/example/dkqcmgk_1724153464_513026139.jpg,https://www.99acres.com/exidmicrosite/property_2d3d_xid.php?projectCode=52572&bno=106&blockId=109192&fno=F1_106&measurement=1&jquery=1&compare=1&g2c=1&hide_button=1&switch_HD=1&platform=DESKTOP,AG GROUP (Builder) | MID FLOOR LLP (RERA REGISTERED Dealer) | Omprakash Tripathi (RERA REGISTERED Dealer) | AV REALTY (Dealer) | Daksh Realtors (Dealer)
406898,Highline by AG Group,Residential,NEW LAUNCH,Ahmedabad West,Sola,Gujarat,23.09594309762,72.528014231255,"Gokul Road, S.G Highway, Gota, Ahmedabad - 382481",0,15500000,50896149,1.55 - 5.09 Cr,https://www.99acres.com/exidmicrosite/siteplan_g2c.php?live=2&g2c=1&xid_request=1&code=52572,True,"3,4","Luxurious three bedrooms and four bathroom units with minimum space wastage, having a customizable payment plan | Gujarat's  largest and iconic project with multiple usage of building | IGBC Gold certified building & 100 ft. minimum distance between each tower & 4 road corner plot | Design by international architect and construction by Rivera Infra Projects Pvt. Ltd.","Stamp Duty: 5.9 % for Male, 4.9 % for Female, 5.9 % for Joint (Male and Female), 4.9 % For Joint (Female and Female) | Registration Charges: Male Ownership: 1%, Female Ownership: No registration charges,  Joint (Male + Female) Ownership: 1 % ",4,Apartment,3800.0,Super Built-up Area,35875601,True,Dec ‘26 possession,12-2026,https://imagecdn.99acres.com/projects/example/oddkx9r_1724153193_513024841.jpg,https://www.99acres.com/exidmicrosite/property_2d3d_xid.php?projectCode=52572&bno=105&blockId=109192&fno=F1_105&measurement=1&jquery=1&compare=1&g2c=1&hide_button=1&switch_HD=1&platform=DESKTOP,AV REALTY (Dealer) | Daksh Realtors (Dealer)
406898,Highline by AG Group,Residential,NEW LAUNCH,Ahmedabad West,Sola,Gujarat,23.09594309762,72.528014231255,"Gokul Road, S.G Highway, Gota, Ahmedabad - 382481",0,15500000,50896149,1.55 - 5.09 Cr,https://www.99acres.com/exidmicrosite/siteplan_g2c.php?live=2&g2c=1&xid_request=1&code=52572,True,"3,4","Luxurious three bedrooms and four bathroom units with minimum space wastage, having a customizable payment plan | Gujarat's  largest and iconic project with multiple usage of building | IGBC Gold certified building & 100 ft. minimum distance between each tower & 4 road corner plot | Design by international architect and construction by Rivera Infra Projects Pvt. Ltd.","Stamp Duty: 5.9 % for Male, 4.9 % for Female, 5.9 % for Joint (Male and Female), 4.9 % For Joint (Female and Female) | Registration Charges: Male Ownership: 1%, Female Ownership: No registration charges,  Joint (Male + Female) Ownership: 1 % ",4,Apartment,5391.0,Super Built-up Area,50896149,True,Dec ‘26 possession,12-2026,https://imagecdn.99acres.com/projects/example/kqirlr2_1756452055_640096327.jpg,,MID FLOOR LLP (RERA REGISTERED Dealer) | AV REALTY (Dealer) | Daksh Realtors (Dealer)
436196,Madhuban Kadamb,Residential,NEW LAUNCH,Ahmedabad West,Sarkhej,Gujarat,22.972419490372914,72.49181639730922,"Sarkhej Okaf, Ahmedabad",382210,4052800,5550000,40.53 - 55.5 L,https://www.99acres.com/exidmicrosite/siteplan_g2c.php?live=2&g2c=1&xid_request=1&code=59234,True,"2,3",Provides EV-charging station and parking with car wash area | 30+ Meticulously designed lavish amenities  | Two fully automatic lifts per block | Provides a reading room and library,"Stamp Duty: 5.9 % for Male, 4.9 % for Female, 5.9 % for Joint (Male and Female), 4.9 % For Joint (Female and Female) | Registration Charges: Male Ownership: 1%, Female Ownership: No registration charges,  Joint (Male + Female) Ownership: 1 % ",2,Apartment,1156.0,Super Built-up Area,4052800,True,Mar ‘28 possession,03-2028,https://imagecdn.99acres.com/projects/example/vrmivk1_1740377087_572127931.jpg,https://www.99acres.com/exidmicrosite/property_2d3d_xid.php?projectCode=59234&bno=101&blockId=123862&fno=F1_101&measurement=1&jquery=1&compare=1&g2c=1&hide_button=1&switch_HD=1&platform=DESKTOP,R J PARIKH DEVELOPERS LLP (Builder)
436196,Madhuban Kadamb,Residential,NEW LAUNCH,Ahmedabad West,Sarkhej,Gujarat,22.972419490372914,72.49181639730922,"Sarkhej Okaf, Ahmedabad",382210,4052800,5550000,40.53 - 55.5 L,https://www.99acres.com/exidmicrosite/siteplan_g2c.php?live=2&g2c=1&xid_request=1&code=59234,True,"2,3",Provides EV-charging station and parking with car wash area | 30+ Meticulously designed lavish amenities  | Two fully automatic lifts per block | Provides a reading room and library,"Stamp Duty: 5.9 % for Male, 4.9 % for Female, 5.9 % for Joint (Male and Female), 4.9 % For Joint (Female and Female) | Registration Charges: Male Ownership: 1%, Female Ownership: No registration charges,  Joint (Male + Female) Ownership: 1 % ",2,Apartment,531.0,Carpet Area,0,False,,,https://imagecdn.99acres.com/projects/example/oj55tlh_1745383971_589183441.jpg,,
436196,Madhuban Kadamb,Residential,NEW LAUNCH,Ahmedabad West,Sarkhej,Gujarat,22.972419490372914,72.49181639730922,"Sarkhej Okaf, Ahmedabad",382210,4052800,5550000,40.53 - 55.5 L,https://www.99acres.com/exidmicrosite/siteplan_g2c.php?live=2&g2c=1&xid_request=1&code=59234,True,"2,3",Provides EV-charging station and parking with car wash area | 30+ Meticulously designed lavish amenities  | Two fully automatic lifts per block | Provides a reading room and library,"Stamp Duty: 5.9 % for Male, 4.9 % for Female, 5.9 % for Joint (Male and Female), 4.9 % For Joint (Female and Female) | Registration Charges: Male Ownership: 1%, Female Ownership: No registration charges,  Joint (Male + Female) Ownership: 1 % ",2,Apartment,590.0,Carpet Area,0,False,,,https://imagecdn.99acres.com/projects/example/e6c3xqf_1745383867_589182903.jpg,,
436196,Madhuban Kadamb,Residential,NEW LAUNCH,Ahmedabad West,Sarkhej,Gujarat,22.972419490372914,72.49181639730922,"Sarkhej Okaf, Ahmedabad",382210,4052800,5550000,40.53 - 55.5 L,https://www.99acres.com/exidmicrosite/siteplan_g2c.php?live=2&g2c=1&xid_request=1&code=59234,True,"2,3",Provides EV-charging station and parking with car wash area | 30+ Meticulously designed lavish amenities  | Two fully automatic lifts per block | Provides a reading room and library,"Stamp Duty: 5.9 % for Male, 4.9 % for Female, 5.9 % for Joint (Male and Female), 4.9 % For Joint (Female and Female) | Registration Charges: Male Ownership: 1%, Female Ownership: No registration charges,  Joint (Male + Female) Ownership: 1 % ",2,Apartment,740.0,Carpet Area,0,False,,,https://imagecdn.99acres.com/projects/example/rnyub37_1745384075_589183941.jpg,,
436196,Madhuban Kadamb,Residential,NEW LAUNCH,Ahmedabad West,Sarkhej,Gujarat,22.972419490372914,72.49181639730922,"Sarkhej Okaf, Ahmedabad",382210,4052800,5550000,40.53 - 55.5 L,https://www.99acres.com/exidmicrosite/siteplan_g2c.php?live=2&g2c=1&xid_request=1&code=59234,True,"2,3",Provides EV-charging station and parking with car wash area | 30+ Meticulously designed lavish amenities  | Two fully automatic lifts per block | Provides a reading room and library,"Stamp Duty: 5.9 % for Male, 4.9 % for Female, 5.9 % for Joint (Male and Female), 4.9 % For Joint (Female and Female) | Registration Charges: Male Ownership: 1%, Female Ownership: No registration charges,  Joint (Male + Female) Ownership: 1 % ",3,Apartment,1500.0,Super Built-up Area,5550000,True,Mar ‘28 possession,03-2028,https://imagecdn.99acres.com/projects/example/h6scfge_1740377120_572128075.jpg,https://www.99acres.com/exidmicrosite/property_2d3d_xid.php?projectCode=59234&bno=102&blockId=123862&fno=F1_102&measurement=1&jquery=1&compare=1&g2c=1&hide_button=1&switch_HD=1&platform=DESKTOP,R J PARIKH DEVELOPERS LLP (Builder)
455886,Ekayan,Residential,NEW LAUNCH,Ahmedabad North,Zundal,Gujarat,23.136365,72.579363,"EKAYAN, Plot No. 90/3, Zundal, Gandhinagar",382421,9380500,10402500,93.81 L - 1.04 Cr,https://www.99acres.com/exidmicrosite/siteplan_g2c.php?live=2&g2c=1&xid_request=1&code=62177,True,3,Purely residential project | Biggest 3-master BHK layout with 4 washrooms | Largest balcony in this segment | Podium-level living experience,"Stamp Duty: 5.9 % for Male, 4.9 % for Female, 5.9 % for Joint (Male and Female), 4.9 % For Joint (Female and Female) | Registration Charges: Male Ownership: 1%, Female Ownership: No registration charges,  Joint (Male + Female) Ownership: 1 % ",3,Apartment,2313.0,Super Built-up Area,9380500,True,Jun ‘28 possession,06-2028,https://imagecdn.99acres.com/projects/example/pwyozni_1764316518_678941653.jpg,https://www.99acres.com/exidmicrosite/property_2d3d_xid.php?projectCode=62177&bno=101&blockId=130667&fno=F1_101&measurement=1&jquery=1&compare=1&g2c=1&hide_button=1&switch_HD=1&platform=DESKTOP,B R INFRACON (Builder)
455886,Ekayan,Residential,NEW LAUNCH,Ahmedabad North,Zundal,Gujarat,23.136365,72.579363,"EKAYAN, Plot No. 90/3, Zundal, Gandhinagar",382421,9380500,10402500,93.81 L - 1.04 Cr,https://www.99acres.com/exidmicrosite/siteplan_g2c.php?live=2&g2c=1&xid_request=1&code=62177,True,3,Purely residential project | Biggest 3-master BHK layout with 4 washrooms | Largest balcony in this segment | Podium-level living experience,"Stamp Duty: 5.9 % for Male, 4.9 % for Female, 5.9 % for Joint (Male and Female), 4.9 % For Joint (Female and Female) | Registration Charges: Male Ownership: 1%, Female Ownership: No registration charges,  Joint (Male + Female) Ownership: 1 % ",3,Apartment,2367.0,Super Built-up Area,9599500,True,Jun ‘28 possession,06-2028,https://imagecdn.99acres.com/projects/example/a5fbmsk_1764316543_678941887.jpg,https://www.99acres.com/exidmicrosite/property_2d3d_xid.php?projectCode=62177&bno=102&blockId=130667&fno=F1_102&measurement=1&jquery=1&compare=1&g2c=1&hide_button=1&switch_HD=1&platform=DESKTOP,B R INFRACON (Builder)
455886,Ekayan,Residential,NEW LAUNCH,Ahmedabad North,Zundal,Gujarat,23.136365,72.579363,"EKAYAN, Plot No. 90/3, Zundal, Gandhinagar",382421,9380500,10402500,93.81 L - 1.04 Cr,https://www.99acres.com/exidmicrosite/siteplan_g2c.php?live=2&g2c=1&xid_request=1&code=62177,True,3,Purely residential project | Biggest 3-master BHK layout with 4 washrooms | Largest balcony in this segment | Podium-level living experience,"Stamp Duty: 5.9 % for Male, 4.9 % for Female, 5.9 % for Joint (Male and Female), 4.9 % For Joint (Female and Female) | Registration Charges: Male Ownership: 1%, Female Ownership: No registration charges,  Joint (Male + Female) Ownership: 1 % ",3,Apartment,2385.0,Super Built-up Area,9672500,True,Jun ‘28 possession,06-2028,https://imagecdn.99acres.com/projects/example/et1pmgz_1764316474_678941169.jpg,https://www.99acres.com/exidmicrosite/property_2d3d_xid.php?projectCode=62177&bno=103&blockId=130667&fno=F1_103&measurement=1&jquery=1&compare=1&g2c=1&hide_button=1&switch_HD=1&platform=DESKTOP,B R INFRACON (Builder)
455886,Ekayan,Residential,NEW LAUNCH,Ahmedabad North,Zundal,Gujarat,23.136365,72.579363,"EKAYAN, Plot No. 90/3, Zundal, Gandhinagar",382421,9380500,10402500,93.81 L - 1.04 Cr,https://www.99acres.com/exidmicrosite/siteplan_g2c.php?live=2&g2c=1&xid_request=1&code=62177,True,3,Purely residential project | Biggest 3-master BHK layout with 4 washrooms | Largest balcony in this segment | Podium-level living experience,"Stamp Duty: 5.9 % for Male, 4.9 % for Female, 5.9 % for Joint (Male and Female), 4.9 % For Joint (Female and Female) | Registration Charges: Male Ownership: 1%, Female Ownership: No registration charges,  Joint (Male + Female) Ownership: 1 % ",3,Apartment,2529.0,Super Built-up Area,10256500,True,Jun ‘28 possession,06-2028,https://imagecdn.99acres.com/projects/example/oyg1uoh_1764316594_678942305.jpg,https://www.99acres.com/exidmicrosite/property_2d3d_xid.php?projectCode=62177&bno=104&blockId=130667&fno=F1_104&measurement=1&jquery=1&compare=1&g2c=1&hide_button=1&switch_HD=1&platform=DESKTOP,B R INFRACON (Builder)
455886,Ekayan,Residential,NEW LAUNCH,Ahmedabad North,Zundal,Gujarat,23.136365,72.579363,"EKAYAN, Plot No. 90/3, Zundal, Gandhinagar",382421,9380500,10402500,93.81 L - 1.04 Cr,https://www.99acres.com/exidmicrosite/siteplan_g2c.php?live=2&g2c=1&xid_request=1&code=62177,True,3,Purely residential project | Biggest 3-master BHK layout with 4 washrooms | Largest balcony in this segment | Podium-level living experience,"Stamp Duty: 5.9 % for Male, 4.9 % for Female, 5.9 % for Joint (Male and Female), 4.9 % For Joint (Female and Female) | Registration Charges: Male Ownership: 1%, Female Ownership: No registration charges,  Joint (Male + Female) Ownership: 1 % ",3,Apartment,2565.0,Super Built-up Area,10402500,True,Jun ‘28 possession,06-2028,https://imagecdn.99acres.com/projects/example/tcjw1jl_1764316569_678942107.jpg,https://www.99acres.com/exidmicrosite/property_2d3d_xid.php?projectCode=62177&bno=105&blockId=130667&fno=F1_105&measurement=1&jquery=1&compare=1&g2c=1&hide_button=1&switch_HD=1&platform=DESKTOP,B R INFRACON (Builder)
441826,The One,Residential,NEW LAUNCH,Ahmedabad West,Satellite,Gujarat,23.01623,72.52653,"Nr. M.G Farm & Party Plot,Bileshwar Mahadev Road,Jodhpur,Satellite,Ahmedabad",380015,28800000,45120000,2.88 - 4.51 Cr,https://www.99acres.com/exidmicrosite/siteplan_g2c.php?live=2&g2c=1&xid_request=1&code=60032,True,4,"3-side open spaces with expansive views
 | Spacious penthouses, featuring 770 sq. ft. terraces
 | Large balconies with private foyers for enhanced privacy
 | 30,000 sq ft clubhouse with gym, squash, and indoor games
","Stamp Duty: 5.9 % for Male, 4.9 % for Female, 5.9 % for Joint (Male and Female), 4.9 % For Joint (Female and Female) | Registration Charges: Male Ownership: 1%, Female Ownership: No registration charges,  Joint (Male + Female) Ownership: 1 % ",4,Apartment,3615.0,Super Built-up Area,28920000,True,Dec ‘30 possession,12-2030,https://imagecdn.99acres.com/projects/example/tltrq8p_1757311987_644096129.jpg,https://www.99acres.com/exidmicrosite/property_2d3d_xid.php?projectCode=60032&bno=101&blockId=126435&fno=F1_101&measurement=1&jquery=1&compare=1&g2c=1&hide_button=1&switch_HD=1&platform=DESKTOP,aaryan group (Builder) | Kayra Property Solutions (Dealer) | V A Real Estate (Dealer) | TORAL C PANDYA (RERA REGISTERED Dealer)
441826,The One,Residential,NEW LAUNCH,Ahmedabad West,Satellite,Gujarat,23.01623,72.52653,"Nr. M.G Farm & Party Plot,Bileshwar Mahadev Road,Jodhpur,Satellite,Ahmedabad",380015,28800000,45120000,2.88 - 4.51 Cr,https://www.99acres.com/exidmicrosite/siteplan_g2c.php?live=2&g2c=1&xid_request=1&code=60032,True,4,"3-side open spaces with expansive views
 | Spacious penthouses, featuring 770 sq. ft. terraces
 | Large balconies with private foyers for enhanced privacy
 | 30,000 sq ft clubhouse with gym, squash, and indoor games
","Stamp Duty: 5.9 % for Male, 4.9 % for Female, 5.9 % for Joint (Male and Female), 4.9 % For Joint (Female and Female) | Registration Charges: Male Ownership: 1%, Female Ownership: No registration charges,  Joint (Male + Female) Ownership: 1 % ",4,Apartment,3640.0,Super Built-up Area,29120000,True,Dec ‘30 possession,12-2030,https://imagecdn.99acres.com/projects/example/rfqavrd_1757311898_644095273.jpg,https://www.99acres.com/exidmicrosite/property_2d3d_xid.php?projectCode=60032&bno=102&blockId=126435&fno=F1_102&measurement=1&jquery=1&compare=1&g2c=1&hide_button=1&switch_HD=1&platform=DESKTOP,aaryan group (Builder) | Kayra Property Solutions (Dealer) | V A Real Estate (Dealer) | TORAL C PANDYA (RERA REGISTERED Dealer)
441826,The One,Residential,NEW LAUNCH,Ahmedabad West,Satellite,Gujarat,23.01623,72.52653,"Nr. M.G Farm & Party Plot,Bileshwar Mahadev Road,Jodhpur,Satellite,Ahmedabad",380015,28800000,45120000,2.88 - 4.51 Cr,https://www.99acres.com/exidmicrosite/siteplan_g2c.php?live=2&g2c=1&xid_request=1&code=60032,True,4,"3-side open spaces with expansive views
 | Spacious penthouses, featuring 770 sq. ft. terraces
 | Large balconies with private foyers for enhanced privacy
 | 30,000 sq ft clubhouse with gym, squash, and indoor games
","Stamp Duty: 5.9 % for Male, 4.9 % for Female, 5.9 % for Joint (Male and Female), 4.9 % For Joint (Female and Female) | Registration Charges: Male Ownership: 1%, Female Ownership: No registration charges,  Joint (Male + Female) Ownership: 1 % ",4,Apartment,5010.0,Super Built-up Area,40080000,True,Dec ‘30 possession,12-2030,https://imagecdn.99acres.com/projects/example/2n3rpz0_1746004365_591474799.jpg,https://www.99acres.com/exidmicrosite/property_2d3d_xid.php?projectCode=60032&bno=103&blockId=126435&fno=F1_103&measurement=1&jquery=1&compare=1&g2c=1&hide_button=1&switch_HD=1&platform=DESKTOP,aaryan group (Builder) | Kayra Property Solutions (Dealer) | V A Real Estate (Dealer) | TORAL C PANDYA (RERA REGISTERED Dealer)
441826,The One,Residential,NEW LAUNCH,Ahmedabad West,Satellite,Gujarat,23.01623,72.52653,"Nr. M.G Farm & Party Plot,Bileshwar Mahadev Road,Jodhpur,Satellite,Ahmedabad",380015,28800000,45120000,2.88 - 4.51 Cr,https://www.99acres.com/exidmicrosite/siteplan_g2c.php?live=2&g2c=1&xid_request=1&code=60032,True,4,"3-side open spaces with expansive views
 | Spacious penthouses, featuring 770 sq. ft. terraces
 | Large balconies with private foyers for enhanced privacy
 | 30,000 sq ft clubhouse with gym, squash, and indoor games
","Stamp Duty: 5.9 % for Male, 4.9 % for Female, 5.9 % for Joint (Male and Female), 4.9 % For Joint (Female and Female) | Registration Charges: Male Ownership: 1%, Female Ownership: No registration charges,  Joint (Male + Female) Ownership: 1 % ",4,Apartment,5600.0,Super Built-up Area,44800000,True,Dec ‘30 possession,12-2030,https://imagecdn.99acres.com/projects/example/ftjgahl_1746004403_591475051.jpg,https://www.99acres.com/exidmicrosite/property_2d3d_xid.php?projectCode=60032&bno=104&blockId=126435&fno=F1_104&measurement=1&jquery=1&compare=1&g2c=1&hide_button=1&switch_HD=1&platform=DESKTOP,aaryan group (Builder) | Lifestyle Realty Solutions (RERA REGISTERED Dealer) | Kayra Property Solutions (Dealer) | V A Real Estate (Dealer) | TORAL C PANDYA (RERA REGISTERED Dealer)
441826,The One,Residential,NEW LAUNCH,Ahmedabad West,Satellite,Gujarat,23.01623,72.52653,"Nr. M.G Farm & Party Plot,Bileshwar Mahadev Road,Jodhpur,Satellite,Ahmedabad",380015,28800000,45120000,2.88 - 4.51 Cr,https://www.99acres.com/exidmicrosite/siteplan_g2c.php?live=2&g2c=1&xid_request=1&code=60032,True,4,"3-side open spaces with expansive views
 | Spacious penthouses, featuring 770 sq. ft. terraces
 | Large balconies with private foyers for enhanced privacy
 | 30,000 sq ft clubhouse with gym, squash, and indoor games
","Stamp Duty: 5.9 % for Male, 4.9 % for Female, 5.9 % for Joint (Male and Female), 4.9 % For Joint (Female and Female) | Registration Charges: Male Ownership: 1%, Female Ownership: No registration charges,  Joint (Male + Female) Ownership: 1 % ",4,Apartment,5640.0,Super Built-up Area,45120000,True,Dec ‘30 possession,12-2030,https://imagecdn.99acres.com/projects/example/2iyl34o_1746004431_591475165.jpg,https://www.99acres.com/exidmicrosite/property_2d3d_xid.php?projectCode=60032&bno=105&blockId=126435&fno=F1_105&measurement=1&jquery=1&compare=1&g2c=1&hide_button=1&switch_HD=1&platform=DESKTOP,aaryan group (Builder) | Lifestyle Realty Solutions (RERA REGISTERED Dealer) | Kayra Property Solutions (Dealer) | V A Real Estate (Dealer) | TORAL C PANDYA (RERA REGISTERED Dealer)
441826,The One,Residential,NEW LAUNCH,Ahmedabad West,Satellite,Gujarat,23.01623,72.52653,"Nr. M.G Farm & Party Plot,Bileshwar Mahadev Road,Jodhpur,Satellite,Ahmedabad",380015,28800000,45120000,2.88 - 4.51 Cr,https://www.99acres.com/exidmicrosite/siteplan_g2c.php?live=2&g2c=1&xid_request=1&code=60032,True,4,"3-side open spaces with expansive views
 | Spacious penthouses, featuring 770 sq. ft. terraces
 | Large balconies with private foyers for enhanced privacy
 | 30,000 sq ft clubhouse with gym, squash, and indoor games
","Stamp Duty: 5.9 % for Male, 4.9 % for Female, 5.9 % for Joint (Male and Female), 4.9 % For Joint (Female and Female) | Registration Charges: Male Ownership: 1%, Female Ownership: No registration charges,  Joint (Male + Female) Ownership: 1 % ",4,Apartment,3600.0,Super Built-up Area,28800000,True,Dec ‘30 possession,12-2030,,,aaryan group (Builder) | Lifestyle Realty Solutions (RERA REGISTERED Dealer) | Kayra Property Solutions (Dealer) | V A Real Estate (Dealer) | TORAL C PANDYA (RERA REGISTERED Dealer)
