project_id,project_name,project_type,launch_status,city,locality,state,latitude,longitude,address,postal_code,price_min,price_max,price_label,site_plan_url,has_rera_disclaimer,available_bhk_types,highlights,government_charges,bhk,property_type,area_sqft,area_type,price,price_authentic,possession,possession_raw,floorplan_2d_url,floorplan_3d_url,sellers
429129,MBA Om Elegance,Residential,NEW LAUNCH,Ahmedabad North,Zundal,Gujarat,23.138075,72.579853,"Zundal, Ahmedabad North",382421,8500000,8500000,85 L,https://www.99acres.com/exidmicrosite/siteplan_g2c.php?live=2&g2c=1&xid_request=1&code=58982,True,3,"Seating Balcony in all 3 Bedrooms, first time in Zundal | Solar PV Installations on terrace for sustainable energy | Spacious 106 residential units ensuring exclusivity and low density | Fully developed terrace with huge amenities & heat reflection tiles","Stamp Duty: 5.9 % for Male, 4.9 % for Female, 5.9 % for Joint (Male and Female), 4.9 % For Joint (Female and Female) | Registration Charges: Male Ownership: 1%, Female Ownership: No registration charges,  Joint (Male + Female) Ownership: 1 % ",3,Apartment,865.53,Carpet Area,8500000,True,Dec ‘28 possession,12-2028,https://imagecdn.99acres.com/projects/example/hlbqobx_1738309053_565737093.jpg,https://www.99acres.com/exidmicrosite/property_2d3d_xid.php?projectCode=58982&bno=101&blockId=123190&fno=F1_101&measurement=1&jquery=1&compare=1&g2c=1&hide_button=1&switch_HD=1&platform=DESKTOP,MR VINOD (Dealer) | Vijay Desai (Dealer) | Kintu Shah (Dealer)
429129,MBA Om Elegance,Residential,NEW LAUNCH,Ahmedabad North,Zundal,Gujarat,23.138075,72.579853,"Zundal, Ahmedabad North",382421,8500000,8500000,85 L,https://www.99acres.com/exidmicrosite/siteplan_g2c.php?live=2&g2c=1&xid_request=1&code=58982,True,3,"Seating Balcony in all 3 Bedrooms, first time in Zundal | Solar PV Installations on terrace for sustainable energy | Spacious 106 residential units ensuring exclusivity and low density | Fully developed terrace with huge amenities & heat reflection tiles","Stamp Duty: 5.9 % for Male, 4.9 % for Female, 5.9 % for Joint (Male and Female), 4.9 % For Joint (Female and Female) | Registration Charges: Male Ownership: 1%, Female Ownership: No registration charges,  Joint (Male + Female) Ownership: 1 % ",3,Apartment,870.48,Carpet Area,0,False,Dec ‘28 possession,12-2028,https://imagecdn.99acres.com/projects/example/tqdlsyo_1738309163_565738017.jpg,https://www.99acres.com/exidmicrosite/property_2d3d_xid.php?projectCode=58982&bno=102&blockId=123190&fno=F1_102&measurement=1&jquery=1&compare=1&g2c=1&hide_button=1&switch_HD=1&platform=DESKTOP,
404274,HR Eliseo,Residential,NEW LAUNCH,Ahmedabad West,Shela,Gujarat,23.005887,72.451612,"Shela, Ahmedabad West",382465,14124986,26058194,1.41 - 2.61 Cr,https://www.99acres.com/exidmicrosite/siteplan_g2c.php?live=2&g2c=1&xid_request=1&code=52239,True,4,Well-designed units with ample space and lighting | Prime location on a 2-road corner for accessibility and visibility | Each tower has 3 lifts for smooth vertical movement | 11.11% price appreciation in the last 1 year,"Stamp Duty: 5.9 % for Male, 4.9 % for Female, 5.9 % for Joint (Male and Female), 4.9 % For Joint (Female and Female) | Registration Charges: Male Ownership: 1%, Female Ownership: No registration charges,  Joint (Male + Female) Ownership: 1 % ",4,Apartment,1409.96,Carpet Area,14124986,True,Oct ‘26 possession,10-2026,https://newprojects.99acres.com/projects/hr_spacecon_llp/hr_eliseo/maps/c9kj3hf1.jpg,https://www.99acres.com/exidmicrosite/property_2d3d_xid.php?projectCode=52239&bno=101&blockId=108506&fno=F1_101&measurement=1&jquery=1&compare=1&g2c=1&hide_button=1&switch_HD=1&platform=DESKTOP,Proptiger Marketing Services Pvt Ltd (Dealer) | Daksh Realtors (Dealer)
404274,HR Eliseo,Residential,NEW LAUNCH,Ahmedabad West,Shela,Gujarat,23.005887,72.451612,"Shela, Ahmedabad West",382465,14124986,26058194,1.41 - 2.61 Cr,https://www.99acres.com/exidmicrosite/siteplan_g2c.php?live=2&g2c=1&xid_request=1&code=52239,True,4,Well-designed units with ample space and lighting | Prime location on a 2-road corner for accessibility and visibility | Each tower has 3 lifts for smooth vertical movement | 11.11% price appreciation in the last 1 year,"Stamp Duty: 5.9 % for Male, 4.9 % for Female, 5.9 % for Joint (Male and Female), 4.9 % For Joint (Female and Female) | Registration Charges: Male Ownership: 1%, Female Ownership: No registration charges,  Joint (Male + Female) Ownership: 1 % ",4,Apartment,2740.17,Carpet Area,26058194,True,Oct ‘26 possession,10-2026,https://imagecdn.99acres.com/projects/example/fbgqwzq_1752730781_620047009.jpg,,Proptiger Marketing Services Pvt Ltd (Dealer) | Daksh Realtors (Dealer)
399881,D R Praharsh Bluebell,Residential,NEW LAUNCH,Ahmedabad West,South Bopal,Gujarat,23.01176332590665,72.46639095826298,"South Bopal, Ahmedabad West",380058,8803544,8821248,88.04 - 88.21 L,https://www.99acres.com/exidmicrosite/siteplan_g2c.php?live=2&g2c=1&xid_request=1&code=52432,True,3,"22-story building, tallest in the area on VIP Road | 5000 sq. ft. green open space on the ground floor | 150 ft. wide VIP main road & a 40 ft. wide road corner | Deck area and lush greenery on the first floor.","Stamp Duty: 5.9 % for Male, 4.9 % for Female, 5.9 % for Joint (Male and Female), 4.9 % For Joint (Female and Female) | Registration Charges: Male Ownership: 1%, Female Ownership: No registration charges,  Joint (Male + Female) Ownership: 1 % ",3,Apartment,856.38,Carpet Area,8803544,True,Dec ‘26 possession,12-2026,https://newprojects.99acres.com/projects/d_r_infrastructure/d_r_praharsh_bluebell/maps/jyje8854.jpg,https://www.99acres.com/exidmicrosite/property_2d3d_xid.php?projectCode=52432&bno=101&blockId=109958&fno=F1_101&measurement=1&jquery=1&compare=1&g2c=1&hide_button=1&switch_HD=1&platform=DESKTOP,Rajvi Realty (RERA REGISTERED Dealer)
399881,D R Praharsh Bluebell,Residential,NEW LAUNCH,Ahmedabad West,South Bopal,Gujarat,23.01176332590665,72.46639095826298,"South Bopal, Ahmedabad West",380058,8803544,8821248,88.04 - 88.21 L,https://www.99acres.com/exidmicrosite/siteplan_g2c.php?live=2&g2c=1&xid_request=1&code=52432,True,3,"22-story building, tallest in the area on VIP Road | 5000 sq. ft. green open space on the ground floor | 150 ft. wide VIP main road & a 40 ft. wide road corner | Deck area and lush greenery on the first floor.","Stamp Duty: 5.9 % for Male, 4.9 % for Female, 5.9 % for Joint (Male and Female), 4.9 % For Joint (Female and Female) | Registration Charges: Male Ownership: 1%, Female Ownership: No registration charges,  Joint (Male + Female) Ownership: 1 % ",3,Apartment,857.99,Carpet Area,8820142,True,Dec ‘26 possession,12-2026,https://newprojects.99acres.com/projects/d_r_infrastructure/d_r_praharsh_bluebell/maps/ia70ecjs.jpg,https://www.99acres.com/exidmicrosite/property_2d3d_xid.php?projectCode=52432&bno=103&blockId=108754&fno=F1_103&measurement=1&jquery=1&compare=1&g2c=1&hide_button=1&switch_HD=1&platform=DESKTOP,Rajvi Realty (RERA REGISTERED Dealer)
399881,D R Praharsh Bluebell,Residential,NEW LAUNCH,Ahmedabad West,South Bopal,Gujarat,23.01176332590665,72.46639095826298,"South Bopal, Ahmedabad West",380058,8803544,8821248,88.04 - 88.21 L,https://www.99acres.com/exidmicrosite/siteplan_g2c.php?live=2&g2c=1&xid_request=1&code=52432,True,3,"22-story building, tallest in the area on VIP Road | 5000 sq. ft. green open space on the ground floor | 150 ft. wide VIP main road & a 40 ft. wide road corner | Deck area and lush greenery on the first floor.","Stamp Duty: 5.9 % for Male, 4.9 % for Female, 5.9 % for Joint (Male and Female), 4.9 % For Joint (Female and Female) | Registration Charges: Male Ownership: 1%, Female Ownership: No registration charges,  Joint (Male + Female) Ownership: 1 % ",3,Apartment,858.1,Carpet Area,8821248,True,Dec ‘26 possession,12-2026,https://newprojects.99acres.com/projects/d_r_infrastructure/d_r_praharsh_bluebell/maps/bt6cn7jj.jpg,https://www.99acres.com/exidmicrosite/property_2d3d_xid.php?projectCode=52432&bno=103&blockId=108754&fno=F1_103&measurement=1&jquery=1&compare=1&g2c=1&hide_button=1&switch_HD=1&platform=DESKTOP,Rajvi Realty (RERA REGISTERED Dealer)
428567,Polaris Callisto,Residential,NEW LAUNCH,Ahmedabad North,Motera,Gujarat,23.104529,72.611897,"Polaris Callisto, Koteshwar Bhat Rd, opposite Polaris Celestia, Koteshwar, Ahmedabad, Gujarat 380005",0,19995000,21027000,2 - 2.1 Cr,https://www.99acres.com/exidmicrosite/siteplan_g2c.php?live=2&g2c=1&xid_request=1&code=58722,True,4,"Two-level basement parking with wide driveways for hassle-free access | Serene greenery with a common plot and beautifully landscaped surroundings | Modern lifestyle with fitness center, yoga space & jogging track | Family-friendly with clubhouse, kids' play area & guest rooms","Stamp Duty: 5.9 % for Male, 4.9 % for Female, 5.9 % for Joint (Male and Female), 4.9 % For Joint (Female and Female) | Registration Charges: Male Ownership: 1%, Female Ownership: No registration charges,  Joint (Male + Female) Ownership: 1 % ",4,Apartment,1938.04,Carpet Area,19995000,True,Dec ‘27 possession,12-2027,https://imagecdn.99acres.com/projects/example/o7ts6dz_1735365195_544268633.jpg,https://www.99acres.com/exidmicrosite/property_2d3d_xid.php?projectCode=58722&bno=101&blockId=123632&fno=F1_101&measurement=1&jquery=1&compare=1&g2c=1&hide_button=1&switch_HD=1&platform=DESKTOP,POLARIS GROUP (Builder)
428567,Polaris Callisto,Residential,NEW LAUNCH,Ahmedabad North,Motera,Gujarat,23.104529,72.611897,"Polaris Callisto, Koteshwar Bhat Rd, opposite Polaris Celestia, Koteshwar, Ahmedabad, Gujarat 380005",0,19995000,21027000,2 - 2.1 Cr,https://www.99acres.com/exidmicrosite/siteplan_g2c.php?live=2&g2c=1&xid_request=1&code=58722,True,4,"Two-level basement parking with wide driveways for hassle-free access | Serene greenery with a common plot and beautifully landscaped surroundings | Modern lifestyle with fitness center, yoga space & jogging track | Family-friendly with clubhouse, kids' play area & guest rooms","Stamp Duty: 5.9 % for Male, 4.9 % for Female, 5.9 % for Joint (Male and Female), 4.9 % For Joint (Female and Female) | Registration Charges: Male Ownership: 1%, Female Ownership: No registration charges,  Joint (Male + Female) Ownership: 1 % ",4,Apartment,2009.73,Carpet Area,21027000,True,Dec ‘27 possession,12-2027,https://imagecdn.99acres.com/projects/example/cbkruea_1735365230_544268863.jpg,https://www.99acres.com/exidmicrosite/property_2d3d_xid.php?projectCode=58722&bno=102&blockId=123632&fno=F1_102&measurement=1&jquery=1&compare=1&g2c=1&hide_button=1&switch_HD=1&platform=DESKTOP,POLARIS GROUP (Builder)
392363,Imperia Vista,Residential,NEW LAUNCH,Ahmedabad North,Zundal,Gujarat,23.136823430563,72.578377881326,"Imperia Vista,near Aditya Greens, Gandhinagar,Gandhinagar",382421,4892400,7487804,48.92 - 74.88 L,https://www.99acres.com/exidmicrosite/siteplan_g2c.php?live=2&g2c=1&xid_request=1&code=49037,True,"2,3","Double basement provides ample space for car parking  | Located on the main road for easy access to major destinations. | Equipped with paved roads, 3-phase electricity, and water pipelines | Offers 24/7 security, CCTV surveillance, and a compound wall","Stamp Duty: 5.9 % for Male, 4.9 % for Female, 5.9 % for Joint (Male and Female), 4.9 % For Joint (Female and Female) | Registration Charges: Male Ownership: 1%, Female Ownership: No registration charges,  Joint (Male + Female) Ownership: 1 % ",2,Apartment,1359.0,Super Built-up Area,4892400,True,Dec ‘24 possession,12-2024,https://newprojects.99acres.com/projects/smarak_realty/smarak_imperia_vista/maps/70pdyqbx.png,https://www.99acres.com/exidmicrosite/property_2d3d_xid.php?projectCode=49037&bno=101&blockId=100976&fno=F1_101&measurement=1&jquery=1&compare=1&g2c=1&hide_button=1&switch_HD=1&platform=DESKTOP,Mitesh Bagrecha (Dealer) | RAKESH PRAJAPATI (RERA REGISTERED Dealer) | CITY SPACE REALTY (Dealer)
392363,Imperia Vista,Residential,NEW LAUNCH,Ahmedabad North,Zundal,Gujarat,23.136823430563,72.578377881326,"Imperia Vista,near Aditya Greens, Gandhinagar,Gandhinagar",382421,4892400,7487804,48.92 - 74.88 L,https://www.99acres.com/exidmicrosite/siteplan_g2c.php?live=2&g2c=1&xid_request=1&code=49037,True,"2,3","Double basement provides ample space for car parking  | Located on the main road for easy access to major destinations. | Equipped with paved roads, 3-phase electricity, and water pipelines | Offers 24/7 security, CCTV surveillance, and a compound wall","Stamp Duty: 5.9 % for Male, 4.9 % for Female, 5.9 % for Joint (Male and Female), 4.9 % For Joint (Female and Female) | Registration Charges: Male Ownership: 1%, Female Ownership: No registration charges,  Joint (Male + Female) Ownership: 1 % ",2,Apartment,1404.0,Super Built-up Area,5054400,True,Dec ‘24 possession,12-2024,https://newprojects.99acres.com/projects/smarak_realty/smarak_imperia_vista/maps/1c9awuk8.png,https://www.99acres.com/exidmicrosite/property_2d3d_xid.php?projectCode=49037&bno=102&blockId=100976&fno=F1_102&measurement=1&jquery=1&compare=1&g2c=1&hide_button=1&switch_HD=1&platform=DESKTOP,Mitesh Bagrecha (Dealer) | RAKESH PRAJAPATI (RERA REGISTERED Dealer) | CITY SPACE REALTY (Dealer)
392363,Imperia Vista,Residential,NEW LAUNCH,Ahmedabad North,Zundal,Gujarat,23.136823430563,72.578377881326,"Imperia Vista,near Aditya Greens, Gandhinagar,Gandhinagar",382421,4892400,7487804,48.92 - 74.88 L,https://www.99acres.com/exidmicrosite/siteplan_g2c.php?live=2&g2c=1&xid_request=1&code=49037,True,"2,3","Double basement provides ample space for car parking  | Located on the main road for easy access to major destinations. | Equipped with paved roads, 3-phase electricity, and water pipelines | Offers 24/7 security, CCTV surveillance, and a compound wall","Stamp Duty: 5.9 % for Male, 4.9 % for Female, 5.9 % for Joint (Male and Female), 4.9 % For Joint (Female and Female) | Registration Charges: Male Ownership: 1%, Female Ownership: No registration charges,  Joint (Male + Female) Ownership: 1 % ",2,Apartment,1431.0,Super Built-up Area,5400000,True,Dec ‘24 possession,12-2024,https://newprojects.99acres.com/projects/smarak_realty/smarak_imperia_vista/maps/z7b9k129.png,https://www.99acres.com/exidmicrosite/property_2d3d_xid.php?projectCode=49037&bno=103&blockId=100976&fno=F1_103&measurement=1&jquery=1&compare=1&g2c=1&hide_button=1&switch_HD=1&platform=DESKTOP,Mitesh Bagrecha (Dealer) | RAKESH PRAJAPATI (RERA REGISTERED Dealer) | CITY SPACE REALTY (Dealer) | BHAVESH PANDYA (Dealer)
392363,Imperia Vista,Residential,NEW LAUNCH,Ahmedabad North,Zundal,Gujarat,23.136823430563,72.578377881326,"Imperia Vista,near Aditya Greens, Gandhinagar,Gandhinagar",382421,4892400,7487804,48.92 - 74.88 L,https://www.99acres.com/exidmicrosite/siteplan_g2c.php?live=2&g2c=1&xid_request=1&code=49037,True,"2,3","Double basement provides ample space for car parking  | Located on the main road for easy access to major destinations. | Equipped with paved roads, 3-phase electricity, and water pipelines | Offers 24/7 security, CCTV surveillance, and a compound wall","Stamp Duty: 5.9 % for Male, 4.9 % for Female, 5.9 % for Joint (Male and Female), 4.9 % For Joint (Female and Female) | Registration Charges: Male Ownership: 1%, Female Ownership: No registration charges,  Joint (Male + Female) Ownership: 1 % ",2,Apartment,1440.0,Super Built-up Area,5184000,True,Dec ‘24 possession,12-2024,https://newprojects.99acres.com/projects/smarak_realty/smarak_imperia_vista/maps/ayicfttw.png,https://www.99acres.com/exidmicrosite/property_2d3d_xid.php?projectCode=49037&bno=104&blockId=100976&fno=F1_104&measurement=1&jquery=1&compare=1&g2c=1&hide_button=1&switch_HD=1&platform=DESKTOP,Mitesh Bagrecha (Dealer) | RAKESH PRAJAPATI (RERA REGISTERED Dealer) | CITY SPACE REALTY (Dealer)
392363,Imperia Vista,Residential,NEW LAUNCH,Ahmedabad North,Zundal,Gujarat,23.136823430563,72.578377881326,"Imperia Vista,near Aditya Greens, Gandhinagar,Gandhinagar",382421,4892400,7487804,48.92 - 74.88 L,https://www.99acres.com/exidmicrosite/siteplan_g2c.php?live=2&g2c=1&xid_request=1&code=49037,True,"2,3","Double basement provides ample space for car parking  | Located on the main road for easy access to major destinations. | Equipped with paved roads, 3-phase electricity, and water pipelines | Offers 24/7 security, CCTV surveillance, and a compound wall","Stamp Duty: 5.9 % for Male, 4.9 % for Female, 5.9 % for Joint (Male and Female), 4.9 % For Joint (Female and Female) | Registration Charges: Male Ownership: 1%, Female Ownership: No registration charges,  Joint (Male + Female) Ownership: 1 % ",3,Apartment,1845.0,Super Built-up Area,7071000,True,Dec ‘24 possession,12-2024,https://newprojects.99acres.com/projects/smarak_realty/smarak_imperia_vista/maps/gmo29xma.png,https://www.99acres.com/exidmicrosite/property_2d3d_xid.php?projectCode=49037&bno=105&blockId=100976&fno=F1_105&measurement=1&jquery=1&compare=1&g2c=1&hide_button=1&switch_HD=1&platform=DESKTOP,Mitesh Bagrecha (Dealer) | RAKESH PRAJAPATI (RERA REGISTERED Dealer) | CITY SPACE REALTY (Dealer) | BHAVESH PANDYA (Dealer)
392363,Imperia Vista,Residential,NEW LAUNCH,Ahmedabad North,Zundal,Gujarat,23.136823430563,72.578377881326,"Imperia Vista,near Aditya Greens, Gandhinagar,Gandhinagar",382421,4892400,7487804,48.92 - 74.88 L,https://www.99acres.com/exidmicrosite/siteplan_g2c.php?live=2&g2c=1&xid_request=1&code=49037,True,"2,3","Double basement provides ample space for car parking  | Located on the main road for easy access to major destinations. | Equipped with paved roads, 3-phase electricity, and water pipelines | Offers 24/7 security, CCTV surveillance, and a compound wall","Stamp Duty: 5.9 % for Male, 4.9 % for Female, 5.9 % for Joint (Male and Female), 4.9 % For Joint (Female and Female) | Registration Charges: Male Ownership: 1%, Female Ownership: No registration charges,  Joint (Male + Female) Ownership: 1 % ",3,Apartment,1842.0,Super Built-up Area,7487804,True,Dec ‘24 possession,12-2024,https://newprojects.99acres.com/projects/smarak_realty/smarak_imperia_vista/maps/vyc9sbp7.png,https://www.99acres.com/exidmicrosite/property_2d3d_xid.php?projectCode=49037&bno=106&blockId=100976&fno=F1_106&measurement=1&jquery=1&compare=1&g2c=1&hide_button=1&switch_HD=1&platform=DESKTOP,Mitesh Bagrecha (Dealer) | RAKESH PRAJAPATI (RERA REGISTERED Dealer) | CITY SPACE REALTY (Dealer)
431984,Goyal Orchid Regal,Residential,NEW LAUNCH,Ahmedabad West,Makarba,Gujarat,22.987948,72.489218,"Sarkhej, Ahmedabad West",380051,13509730,21907083,1.35 - 2.19 Cr,https://www.99acres.com/exidmicrosite/siteplan_g2c.php?live=2&g2c=1&xid_request=1&code=58932,True,3,"World-class dining, shopping, and education nearby | Pickleball courts, box cricket, and various indoor games, etc | Nestled in the prestigious Billionaire Street of Ahmedabad | Properties with 100% power backup available","Stamp Duty: 5.9 % for Male, 4.9 % for Female, 5.9 % for Joint (Male and Female), 4.9 % For Joint (Female and Female) | Registration Charges: Male Ownership: 1%, Female Ownership: No registration charges,  Joint (Male + Female) Ownership: 1 % ",3,Apartment,1117.8,Carpet Area,13509730,True,Dec ‘28 possession,12-2028,https://imagecdn.99acres.com/projects/example/fpkru4s_1738138462_565186171.jpg,https://www.99acres.com/exidmicrosite/property_2d3d_xid.php?projectCode=58932&bno=101&blockId=123036&fno=F1_101&measurement=1&jquery=1&compare=1&g2c=1&hide_button=1&switch_HD=1&platform=DESKTOP,PARTH LOHIA (RERA REGISTERED Dealer) | Soham Real Estate (RERA REGISTERED Dealer)
431984,Goyal Orchid Regal,Residential,NEW LAUNCH,Ahmedabad West,Makarba,Gujarat,22.987948,72.489218,"Sarkhej, Ahmedabad West",380051,13509730,21907083,1.35 - 2.19 Cr,https://www.99acres.com/exidmicrosite/siteplan_g2c.php?live=2&g2c=1&xid_request=1&code=58932,True,3,"World-class dining, shopping, and education nearby | Pickleball courts, box cricket, and various indoor games, etc | Nestled in the prestigious Billionaire Street of Ahmedabad | Properties with 100% power backup available","Stamp Duty: 5.9 % for Male, 4.9 % for Female, 5.9 % for Joint (Male and Female), 4.9 % For Joint (Female and Female) | Registration Charges: Male Ownership: 1%, Female Ownership: No registration charges,  Joint (Male + Female) Ownership: 1 % ",3,Apartment,1138.7,Carpet Area,13762328,True,Dec ‘28 possession,12-2028,https://imagecdn.99acres.com/projects/example/vnx0ftk_1738138496_565186357.jpg,https://www.99acres.com/exidmicrosite/property_2d3d_xid.php?projectCode=58932&bno=102&blockId=123036&fno=F1_102&measurement=1&jquery=1&compare=1&g2c=1&hide_button=1&switch_HD=1&platform=DESKTOP,PARTH LOHIA (RERA REGISTERED Dealer)
431984,Goyal Orchid Regal,Residential,NEW LAUNCH,Ahmedabad West,Makarba,Gujarat,22.987948,72.489218,"Sarkhej, Ahmedabad West",380051,13509730,21907083,1.35 - 2.19 Cr,https://www.99acres.com/exidmicrosite/siteplan_g2c.php?live=2&g2c=1&xid_request=1&code=58932,True,3,"World-class dining, shopping, and education nearby | Pickleball courts, box cricket, and various indoor games, etc | Nestled in the prestigious Billionaire Street of Ahmedabad | Properties with 100% power backup available","Stamp Duty: 5.9 % for Male, 4.9 % for Female, 5.9 % for Joint (Male and Female), 4.9 % For Joint (Female and Female) | Registration Charges: Male Ownership: 1%, Female Ownership: No registration charges,  Joint (Male + Female) Ownership: 1 % ",3,Apartment,1791.5,Carpet Area,21652069,True,Dec ‘28 possession,12-2028,,,PARTH LOHIA (RERA REGISTERED Dealer)
431984,Goyal Orchid Regal,Residential,NEW LAUNCH,Ahmedabad West,Makarba,Gujarat,22.987948,72.489218,"Sarkhej, Ahmedabad West",380051,13509730,21907083,1.35 - 2.19 Cr,https://www.99acres.com/exidmicrosite/siteplan_g2c.php?live=2&g2c=1&xid_request=1&code=58932,True,3,"World-class dining, shopping, and education nearby | Pickleball courts, box cricket, and various indoor games, etc | Nestled in the prestigious Billionaire Street of Ahmedabad | Properties with 100% power backup available","Stamp Duty: 5.9 % for Male, 4.9 % for Female, 5.9 % for Joint (Male and Female), 4.9 % For Joint (Female and Female) | Registration Charges: Male Ownership: 1%, Female Ownership: No registration charges,  Joint (Male + Female) Ownership: 1 % ",3,Apartment,1812.6,Carpet Area,21907083,True,Dec ‘28 possession,12-2028,,,PARTH LOHIA (RERA REGISTERED Dealer)
428546,Anand Avyam,Residential,NEW LAUNCH,Ahmedabad West,Thaltej,Gujarat,23.063683,72.494647,"Thaltej, Ahmedabad West",380059,15000000,28700000,1.5 - 2.87 Cr,,True,"3,4","Sports amenities such as Pickleball, court cricket, etc | Zen court, sand pit, stepped seating and open projector area | Get Unit of your choice","Stamp Duty: 5.9 % for Male, 4.9 % for Female, 5.9 % for Joint (Male and Female), 4.9 % For Joint (Female and Female) | Registration Charges: Male Ownership: 1%, Female Ownership: No registration charges,  Joint (Male + Female) Ownership: 1 % ",3,Apartment,2052.0,Super Built-up Area,15000000,True,Dec ‘28 possession,12-2028,,,AV REALTY (Dealer)
428546,Anand Avyam,Residential,NEW LAUNCH,Ahmedabad West,Thaltej,Gujarat,23.063683,72.494647,"Thaltej, Ahmedabad West",380059,15000000,28700000,1.5 - 2.87 Cr,,True,"3,4","Sports amenities such as Pickleball, court cricket, etc | Zen court, sand pit, stepped seating and open projector area | Get Unit of your choice","Stamp Duty: 5.9 % for Male, 4.9 % for Female, 5.9 % for Joint (Male and Female), 4.9 % For Joint (Female and Female) | Registration Charges: Male Ownership: 1%, Female Ownership: No registration charges,  Joint (Male + Female) Ownership: 1 % ",4,Apartment,3879.0,Super Built-up Area,28700000,True,Dec ‘28 possession,12-2028,,,AV REALTY (Dealer)
384222,Kavisha The Canvas,Residential,NEW LAUNCH,Ahmedabad West,Wapa,Gujarat,23.020851,72.429244,"Nr. Sanskardham, Kavisha Canvas Road, Ahmedabad, Gujarat 380058",0,9933000,23026500,99.33 L - 2.3 Cr,https://www.99acres.com/exidmicrosite/siteplan_g2c.php?live=2&g2c=1&xid_request=1&code=47755,True,"3,4,5","Unique U-shaped layout boosts visual appeal and functionality | Landscaped areas and clubhouse with pool promote premium recreation | Comprehensive security features ensure a safe, tranquil environment | High-density arrangement maximizes green spaces for community health","Stamp Duty: 5.9 % for Male, 4.9 % for Female, 5.9 % for Joint (Male and Female), 4.9 % For Joint (Female and Female) | Registration Charges: Male Ownership: 1%, Female Ownership: No registration charges,  Joint (Male + Female) Ownership: 1 % ",3,Apartment,2200.0,Super Built-up Area,9933000,True,May ‘25 possession,05-2025,https://newprojects.99acres.com/projects/kavisha_group/kavisha_atria_the_canvas/maps/8c5k3k4b.jpg,https://www.99acres.com/exidmicrosite/property_2d3d_xid.php?projectCode=47755&bno=104&blockId=98424&fno=F1_104&measurement=1&jquery=1&compare=1&g2c=1&hide_button=1&switch_HD=1&platform=DESKTOP,Navin (Dealer) | Daxesh Patel (RERA REGISTERED Dealer) | Parikh Realestate Management Pvt Ltd (RERA REGISTERED Dealer) | Tanishqua Reality (RERA REGISTERED Dealer)
384222,Kavisha The Canvas,Residential,NEW LAUNCH,Ahmedabad West,Wapa,Gujarat,23.020851,72.429244,"Nr. Sanskardham, Kavisha Canvas Road, Ahmedabad, Gujarat 380058",0,9933000,23026500,99.33 L - 2.3 Cr,https://www.99acres.com/exidmicrosite/siteplan_g2c.php?live=2&g2c=1&xid_request=1&code=47755,True,"3,4,5","Unique U-shaped layout boosts visual appeal and functionality | Landscaped areas and clubhouse with pool promote premium recreation | Comprehensive security features ensure a safe, tranquil environment | High-density arrangement maximizes green spaces for community health","Stamp Duty: 5.9 % for Male, 4.9 % for Female, 5.9 % for Joint (Male and Female), 4.9 % For Joint (Female and Female) | Registration Charges: Male Ownership: 1%, Female Ownership: No registration charges,  Joint (Male + Female) Ownership: 1 % ",4,Apartment,3300.0,Super Built-up Area,14899500,True,May ‘25 possession,05-2025,https://newprojects.99acres.com/projects/kavisha_group/kavisha_atria_the_canvas/maps/spkoqwtl.png,https://www.99acres.com/exidmicrosite/property_2d3d_xid.php?projectCode=47755&bno=101&blockId=98424&fno=F1_101&measurement=1&jquery=1&compare=1&g2c=1&hide_button=1&switch_HD=1&platform=DESKTOP,Navin (Dealer) | Daxesh Patel (RERA REGISTERED Dealer) | Parikh Realestate Management Pvt Ltd (RERA REGISTERED Dealer) | Tanishqua Reality (RERA REGISTERED Dealer)
384222,Kavisha The Canvas,Residential,NEW LAUNCH,Ahmedabad West,Wapa,Gujarat,23.020851,72.429244,"Nr. Sanskardham, Kavisha Canvas Road, Ahmedabad, Gujarat 380058",0,9933000,23026500,99.33 L - 2.3 Cr,https://www.99acres.com/exidmicrosite/siteplan_g2c.php?live=2&g2c=1&xid_request=1&code=47755,True,"3,4,5","Unique U-shaped layout boosts visual appeal and functionality | Landscaped areas and clubhouse with pool promote premium recreation | Comprehensive security features ensure a safe, tranquil environment | High-density arrangement maximizes green spaces for community health","Stamp Duty: 5.9 % for Male, 4.9 % for Female, 5.9 % for Joint (Male and Female), 4.9 % For Joint (Female and Female) | Registration Charges: Male Ownership: 1%, Female Ownership: No registration charges,  Joint (Male + Female) Ownership: 1 % ",4,Apartment,3600.0,Super Built-up Area,16254000,True,May ‘25 possession,05-2025,https://newprojects.99acres.com/projects/kavisha_group/kavisha_atria_the_canvas/maps/a7yq9377.jpg,https://www.99acres.com/exidmicrosite/property_2d3d_xid.php?projectCode=47755&bno=102&blockId=98424&fno=F1_102&measurement=1&jquery=1&compare=1&g2c=1&hide_button=1&switch_HD=1&platform=DESKTOP,Navin (Dealer) | Daxesh Patel (RERA REGISTERED Dealer) | Tanishqua Reality (RERA REGISTERED Dealer)
384222,Kavisha The Canvas,Residential,NEW LAUNCH,Ahmedabad West,Wapa,Gujarat,23.020851,72.429244,"Nr. Sanskardham, Kavisha Canvas Road, Ahmedabad, Gujarat 380058",0,9933000,23026500,99.33 L - 2.3 Cr,https://www.99acres.com/exidmicrosite/siteplan_g2c.php?live=2&g2c=1&xid_request=1&code=47755,True,"3,4,5","Unique U-shaped layout boosts visual appeal and functionality | Landscaped areas and clubhouse with pool promote premium recreation | Comprehensive security features ensure a safe, tranquil environment | High-density arrangement maximizes green spaces for community health","Stamp Duty: 5.9 % for Male, 4.9 % for Female, 5.9 % for Joint (Male and Female), 4.9 % For Joint (Female and Female) | Registration Charges: Male Ownership: 1%, Female Ownership: No registration charges,  Joint (Male + Female) Ownership: 1 % ",5,Apartment,5100.0,Super Built-up Area,23026500,True,May ‘25 possession,05-2025,https://newprojects.99acres.com/projects/kavisha_group/kavisha_atria_the_canvas/maps/puv4ufev.jpg,https://www.99acres.com/exidmicrosite/property_2d3d_xid.php?projectCode=47755&bno=103&blockId=98424&fno=F1_103&measurement=1&jquery=1&compare=1&g2c=1&hide_button=1&switch_HD=1&platform=DESKTOP,Navin (Dealer) | Daxesh Patel (RERA REGISTERED Dealer) | Parikh Realestate Management Pvt Ltd (RERA REGISTERED Dealer) | Tanishqua Reality (RERA REGISTERED Dealer)
449709,Harvi Helios,Residential,NEW LAUNCH,Ahmedabad West,South Bopal,Gujarat,23.010563,72.466006,"Harvi Helios, Near Samay Shine Flat, VIP Road, Bopal, Ahmedabad",380058,8109084,8334068,81.09 - 83.34 L,https://www.99acres.com/exidmicrosite/siteplan_g2c.php?live=2&g2c=1&xid_request=1&code=60867,True,3,"Spacious Clubhouse and expansive Event Lawn | Strategic South Bopal location, near top educational institutions | Towering architectural statement, embodying modern elegance | Get Unit of your choice","Stamp Duty: 5.9 % for Male, 4.9 % for Female, 5.9 % for Joint (Male and Female), 4.9 % For Joint (Female and Female) | Registration Charges: Male Ownership: 1%, Female Ownership: No registration charges,  Joint (Male + Female) Ownership: 1 % ",3,Apartment,845.93,Carpet Area,8109084,True,Dec ‘29 possession,12-2029,https://imagecdn.99acres.com/projects/example/7nymrpy_1754567892_629758615.jpg,https://www.99acres.com/exidmicrosite/property_2d3d_xid.php?projectCode=60867&bno=101&blockId=127697&fno=F1_101&measurement=1&jquery=1&compare=1&g2c=1&hide_button=1&switch_HD=1&platform=DESKTOP,The Habitat Realtors (Dealer) | Krunal Kshatriya (Dealer) | Solanki Mehul (Dealer) | Kunal Shah (RERA REGISTERED Dealer)
449709,Harvi Helios,Residential,NEW LAUNCH,Ahmedabad West,South Bopal,Gujarat,23.010563,72.466006,"Harvi Helios, Near Samay Shine Flat, VIP Road, Bopal, Ahmedabad",380058,8109084,8334068,81.09 - 83.34 L,https://www.99acres.com/exidmicrosite/siteplan_g2c.php?live=2&g2c=1&xid_request=1&code=60867,True,3,"Spacious Clubhouse and expansive Event Lawn | Strategic South Bopal location, near top educational institutions | Towering architectural statement, embodying modern elegance | Get Unit of your choice","Stamp Duty: 5.9 % for Male, 4.9 % for Female, 5.9 % for Joint (Male and Female), 4.9 % For Joint (Female and Female) | Registration Charges: Male Ownership: 1%, Female Ownership: No registration charges,  Joint (Male + Female) Ownership: 1 % ",3,Apartment,869.4,Carpet Area,8334068,True,Dec ‘29 possession,12-2029,https://imagecdn.99acres.com/projects/example/zlg4xrn_1754567919_629758843.jpg,https://www.99acres.com/exidmicrosite/property_2d3d_xid.php?projectCode=60867&bno=102&blockId=127697&fno=F1_102&measurement=1&jquery=1&compare=1&g2c=1&hide_button=1&switch_HD=1&platform=DESKTOP,The Habitat Realtors (Dealer) | Krunal Kshatriya (Dealer) | Solanki Mehul (Dealer) | Kunal Shah (RERA REGISTERED Dealer)
393896,The 31st,Residential,NEW LAUNCH,Ahmedabad West,Thaltej,Gujarat,23.053571703811,72.484523496425,"Thaltej, Ahmedabad West",380059,39859056,42109164,3.99 - 4.21 Cr,https://www.99acres.com/exidmicrosite/siteplan_g2c.php?live=2&g2c=1&xid_request=1&code=49272,True,4,"31-storey landmark offering elevated sky living | 31,000+ sq.ft. of exclusive recreational spaces | Only 3 residences per floor with 5 high-speed lifts | Unobstructed 360° panoramic views","Stamp Duty: 5.9 % for Male, 4.9 % for Female, 5.9 % for Joint (Male and Female), 4.9 % For Joint (Female and Female) | Registration Charges: Male Ownership: 1%, Female Ownership: No registration charges,  Joint (Male + Female) Ownership: 1 % ",4,Apartment,4464.0,Super Built-up Area,39859056,True,Dec ‘27 possession,12-2027,https://newprojects.99acres.com/projects/beverly_buildcon/beverly_the_31st/maps/peqll9li.jpg,https://www.99acres.com/exidmicrosite/property_2d3d_xid.php?projectCode=49272&bno=101&blockId=108048&fno=F1_101&measurement=1&jquery=1&compare=1&g2c=1&hide_button=1&switch_HD=1&platform=DESKTOP,AV REALTY (Dealer) | Harsh Vakil (Dealer) | Kunal Shah (RERA REGISTERED Dealer)
393896,The 31st,Residential,NEW LAUNCH,Ahmedabad West,Thaltej,Gujarat,23.053571703811,72.484523496425,"Thaltej, Ahmedabad West",380059,39859056,42109164,3.99 - 4.21 Cr,https://www.99acres.com/exidmicrosite/siteplan_g2c.php?live=2&g2c=1&xid_request=1&code=49272,True,4,"31-storey landmark offering elevated sky living | 31,000+ sq.ft. of exclusive recreational spaces | Only 3 residences per floor with 5 high-speed lifts | Unobstructed 360° panoramic views","Stamp Duty: 5.9 % for Male, 4.9 % for Female, 5.9 % for Joint (Male and Female), 4.9 % For Joint (Female and Female) | Registration Charges: Male Ownership: 1%, Female Ownership: No registration charges,  Joint (Male + Female) Ownership: 1 % ",4,Apartment,4716.0,Super Built-up Area,42109164,True,Dec ‘27 possession,12-2027,https://newprojects.99acres.com/projects/beverly_buildcon/beverly_the_31st/maps/u91yertm.png,https://www.99acres.com/exidmicrosite/property_2d3d_xid.php?projectCode=49272&bno=103&blockId=108048&fno=F1_103&measurement=1&jquery=1&compare=1&g2c=1&hide_button=1&switch_HD=1&platform=DESKTOP,AV REALTY (Dealer) | Harsh Vakil (Dealer) | Kunal Shah (RERA REGISTERED Dealer)
430025,Shaligram Sky,Residential,NEW LAUNCH,Ahmedabad West,Satellite,Gujarat,23.032654173344,72.511912332316,"Satellite, Ahmedabad West",380015,31500000,39900000,3.15 - 3.99 Cr,https://www.99acres.com/exidmicrosite/siteplan_g2c.php?live=2&g2c=1&xid_request=1&code=57241,True,4,"Experience prime 4 BHK luxury in the heart of Satellite, Ahmedabad | Access premium podium level amenities including a library and theater | Stay comfortable with advanced VRV air conditioning and digital locks | Get Unit of your choice","Stamp Duty: 5.9 % for Male, 4.9 % for Female, 5.9 % for Joint (Male and Female), 4.9 % For Joint (Female and Female) | Registration Charges: Male Ownership: 1%, Female Ownership: No registration charges,  Joint (Male + Female) Ownership: 1 % ",4,Apartment,1855.8,Carpet Area,31500000,True,Oct ‘29 possession,10-2029,https://newprojects.99acres.com/projects/shaligram_space/shaligram_sky/maps/ybsg0zb_1721217331_505183803_O.jpg,https://www.99acres.com/exidmicrosite/property_2d3d_xid.php?projectCode=57241&bno=101&blockId=124698&fno=F1_101&measurement=1&jquery=1&compare=1&g2c=1&hide_button=1&switch_HD=1&platform=DESKTOP,Krunal Kshatriya (Dealer) | ENCHANTING SPACES (RERA REGISTERED Dealer)
430025,Shaligram Sky,Residential,NEW LAUNCH,Ahmedabad West,Satellite,Gujarat,23.032654173344,72.511912332316,"Satellite, Ahmedabad West",380015,31500000,39900000,3.15 - 3.99 Cr,https://www.99acres.com/exidmicrosite/siteplan_g2c.php?live=2&g2c=1&xid_request=1&code=57241,True,4,"Experience prime 4 BHK luxury in the heart of Satellite, Ahmedabad | Access premium podium level amenities including a library and theater | Stay comfortable with advanced VRV air conditioning and digital locks | Get Unit of your choice","Stamp Duty: 5.9 % for Male, 4.9 % for Female, 5.9 % for Joint (Male and Female), 4.9 % For Joint (Female and Female) | Registration Charges: Male Ownership: 1%, Female Ownership: No registration charges,  Joint (Male + Female) Ownership: 1 % ",4,Apartment,2476.3,Carpet Area,39900000,True,Oct ‘29 possession,10-2029,https://newprojects.99acres.com/projects/shaligram_space/shaligram_sky/maps/lhm6wbd_1721217367_505183933_O.jpg,https://www.99acres.com/exidmicrosite/property_2d3d_xid.php?projectCode=57241&bno=102&blockId=119260&fno=F1_102&measurement=1&jquery=1&compare=1&g2c=1&hide_button=1&switch_HD=1&platform=DESKTOP,Krunal Kshatriya (Dealer) | ENCHANTING SPACES (RERA REGISTERED Dealer)
450275,The Park By Parmeshwar,Residential,NEW LAUNCH,Ahmedabad North,Zundal,Gujarat,23.123353,72.568901,"Opp. Pancham Pentagon, , Gandhinagar, Gandhinagar, GUJARAT, 382421",382421,0,0,Price on Request,https://www.99acres.com/exidmicrosite/siteplan_g2c.php?live=2&g2c=1&xid_request=1&code=61216,True,"2,3",Lakefront living that mirrors your way of life | Over 27 lifestyle amenities for a fun and refined living | Provision for EV charging points | On-site shopping with 16 exclusive retail outlets,"Stamp Duty: 5.9 % for Male, 4.9 % for Female, 5.9 % for Joint (Male and Female), 4.9 % For Joint (Female and Female) | Registration Charges: Male Ownership: 1%, Female Ownership: No registration charges,  Joint (Male + Female) Ownership: 1 % ",2,Apartment,698.04,Carpet Area,0,False,,,https://imagecdn.99acres.com/projects/example/pjkozn1_1756279339_639336049.jpg,https://www.99acres.com/exidmicrosite/property_2d3d_xid.php?projectCode=61216&bno=101&blockId=128749&fno=F1_101&measurement=1&jquery=1&compare=1&g2c=1&hide_button=1&switch_HD=1&platform=DESKTOP,
450275,The Park By Parmeshwar,Residential,NEW LAUNCH,Ahmedabad North,Zundal,Gujarat,23.123353,72.568901,"Opp. Pancham Pentagon, , Gandhinagar, Gandhinagar, GUJARAT, 382421",382421,0,0,Price on Request,https://www.99acres.com/exidmicrosite/siteplan_g2c.php?live=2&g2c=1&xid_request=1&code=61216,True,"2,3",Lakefront living that mirrors your way of life | Over 27 lifestyle amenities for a fun and refined living | Provision for EV charging points | On-site shopping with 16 exclusive retail outlets,"Stamp Duty: 5.9 % for Male, 4.9 % for Female, 5.9 % for Joint (Male and Female), 4.9 % For Joint (Female and Female) | Registration Charges: Male Ownership: 1%, Female Ownership: No registration charges,  Joint (Male + Female) Ownership: 1 % ",2,Apartment,698.9,Carpet Area,0,False,Dec ‘29 possession,12-2029,https://imagecdn.99acres.com/projects/example/xhgram0_1756279404_639336563.jpg,https://www.99acres.com/exidmicrosite/property_2d3d_xid.php?projectCode=61216&bno=102&blockId=128749&fno=F1_102&measurement=1&jquery=1&compare=1&g2c=1&hide_button=1&switch_HD=1&platform=DESKTOP,
450275,The Park By Parmeshwar,Residential,NEW LAUNCH,Ahmedabad North,Zundal,Gujarat,23.123353,72.568901,"Opp. Pancham Pentagon, , Gandhinagar, Gandhinagar, GUJARAT, 382421",382421,0,0,Price on Request,https://www.99acres.com/exidmicrosite/siteplan_g2c.php?live=2&g2c=1&xid_request=1&code=61216,True,"2,3",Lakefront living that mirrors your way of life | Over 27 lifestyle amenities for a fun and refined living | Provision for EV charging points | On-site shopping with 16 exclusive retail outlets,"Stamp Duty: 5.9 % for Male, 4.9 % for Female, 5.9 % for Joint (Male and Female), 4.9 % For Joint (Female and Female) | Registration Charges: Male Ownership: 1%, Female Ownership: No registration charges,  Joint (Male + Female) Ownership: 1 % ",2,Apartment,730.87,Carpet Area,0,False,Dec ‘29 possession,12-2029,https://imagecdn.99acres.com/projects/example/l0fuz1t_1756279492_639336959.jpg,https://www.99acres.com/exidmicrosite/property_2d3d_xid.php?projectCode=61216&bno=103&blockId=128749&fno=F1_103&measurement=1&jquery=1&compare=1&g2c=1&hide_button=1&switch_HD=1&platform=DESKTOP,
450275,The Park By Parmeshwar,Residential,NEW LAUNCH,Ahmedabad North,Zundal,Gujarat,23.123353,72.568901,"Opp. Pancham Pentagon, , Gandhinagar, Gandhinagar, GUJARAT, 382421",382421,0,0,Price on Request,https://www.99acres.com/exidmicrosite/siteplan_g2c.php?live=2&g2c=1&xid_request=1&code=61216,True,"2,3",Lakefront living that mirrors your way of life | Over 27 lifestyle amenities for a fun and refined living | Provision for EV charging points | On-site shopping with 16 exclusive retail outlets,"Stamp Duty: 5.9 % for Male, 4.9 % for Female, 5.9 % for Joint (Male and Female), 4.9 % For Joint (Female and Female) | Registration Charges: Male Ownership: 1%, Female Ownership: No registration charges,  Joint (Male + Female) Ownership: 1 % ",2,Apartment,769.51,Carpet Area,0,False,Dec ‘29 possession,12-2029,https://imagecdn.99acres.com/projects/example/dd0h5ly_1756279526_639337149.jpg,https://www.99acres.com/exidmicrosite/property_2d3d_xid.php?projectCode=61216&bno=106&blockId=128749&fno=F1_106&measurement=1&jquery=1&compare=1&g2c=1&hide_button=1&switch_HD=1&platform=DESKTOP,
450275,The Park By Parmeshwar,Residential,NEW LAUNCH,Ahmedabad North,Zundal,Gujarat,23.123353,72.568901,"Opp. Pancham Pentagon, , Gandhinagar, Gandhinagar, GUJARAT, 382421",382421,0,0,Price on Request,https://www.99acres.com/exidmicrosite/siteplan_g2c.php?live=2&g2c=1&xid_request=1&code=61216,True,"2,3",Lakefront living that mirrors your way of life | Over 27 lifestyle amenities for a fun and refined living | Provision for EV charging points | On-site shopping with 16 exclusive retail outlets,"Stamp Duty: 5.9 % for Male, 4.9 % for Female, 5.9 % for Joint (Male and Female), 4.9 % For Joint (Female and Female) | Registration Charges: Male Ownership: 1%, Female Ownership: No registration charges,  Joint (Male + Female) Ownership: 1 % ",2,Apartment,965.63,Carpet Area,0,False,Dec ‘29 possession,12-2029,https://imagecdn.99acres.com/projects/example/2oiewdc_1756279560_639337565.jpg,https://www.99acres.com/exidmicrosite/property_2d3d_xid.php?projectCode=61216&bno=107&blockId=128749&fno=F1_107&measurement=1&jquery=1&compare=1&g2c=1&hide_button=1&switch_HD=1&platform=DESKTOP,
450275,The Park By Parmeshwar,Residential,NEW LAUNCH,Ahmedabad North,Zundal,Gujarat,23.123353,72.568901,"Opp. Pancham Pentagon, , Gandhinagar, Gandhinagar, GUJARAT, 382421",382421,0,0,Price on Request,https://www.99acres.com/exidmicrosite/siteplan_g2c.php?live=2&g2c=1&xid_request=1&code=61216,True,"2,3",Lakefront living that mirrors your way of life | Over 27 lifestyle amenities for a fun and refined living | Provision for EV charging points | On-site shopping with 16 exclusive retail outlets,"Stamp Duty: 5.9 % for Male, 4.9 % for Female, 5.9 % for Joint (Male and Female), 4.9 % For Joint (Female and Female) | Registration Charges: Male Ownership: 1%, Female Ownership: No registration charges,  Joint (Male + Female) Ownership: 1 % ",3,Apartment,1117.83,Carpet Area,0,False,Dec ‘29 possession,12-2029,https://imagecdn.99acres.com/projects/example/kdgape1_1756279302_639335749.jpg,https://www.99acres.com/exidmicrosite/property_2d3d_xid.php?projectCode=61216&bno=104&blockId=128749&fno=F1_104&measurement=1&jquery=1&compare=1&g2c=1&hide_button=1&switch_HD=1&platform=DESKTOP,
450275,The Park By Parmeshwar,Residential,NEW LAUNCH,Ahmedabad North,Zundal,Gujarat,23.123353,72.568901,"Opp. Pancham Pentagon, , Gandhinagar, Gandhinagar, GUJARAT, 382421",382421,0,0,Price on Request,https://www.99acres.com/exidmicrosite/siteplan_g2c.php?live=2&g2c=1&xid_request=1&code=61216,True,"2,3",Lakefront living that mirrors your way of life | Over 27 lifestyle amenities for a fun and refined living | Provision for EV charging points | On-site shopping with 16 exclusive retail outlets,"Stamp Duty: 5.9 % for Male, 4.9 % for Female, 5.9 % for Joint (Male and Female), 4.9 % For Joint (Female and Female) | Registration Charges: Male Ownership: 1%, Female Ownership: No registration charges,  Joint (Male + Female) Ownership: 1 % ",3,Apartment,1318.04,Carpet Area,0,False,Dec ‘29 possession,12-2029,https://imagecdn.99acres.com/projects/example/rfyjuu2_1756279265_639335295.jpg,https://www.99acres.com/exidmicrosite/property_2d3d_xid.php?projectCode=61216&bno=105&blockId=128749&fno=F1_105&measurement=1&jquery=1&compare=1&g2c=1&hide_button=1&switch_HD=1&platform=DESKTOP,
429129,MBA Om Elegance,Residential,NEW LAUNCH,Ahmedabad North,Zundal,Gujarat,23.138075,72.579853,"Zundal, Ahmedabad North",382421,8500000,8500000,85 L,https://www.99acres.com/exidmicrosite/siteplan_g2c.php?live=2&g2c=1&xid_request=1&code=58982,True,3,"Seating Balcony in all 3 Bedrooms, first time in Zundal | Solar PV Installations on terrace for sustainable energy | Spacious 106 residential units ensuring exclusivity and low density | Fully developed terrace with huge amenities & heat reflection tiles","Stamp Duty: 5.9 % for Male, 4.9 % for Female, 5.9 % for Joint (Male and Female), 4.9 % For Joint (Female and Female) | Registration Charges: Male Ownership: 1%, Female Ownership: No registration charges,  Joint (Male + Female) Ownership: 1 % ",3,Apartment,865.53,Carpet Area,8500000,True,Dec ‘28 possession,12-2028,https://imagecdn.99acres.com/projects/example/hlbqobx_1738309053_565737093.jpg,https://www.99acres.com/exidmicrosite/property_2d3d_xid.php?projectCode=58982&bno=101&blockId=123190&fno=F1_101&measurement=1&jquery=1&compare=1&g2c=1&hide_button=1&switch_HD=1&platform=DESKTOP,MR VINOD (Dealer) | Vijay Desai (Dealer) | Kintu Shah (Dealer)
429129,MBA Om Elegance,Residential,NEW LAUNCH,Ahmedabad North,Zundal,Gujarat,23.138075,72.579853,"Zundal, Ahmedabad North",382421,8500000,8500000,85 L,https://www.99acres.com/exidmicrosite/siteplan_g2c.php?live=2&g2c=1&xid_request=1&code=58982,True,3,"Seating Balcony in all 3 Bedrooms, first time in Zundal | Solar PV Installations on terrace for sustainable energy | Spacious 106 residential units ensuring exclusivity and low density | Fully developed terrace with huge amenities & heat reflection tiles","Stamp Duty: 5.9 % for Male, 4.9 % for Female, 5.9 % for Joint (Male and Female), 4.9 % For Joint (Female and Female) | Registration Charges: Male Ownership: 1%, Female Ownership: No registration charges,  Joint (Male + Female) Ownership: 1 % ",3,Apartment,870.48,Carpet Area,0,False,Dec ‘28 possession,12-2028,https://imagecdn.99acres.com/projects/example/tqdlsyo_1738309163_565738017.jpg,https://www.99acres.com/exidmicrosite/property_2d3d_xid.php?projectCode=58982&bno=102&blockId=123190&fno=F1_102&measurement=1&jquery=1&compare=1&g2c=1&hide_button=1&switch_HD=1&platform=DESKTOP,
428567,Polaris Callisto,Residential,NEW LAUNCH,Ahmedabad North,Motera,Gujarat,23.104529,72.611897,"Polaris Callisto, Koteshwar Bhat Rd, opposite Polaris Celestia, Koteshwar, Ahmedabad, Gujarat 380005",0,19995000,21027000,2 - 2.1 Cr,https://www.99acres.com/exidmicrosite/siteplan_g2c.php?live=2&g2c=1&xid_request=1&code=58722,True,4,"Two-level basement parking with wide driveways for hassle-free access | Serene greenery with a common plot and beautifully landscaped surroundings | Modern lifestyle with fitness center, yoga space & jogging track | Family-friendly with clubhouse, kids' play area & guest rooms","Stamp Duty: 5.9 % for Male, 4.9 % for Female, 5.9 % for Joint (Male and Female), 4.9 % For Joint (Female and Female) | Registration Charges: Male Ownership: 1%, Female Ownership: No registration charges,  Joint (Male + Female) Ownership: 1 % ",4,Apartment,1938.04,Carpet Area,19995000,True,Dec ‘27 possession,12-2027,https://imagecdn.99acres.com/projects/example/o7ts6dz_1735365195_544268633.jpg,https://www.99acres.com/exidmicrosite/property_2d3d_xid.php?projectCode=58722&bno=101&blockId=123632&fno=F1_101&measurement=1&jquery=1&compare=1&g2c=1&hide_button=1&switch_HD=1&platform=DESKTOP,POLARIS GROUP (Builder)
428567,Polaris Callisto,Residential,NEW LAUNCH,Ahmedabad North,Motera,Gujarat,23.104529,72.611897,"Polaris Callisto, Koteshwar Bhat Rd, opposite Polaris Celestia, Koteshwar, Ahmedabad, Gujarat 380005",0,19995000,21027000,2 - 2.1 Cr,https://www.99acres.com/exidmicrosite/siteplan_g2c.php?live=2&g2c=1&xid_request=1&code=58722,True,4,"Two-level basement parking with wide driveways for hassle-free access | Serene greenery with a common plot and beautifully landscaped surroundings | Modern lifestyle with fitness center, yoga space & jogging track | Family-friendly with clubhouse, kids' play area & guest rooms","Stamp Duty: 5.9 % for Male, 4.9 % for Female, 5.9 % for Joint (Male and Female), 4.9 % For Joint (Female and Female) | Registration Charges: Male Ownership: 1%, Female Ownership: No registration charges,  Joint (Male + Female) Ownership: 1 % ",4,Apartment,2009.73,Carpet Area,21027000,True,Dec ‘27 possession,12-2027,https://imagecdn.99acres.com/projects/example/cbkruea_1735365230_544268863.jpg,https://www.99acres.com/exidmicrosite/property_2d3d_xid.php?projectCode=58722&bno=102&blockId=123632&fno=F1_102&measurement=1&jquery=1&compare=1&g2c=1&hide_button=1&switch_HD=1&platform=DESKTOP,POLARIS GROUP (Builder)
399881,D R Praharsh Bluebell,Residential,NEW LAUNCH,Ahmedabad West,South Bopal,Gujarat,23.01176332590665,72.46639095826298,"South Bopal, Ahmedabad West",380058,8803544,8821248,88.04 - 88.21 L,https://www.99acres.com/exidmicrosite/siteplan_g2c.php?live=2&g2c=1&xid_request=1&code=52432,True,3,"22-story building, tallest in the area on VIP Road | 5000 sq. ft. green open space on the ground floor | 150 ft. wide VIP main road & a 40 ft. wide road corner | Deck area and lush greenery on the first floor.","Stamp Duty: 5.9 % for Male, 4.9 % for Female, 5.9 % for Joint (Male and Female), 4.9 % For Joint (Female and Female) | Registration Charges: Male Ownership: 1%, Female Ownership: No registration charges,  Joint (Male + Female) Ownership: 1 % ",3,Apartment,856.38,Carpet Area,8803544,True,Dec ‘26 possession,12-2026,https://newprojects.99acres.com/projects/d_r_infrastructure/d_r_praharsh_bluebell/maps/jyje8854.jpg,https://www.99acres.com/exidmicrosite/property_2d3d_xid.php?projectCode=52432&bno=101&blockId=109964&fno=F1_101&measurement=1&jquery=1&compare=1&g2c=1&hide_button=1&switch_HD=1&platform=DESKTOP,Rajvi Realty (RERA REGISTERED Dealer)
399881,D R Praharsh Bluebell,Residential,NEW LAUNCH,Ahmedabad West,South Bopal,Gujarat,23.01176332590665,72.46639095826298,"South Bopal, Ahmedabad West",380058,8803544,8821248,88.04 - 88.21 L,https://www.99acres.com/exidmicrosite/siteplan_g2c.php?live=2&g2c=1&xid_request=1&code=52432,True,3,"22-story building, tallest in the area on VIP Road | 5000 sq. ft. green open space on the ground floor | 150 ft. wide VIP main road & a 40 ft. wide road corner | Deck area and lush greenery on the first floor.","Stamp Duty: 5.9 % for Male, 4.9 % for Female, 5.9 % for Joint (Male and Female), 4.9 % For Joint (Female and Female) | Registration Charges: Male Ownership: 1%, Female Ownership: No registration charges,  Joint (Male + Female) Ownership: 1 % ",3,Apartment,857.99,Carpet Area,8820142,True,Dec ‘26 possession,12-2026,https://newprojects.99acres.com/projects/d_r_infrastructure/d_r_praharsh_bluebell/maps/ia70ecjs.jpg,https://www.99acres.com/exidmicrosite/property_2d3d_xid.php?projectCode=52432&bno=103&blockId=108754&fno=F1_103&measurement=1&jquery=1&compare=1&g2c=1&hide_button=1&switch_HD=1&platform=DESKTOP,Rajvi Realty (RERA REGISTERED Dealer)
399881,D R Praharsh Bluebell,Residential,NEW LAUNCH,Ahmedabad West,South Bopal,Gujarat,23.01176332590665,72.46639095826298,"South Bopal, Ahmedabad West",380058,8803544,8821248,88.04 - 88.21 L,https://www.99acres.com/exidmicrosite/siteplan_g2c.php?live=2&g2c=1&xid_request=1&code=52432,True,3,"22-story building, tallest in the area on VIP Road | 5000 sq. ft. green open space on the ground floor | 150 ft. wide VIP main road & a 40 ft. wide road corner | Deck area and lush greenery on the first floor.","Stamp Duty: 5.9 % for Male, 4.9 % for Female, 5.9 % for Joint (Male and Female), 4.9 % For Joint (Female and Female) | Registration Charges: Male Ownership: 1%, Female Ownership: No registration charges,  Joint (Male + Female) Ownership: 1 % ",3,Apartment,858.1,Carpet Area,8821248,True,Dec ‘26 possession,12-2026,https://newprojects.99acres.com/projects/d_r_infrastructure/d_r_praharsh_bluebell/maps/bt6cn7jj.jpg,https://www.99acres.com/exidmicrosite/property_2d3d_xid.php?projectCode=52432&bno=103&blockId=108754&fno=F1_103&measurement=1&jquery=1&compare=1&g2c=1&hide_button=1&switch_HD=1&platform=DESKTOP,Rajvi Realty (RERA REGISTERED Dealer)
404274,HR Eliseo,Residential,NEW LAUNCH,Ahmedabad West,Shela,Gujarat,23.005887,72.451612,"Shela, Ahmedabad West",382465,14124986,26058194,1.41 - 2.61 Cr,https://www.99acres.com/exidmicrosite/siteplan_g2c.php?live=2&g2c=1&xid_request=1&code=52239,True,4,Well-designed units with ample space and lighting | Prime location on a 2-road corner for accessibility and visibility | Each tower has 3 lifts for smooth vertical movement | 11.11% price appreciation in the last 1 year,"Stamp Duty: 5.9 % for Male, 4.9 % for Female, 5.9 % for Joint (Male and Female), 4.9 % For Joint (Female and Female) | Registration Charges: Male Ownership: 1%, Female Ownership: No registration charges,  Joint (Male + Female) Ownership: 1 % ",4,Apartment,1409.96,Carpet Area,14124986,True,Oct ‘26 possession,10-2026,https://newprojects.99acres.com/projects/hr_spacecon_llp/hr_eliseo/maps/c9kj3hf1.jpg,https://www.99acres.com/exidmicrosite/property_2d3d_xid.php?projectCode=52239&bno=101&blockId=108506&fno=F1_101&measurement=1&jquery=1&compare=1&g2c=1&hide_button=1&switch_HD=1&platform=DESKTOP,Proptiger Marketing Services Pvt Ltd (Dealer) | Daksh Realtors (Dealer)
404274,HR Eliseo,Residential,NEW LAUNCH,Ahmedabad West,Shela,Gujarat,23.005887,72.451612,"Shela, Ahmedabad West",382465,14124986,26058194,1.41 - 2.61 Cr,https://www.99acres.com/exidmicrosite/siteplan_g2c.php?live=2&g2c=1&xid_request=1&code=52239,True,4,Well-designed units with ample space and lighting | Prime location on a 2-road corner for accessibility and visibility | Each tower has 3 lifts for smooth vertical movement | 11.11% price appreciation in the last 1 year,"Stamp Duty: 5.9 % for Male, 4.9 % for Female, 5.9 % for Joint (Male and Female), 4.9 % For Joint (Female and Female) | Registration Charges: Male Ownership: 1%, Female Ownership: No registration charges,  Joint (Male + Female) Ownership: 1 % ",4,Apartment,2740.17,Carpet Area,26058194,True,Oct ‘26 possession,10-2026,https://imagecdn.99acres.com/projects/example/fbgqwzq_1752730781_620047009.jpg,,Proptiger Marketing Services Pvt Ltd (Dealer) | Daksh Realtors (Dealer)
392363,Imperia Vista,Residential,NEW LAUNCH,Ahmedabad North,Zundal,Gujarat,23.136823430563,72.578377881326,"Imperia Vista,near Aditya Greens, Gandhinagar,Gandhinagar",382421,4892400,7487804,48.92 - 74.88 L,https://www.99acres.com/exidmicrosite/siteplan_g2c.php?live=2&g2c=1&xid_request=1&code=49037,True,"2,3","Double basement provides ample space for car parking  | Located on the main road for easy access to major destinations. | Equipped with paved roads, 3-phase electricity, and water pipelines | Offers 24/7 security, CCTV surveillance, and a compound wall","Stamp Duty: 5.9 % for Male, 4.9 % for Female, 5.9 % for Joint (Male and Female), 4.9 % For Joint (Female and Female) | Registration Charges: Male Ownership: 1%, Female Ownership: No registration charges,  Joint (Male + Female) Ownership: 1 % ",2,Apartment,1359.0,Super Built-up Area,4892400,True,Dec ‘24 possession,12-2024,https://newprojects.99acres.com/projects/smarak_realty/smarak_imperia_vista/maps/70pdyqbx.png,https://www.99acres.com/exidmicrosite/property_2d3d_xid.php?projectCode=49037&bno=101&blockId=100976&fno=F1_101&measurement=1&jquery=1&compare=1&g2c=1&hide_button=1&switch_HD=1&platform=DESKTOP,Mitesh Bagrecha (Dealer) | RAKESH PRAJAPATI (RERA REGISTERED Dealer) | CITY SPACE REALTY (Dealer)
392363,Imperia Vista,Residential,NEW LAUNCH,Ahmedabad North,Zundal,Gujarat,23.136823430563,72.578377881326,"Imperia Vista,near Aditya Greens, Gandhinagar,Gandhinagar",382421,4892400,7487804,48.92 - 74.88 L,https://www.99acres.com/exidmicrosite/siteplan_g2c.php?live=2&g2c=1&xid_request=1&code=49037,True,"2,3","Double basement provides ample space for car parking  | Located on the main road for easy access to major destinations. | Equipped with paved roads, 3-phase electricity, and water pipelines | Offers 24/7 security, CCTV surveillance, and a compound wall","Stamp Duty: 5.9 % for Male, 4.9 % for Female, 5.9 % for Joint (Male and Female), 4.9 % For Joint (Female and Female) | Registration Charges: Male Ownership: 1%, Female Ownership: No registration charges,  Joint (Male + Female) Ownership: 1 % ",2,Apartment,1404.0,Super Built-up Area,5054400,True,Dec ‘24 possession,12-2024,https://newprojects.99acres.com/projects/smarak_realty/smarak_imperia_vista/maps/1c9awuk8.png,https://www.99acres.com/exidmicrosite/property_2d3d_xid.php?projectCode=49037&bno=102&blockId=100976&fno=F1_102&measurement=1&jquery=1&compare=1&g2c=1&hide_button=1&switch_HD=1&platform=DESKTOP,Mitesh Bagrecha (Dealer) | RAKESH PRAJAPATI (RERA REGISTERED Dealer) | CITY SPACE REALTY (Dealer)
392363,Imperia Vista,Residential,NEW LAUNCH,Ahmedabad North,Zundal,Gujarat,23.136823430563,72.578377881326,"Imperia Vista,near Aditya Greens, Gandhinagar,Gandhinagar",382421,4892400,7487804,48.92 - 74.88 L,https://www.99acres.com/exidmicrosite/siteplan_g2c.php?live=2&g2c=1&xid_request=1&code=49037,True,"2,3","Double basement provides ample space for car parking  | Located on the main road for easy access to major destinations. | Equipped with paved roads, 3-phase electricity, and water pipelines | Offers 24/7 security, CCTV surveillance, and a compound wall","Stamp Duty: 5.9 % for Male, 4.9 % for Female, 5.9 % for Joint (Male and Female), 4.9 % For Joint (Female and Female) | Registration Charges: Male Ownership: 1%, Female Ownership: No registration charges,  Joint (Male + Female) Ownership: 1 % ",2,Apartment,1431.0,Super Built-up Area,5400000,True,Dec ‘24 possession,12-2024,https://newprojects.99acres.com/projects/smarak_realty/smarak_imperia_vista/maps/z7b9k129.png,https://www.99acres.com/exidmicrosite/property_2d3d_xid.php?projectCode=49037&bno=103&blockId=100976&fno=F1_103&measurement=1&jquery=1&compare=1&g2c=1&hide_button=1&switch_HD=1&platform=DESKTOP,Mitesh Bagrecha (Dealer) | RAKESH PRAJAPATI (RERA REGISTERED Dealer) | CITY SPACE REALTY (Dealer) | BHAVESH PANDYA (Dealer)
392363,Imperia Vista,Residential,NEW LAUNCH,Ahmedabad North,Zundal,Gujarat,23.136823430563,72.578377881326,"Imperia Vista,near Aditya Greens, Gandhinagar,Gandhinagar",382421,4892400,7487804,48.92 - 74.88 L,https://www.99acres.com/exidmicrosite/siteplan_g2c.php?live=2&g2c=1&xid_request=1&code=49037,True,"2,3","Double basement provides ample space for car parking  | Located on the main road for easy access to major destinations. | Equipped with paved roads, 3-phase electricity, and water pipelines | Offers 24/7 security, CCTV surveillance, and a compound wall","Stamp Duty: 5.9 % for Male, 4.9 % for Female, 5.9 % for Joint (Male and Female), 4.9 % For Joint (Female and Female) | Registration Charges: Male Ownership: 1%, Female Ownership: No registration charges,  Joint (Male + Female) Ownership: 1 % ",2,Apartment,1440.0,Super Built-up Area,5184000,True,Dec ‘24 possession,12-2024,https://newprojects.99acres.com/projects/smarak_realty/smarak_imperia_vista/maps/ayicfttw.png,https://www.99acres.com/exidmicrosite/property_2d3d_xid.php?projectCode=49037&bno=104&blockId=100976&fno=F1_104&measurement=1&jquery=1&compare=1&g2c=1&hide_button=1&switch_HD=1&platform=DESKTOP,Mitesh Bagrecha (Dealer) | RAKESH PRAJAPATI (RERA REGISTERED Dealer) | CITY SPACE REALTY (Dealer)
392363,Imperia Vista,Residential,NEW LAUNCH,Ahmedabad North,Zundal,Gujarat,23.136823430563,72.578377881326,"Imperia Vista,near Aditya Greens, Gandhinagar,Gandhinagar",382421,4892400,7487804,48.92 - 74.88 L,https://www.99acres.com/exidmicrosite/siteplan_g2c.php?live=2&g2c=1&xid_request=1&code=49037,True,"2,3","Double basement provides ample space for car parking  | Located on the main road for easy access to major destinations. | Equipped with paved roads, 3-phase electricity, and water pipelines | Offers 24/7 security, CCTV surveillance, and a compound wall","Stamp Duty: 5.9 % for Male, 4.9 % for Female, 5.9 % for Joint (Male and Female), 4.9 % For Joint (Female and Female) | Registration Charges: Male Ownership: 1%, Female Ownership: No registration charges,  Joint (Male + Female) Ownership: 1 % ",3,Apartment,1845.0,Super Built-up Area,7071000,True,Dec ‘24 possession,12-2024,https://newprojects.99acres.com/projects/smarak_realty/smarak_imperia_vista/maps/gmo29xma.png,https://www.99acres.com/exidmicrosite/property_2d3d_xid.php?projectCode=49037&bno=105&blockId=100976&fno=F1_105&measurement=1&jquery=1&compare=1&g2c=1&hide_button=1&switch_HD=1&platform=DESKTOP,Mitesh Bagrecha (Dealer) | RAKESH PRAJAPATI (RERA REGISTERED Dealer) | CITY SPACE REALTY (Dealer) | BHAVESH PANDYA (Dealer)
392363,Imperia Vista,Residential,NEW LAUNCH,Ahmedabad North,Zundal,Gujarat,23.136823430563,72.578377881326,"Imperia Vista,near Aditya Greens, Gandhinagar,Gandhinagar",382421,4892400,7487804,48.92 - 74.88 L,https://www.99acres.com/exidmicrosite/siteplan_g2c.php?live=2&g2c=1&xid_request=1&code=49037,True,"2,3","Double basement provides ample space for car parking  | Located on the main road for easy access to major destinations. | Equipped with paved roads, 3-phase electricity, and water pipelines | Offers 24/7 security, CCTV surveillance, and a compound wall","Stamp Duty: 5.9 % for Male, 4.9 % for Female, 5.9 % for Joint (Male and Female), 4.9 % For Joint (Female and Female) | Registration Charges: Male Ownership: 1%, Female Ownership: No registration charges,  Joint (Male + Female) Ownership: 1 % ",3,Apartment,1842.0,Super Built-up Area,7487804,True,Dec ‘24 possession,12-2024,https://newprojects.99acres.com/projects/smarak_realty/smarak_imperia_vista/maps/vyc9sbp7.png,https://www.99acres.com/exidmicrosite/property_2d3d_xid.php?projectCode=49037&bno=106&blockId=100976&fno=F1_106&measurement=1&jquery=1&compare=1&g2c=1&hide_button=1&switch_HD=1&platform=DESKTOP,Mitesh Bagrecha (Dealer) | RAKESH PRAJAPATI (RERA REGISTERED Dealer) | CITY SPACE REALTY (Dealer)
428546,Anand Avyam,Residential,NEW LAUNCH,Ahmedabad West,Thaltej,Gujarat,23.063683,72.494647,"Thaltej, Ahmedabad West",380059,15000000,28700000,1.5 - 2.87 Cr,,True,"3,4","Sports amenities such as Pickleball, court cricket, etc | Zen court, sand pit, stepped seating and open projector area | Get Unit of your choice","Stamp Duty: 5.9 % for Male, 4.9 % for Female, 5.9 % for Joint (Male and Female), 4.9 % For Joint (Female and Female) | Registration Charges: Male Ownership: 1%, Female Ownership: No registration charges,  Joint (Male + Female) Ownership: 1 % ",3,Apartment,2052.0,Super Built-up Area,15000000,True,Dec ‘28 possession,12-2028,,,AV REALTY (Dealer)
428546,Anand Avyam,Residential,NEW LAUNCH,Ahmedabad West,Thaltej,Gujarat,23.063683,72.494647,"Thaltej, Ahmedabad West",380059,15000000,28700000,1.5 - 2.87 Cr,,True,"3,4","Sports amenities such as Pickleball, court cricket, etc | Zen court, sand pit, stepped seating and open projector area | Get Unit of your choice","Stamp Duty: 5.9 % for Male, 4.9 % for Female, 5.9 % for Joint (Male and Female), 4.9 % For Joint (Female and Female) | Registration Charges: Male Ownership: 1%, Female Ownership: No registration charges,  Joint (Male + Female) Ownership: 1 % ",4,Apartment,3879.0,Super Built-up Area,28700000,True,Dec ‘28 possession,12-2028,,,AV REALTY (Dealer)
431984,Goyal Orchid Regal,Residential,NEW LAUNCH,Ahmedabad West,Makarba,Gujarat,22.987948,72.489218,"Sarkhej, Ahmedabad West",380051,13509730,21907083,1.35 - 2.19 Cr,https://www.99acres.com/exidmicrosite/siteplan_g2c.php?live=2&g2c=1&xid_request=1&code=58932,True,3,"World-class dining, shopping, and education nearby | Pickleball courts, box cricket, and various indoor games, etc | Nestled in the prestigious Billionaire Street of Ahmedabad | Properties with 100% power backup available","Stamp Duty: 5.9 % for Male, 4.9 % for Female, 5.9 % for Joint (Male and Female), 4.9 % For Joint (Female and Female) | Registration Charges: Male Ownership: 1%, Female Ownership: No registration charges,  Joint (Male + Female) Ownership: 1 % ",3,Apartment,1117.8,Carpet Area,13509730,True,Dec ‘28 possession,12-2028,https://imagecdn.99acres.com/projects/example/fpkru4s_1738138462_565186171.jpg,https://www.99acres.com/exidmicrosite/property_2d3d_xid.php?projectCode=58932&bno=101&blockId=123036&fno=F1_101&measurement=1&jquery=1&compare=1&g2c=1&hide_button=1&switch_HD=1&platform=DESKTOP,PARTH LOHIA (RERA REGISTERED Dealer) | Soham Real Estate (RERA REGISTERED Dealer)
431984,Goyal Orchid Regal,Residential,NEW LAUNCH,Ahmedabad West,Makarba,Gujarat,22.987948,72.489218,"Sarkhej, Ahmedabad West",380051,13509730,21907083,1.35 - 2.19 Cr,https://www.99acres.com/exidmicrosite/siteplan_g2c.php?live=2&g2c=1&xid_request=1&code=58932,True,3,"World-class dining, shopping, and education nearby | Pickleball courts, box cricket, and various indoor games, etc | Nestled in the prestigious Billionaire Street of Ahmedabad | Properties with 100% power backup available","Stamp Duty: 5.9 % for Male, 4.9 % for Female, 5.9 % for Joint (Male and Female), 4.9 % For Joint (Female and Female) | Registration Charges: Male Ownership: 1%, Female Ownership: No registration charges,  Joint (Male + Female) Ownership: 1 % ",3,Apartment,1138.7,Carpet Area,13762328,True,Dec ‘28 possession,12-2028,https://imagecdn.99acres.com/projects/example/vnx0ftk_1738138496_565186357.jpg,https://www.99acres.com/exidmicrosite/property_2d3d_xid.php?projectCode=58932&bno=102&blockId=123036&fno=F1_102&measurement=1&jquery=1&compare=1&g2c=1&hide_button=1&switch_HD=1&platform=DESKTOP,PARTH LOHIA (RERA REGISTERED Dealer)
431984,Goyal Orchid Regal,Residential,NEW LAUNCH,Ahmedabad West,Makarba,Gujarat,22.987948,72.489218,"Sarkhej, Ahmedabad West",380051,13509730,21907083,1.35 - 2.19 Cr,https://www.99acres.com/exidmicrosite/siteplan_g2c.php?live=2&g2c=1&xid_request=1&code=58932,True,3,"World-class dining, shopping, and education nearby | Pickleball courts, box cricket, and various indoor games, etc | Nestled in the prestigious Billionaire Street of Ahmedabad | Properties with 100% power backup available","Stamp Duty: 5.9 % for Male, 4.9 % for Female, 5.9 % for Joint (Male and Female), 4.9 % For Joint (Female and Female) | Registration Charges: Male Ownership: 1%, Female Ownership: No registration charges,  Joint (Male + Female) Ownership: 1 % ",3,Apartment,1791.5,Carpet Area,21652069,True,Dec ‘28 possession,12-2028,,,PARTH LOHIA (RERA REGISTERED Dealer)
431984,Goyal Orchid Regal,Residential,NEW LAUNCH,Ahmedabad West,Makarba,Gujarat,22.987948,72.489218,"Sarkhej, Ahmedabad West",380051,13509730,21907083,1.35 - 2.19 Cr,https://www.99acres.com/exidmicrosite/siteplan_g2c.php?live=2&g2c=1&xid_request=1&code=58932,True,3,"World-class dining, shopping, and education nearby | Pickleball courts, box cricket, and various indoor games, etc | Nestled in the prestigious Billionaire Street of Ahmedabad | Properties with 100% power backup available","Stamp Duty: 5.9 % for Male, 4.9 % for Female, 5.9 % for Joint (Male and Female), 4.9 % For Joint (Female and Female) | Registration Charges: Male Ownership: 1%, Female Ownership: No registration charges,  Joint (Male + Female) Ownership: 1 % ",3,Apartment,1812.6,Carpet Area,21907083,True,Dec ‘28 possession,12-2028,,,PARTH LOHIA (RERA REGISTERED Dealer)
449709,Harvi Helios,Residential,NEW LAUNCH,Ahmedabad West,South Bopal,Gujarat,23.010563,72.466006,"Harvi Helios, Near Samay Shine Flat, VIP Road, Bopal, Ahmedabad",380058,8109084,8334068,81.09 - 83.34 L,https://www.99acres.com/exidmicrosite/siteplan_g2c.php?live=2&g2c=1&xid_request=1&code=60867,True,3,"Spacious Clubhouse and expansive Event Lawn | Strategic South Bopal location, near top educational institutions | Towering architectural statement, embodying modern elegance | Get Unit of your choice","Stamp Duty: 5.9 % for Male, 4.9 % for Female, 5.9 % for Joint (Male and Female), 4.9 % For Joint (Female and Female) | Registration Charges: Male Ownership: 1%, Female Ownership: No registration charges,  Joint (Male + Female) Ownership: 1 % ",3,Apartment,845.93,Carpet Area,8109084,True,Dec ‘29 possession,12-2029,https://imagecdn.99acres.com/projects/example/7nymrpy_1754567892_629758615.jpg,https://www.99acres.com/exidmicrosite/property_2d3d_xid.php?projectCode=60867&bno=101&blockId=127697&fno=F1_101&measurement=1&jquery=1&compare=1&g2c=1&hide_button=1&switch_HD=1&platform=DESKTOP,The Habitat Realtors (Dealer) | Krunal Kshatriya (Dealer) | Solanki Mehul (Dealer) | Kunal Shah (RERA REGISTERED Dealer)
449709,Harvi Helios,Residential,NEW LAUNCH,Ahmedabad West,South Bopal,Gujarat,23.010563,72.466006,"Harvi Helios, Near Samay Shine Flat, VIP Road, Bopal, Ahmedabad",380058,8109084,8334068,81.09 - 83.34 L,https://www.99acres.com/exidmicrosite/siteplan_g2c.php?live=2&g2c=1&xid_request=1&code=60867,True,3,"Spacious Clubhouse and expansive Event Lawn | Strategic South Bopal location, near top educational institutions | Towering architectural statement, embodying modern elegance | Get Unit of your choice","Stamp Duty: 5.9 % for Male, 4.9 % for Female, 5.9 % for Joint (Male and Female), 4.9 % For Joint (Female and Female) | Registration Charges: Male Ownership: 1%, Female Ownership: No registration charges,  Joint (Male + Female) Ownership: 1 % ",3,Apartment,869.4,Carpet Area,8334068,True,Dec ‘29 possession,12-2029,https://imagecdn.99acres.com/projects/example/zlg4xrn_1754567919_629758843.jpg,https://www.99acres.com/exidmicrosite/property_2d3d_xid.php?projectCode=60867&bno=102&blockId=127697&fno=F1_102&measurement=1&jquery=1&compare=1&g2c=1&hide_button=1&switch_HD=1&platform=DESKTOP,The Habitat Realtors (Dealer) | Krunal Kshatriya (Dealer) | Solanki Mehul (Dealer) | Kunal Shah (RERA REGISTERED Dealer)
402982,Gala Ikebana,Residential,NEW LAUNCH,Ahmedabad West,Bodakdev,Gujarat,23.0395628765,72.504372232801,Ahmedabad,380054,65058841,106852400,6.51 - 10.69 Cr,https://www.99acres.com/exidmicrosite/siteplan_g2c.php?live=2&g2c=1&xid_request=1&code=51603,True,"4,5",Well connected with National highway 147 with the distance of 1.3 km | Thaltej metro station at the distance of 2 km | Ambli Road Railway Station only at the distance of 2.8 km | Shalby Multi-Specialty Hospitals at the distance of 3.1 km ,"Stamp Duty: 5.9 % for Male, 4.9 % for Female, 5.9 % for Joint (Male and Female), 4.9 % For Joint (Female and Female) | Registration Charges: Male Ownership: 1%, Female Ownership: No registration charges,  Joint (Male + Female) Ownership: 1 % ",4,Apartment,3317.2,Carpet Area,65058841,True,Jul ‘27 possession,07-2027,https://imagecdn.99acres.com/projects/example/joxzium_1750930003_611942457.jpg,https://www.99acres.com/exidmicrosite/property_2d3d_xid.php?projectCode=51603&bno=102&blockId=106246&fno=F1_102&measurement=1&jquery=1&compare=1&g2c=1&hide_button=1&switch_HD=1&platform=DESKTOP,Parikh Realestate Management Pvt Ltd (RERA REGISTERED Dealer) | Kunal Shah (RERA REGISTERED Dealer)
402982,Gala Ikebana,Residential,NEW LAUNCH,Ahmedabad West,Bodakdev,Gujarat,23.0395628765,72.504372232801,Ahmedabad,380054,65058841,106852400,6.51 - 10.69 Cr,https://www.99acres.com/exidmicrosite/siteplan_g2c.php?live=2&g2c=1&xid_request=1&code=51603,True,"4,5",Well connected with National highway 147 with the distance of 1.3 km | Thaltej metro station at the distance of 2 km | Ambli Road Railway Station only at the distance of 2.8 km | Shalby Multi-Specialty Hospitals at the distance of 3.1 km ,"Stamp Duty: 5.9 % for Male, 4.9 % for Female, 5.9 % for Joint (Male and Female), 4.9 % For Joint (Female and Female) | Registration Charges: Male Ownership: 1%, Female Ownership: No registration charges,  Joint (Male + Female) Ownership: 1 % ",4,Apartment,3979.26,Carpet Area,78043151,True,Jul ‘27 possession,07-2027,https://newprojects.99acres.com/projects/gala_group/gala_ikebana/maps/es755dgm.png,,Parikh Realestate Management Pvt Ltd (RERA REGISTERED Dealer) | Kunal Shah (RERA REGISTERED Dealer)
402982,Gala Ikebana,Residential,NEW LAUNCH,Ahmedabad West,Bodakdev,Gujarat,23.0395628765,72.504372232801,Ahmedabad,380054,65058841,106852400,6.51 - 10.69 Cr,https://www.99acres.com/exidmicrosite/siteplan_g2c.php?live=2&g2c=1&xid_request=1&code=51603,True,"4,5",Well connected with National highway 147 with the distance of 1.3 km | Thaltej metro station at the distance of 2 km | Ambli Road Railway Station only at the distance of 2.8 km | Shalby Multi-Specialty Hospitals at the distance of 3.1 km ,"Stamp Duty: 5.9 % for Male, 4.9 % for Female, 5.9 % for Joint (Male and Female), 4.9 % For Joint (Female and Female) | Registration Charges: Male Ownership: 1%, Female Ownership: No registration charges,  Joint (Male + Female) Ownership: 1 % ",4,Apartment,3982.81,Carpet Area,78101992,True,Jul ‘27 possession,07-2027,https://newprojects.99acres.com/projects/gala_group/gala_ikebana/maps/bfrrq6x6.png,,Parikh Realestate Management Pvt Ltd (RERA REGISTERED Dealer) | Kunal Shah (RERA REGISTERED Dealer)
402982,Gala Ikebana,Residential,NEW LAUNCH,Ahmedabad West,Bodakdev,Gujarat,23.0395628765,72.504372232801,Ahmedabad,380054,65058841,106852400,6.51 - 10.69 Cr,https://www.99acres.com/exidmicrosite/siteplan_g2c.php?live=2&g2c=1&xid_request=1&code=51603,True,"4,5",Well connected with National highway 147 with the distance of 1.3 km | Thaltej metro station at the distance of 2 km | Ambli Road Railway Station only at the distance of 2.8 km | Shalby Multi-Specialty Hospitals at the distance of 3.1 km ,"Stamp Duty: 5.9 % for Male, 4.9 % for Female, 5.9 % for Joint (Male and Female), 4.9 % For Joint (Female and Female) | Registration Charges: Male Ownership: 1%, Female Ownership: No registration charges,  Joint (Male + Female) Ownership: 1 % ",4,Apartment,3987.12,Carpet Area,78200061,True,Jul ‘27 possession,07-2027,https://newprojects.99acres.com/projects/gala_group/gala_ikebana/maps/mqr3wx38.png,,Parikh Realestate Management Pvt Ltd (RERA REGISTERED Dealer) | Kunal Shah (RERA REGISTERED Dealer)
402982,Gala Ikebana,Residential,NEW LAUNCH,Ahmedabad West,Bodakdev,Gujarat,23.0395628765,72.504372232801,Ahmedabad,380054,65058841,106852400,6.51 - 10.69 Cr,https://www.99acres.com/exidmicrosite/siteplan_g2c.php?live=2&g2c=1&xid_request=1&code=51603,True,"4,5",Well connected with National highway 147 with the distance of 1.3 km | Thaltej metro station at the distance of 2 km | Ambli Road Railway Station only at the distance of 2.8 km | Shalby Multi-Specialty Hospitals at the distance of 3.1 km ,"Stamp Duty: 5.9 % for Male, 4.9 % for Female, 5.9 % for Joint (Male and Female), 4.9 % For Joint (Female and Female) | Registration Charges: Male Ownership: 1%, Female Ownership: No registration charges,  Joint (Male + Female) Ownership: 1 % ",5,Apartment,5379.25,Carpet Area,91304060,True,Jul ‘27 possession,07-2027,https://newprojects.99acres.com/projects/gala_group/gala_ikebana/maps/qzkkr0w_1713428031_486938324.jpg,https://www.99acres.com/exidmicrosite/property_2d3d_xid.php?projectCode=51603&bno=114&blockId=106246&fno=F1_114&measurement=1&jquery=1&compare=1&g2c=1&hide_button=1&switch_HD=1&platform=DESKTOP,Parikh Realestate Management Pvt Ltd (RERA REGISTERED Dealer) | Kunal Shah (RERA REGISTERED Dealer)
402982,Gala Ikebana,Residential,NEW LAUNCH,Ahmedabad West,Bodakdev,Gujarat,23.0395628765,72.504372232801,Ahmedabad,380054,65058841,106852400,6.51 - 10.69 Cr,https://www.99acres.com/exidmicrosite/siteplan_g2c.php?live=2&g2c=1&xid_request=1&code=51603,True,"4,5",Well connected with National highway 147 with the distance of 1.3 km | Thaltej metro station at the distance of 2 km | Ambli Road Railway Station only at the distance of 2.8 km | Shalby Multi-Specialty Hospitals at the distance of 3.1 km ,"Stamp Duty: 5.9 % for Male, 4.9 % for Female, 5.9 % for Joint (Male and Female), 4.9 % For Joint (Female and Female) | Registration Charges: Male Ownership: 1%, Female Ownership: No registration charges,  Joint (Male + Female) Ownership: 1 % ",5,Apartment,5383.12,Carpet Area,91371957,True,Jul ‘27 possession,07-2027,https://newprojects.99acres.com/projects/gala_group/gala_ikebana/maps/jahhgur_1713428031_486938332.jpg,https://www.99acres.com/exidmicrosite/property_2d3d_xid.php?projectCode=51603&bno=112&blockId=106246&fno=F1_112&measurement=1&jquery=1&compare=1&g2c=1&hide_button=1&switch_HD=1&platform=DESKTOP,Parikh Realestate Management Pvt Ltd (RERA REGISTERED Dealer) | Kunal Shah (RERA REGISTERED Dealer)
402982,Gala Ikebana,Residential,NEW LAUNCH,Ahmedabad West,Bodakdev,Gujarat,23.0395628765,72.504372232801,Ahmedabad,380054,65058841,106852400,6.51 - 10.69 Cr,https://www.99acres.com/exidmicrosite/siteplan_g2c.php?live=2&g2c=1&xid_request=1&code=51603,True,"4,5",Well connected with National highway 147 with the distance of 1.3 km | Thaltej metro station at the distance of 2 km | Ambli Road Railway Station only at the distance of 2.8 km | Shalby Multi-Specialty Hospitals at the distance of 3.1 km ,"Stamp Duty: 5.9 % for Male, 4.9 % for Female, 5.9 % for Joint (Male and Female), 4.9 % For Joint (Female and Female) | Registration Charges: Male Ownership: 1%, Female Ownership: No registration charges,  Joint (Male + Female) Ownership: 1 % ",5,Apartment,6278.0,Carpet Area,106563839,True,Jul ‘27 possession,07-2027,https://newprojects.99acres.com/projects/gala_group/gala_ikebana/maps/2xens8i_1713428031_486938328.jpg,https://www.99acres.com/exidmicrosite/property_2d3d_xid.php?projectCode=51603&bno=113&blockId=106246&fno=F1_113&measurement=1&jquery=1&compare=1&g2c=1&hide_button=1&switch_HD=1&platform=DESKTOP,Parikh Realestate Management Pvt Ltd (RERA REGISTERED Dealer) | Kunal Shah (RERA REGISTERED Dealer)
402982,Gala Ikebana,Residential,NEW LAUNCH,Ahmedabad West,Bodakdev,Gujarat,23.0395628765,72.504372232801,Ahmedabad,380054,65058841,106852400,6.51 - 10.69 Cr,https://www.99acres.com/exidmicrosite/siteplan_g2c.php?live=2&g2c=1&xid_request=1&code=51603,True,"4,5",Well connected with National highway 147 with the distance of 1.3 km | Thaltej metro station at the distance of 2 km | Ambli Road Railway Station only at the distance of 2.8 km | Shalby Multi-Specialty Hospitals at the distance of 3.1 km ,"Stamp Duty: 5.9 % for Male, 4.9 % for Female, 5.9 % for Joint (Male and Female), 4.9 % For Joint (Female and Female) | Registration Charges: Male Ownership: 1%, Female Ownership: No registration charges,  Joint (Male + Female) Ownership: 1 % ",5,Apartment,6295.0,Carpet Area,106852400,True,Jul ‘27 possession,07-2027,https://newprojects.99acres.com/projects/gala_group/gala_ikebana/maps/ug9u0jy_1713428031_486938326.jpg,https://www.99acres.com/exidmicrosite/property_2d3d_xid.php?projectCode=51603&bno=115&blockId=106246&fno=F1_115&measurement=1&jquery=1&compare=1&g2c=1&hide_button=1&switch_HD=1&platform=DESKTOP,Parikh Realestate Management Pvt Ltd (RERA REGISTERED Dealer) | Kunal Shah (RERA REGISTERED Dealer)
402982,Gala Ikebana,Residential,NEW LAUNCH,Ahmedabad West,Bodakdev,Gujarat,23.0395628765,72.504372232801,Ahmedabad,380054,65058841,106852400,6.51 - 10.69 Cr,https://www.99acres.com/exidmicrosite/siteplan_g2c.php?live=2&g2c=1&xid_request=1&code=51603,True,"4,5",Well connected with National highway 147 with the distance of 1.3 km | Thaltej metro station at the distance of 2 km | Ambli Road Railway Station only at the distance of 2.8 km | Shalby Multi-Specialty Hospitals at the distance of 3.1 km ,"Stamp Duty: 5.9 % for Male, 4.9 % for Female, 5.9 % for Joint (Male and Female), 4.9 % For Joint (Female and Female) | Registration Charges: Male Ownership: 1%, Female Ownership: No registration charges,  Joint (Male + Female) Ownership: 1 % ",5,Apartment,4065.99,Carpet Area,0,False,Jul ‘27 possession,07-2027,https://imagecdn.99acres.com/projects/example/qlxwrr2_1750930039_611942809.jpg,https://www.99acres.com/exidmicrosite/property_2d3d_xid.php?projectCode=51603&bno=110&blockId=106246&fno=F1_110&measurement=1&jquery=1&compare=1&g2c=1&hide_button=1&switch_HD=1&platform=DESKTOP,
393896,The 31st,Residential,NEW LAUNCH,Ahmedabad West,Thaltej,Gujarat,23.053571703811,72.484523496425,"Thaltej, Ahmedabad West",380059,39859056,42109164,3.99 - 4.21 Cr,https://www.99acres.com/exidmicrosite/siteplan_g2c.php?live=2&g2c=1&xid_request=1&code=49272,True,4,"31-storey landmark offering elevated sky living | 31,000+ sq.ft. of exclusive recreational spaces | Only 3 residences per floor with 5 high-speed lifts | Unobstructed 360° panoramic views","Stamp Duty: 5.9 % for Male, 4.9 % for Female, 5.9 % for Joint (Male and Female), 4.9 % For Joint (Female and Female) | Registration Charges: Male Ownership: 1%, Female Ownership: No registration charges,  Joint (Male + Female) Ownership: 1 % ",4,Apartment,4464.0,Super Built-up Area,39859056,True,Dec ‘27 possession,12-2027,https://newprojects.99acres.com/projects/beverly_buildcon/beverly_the_31st/maps/peqll9li.jpg,https://www.99acres.com/exidmicrosite/property_2d3d_xid.php?projectCode=49272&bno=101&blockId=101458&fno=F1_101&measurement=1&jquery=1&compare=1&g2c=1&hide_button=1&switch_HD=1&platform=DESKTOP,AV REALTY (Dealer) | Harsh Vakil (Dealer) | Kunal Shah (RERA REGISTERED Dealer)
393896,The 31st,Residential,NEW LAUNCH,Ahmedabad West,Thaltej,Gujarat,23.053571703811,72.484523496425,"Thaltej, Ahmedabad West",380059,39859056,42109164,3.99 - 4.21 Cr,https://www.99acres.com/exidmicrosite/siteplan_g2c.php?live=2&g2c=1&xid_request=1&code=49272,True,4,"31-storey landmark offering elevated sky living | 31,000+ sq.ft. of exclusive recreational spaces | Only 3 residences per floor with 5 high-speed lifts | Unobstructed 360° panoramic views","Stamp Duty: 5.9 % for Male, 4.9 % for Female, 5.9 % for Joint (Male and Female), 4.9 % For Joint (Female and Female) | Registration Charges: Male Ownership: 1%, Female Ownership: No registration charges,  Joint (Male + Female) Ownership: 1 % ",4,Apartment,4716.0,Super Built-up Area,42109164,True,Dec ‘27 possession,12-2027,https://newprojects.99acres.com/projects/beverly_buildcon/beverly_the_31st/maps/u91yertm.png,https://www.99acres.com/exidmicrosite/property_2d3d_xid.php?projectCode=49272&bno=103&blockId=108048&fno=F1_103&measurement=1&jquery=1&compare=1&g2c=1&hide_button=1&switch_HD=1&platform=DESKTOP,AV REALTY (Dealer) | Harsh Vakil (Dealer) | Kunal Shah (RERA REGISTERED Dealer)
430025,Shaligram Sky,Residential,NEW LAUNCH,Ahmedabad West,Satellite,Gujarat,23.032654173344,72.511912332316,"Satellite, Ahmedabad West",380015,31500000,39900000,3.15 - 3.99 Cr,https://www.99acres.com/exidmicrosite/siteplan_g2c.php?live=2&g2c=1&xid_request=1&code=57241,True,4,"Experience prime 4 BHK luxury in the heart of Satellite, Ahmedabad | Access premium podium level amenities including a library and theater | Stay comfortable with advanced VRV air conditioning and digital locks | Get Unit of your choice","Stamp Duty: 5.9 % for Male, 4.9 % for Female, 5.9 % for Joint (Male and Female), 4.9 % For Joint (Female and Female) | Registration Charges: Male Ownership: 1%, Female Ownership: No registration charges,  Joint (Male + Female) Ownership: 1 % ",4,Apartment,1855.8,Carpet Area,31500000,True,Oct ‘29 possession,10-2029,https://newprojects.99acres.com/projects/shaligram_space/shaligram_sky/maps/ybsg0zb_1721217331_505183803_O.jpg,https://www.99acres.com/exidmicrosite/property_2d3d_xid.php?projectCode=57241&bno=101&blockId=124698&fno=F1_101&measurement=1&jquery=1&compare=1&g2c=1&hide_button=1&switch_HD=1&platform=DESKTOP,Krunal Kshatriya (Dealer) | ENCHANTING SPACES (RERA REGISTERED Dealer)
430025,Shaligram Sky,Residential,NEW LAUNCH,Ahmedabad West,Satellite,Gujarat,23.032654173344,72.511912332316,"Satellite, Ahmedabad West",380015,31500000,39900000,3.15 - 3.99 Cr,https://www.99acres.com/exidmicrosite/siteplan_g2c.php?live=2&g2c=1&xid_request=1&code=57241,True,4,"Experience prime 4 BHK luxury in the heart of Satellite, Ahmedabad | Access premium podium level amenities including a library and theater | Stay comfortable with advanced VRV air conditioning and digital locks | Get Unit of your choice","Stamp Duty: 5.9 % for Male, 4.9 % for Female, 5.9 % for Joint (Male and Female), 4.9 % For Joint (Female and Female) | Registration Charges: Male Ownership: 1%, Female Ownership: No registration charges,  Joint (Male + Female) Ownership: 1 % ",4,Apartment,2476.3,Carpet Area,39900000,True,Oct ‘29 possession,10-2029,https://newprojects.99acres.com/projects/shaligram_space/shaligram_sky/maps/lhm6wbd_1721217367_505183933_O.jpg,https://www.99acres.com/exidmicrosite/property_2d3d_xid.php?projectCode=57241&bno=102&blockId=119260&fno=F1_102&measurement=1&jquery=1&compare=1&g2c=1&hide_button=1&switch_HD=1&platform=DESKTOP,Krunal Kshatriya (Dealer) | ENCHANTING SPACES (RERA REGISTERED Dealer)
450275,The Park By Parmeshwar,Residential,NEW LAUNCH,Ahmedabad North,Zundal,Gujarat,23.123353,72.568901,"Opp. Pancham Pentagon, , Gandhinagar, Gandhinagar, GUJARAT, 382421",382421,0,0,Price on Request,https://www.99acres.com/exidmicrosite/siteplan_g2c.php?live=2&g2c=1&xid_request=1&code=61216,True,"2,3",Lakefront living that mirrors your way of life | Over 27 lifestyle amenities for a fun and refined living | Provision for EV charging points | On-site shopping with 16 exclusive retail outlets,"Stamp Duty: 5.9 % for Male, 4.9 % for Female, 5.9 % for Joint (Male and Female), 4.9 % For Joint (Female and Female) | Registration Charges: Male Ownership: 1%, Female Ownership: No registration charges,  Joint (Male + Female) Ownership: 1 % ",2,Apartment,698.04,Carpet Area,0,False,,,https://imagecdn.99acres.com/projects/example/pjkozn1_1756279339_639336049.jpg,https://www.99acres.com/exidmicrosite/property_2d3d_xid.php?projectCode=61216&bno=101&blockId=128749&fno=F1_101&measurement=1&jquery=1&compare=1&g2c=1&hide_button=1&switch_HD=1&platform=DESKTOP,
450275,The Park By Parmeshwar,Residential,NEW LAUNCH,Ahmedabad North,Zundal,Gujarat,23.123353,72.568901,"Opp. Pancham Pentagon, , Gandhinagar, Gandhinagar, GUJARAT, 382421",382421,0,0,Price on Request,https://www.99acres.com/exidmicrosite/siteplan_g2c.php?live=2&g2c=1&xid_request=1&code=61216,True,"2,3",Lakefront living that mirrors your way of life | Over 27 lifestyle amenities for a fun and refined living | Provision for EV charging points | On-site shopping with 16 exclusive retail outlets,"Stamp Duty: 5.9 % for Male, 4.9 % for Female, 5.9 % for Joint (Male and Female), 4.9 % For Joint (Female and Female) | Registration Charges: Male Ownership: 1%, Female Ownership: No registration charges,  Joint (Male + Female) Ownership: 1 % ",2,Apartment,698.9,Carpet Area,0,False,Dec ‘29 possession,12-2029,https://imagecdn.99acres.com/projects/example/xhgram0_1756279404_639336563.jpg,https://www.99acres.com/exidmicrosite/property_2d3d_xid.php?projectCode=61216&bno=102&blockId=128749&fno=F1_102&measurement=1&jquery=1&compare=1&g2c=1&hide_button=1&switch_HD=1&platform=DESKTOP,
450275,The Park By Parmeshwar,Residential,NEW LAUNCH,Ahmedabad North,Zundal,Gujarat,23.123353,72.568901,"Opp. Pancham Pentagon, , Gandhinagar, Gandhinagar, GUJARAT, 382421",382421,0,0,Price on Request,https://www.99acres.com/exidmicrosite/siteplan_g2c.php?live=2&g2c=1&xid_request=1&code=61216,True,"2,3",Lakefront living that mirrors your way of life | Over 27 lifestyle amenities for a fun and refined living | Provision for EV charging points | On-site shopping with 16 exclusive retail outlets,"Stamp Duty: 5.9 % for Male, 4.9 % for Female, 5.9 % for Joint (Male and Female), 4.9 % For Joint (Female and Female) | Registration Charges: Male Ownership: 1%, Female Ownership: No registration charges,  Joint (Male + Female) Ownership: 1 % ",2,Apartment,730.87,Carpet Area,0,False,Dec ‘29 possession,12-2029,https://imagecdn.99acres.com/projects/example/l0fuz1t_1756279492_639336959.jpg,https://www.99acres.com/exidmicrosite/property_2d3d_xid.php?projectCode=61216&bno=103&blockId=128749&fno=F1_103&measurement=1&jquery=1&compare=1&g2c=1&hide_button=1&switch_HD=1&platform=DESKTOP,
450275,The Park By Parmeshwar,Residential,NEW LAUNCH,Ahmedabad North,Zundal,Gujarat,23.123353,72.568901,"Opp. Pancham Pentagon, , Gandhinagar, Gandhinagar, GUJARAT, 382421",382421,0,0,Price on Request,https://www.99acres.com/exidmicrosite/siteplan_g2c.php?live=2&g2c=1&xid_request=1&code=61216,True,"2,3",Lakefront living that mirrors your way of life | Over 27 lifestyle amenities for a fun and refined living | Provision for EV charging points | On-site shopping with 16 exclusive retail outlets,"Stamp Duty: 5.9 % for Male, 4.9 % for Female, 5.9 % for Joint (Male and Female), 4.9 % For Joint (Female and Female) | Registration Charges: Male Ownership: 1%, Female Ownership: No registration charges,  Joint (Male + Female) Ownership: 1 % ",2,Apartment,769.51,Carpet Area,0,False,Dec ‘29 possession,12-2029,https://imagecdn.99acres.com/projects/example/dd0h5ly_1756279526_639337149.jpg,https://www.99acres.com/exidmicrosite/property_2d3d_xid.php?projectCode=61216&bno=106&blockId=128749&fno=F1_106&measurement=1&jquery=1&compare=1&g2c=1&hide_button=1&switch_HD=1&platform=DESKTOP,
450275,The Park By Parmeshwar,Residential,NEW LAUNCH,Ahmedabad North,Zundal,Gujarat,23.123353,72.568901,"Opp. Pancham Pentagon, , Gandhinagar, Gandhinagar, GUJARAT, 382421",382421,0,0,Price on Request,https://www.99acres.com/exidmicrosite/siteplan_g2c.php?live=2&g2c=1&xid_request=1&code=61216,True,"2,3",Lakefront living that mirrors your way of life | Over 27 lifestyle amenities for a fun and refined living | Provision for EV charging points | On-site shopping with 16 exclusive retail outlets,"Stamp Duty: 5.9 % for Male, 4.9 % for Female, 5.9 % for Joint (Male and Female), 4.9 % For Joint (Female and Female) | Registration Charges: Male Ownership: 1%, Female Ownership: No registration charges,  Joint (Male + Female) Ownership: 1 % ",2,Apartment,965.63,Carpet Area,0,False,Dec ‘29 possession,12-2029,https://imagecdn.99acres.com/projects/example/2oiewdc_1756279560_639337565.jpg,https://www.99acres.com/exidmicrosite/property_2d3d_xid.php?projectCode=61216&bno=107&blockId=128749&fno=F1_107&measurement=1&jquery=1&compare=1&g2c=1&hide_button=1&switch_HD=1&platform=DESKTOP,
450275,The Park By Parmeshwar,Residential,NEW LAUNCH,Ahmedabad North,Zundal,Gujarat,23.123353,72.568901,"Opp. Pancham Pentagon, , Gandhinagar, Gandhinagar, GUJARAT, 382421",382421,0,0,Price on Request,https://www.99acres.com/exidmicrosite/siteplan_g2c.php?live=2&g2c=1&xid_request=1&code=61216,True,"2,3",Lakefront living that mirrors your way of life | Over 27 lifestyle amenities for a fun and refined living | Provision for EV charging points | On-site shopping with 16 exclusive retail outlets,"Stamp Duty: 5.9 % for Male, 4.9 % for Female, 5.9 % for Joint (Male and Female), 4.9 % For Joint (Female and Female) | Registration Charges: Male Ownership: 1%, Female Ownership: No registration charges,  Joint (Male + Female) Ownership: 1 % ",3,Apartment,1117.83,Carpet Area,0,False,Dec ‘29 possession,12-2029,https://imagecdn.99acres.com/projects/example/kdgape1_1756279302_639335749.jpg,https://www.99acres.com/exidmicrosite/property_2d3d_xid.php?projectCode=61216&bno=104&blockId=128749&fno=F1_104&measurement=1&jquery=1&compare=1&g2c=1&hide_button=1&switch_HD=1&platform=DESKTOP,
450275,The Park By Parmeshwar,Residential,NEW LAUNCH,Ahmedabad North,Zundal,Gujarat,23.123353,72.568901,"Opp. Pancham Pentagon, , Gandhinagar, Gandhinagar, GUJARAT, 382421",382421,0,0,Price on Request,https://www.99acres.com/exidmicrosite/siteplan_g2c.php?live=2&g2c=1&xid_request=1&code=61216,True,"2,3",Lakefront living that mirrors your way of life | Over 27 lifestyle amenities for a fun and refined living | Provision for EV charging points | On-site shopping with 16 exclusive retail outlets,"Stamp Duty: 5.9 % for Male, 4.9 % for Female, 5.9 % for Joint (Male and Female), 4.9 % For Joint (Female and Female) | Registration Charges: Male Ownership: 1%, Female Ownership: No registration charges,  Joint (Male + Female) Ownership: 1 % ",3,Apartment,1318.04,Carpet Area,0,False,Dec ‘29 possession,12-2029,https://imagecdn.99acres.com/projects/example/rfyjuu2_1756279265_639335295.jpg,https://www.99acres.com/exidmicrosite/property_2d3d_xid.php?projectCode=61216&bno=105&blockId=128749&fno=F1_105&measurement=1&jquery=1&compare=1&g2c=1&hide_button=1&switch_HD=1&platform=DESKTOP,
428567,Polaris Callisto,Residential,NEW LAUNCH,Ahmedabad North,Motera,Gujarat,23.104529,72.611897,"Polaris Callisto, Koteshwar Bhat Rd, opposite Polaris Celestia, Koteshwar, Ahmedabad, Gujarat 380005",0,19995000,21027000,2 - 2.1 Cr,https://www.99acres.com/exidmicrosite/siteplan_g2c.php?live=2&g2c=1&xid_request=1&code=58722,True,4,"Two-level basement parking with wide driveways for hassle-free access | Serene greenery with a common plot and beautifully landscaped surroundings | Modern lifestyle with fitness center, yoga space & jogging track | Family-friendly with clubhouse, kids' play area & guest rooms","Stamp Duty: 5.9 % for Male, 4.9 % for Female, 5.9 % for Joint (Male and Female), 4.9 % For Joint (Female and Female) | Registration Charges: Male Ownership: 1%, Female Ownership: No registration charges,  Joint (Male + Female) Ownership: 1 % ",4,Apartment,1938.04,Carpet Area,19995000,True,Dec ‘27 possession,12-2027,https://imagecdn.99acres.com/projects/example/o7ts6dz_1735365195_544268633.jpg,https://www.99acres.com/exidmicrosite/property_2d3d_xid.php?projectCode=58722&bno=101&blockId=122518&fno=F1_101&measurement=1&jquery=1&compare=1&g2c=1&hide_button=1&switch_HD=1&platform=DESKTOP,POLARIS GROUP (Builder)
428567,Polaris Callisto,Residential,NEW LAUNCH,Ahmedabad North,Motera,Gujarat,23.104529,72.611897,"Polaris Callisto, Koteshwar Bhat Rd, opposite Polaris Celestia, Koteshwar, Ahmedabad, Gujarat 380005",0,19995000,21027000,2 - 2.1 Cr,https://www.99acres.com/exidmicrosite/siteplan_g2c.php?live=2&g2c=1&xid_request=1&code=58722,True,4,"Two-level basement parking with wide driveways for hassle-free access | Serene greenery with a common plot and beautifully landscaped surroundings | Modern lifestyle with fitness center, yoga space & jogging track | Family-friendly with clubhouse, kids' play area & guest rooms","Stamp Duty: 5.9 % for Male, 4.9 % for Female, 5.9 % for Joint (Male and Female), 4.9 % For Joint (Female and Female) | Registration Charges: Male Ownership: 1%, Female Ownership: No registration charges,  Joint (Male + Female) Ownership: 1 % ",4,Apartment,2009.73,Carpet Area,21027000,True,Dec ‘27 possession,12-2027,https://imagecdn.99acres.com/projects/example/cbkruea_1735365230_544268863.jpg,https://www.99acres.com/exidmicrosite/property_2d3d_xid.php?projectCode=58722&bno=102&blockId=123632&fno=F1_102&measurement=1&jquery=1&compare=1&g2c=1&hide_button=1&switch_HD=1&platform=DESKTOP,POLARIS GROUP (Builder)
429129,MBA Om Elegance,Residential,NEW LAUNCH,Ahmedabad North,Zundal,Gujarat,23.138075,72.579853,"Zundal, Ahmedabad North",382421,8500000,8500000,85 L,https://www.99acres.com/exidmicrosite/siteplan_g2c.php?live=2&g2c=1&xid_request=1&code=58982,True,3,"Seating Balcony in all 3 Bedrooms, first time in Zundal | Solar PV Installations on terrace for sustainable energy | Spacious 106 residential units ensuring exclusivity and low density | Fully developed terrace with huge amenities & heat reflection tiles","Stamp Duty: 5.9 % for Male, 4.9 % for Female, 5.9 % for Joint (Male and Female), 4.9 % For Joint (Female and Female) | Registration Charges: Male Ownership: 1%, Female Ownership: No registration charges,  Joint (Male + Female) Ownership: 1 % ",3,Apartment,865.53,Carpet Area,8500000,True,Dec ‘28 possession,12-2028,https://imagecdn.99acres.com/projects/example/hlbqobx_1738309053_565737093.jpg,https://www.99acres.com/exidmicrosite/property_2d3d_xid.php?projectCode=58982&bno=101&blockId=123190&fno=F1_101&measurement=1&jquery=1&compare=1&g2c=1&hide_button=1&switch_HD=1&platform=DESKTOP,MR VINOD (Dealer) | Vijay Desai (Dealer) | Kintu Shah (Dealer)
429129,MBA Om Elegance,Residential,NEW LAUNCH,Ahmedabad North,Zundal,Gujarat,23.138075,72.579853,"Zundal, Ahmedabad North",382421,8500000,8500000,85 L,https://www.99acres.com/exidmicrosite/siteplan_g2c.php?live=2&g2c=1&xid_request=1&code=58982,True,3,"Seating Balcony in all 3 Bedrooms, first time in Zundal | Solar PV Installations on terrace for sustainable energy | Spacious 106 residential units ensuring exclusivity and low density | Fully developed terrace with huge amenities & heat reflection tiles","Stamp Duty: 5.9 % for Male, 4.9 % for Female, 5.9 % for Joint (Male and Female), 4.9 % For Joint (Female and Female) | Registration Charges: Male Ownership: 1%, Female Ownership: No registration charges,  Joint (Male + Female) Ownership: 1 % ",3,Apartment,870.48,Carpet Area,0,False,Dec ‘28 possession,12-2028,https://imagecdn.99acres.com/projects/example/tqdlsyo_1738309163_565738017.jpg,https://www.99acres.com/exidmicrosite/property_2d3d_xid.php?projectCode=58982&bno=102&blockId=123190&fno=F1_102&measurement=1&jquery=1&compare=1&g2c=1&hide_button=1&switch_HD=1&platform=DESKTOP,
399881,D R Praharsh Bluebell,Residential,NEW LAUNCH,Ahmedabad West,South Bopal,Gujarat,23.01176332590665,72.46639095826298,"South Bopal, Ahmedabad West",380058,8803544,8821248,88.04 - 88.21 L,https://www.99acres.com/exidmicrosite/siteplan_g2c.php?live=2&g2c=1&xid_request=1&code=52432,True,3,"22-story building, tallest in the area on VIP Road | 5000 sq. ft. green open space on the ground floor | 150 ft. wide VIP main road & a 40 ft. wide road corner | Deck area and lush greenery on the first floor.","Stamp Duty: 5.9 % for Male, 4.9 % for Female, 5.9 % for Joint (Male and Female), 4.9 % For Joint (Female and Female) | Registration Charges: Male Ownership: 1%, Female Ownership: No registration charges,  Joint (Male + Female) Ownership: 1 % ",3,Apartment,856.38,Carpet Area,8803544,True,Dec ‘26 possession,12-2026,https://newprojects.99acres.com/projects/d_r_infrastructure/d_r_praharsh_bluebell/maps/jyje8854.jpg,https://www.99acres.com/exidmicrosite/property_2d3d_xid.php?projectCode=52432&bno=101&blockId=109958&fno=F1_101&measurement=1&jquery=1&compare=1&g2c=1&hide_button=1&switch_HD=1&platform=DESKTOP,Rajvi Realty (RERA REGISTERED Dealer)
399881,D R Praharsh Bluebell,Residential,NEW LAUNCH,Ahmedabad West,South Bopal,Gujarat,23.01176332590665,72.46639095826298,"South Bopal, Ahmedabad West",380058,8803544,8821248,88.04 - 88.21 L,https://www.99acres.com/exidmicrosite/siteplan_g2c.php?live=2&g2c=1&xid_request=1&code=52432,True,3,"22-story building, tallest in the area on VIP Road | 5000 sq. ft. green open space on the ground floor | 150 ft. wide VIP main road & a 40 ft. wide road corner | Deck area and lush greenery on the first floor.","Stamp Duty: 5.9 % for Male, 4.9 % for Female, 5.9 % for Joint (Male and Female), 4.9 % For Joint (Female and Female) | Registration Charges: Male Ownership: 1%, Female Ownership: No registration charges,  Joint (Male + Female) Ownership: 1 % ",3,Apartment,857.99,Carpet Area,8820142,True,Dec ‘26 possession,12-2026,https://newprojects.99acres.com/projects/d_r_infrastructure/d_r_praharsh_bluebell/maps/ia70ecjs.jpg,https://www.99acres.com/exidmicrosite/property_2d3d_xid.php?projectCode=52432&bno=103&blockId=108754&fno=F1_103&measurement=1&jquery=1&compare=1&g2c=1&hide_button=1&switch_HD=1&platform=DESKTOP,Rajvi Realty (RERA REGISTERED Dealer)
399881,D R Praharsh Bluebell,Residential,NEW LAUNCH,Ahmedabad West,South Bopal,Gujarat,23.01176332590665,72.46639095826298,"South Bopal, Ahmedabad West",380058,8803544,8821248,88.04 - 88.21 L,https://www.99acres.com/exidmicrosite/siteplan_g2c.php?live=2&g2c=1&xid_request=1&code=52432,True,3,"22-story building, tallest in the area on VIP Road | 5000 sq. ft. green open space on the ground floor | 150 ft. wide VIP main road & a 40 ft. wide road corner | Deck area and lush greenery on the first floor.","Stamp Duty: 5.9 % for Male, 4.9 % for Female, 5.9 % for Joint (Male and Female), 4.9 % For Joint (Female and Female) | Registration Charges: Male Ownership: 1%, Female Ownership: No registration charges,  Joint (Male + Female) Ownership: 1 % ",3,Apartment,858.1,Carpet Area,8821248,True,Dec ‘26 possession,12-2026,https://newprojects.99acres.com/projects/d_r_infrastructure/d_r_praharsh_bluebell/maps/bt6cn7jj.jpg,https://www.99acres.com/exidmicrosite/property_2d3d_xid.php?projectCode=52432&bno=103&blockId=108754&fno=F1_103&measurement=1&jquery=1&compare=1&g2c=1&hide_button=1&switch_HD=1&platform=DESKTOP,Rajvi Realty (RERA REGISTERED Dealer)
404274,HR Eliseo,Residential,NEW LAUNCH,Ahmedabad West,Shela,Gujarat,23.005887,72.451612,"Shela, Ahmedabad West",382465,14124986,26058194,1.41 - 2.61 Cr,https://www.99acres.com/exidmicrosite/siteplan_g2c.php?live=2&g2c=1&xid_request=1&code=52239,True,4,Well-designed units with ample space and lighting | Prime location on a 2-road corner for accessibility and visibility | Each tower has 3 lifts for smooth vertical movement | 11.11% price appreciation in the last 1 year,"Stamp Duty: 5.9 % for Male, 4.9 % for Female, 5.9 % for Joint (Male and Female), 4.9 % For Joint (Female and Female) | Registration Charges: Male Ownership: 1%, Female Ownership: No registration charges,  Joint (Male + Female) Ownership: 1 % ",4,Apartment,1409.96,Carpet Area,14124986,True,Oct ‘26 possession,10-2026,https://newprojects.99acres.com/projects/hr_spacecon_llp/hr_eliseo/maps/c9kj3hf1.jpg,https://www.99acres.com/exidmicrosite/property_2d3d_xid.php?projectCode=52239&bno=101&blockId=108506&fno=F1_101&measurement=1&jquery=1&compare=1&g2c=1&hide_button=1&switch_HD=1&platform=DESKTOP,Proptiger Marketing Services Pvt Ltd (Dealer) | Daksh Realtors (Dealer)
404274,HR Eliseo,Residential,NEW LAUNCH,Ahmedabad West,Shela,Gujarat,23.005887,72.451612,"Shela, Ahmedabad West",382465,14124986,26058194,1.41 - 2.61 Cr,https://www.99acres.com/exidmicrosite/siteplan_g2c.php?live=2&g2c=1&xid_request=1&code=52239,True,4,Well-designed units with ample space and lighting | Prime location on a 2-road corner for accessibility and visibility | Each tower has 3 lifts for smooth vertical movement | 11.11% price appreciation in the last 1 year,"Stamp Duty: 5.9 % for Male, 4.9 % for Female, 5.9 % for Joint (Male and Female), 4.9 % For Joint (Female and Female) | Registration Charges: Male Ownership: 1%, Female Ownership: No registration charges,  Joint (Male + Female) Ownership: 1 % ",4,Apartment,2740.17,Carpet Area,26058194,True,Oct ‘26 possession,10-2026,https://imagecdn.99acres.com/projects/example/fbgqwzq_1752730781_620047009.jpg,,Proptiger Marketing Services Pvt Ltd (Dealer) | Daksh Realtors (Dealer)
392363,Imperia Vista,Residential,NEW LAUNCH,Ahmedabad North,Zundal,Gujarat,23.136823430563,72.578377881326,"Imperia Vista,near Aditya Greens, Gandhinagar,Gandhinagar",382421,4892400,7487804,48.92 - 74.88 L,https://www.99acres.com/exidmicrosite/siteplan_g2c.php?live=2&g2c=1&xid_request=1&code=49037,True,"2,3","Double basement provides ample space for car parking  | Located on the main road for easy access to major destinations. | Equipped with paved roads, 3-phase electricity, and water pipelines | Offers 24/7 security, CCTV surveillance, and a compound wall","Stamp Duty: 5.9 % for Male, 4.9 % for Female, 5.9 % for Joint (Male and Female), 4.9 % For Joint (Female and Female) | Registration Charges: Male Ownership: 1%, Female Ownership: No registration charges,  Joint (Male + Female) Ownership: 1 % ",2,Apartment,1359.0,Super Built-up Area,4892400,True,Dec ‘24 possession,12-2024,https://newprojects.99acres.com/projects/smarak_realty/smarak_imperia_vista/maps/70pdyqbx.png,https://www.99acres.com/exidmicrosite/property_2d3d_xid.php?projectCode=49037&bno=101&blockId=100976&fno=F1_101&measurement=1&jquery=1&compare=1&g2c=1&hide_button=1&switch_HD=1&platform=DESKTOP,Mitesh Bagrecha (Dealer) | RAKESH PRAJAPATI (RERA REGISTERED Dealer) | CITY SPACE REALTY (Dealer)
392363,Imperia Vista,Residential,NEW LAUNCH,Ahmedabad North,Zundal,Gujarat,23.136823430563,72.578377881326,"Imperia Vista,near Aditya Greens, Gandhinagar,Gandhinagar",382421,4892400,7487804,48.92 - 74.88 L,https://www.99acres.com/exidmicrosite/siteplan_g2c.php?live=2&g2c=1&xid_request=1&code=49037,True,"2,3","Double basement provides ample space for car parking  | Located on the main road for easy access to major destinations. | Equipped with paved roads, 3-phase electricity, and water pipelines | Offers 24/7 security, CCTV surveillance, and a compound wall","Stamp Duty: 5.9 % for Male, 4.9 % for Female, 5.9 % for Joint (Male and Female), 4.9 % For Joint (Female and Female) | Registration Charges: Male Ownership: 1%, Female Ownership: No registration charges,  Joint (Male + Female) Ownership: 1 % ",2,Apartment,1404.0,Super Built-up Area,5054400,True,Dec ‘24 possession,12-2024,https://newprojects.99acres.com/projects/smarak_realty/smarak_imperia_vista/maps/1c9awuk8.png,https://www.99acres.com/exidmicrosite/property_2d3d_xid.php?projectCode=49037&bno=102&blockId=100976&fno=F1_102&measurement=1&jquery=1&compare=1&g2c=1&hide_button=1&switch_HD=1&platform=DESKTOP,Mitesh Bagrecha (Dealer) | RAKESH PRAJAPATI (RERA REGISTERED Dealer) | CITY SPACE REALTY (Dealer)
392363,Imperia Vista,Residential,NEW LAUNCH,Ahmedabad North,Zundal,Gujarat,23.136823430563,72.578377881326,"Imperia Vista,near Aditya Greens, Gandhinagar,Gandhinagar",382421,4892400,7487804,48.92 - 74.88 L,https://www.99acres.com/exidmicrosite/siteplan_g2c.php?live=2&g2c=1&xid_request=1&code=49037,True,"2,3","Double basement provides ample space for car parking  | Located on the main road for easy access to major destinations. | Equipped with paved roads, 3-phase electricity, and water pipelines | Offers 24/7 security, CCTV surveillance, and a compound wall","Stamp Duty: 5.9 % for Male, 4.9 % for Female, 5.9 % for Joint (Male and Female), 4.9 % For Joint (Female and Female) | Registration Charges: Male Ownership: 1%, Female Ownership: No registration charges,  Joint (Male + Female) Ownership: 1 % ",2,Apartment,1431.0,Super Built-up Area,5400000,True,Dec ‘24 possession,12-2024,https://newprojects.99acres.com/projects/smarak_realty/smarak_imperia_vista/maps/z7b9k129.png,https://www.99acres.com/exidmicrosite/property_2d3d_xid.php?projectCode=49037&bno=103&blockId=100976&fno=F1_103&measurement=1&jquery=1&compare=1&g2c=1&hide_button=1&switch_HD=1&platform=DESKTOP,Mitesh Bagrecha (Dealer) | RAKESH PRAJAPATI (RERA REGISTERED Dealer) | CITY SPACE REALTY (Dealer) | BHAVESH PANDYA (Dealer)
392363,Imperia Vista,Residential,NEW LAUNCH,Ahmedabad North,Zundal,Gujarat,23.136823430563,72.578377881326,"Imperia Vista,near Aditya Greens, Gandhinagar,Gandhinagar",382421,4892400,7487804,48.92 - 74.88 L,https://www.99acres.com/exidmicrosite/siteplan_g2c.php?live=2&g2c=1&xid_request=1&code=49037,True,"2,3","Double basement provides ample space for car parking  | Located on the main road for easy access to major destinations. | Equipped with paved roads, 3-phase electricity, and water pipelines | Offers 24/7 security, CCTV surveillance, and a compound wall","Stamp Duty: 5.9 % for Male, 4.9 % for Female, 5.9 % for Joint (Male and Female), 4.9 % For Joint (Female and Female) | Registration Charges: Male Ownership: 1%, Female Ownership: No registration charges,  Joint (Male + Female) Ownership: 1 % ",2,Apartment,1440.0,Super Built-up Area,5184000,True,Dec ‘24 possession,12-2024,https://newprojects.99acres.com/projects/smarak_realty/smarak_imperia_vista/maps/ayicfttw.png,https://www.99acres.com/exidmicrosite/property_2d3d_xid.php?projectCode=49037&bno=104&blockId=100976&fno=F1_104&measurement=1&jquery=1&compare=1&g2c=1&hide_button=1&switch_HD=1&platform=DESKTOP,Mitesh Bagrecha (Dealer) | RAKESH PRAJAPATI (RERA REGISTERED Dealer) | CITY SPACE REALTY (Dealer)
392363,Imperia Vista,Residential,NEW LAUNCH,Ahmedabad North,Zundal,Gujarat,23.136823430563,72.578377881326,"Imperia Vista,near Aditya Greens, Gandhinagar,Gandhinagar",382421,4892400,7487804,48.92 - 74.88 L,https://www.99acres.com/exidmicrosite/siteplan_g2c.php?live=2&g2c=1&xid_request=1&code=49037,True,"2,3","Double basement provides ample space for car parking  | Located on the main road for easy access to major destinations. | Equipped with paved roads, 3-phase electricity, and water pipelines | Offers 24/7 security, CCTV surveillance, and a compound wall","Stamp Duty: 5.9 % for Male, 4.9 % for Female, 5.9 % for Joint (Male and Female), 4.9 % For Joint (Female and Female) | Registration Charges: Male Ownership: 1%, Female Ownership: No registration charges,  Joint (Male + Female) Ownership: 1 % ",3,Apartment,1845.0,Super Built-up Area,7071000,True,Dec ‘24 possession,12-2024,https://newprojects.99acres.com/projects/smarak_realty/smarak_imperia_vista/maps/gmo29xma.png,https://www.99acres.com/exidmicrosite/property_2d3d_xid.php?projectCode=49037&bno=105&blockId=100976&fno=F1_105&measurement=1&jquery=1&compare=1&g2c=1&hide_button=1&switch_HD=1&platform=DESKTOP,Mitesh Bagrecha (Dealer) | RAKESH PRAJAPATI (RERA REGISTERED Dealer) | CITY SPACE REALTY (Dealer) | BHAVESH PANDYA (Dealer)
392363,Imperia Vista,Residential,NEW LAUNCH,Ahmedabad North,Zundal,Gujarat,23.136823430563,72.578377881326,"Imperia Vista,near Aditya Greens, Gandhinagar,Gandhinagar",382421,4892400,7487804,48.92 - 74.88 L,https://www.99acres.com/exidmicrosite/siteplan_g2c.php?live=2&g2c=1&xid_request=1&code=49037,True,"2,3","Double basement provides ample space for car parking  | Located on the main road for easy access to major destinations. | Equipped with paved roads, 3-phase electricity, and water pipelines | Offers 24/7 security, CCTV surveillance, and a compound wall","Stamp Duty: 5.9 % for Male, 4.9 % for Female, 5.9 % for Joint (Male and Female), 4.9 % For Joint (Female and Female) | Registration Charges: Male Ownership: 1%, Female Ownership: No registration charges,  Joint (Male + Female) Ownership: 1 % ",3,Apartment,1842.0,Super Built-up Area,7487804,True,Dec ‘24 possession,12-2024,https://newprojects.99acres.com/projects/smarak_realty/smarak_imperia_vista/maps/vyc9sbp7.png,https://www.99acres.com/exidmicrosite/property_2d3d_xid.php?projectCode=49037&bno=106&blockId=100976&fno=F1_106&measurement=1&jquery=1&compare=1&g2c=1&hide_button=1&switch_HD=1&platform=DESKTOP,Mitesh Bagrecha (Dealer) | RAKESH PRAJAPATI (RERA REGISTERED Dealer) | CITY SPACE REALTY (Dealer)
431984,Goyal Orchid Regal,Residential,NEW LAUNCH,Ahmedabad West,Makarba,Gujarat,22.987948,72.489218,"Sarkhej, Ahmedabad West",380051,13509730,21907083,1.35 - 2.19 Cr,https://www.99acres.com/exidmicrosite/siteplan_g2c.php?live=2&g2c=1&xid_request=1&code=58932,True,3,"World-class dining, shopping, and education nearby | Pickleball courts, box cricket, and various indoor games, etc | Nestled in the prestigious Billionaire Street of Ahmedabad | Properties with 100% power backup available","Stamp Duty: 5.9 % for Male, 4.9 % for Female, 5.9 % for Joint (Male and Female), 4.9 % For Joint (Female and Female) | Registration Charges: Male Ownership: 1%, Female Ownership: No registration charges,  Joint (Male + Female) Ownership: 1 % ",3,Apartment,1117.8,Carpet Area,13509730,True,Dec ‘28 possession,12-2028,https://imagecdn.99acres.com/projects/example/fpkru4s_1738138462_565186171.jpg,https://www.99acres.com/exidmicrosite/property_2d3d_xid.php?projectCode=58932&bno=101&blockId=123036&fno=F1_101&measurement=1&jquery=1&compare=1&g2c=1&hide_button=1&switch_HD=1&platform=DESKTOP,PARTH LOHIA (RERA REGISTERED Dealer) | Soham Real Estate (RERA REGISTERED Dealer)
431984,Goyal Orchid Regal,Residential,NEW LAUNCH,Ahmedabad West,Makarba,Gujarat,22.987948,72.489218,"Sarkhej, Ahmedabad West",380051,13509730,21907083,1.35 - 2.19 Cr,https://www.99acres.com/exidmicrosite/siteplan_g2c.php?live=2&g2c=1&xid_request=1&code=58932,True,3,"World-class dining, shopping, and education nearby | Pickleball courts, box cricket, and various indoor games, etc | Nestled in the prestigious Billionaire Street of Ahmedabad | Properties with 100% power backup available","Stamp Duty: 5.9 % for Male, 4.9 % for Female, 5.9 % for Joint (Male and Female), 4.9 % For Joint (Female and Female) | Registration Charges: Male Ownership: 1%, Female Ownership: No registration charges,  Joint (Male + Female) Ownership: 1 % ",3,Apartment,1138.7,Carpet Area,13762328,True,Dec ‘28 possession,12-2028,https://imagecdn.99acres.com/projects/example/vnx0ftk_1738138496_565186357.jpg,https://www.99acres.com/exidmicrosite/property_2d3d_xid.php?projectCode=58932&bno=102&blockId=123036&fno=F1_102&measurement=1&jquery=1&compare=1&g2c=1&hide_button=1&switch_HD=1&platform=DESKTOP,PARTH LOHIA (RERA REGISTERED Dealer)
431984,Goyal Orchid Regal,Residential,NEW LAUNCH,Ahmedabad West,Makarba,Gujarat,22.987948,72.489218,"Sarkhej, Ahmedabad West",380051,13509730,21907083,1.35 - 2.19 Cr,https://www.99acres.com/exidmicrosite/siteplan_g2c.php?live=2&g2c=1&xid_request=1&code=58932,True,3,"World-class dining, shopping, and education nearby | Pickleball courts, box cricket, and various indoor games, etc | Nestled in the prestigious Billionaire Street of Ahmedabad | Properties with 100% power backup available","Stamp Duty: 5.9 % for Male, 4.9 % for Female, 5.9 % for Joint (Male and Female), 4.9 % For Joint (Female and Female) | Registration Charges: Male Ownership: 1%, Female Ownership: No registration charges,  Joint (Male + Female) Ownership: 1 % ",3,Apartment,1791.5,Carpet Area,21652069,True,Dec ‘28 possession,12-2028,,,PARTH LOHIA (RERA REGISTERED Dealer)
431984,Goyal Orchid Regal,Residential,NEW LAUNCH,Ahmedabad West,Makarba,Gujarat,22.987948,72.489218,"Sarkhej, Ahmedabad West",380051,13509730,21907083,1.35 - 2.19 Cr,https://www.99acres.com/exidmicrosite/siteplan_g2c.php?live=2&g2c=1&xid_request=1&code=58932,True,3,"World-class dining, shopping, and education nearby | Pickleball courts, box cricket, and various indoor games, etc | Nestled in the prestigious Billionaire Street of Ahmedabad | Properties with 100% power backup available","Stamp Duty: 5.9 % for Male, 4.9 % for Female, 5.9 % for Joint (Male and Female), 4.9 % For Joint (Female and Female) | Registration Charges: Male Ownership: 1%, Female Ownership: No registration charges,  Joint (Male + Female) Ownership: 1 % ",3,Apartment,1812.6,Carpet Area,21907083,True,Dec ‘28 possession,12-2028,,,PARTH LOHIA (RERA REGISTERED Dealer)
428546,Anand Avyam,Residential,NEW LAUNCH,Ahmedabad West,Thaltej,Gujarat,23.063683,72.494647,"Thaltej, Ahmedabad West",380059,15000000,28700000,1.5 - 2.87 Cr,,True,"3,4","Sports amenities such as Pickleball, court cricket, etc | Zen court, sand pit, stepped seating and open projector area | Get Unit of your choice","Stamp Duty: 5.9 % for Male, 4.9 % for Female, 5.9 % for Joint (Male and Female), 4.9 % For Joint (Female and Female) | Registration Charges: Male Ownership: 1%, Female Ownership: No registration charges,  Joint (Male + Female) Ownership: 1 % ",3,Apartment,2052.0,Super Built-up Area,15000000,True,Dec ‘28 possession,12-2028,,,AV REALTY (Dealer)
428546,Anand Avyam,Residential,NEW LAUNCH,Ahmedabad West,Thaltej,Gujarat,23.063683,72.494647,"Thaltej, Ahmedabad West",380059,15000000,28700000,1.5 - 2.87 Cr,,True,"3,4","Sports amenities such as Pickleball, court cricket, etc | Zen court, sand pit, stepped seating and open projector area | Get Unit of your choice","Stamp Duty: 5.9 % for Male, 4.9 % for Female, 5.9 % for Joint (Male and Female), 4.9 % For Joint (Female and Female) | Registration Charges: Male Ownership: 1%, Female Ownership: No registration charges,  Joint (Male + Female) Ownership: 1 % ",4,Apartment,3879.0,Super Built-up Area,28700000,True,Dec ‘28 possession,12-2028,,,AV REALTY (Dealer)
384222,Kavisha The Canvas,Residential,NEW LAUNCH,Ahmedabad West,Wapa,Gujarat,23.020851,72.429244,"Nr. Sanskardham, Kavisha Canvas Road, Ahmedabad, Gujarat 380058",0,9933000,23026500,99.33 L - 2.3 Cr,https://www.99acres.com/exidmicrosite/siteplan_g2c.php?live=2&g2c=1&xid_request=1&code=47755,True,"3,4,5","Unique U-shaped layout boosts visual appeal and functionality | Landscaped areas and clubhouse with pool promote premium recreation | Comprehensive security features ensure a safe, tranquil environment | High-density arrangement maximizes green spaces for community health","Stamp Duty: 5.9 % for Male, 4.9 % for Female, 5.9 % for Joint (Male and Female), 4.9 % For Joint (Female and Female) | Registration Charges: Male Ownership: 1%, Female Ownership: No registration charges,  Joint (Male + Female) Ownership: 1 % ",3,Apartment,2200.0,Super Built-up Area,9933000,True,May ‘25 possession,05-2025,https://newprojects.99acres.com/projects/kavisha_group/kavisha_atria_the_canvas/maps/8c5k3k4b.jpg,https://www.99acres.com/exidmicrosite/property_2d3d_xid.php?projectCode=47755&bno=104&blockId=98424&fno=F1_104&measurement=1&jquery=1&compare=1&g2c=1&hide_button=1&switch_HD=1&platform=DESKTOP,Navin (Dealer) | Daxesh Patel (RERA REGISTERED Dealer) | Parikh Realestate Management Pvt Ltd (RERA REGISTERED Dealer) | Tanishqua Reality (RERA REGISTERED Dealer)
384222,Kavisha The Canvas,Residential,NEW LAUNCH,Ahmedabad West,Wapa,Gujarat,23.020851,72.429244,"Nr. Sanskardham, Kavisha Canvas Road, Ahmedabad, Gujarat 380058",0,9933000,23026500,99.33 L - 2.3 Cr,https://www.99acres.com/exidmicrosite/siteplan_g2c.php?live=2&g2c=1&xid_request=1&code=47755,True,"3,4,5","Unique U-shaped layout boosts visual appeal and functionality | Landscaped areas and clubhouse with pool promote premium recreation | Comprehensive security features ensure a safe, tranquil environment | High-density arrangement maximizes green spaces for community health","Stamp Duty: 5.9 % for Male, 4.9 % for Female, 5.9 % for Joint (Male and Female), 4.9 % For Joint (Female and Female) | Registration Charges: Male Ownership: 1%, Female Ownership: No registration charges,  Joint (Male + Female) Ownership: 1 % ",4,Apartment,3300.0,Super Built-up Area,14899500,True,May ‘25 possession,05-2025,https://newprojects.99acres.com/projects/kavisha_group/kavisha_atria_the_canvas/maps/spkoqwtl.png,https://www.99acres.com/exidmicrosite/property_2d3d_xid.php?projectCode=47755&bno=101&blockId=98424&fno=F1_101&measurement=1&jquery=1&compare=1&g2c=1&hide_button=1&switch_HD=1&platform=DESKTOP,Navin (Dealer) | Daxesh Patel (RERA REGISTERED Dealer) | Parikh Realestate Management Pvt Ltd (RERA REGISTERED Dealer) | Tanishqua Reality (RERA REGISTERED Dealer)
384222,Kavisha The Canvas,Residential,NEW LAUNCH,Ahmedabad West,Wapa,Gujarat,23.020851,72.429244,"Nr. Sanskardham, Kavisha Canvas Road, Ahmedabad, Gujarat 380058",0,9933000,23026500,99.33 L - 2.3 Cr,https://www.99acres.com/exidmicrosite/siteplan_g2c.php?live=2&g2c=1&xid_request=1&code=47755,True,"3,4,5","Unique U-shaped layout boosts visual appeal and functionality | Landscaped areas and clubhouse with pool promote premium recreation | Comprehensive security features ensure a safe, tranquil environment | High-density arrangement maximizes green spaces for community health","Stamp Duty: 5.9 % for Male, 4.9 % for Female, 5.9 % for Joint (Male and Female), 4.9 % For Joint (Female and Female) | Registration Charges: Male Ownership: 1%, Female Ownership: No registration charges,  Joint (Male + Female) Ownership: 1 % ",4,Apartment,3600.0,Super Built-up Area,16254000,True,May ‘25 possession,05-2025,https://newprojects.99acres.com/projects/kavisha_group/kavisha_atria_the_canvas/maps/a7yq9377.jpg,https://www.99acres.com/exidmicrosite/property_2d3d_xid.php?projectCode=47755&bno=102&blockId=98424&fno=F1_102&measurement=1&jquery=1&compare=1&g2c=1&hide_button=1&switch_HD=1&platform=DESKTOP,Navin (Dealer) | Daxesh Patel (RERA REGISTERED Dealer) | Tanishqua Reality (RERA REGISTERED Dealer)
384222,Kavisha The Canvas,Residential,NEW LAUNCH,Ahmedabad West,Wapa,Gujarat,23.020851,72.429244,"Nr. Sanskardham, Kavisha Canvas Road, Ahmedabad, Gujarat 380058",0,9933000,23026500,99.33 L - 2.3 Cr,https://www.99acres.com/exidmicrosite/siteplan_g2c.php?live=2&g2c=1&xid_request=1&code=47755,True,"3,4,5","Unique U-shaped layout boosts visual appeal and functionality | Landscaped areas and clubhouse with pool promote premium recreation | Comprehensive security features ensure a safe, tranquil environment | High-density arrangement maximizes green spaces for community health","Stamp Duty: 5.9 % for Male, 4.9 % for Female, 5.9 % for Joint (Male and Female), 4.9 % For Joint (Female and Female) | Registration Charges: Male Ownership: 1%, Female Ownership: No registration charges,  Joint (Male + Female) Ownership: 1 % ",5,Apartment,5100.0,Super Built-up Area,23026500,True,May ‘25 possession,05-2025,https://newprojects.99acres.com/projects/kavisha_group/kavisha_atria_the_canvas/maps/puv4ufev.jpg,https://www.99acres.com/exidmicrosite/property_2d3d_xid.php?projectCode=47755&bno=103&blockId=98424&fno=F1_103&measurement=1&jquery=1&compare=1&g2c=1&hide_button=1&switch_HD=1&platform=DESKTOP,Navin (Dealer) | Daxesh Patel (RERA REGISTERED Dealer) | Parikh Realestate Management Pvt Ltd (RERA REGISTERED Dealer) | Tanishqua Reality (RERA REGISTERED Dealer)
449709,Harvi Helios,Residential,NEW LAUNCH,Ahmedabad West,South Bopal,Gujarat,23.010563,72.466006,"Harvi Helios, Near Samay Shine Flat, VIP Road, Bopal, Ahmedabad",380058,8109084,8334068,81.09 - 83.34 L,https://www.99acres.com/exidmicrosite/siteplan_g2c.php?live=2&g2c=1&xid_request=1&code=60867,True,3,"Spacious Clubhouse and expansive Event Lawn | Strategic South Bopal location, near top educational institutions | Towering architectural statement, embodying modern elegance | Get Unit of your choice","Stamp Duty: 5.9 % for Male, 4.9 % for Female, 5.9 % for Joint (Male and Female), 4.9 % For Joint (Female and Female) | Registration Charges: Male Ownership: 1%, Female Ownership: No registration charges,  Joint (Male + Female) Ownership: 1 % ",3,Apartment,845.93,Carpet Area,8109084,True,Dec ‘29 possession,12-2029,https://imagecdn.99acres.com/projects/example/7nymrpy_1754567892_629758615.jpg,https://www.99acres.com/exidmicrosite/property_2d3d_xid.php?projectCode=60867&bno=101&blockId=127697&fno=F1_101&measurement=1&jquery=1&compare=1&g2c=1&hide_button=1&switch_HD=1&platform=DESKTOP,The Habitat Realtors (Dealer) | Krunal Kshatriya (Dealer) | Solanki Mehul (Dealer) | Kunal Shah (RERA REGISTERED Dealer)
449709,Harvi Helios,Residential,NEW LAUNCH,Ahmedabad West,South Bopal,Gujarat,23.010563,72.466006,"Harvi Helios, Near Samay Shine Flat, VIP Road, Bopal, Ahmedabad",380058,8109084,8334068,81.09 - 83.34 L,https://www.99acres.com/exidmicrosite/siteplan_g2c.php?live=2&g2c=1&xid_request=1&code=60867,True,3,"Spacious Clubhouse and expansive Event Lawn | Strategic South Bopal location, near top educational institutions | Towering architectural statement, embodying modern elegance | Get Unit of your choice","Stamp Duty: 5.9 % for Male, 4.9 % for Female, 5.9 % for Joint (Male and Female), 4.9 % For Joint (Female and Female) | Registration Charges: Male Ownership: 1%, Female Ownership: No registration charges,  Joint (Male + Female) Ownership: 1 % ",3,Apartment,869.4,Carpet Area,8334068,True,Dec ‘29 possession,12-2029,https://imagecdn.99acres.com/projects/example/zlg4xrn_1754567919_629758843.jpg,https://www.99acres.com/exidmicrosite/property_2d3d_xid.php?projectCode=60867&bno=102&blockId=127697&fno=F1_102&measurement=1&jquery=1&compare=1&g2c=1&hide_button=1&switch_HD=1&platform=DESKTOP,The Habitat Realtors (Dealer) | Krunal Kshatriya (Dealer) | Solanki Mehul (Dealer) | Kunal Shah (RERA REGISTERED Dealer)
393896,The 31st,Residential,NEW LAUNCH,Ahmedabad West,Thaltej,Gujarat,23.053571703811,72.484523496425,"Thaltej, Ahmedabad West",380059,39859056,42109164,3.99 - 4.21 Cr,https://www.99acres.com/exidmicrosite/siteplan_g2c.php?live=2&g2c=1&xid_request=1&code=49272,True,4,"31-storey landmark offering elevated sky living | 31,000+ sq.ft. of exclusive recreational spaces | Only 3 residences per floor with 5 high-speed lifts | Unobstructed 360° panoramic views","Stamp Duty: 5.9 % for Male, 4.9 % for Female, 5.9 % for Joint (Male and Female), 4.9 % For Joint (Female and Female) | Registration Charges: Male Ownership: 1%, Female Ownership: No registration charges,  Joint (Male + Female) Ownership: 1 % ",4,Apartment,4464.0,Super Built-up Area,39859056,True,Dec ‘27 possession,12-2027,https://newprojects.99acres.com/projects/beverly_buildcon/beverly_the_31st/maps/peqll9li.jpg,https://www.99acres.com/exidmicrosite/property_2d3d_xid.php?projectCode=49272&bno=101&blockId=101458&fno=F1_101&measurement=1&jquery=1&compare=1&g2c=1&hide_button=1&switch_HD=1&platform=DESKTOP,AV REALTY (Dealer) | Harsh Vakil (Dealer) | Kunal Shah (RERA REGISTERED Dealer)
393896,The 31st,Residential,NEW LAUNCH,Ahmedabad West,Thaltej,Gujarat,23.053571703811,72.484523496425,"Thaltej, Ahmedabad West",380059,39859056,42109164,3.99 - 4.21 Cr,https://www.99acres.com/exidmicrosite/siteplan_g2c.php?live=2&g2c=1&xid_request=1&code=49272,True,4,"31-storey landmark offering elevated sky living | 31,000+ sq.ft. of exclusive recreational spaces | Only 3 residences per floor with 5 high-speed lifts | Unobstructed 360° panoramic views","Stamp Duty: 5.9 % for Male, 4.9 % for Female, 5.9 % for Joint (Male and Female), 4.9 % For Joint (Female and Female) | Registration Charges: Male Ownership: 1%, Female Ownership: No registration charges,  Joint (Male + Female) Ownership: 1 % ",4,Apartment,4716.0,Super Built-up Area,42109164,True,Dec ‘27 possession,12-2027,https://newprojects.99acres.com/projects/beverly_buildcon/beverly_the_31st/maps/u91yertm.png,https://www.99acres.com/exidmicrosite/property_2d3d_xid.php?projectCode=49272&bno=103&blockId=108048&fno=F1_103&measurement=1&jquery=1&compare=1&g2c=1&hide_button=1&switch_HD=1&platform=DESKTOP,AV REALTY (Dealer) | Harsh Vakil (Dealer) | Kunal Shah (RERA REGISTERED Dealer)
430025,Shaligram Sky,Residential,NEW LAUNCH,Ahmedabad West,Satellite,Gujarat,23.032654173344,72.511912332316,"Satellite, Ahmedabad West",380015,31500000,39900000,3.15 - 3.99 Cr,https://www.99acres.com/exidmicrosite/siteplan_g2c.php?live=2&g2c=1&xid_request=1&code=57241,True,4,"Experience prime 4 BHK luxury in the heart of Satellite, Ahmedabad | Access premium podium level amenities including a library and theater | Stay comfortable with advanced VRV air conditioning and digital locks | Get Unit of your choice","Stamp Duty: 5.9 % for Male, 4.9 % for Female, 5.9 % for Joint (Male and Female), 4.9 % For Joint (Female and Female) | Registration Charges: Male Ownership: 1%, Female Ownership: No registration charges,  Joint (Male + Female) Ownership: 1 % ",4,Apartment,1855.8,Carpet Area,31500000,True,Oct ‘29 possession,10-2029,https://newprojects.99acres.com/projects/shaligram_space/shaligram_sky/maps/ybsg0zb_1721217331_505183803_O.jpg,https://www.99acres.com/exidmicrosite/property_2d3d_xid.php?projectCode=57241&bno=101&blockId=124698&fno=F1_101&measurement=1&jquery=1&compare=1&g2c=1&hide_button=1&switch_HD=1&platform=DESKTOP,Krunal Kshatriya (Dealer) | ENCHANTING SPACES (RERA REGISTERED Dealer)
430025,Shaligram Sky,Residential,NEW LAUNCH,Ahmedabad West,Satellite,Gujarat,23.032654173344,72.511912332316,"Satellite, Ahmedabad West",380015,31500000,39900000,3.15 - 3.99 Cr,https://www.99acres.com/exidmicrosite/siteplan_g2c.php?live=2&g2c=1&xid_request=1&code=57241,True,4,"Experience prime 4 BHK luxury in the heart of Satellite, Ahmedabad | Access premium podium level amenities including a library and theater | Stay comfortable with advanced VRV air conditioning and digital locks | Get Unit of your choice","Stamp Duty: 5.9 % for Male, 4.9 % for Female, 5.9 % for Joint (Male and Female), 4.9 % For Joint (Female and Female) | Registration Charges: Male Ownership: 1%, Female Ownership: No registration charges,  Joint (Male + Female) Ownership: 1 % ",4,Apartment,2476.3,Carpet Area,39900000,True,Oct ‘29 possession,10-2029,https://newprojects.99acres.com/projects/shaligram_space/shaligram_sky/maps/lhm6wbd_1721217367_505183933_O.jpg,https://www.99acres.com/exidmicrosite/property_2d3d_xid.php?projectCode=57241&bno=102&blockId=119260&fno=F1_102&measurement=1&jquery=1&compare=1&g2c=1&hide_button=1&switch_HD=1&platform=DESKTOP,Krunal Kshatriya (Dealer) | ENCHANTING SPACES (RERA REGISTERED Dealer)
450275,The Park By Parmeshwar,Residential,NEW LAUNCH,Ahmedabad North,Zundal,Gujarat,23.123353,72.568901,"Opp. Pancham Pentagon, , Gandhinagar, Gandhinagar, GUJARAT, 382421",382421,0,0,Price on Request,https://www.99acres.com/exidmicrosite/siteplan_g2c.php?live=2&g2c=1&xid_request=1&code=61216,True,"2,3",Lakefront living that mirrors your way of life | Over 27 lifestyle amenities for a fun and refined living | Provision for EV charging points | On-site shopping with 16 exclusive retail outlets,"Stamp Duty: 5.9 % for Male, 4.9 % for Female, 5.9 % for Joint (Male and Female), 4.9 % For Joint (Female and Female) | Registration Charges: Male Ownership: 1%, Female Ownership: No registration charges,  Joint (Male + Female) Ownership: 1 % ",2,Apartment,698.04,Carpet Area,0,False,,,https://imagecdn.99acres.com/projects/example/pjkozn1_1756279339_639336049.jpg,https://www.99acres.com/exidmicrosite/property_2d3d_xid.php?projectCode=61216&bno=101&blockId=128749&fno=F1_101&measurement=1&jquery=1&compare=1&g2c=1&hide_button=1&switch_HD=1&platform=DESKTOP,
450275,The Park By Parmeshwar,Residential,NEW LAUNCH,Ahmedabad North,Zundal,Gujarat,23.123353,72.568901,"Opp. Pancham Pentagon, , Gandhinagar, Gandhinagar, GUJARAT, 382421",382421,0,0,Price on Request,https://www.99acres.com/exidmicrosite/siteplan_g2c.php?live=2&g2c=1&xid_request=1&code=61216,True,"2,3",Lakefront living that mirrors your way of life | Over 27 lifestyle amenities for a fun and refined living | Provision for EV charging points | On-site shopping with 16 exclusive retail outlets,"Stamp Duty: 5.9 % for Male, 4.9 % for Female, 5.9 % for Joint (Male and Female), 4.9 % For Joint (Female and Female) | Registration Charges: Male Ownership: 1%, Female Ownership: No registration charges,  Joint (Male + Female) Ownership: 1 % ",2,Apartment,698.9,Carpet Area,0,False,Dec ‘29 possession,12-2029,https://imagecdn.99acres.com/projects/example/xhgram0_1756279404_639336563.jpg,https://www.99acres.com/exidmicrosite/property_2d3d_xid.php?projectCode=61216&bno=102&blockId=128749&fno=F1_102&measurement=1&jquery=1&compare=1&g2c=1&hide_button=1&switch_HD=1&platform=DESKTOP,
450275,The Park By Parmeshwar,Residential,NEW LAUNCH,Ahmedabad North,Zundal,Gujarat,23.123353,72.568901,"Opp. Pancham Pentagon, , Gandhinagar, Gandhinagar, GUJARAT, 382421",382421,0,0,Price on Request,https://www.99acres.com/exidmicrosite/siteplan_g2c.php?live=2&g2c=1&xid_request=1&code=61216,True,"2,3",Lakefront living that mirrors your way of life | Over 27 lifestyle amenities for a fun and refined living | Provision for EV charging points | On-site shopping with 16 exclusive retail outlets,"Stamp Duty: 5.9 % for Male, 4.9 % for Female, 5.9 % for Joint (Male and Female), 4.9 % For Joint (Female and Female) | Registration Charges: Male Ownership: 1%, Female Ownership: No registration charges,  Joint (Male + Female) Ownership: 1 % ",2,Apartment,730.87,Carpet Area,0,False,Dec ‘29 possession,12-2029,https://imagecdn.99acres.com/projects/example/l0fuz1t_1756279492_639336959.jpg,https://www.99acres.com/exidmicrosite/property_2d3d_xid.php?projectCode=61216&bno=103&blockId=128749&fno=F1_103&measurement=1&jquery=1&compare=1&g2c=1&hide_button=1&switch_HD=1&platform=DESKTOP,
450275,The Park By Parmeshwar,Residential,NEW LAUNCH,Ahmedabad North,Zundal,Gujarat,23.123353,72.568901,"Opp. Pancham Pentagon, , Gandhinagar, Gandhinagar, GUJARAT, 382421",382421,0,0,Price on Request,https://www.99acres.com/exidmicrosite/siteplan_g2c.php?live=2&g2c=1&xid_request=1&code=61216,True,"2,3",Lakefront living that mirrors your way of life | Over 27 lifestyle amenities for a fun and refined living | Provision for EV charging points | On-site shopping with 16 exclusive retail outlets,"Stamp Duty: 5.9 % for Male, 4.9 % for Female, 5.9 % for Joint (Male and Female), 4.9 % For Joint (Female and Female) | Registration Charges: Male Ownership: 1%, Female Ownership: No registration charges,  Joint (Male + Female) Ownership: 1 % ",2,Apartment,769.51,Carpet Area,0,False,Dec ‘29 possession,12-2029,https://imagecdn.99acres.com/projects/example/dd0h5ly_1756279526_639337149.jpg,https://www.99acres.com/exidmicrosite/property_2d3d_xid.php?projectCode=61216&bno=106&blockId=128749&fno=F1_106&measurement=1&jquery=1&compare=1&g2c=1&hide_button=1&switch_HD=1&platform=DESKTOP,
450275,The Park By Parmeshwar,Residential,NEW LAUNCH,Ahmedabad North,Zundal,Gujarat,23.123353,72.568901,"Opp. Pancham Pentagon, , Gandhinagar, Gandhinagar, GUJARAT, 382421",382421,0,0,Price on Request,https://www.99acres.com/exidmicrosite/siteplan_g2c.php?live=2&g2c=1&xid_request=1&code=61216,True,"2,3",Lakefront living that mirrors your way of life | Over 27 lifestyle amenities for a fun and refined living | Provision for EV charging points | On-site shopping with 16 exclusive retail outlets,"Stamp Duty: 5.9 % for Male, 4.9 % for Female, 5.9 % for Joint (Male and Female), 4.9 % For Joint (Female and Female) | Registration Charges: Male Ownership: 1%, Female Ownership: No registration charges,  Joint (Male + Female) Ownership: 1 % ",2,Apartment,965.63,Carpet Area,0,False,Dec ‘29 possession,12-2029,https://imagecdn.99acres.com/projects/example/2oiewdc_1756279560_639337565.jpg,https://www.99acres.com/exidmicrosite/property_2d3d_xid.php?projectCode=61216&bno=107&blockId=128749&fno=F1_107&measurement=1&jquery=1&compare=1&g2c=1&hide_button=1&switch_HD=1&platform=DESKTOP,
450275,The Park By Parmeshwar,Residential,NEW LAUNCH,Ahmedabad North,Zundal,Gujarat,23.123353,72.568901,"Opp. Pancham Pentagon, , Gandhinagar, Gandhinagar, GUJARAT, 382421",382421,0,0,Price on Request,https://www.99acres.com/exidmicrosite/siteplan_g2c.php?live=2&g2c=1&xid_request=1&code=61216,True,"2,3",Lakefront living that mirrors your way of life | Over 27 lifestyle amenities for a fun and refined living | Provision for EV charging points | On-site shopping with 16 exclusive retail outlets,"Stamp Duty: 5.9 % for Male, 4.9 % for Female, 5.9 % for Joint (Male and Female), 4.9 % For Joint (Female and Female) | Registration Charges: Male Ownership: 1%, Female Ownership: No registration charges,  Joint (Male + Female) Ownership: 1 % ",3,Apartment,1117.83,Carpet Area,0,False,Dec ‘29 possession,12-2029,https://imagecdn.99acres.com/projects/example/kdgape1_1756279302_639335749.jpg,https://www.99acres.com/exidmicrosite/property_2d3d_xid.php?projectCode=61216&bno=104&blockId=128749&fno=F1_104&measurement=1&jquery=1&compare=1&g2c=1&hide_button=1&switch_HD=1&platform=DESKTOP,
450275,The Park By Parmeshwar,Residential,NEW LAUNCH,Ahmedabad North,Zundal,Gujarat,23.123353,72.568901,"Opp. Pancham Pentagon, , Gandhinagar, Gandhinagar, GUJARAT, 382421",382421,0,0,Price on Request,https://www.99acres.com/exidmicrosite/siteplan_g2c.php?live=2&g2c=1&xid_request=1&code=61216,True,"2,3",Lakefront living that mirrors your way of life | Over 27 lifestyle amenities for a fun and refined living | Provision for EV charging points | On-site shopping with 16 exclusive retail outlets,"Stamp Duty: 5.9 % for Male, 4.9 % for Female, 5.9 % for Joint (Male and Female), 4.9 % For Joint (Female and Female) | Registration Charges: Male Ownership: 1%, Female Ownership: No registration charges,  Joint (Male + Female) Ownership: 1 % ",3,Apartment,1318.04,Carpet Area,0,False,Dec ‘29 possession,12-2029,https://imagecdn.99acres.com/projects/example/rfyjuu2_1756279265_639335295.jpg,https://www.99acres.com/exidmicrosite/property_2d3d_xid.php?projectCode=61216&bno=105&blockId=128749&fno=F1_105&measurement=1&jquery=1&compare=1&g2c=1&hide_button=1&switch_HD=1&platform=DESKTOP,
449527,Aarav Elenza Infinium,Residential,NEW LAUNCH,Ahmedabad West,Bopal,Gujarat,23.018873,72.470439,"Opp Aarohi Crest Just 70 MtR. from SOBO, South Bopal, Ahmedabad, Gujarat 380057",380058,6499995,7255990,65 - 72.56 L,https://www.99acres.com/exidmicrosite/siteplan_g2c.php?live=2&g2c=1&xid_request=1&code=61298,True,"1,2,3","HM Architect involved in the project's design | 18 m wide T.P.S. Road offers smooth and convenient access | Prime location near SOBO Centre, South Bopal, Ahmedabad | Get Unit of your choice","Stamp Duty: 5.9 % for Male, 4.9 % for Female, 5.9 % for Joint (Male and Female), 4.9 % For Joint (Female and Female) | Registration Charges: Male Ownership: 1%, Female Ownership: No registration charges,  Joint (Male + Female) Ownership: 1 % ",1,Apartment,729.79,Carpet Area,0,False,Dec ‘29 possession,12-2029,https://imagecdn.99acres.com/projects/example/aqy1wqu_1754467948_629116621.jpg,https://www.99acres.com/exidmicrosite/property_2d3d_xid.php?projectCode=61298&bno=101&blockId=128863&fno=F1_101&measurement=1&jquery=1&compare=1&g2c=1&hide_button=1&switch_HD=1&platform=DESKTOP,
449527,Aarav Elenza Infinium,Residential,NEW LAUNCH,Ahmedabad West,Bopal,Gujarat,23.018873,72.470439,"Opp Aarohi Crest Just 70 MtR. from SOBO, South Bopal, Ahmedabad, Gujarat 380057",380058,6499995,7255990,65 - 72.56 L,https://www.99acres.com/exidmicrosite/siteplan_g2c.php?live=2&g2c=1&xid_request=1&code=61298,True,"1,2,3","HM Architect involved in the project's design | 18 m wide T.P.S. Road offers smooth and convenient access | Prime location near SOBO Centre, South Bopal, Ahmedabad | Get Unit of your choice","Stamp Duty: 5.9 % for Male, 4.9 % for Female, 5.9 % for Joint (Male and Female), 4.9 % For Joint (Female and Female) | Registration Charges: Male Ownership: 1%, Female Ownership: No registration charges,  Joint (Male + Female) Ownership: 1 % ",2,Apartment,834.31,Carpet Area,6499995,True,Dec ‘29 possession,12-2029,https://imagecdn.99acres.com/projects/example/ddzrwnl_1754467874_629115753.jpg,https://www.99acres.com/exidmicrosite/property_2d3d_xid.php?projectCode=61298&bno=102&blockId=128863&fno=F1_102&measurement=1&jquery=1&compare=1&g2c=1&hide_button=1&switch_HD=1&platform=DESKTOP,DREAM HEAVEN REALTORS (RERA REGISTERED Dealer) | DNS Realty LLP (RERA REGISTERED Dealer) | Navin (Dealer)
449527,Aarav Elenza Infinium,Residential,NEW LAUNCH,Ahmedabad West,Bopal,Gujarat,23.018873,72.470439,"Opp Aarohi Crest Just 70 MtR. from SOBO, South Bopal, Ahmedabad, Gujarat 380057",380058,6499995,7255990,65 - 72.56 L,https://www.99acres.com/exidmicrosite/siteplan_g2c.php?live=2&g2c=1&xid_request=1&code=61298,True,"1,2,3","HM Architect involved in the project's design | 18 m wide T.P.S. Road offers smooth and convenient access | Prime location near SOBO Centre, South Bopal, Ahmedabad | Get Unit of your choice","Stamp Duty: 5.9 % for Male, 4.9 % for Female, 5.9 % for Joint (Male and Female), 4.9 % For Joint (Female and Female) | Registration Charges: Male Ownership: 1%, Female Ownership: No registration charges,  Joint (Male + Female) Ownership: 1 % ",3,Apartment,856.27,Carpet Area,6671458,True,Dec ‘29 possession,12-2029,https://imagecdn.99acres.com/projects/example/qv84uzf_1754469041_629130939.jpg,,DREAM HEAVEN REALTORS (RERA REGISTERED Dealer) | DNS Realty LLP (RERA REGISTERED Dealer) | Navin (Dealer)
449527,Aarav Elenza Infinium,Residential,NEW LAUNCH,Ahmedabad West,Bopal,Gujarat,23.018873,72.470439,"Opp Aarohi Crest Just 70 MtR. from SOBO, South Bopal, Ahmedabad, Gujarat 380057",380058,6499995,7255990,65 - 72.56 L,https://www.99acres.com/exidmicrosite/siteplan_g2c.php?live=2&g2c=1&xid_request=1&code=61298,True,"1,2,3","HM Architect involved in the project's design | 18 m wide T.P.S. Road offers smooth and convenient access | Prime location near SOBO Centre, South Bopal, Ahmedabad | Get Unit of your choice","Stamp Duty: 5.9 % for Male, 4.9 % for Female, 5.9 % for Joint (Male and Female), 4.9 % For Joint (Female and Female) | Registration Charges: Male Ownership: 1%, Female Ownership: No registration charges,  Joint (Male + Female) Ownership: 1 % ",3,Apartment,869.4,Carpet Area,6772777,True,Dec ‘29 possession,12-2029,https://imagecdn.99acres.com/projects/example/mbew85d_1754467743_629114291.jpg,,DREAM HEAVEN REALTORS (RERA REGISTERED Dealer) | DNS Realty LLP (RERA REGISTERED Dealer) | Navin (Dealer)
449527,Aarav Elenza Infinium,Residential,NEW LAUNCH,Ahmedabad West,Bopal,Gujarat,23.018873,72.470439,"Opp Aarohi Crest Just 70 MtR. from SOBO, South Bopal, Ahmedabad, Gujarat 380057",380058,6499995,7255990,65 - 72.56 L,https://www.99acres.com/exidmicrosite/siteplan_g2c.php?live=2&g2c=1&xid_request=1&code=61298,True,"1,2,3","HM Architect involved in the project's design | 18 m wide T.P.S. Road offers smooth and convenient access | Prime location near SOBO Centre, South Bopal, Ahmedabad | Get Unit of your choice","Stamp Duty: 5.9 % for Male, 4.9 % for Female, 5.9 % for Joint (Male and Female), 4.9 % For Joint (Female and Female) | Registration Charges: Male Ownership: 1%, Female Ownership: No registration charges,  Joint (Male + Female) Ownership: 1 % ",3,Apartment,927.09,Carpet Area,7224815,True,Dec ‘29 possession,12-2029,https://imagecdn.99acres.com/projects/example/dhgojv9_1754466942_629104567.jpg,,DREAM HEAVEN REALTORS (RERA REGISTERED Dealer) | DNS Realty LLP (RERA REGISTERED Dealer) | Navin (Dealer)
449527,Aarav Elenza Infinium,Residential,NEW LAUNCH,Ahmedabad West,Bopal,Gujarat,23.018873,72.470439,"Opp Aarohi Crest Just 70 MtR. from SOBO, South Bopal, Ahmedabad, Gujarat 380057",380058,6499995,7255990,65 - 72.56 L,https://www.99acres.com/exidmicrosite/siteplan_g2c.php?live=2&g2c=1&xid_request=1&code=61298,True,"1,2,3","HM Architect involved in the project's design | 18 m wide T.P.S. Road offers smooth and convenient access | Prime location near SOBO Centre, South Bopal, Ahmedabad | Get Unit of your choice","Stamp Duty: 5.9 % for Male, 4.9 % for Female, 5.9 % for Joint (Male and Female), 4.9 % For Joint (Female and Female) | Registration Charges: Male Ownership: 1%, Female Ownership: No registration charges,  Joint (Male + Female) Ownership: 1 % ",3,Apartment,931.51,Carpet Area,7255990,True,Dec ‘29 possession,12-2029,https://imagecdn.99acres.com/projects/example/p7jhjwg_1754467351_629109303.jpg,,DREAM HEAVEN REALTORS (RERA REGISTERED Dealer) | DNS Realty LLP (RERA REGISTERED Dealer) | Navin (Dealer)
449527,Aarav Elenza Infinium,Residential,NEW LAUNCH,Ahmedabad West,Bopal,Gujarat,23.018873,72.470439,"Opp Aarohi Crest Just 70 MtR. from SOBO, South Bopal, Ahmedabad, Gujarat 380057",380058,6499995,7255990,65 - 72.56 L,https://www.99acres.com/exidmicrosite/siteplan_g2c.php?live=2&g2c=1&xid_request=1&code=61298,True,"1,2,3","HM Architect involved in the project's design | 18 m wide T.P.S. Road offers smooth and convenient access | Prime location near SOBO Centre, South Bopal, Ahmedabad | Get Unit of your choice","Stamp Duty: 5.9 % for Male, 4.9 % for Female, 5.9 % for Joint (Male and Female), 4.9 % For Joint (Female and Female) | Registration Charges: Male Ownership: 1%, Female Ownership: No registration charges,  Joint (Male + Female) Ownership: 1 % ",3,Apartment,856.27,Carpet Area,0,False,,,https://imagecdn.99acres.com/projects/example/ksalm8h_1754468926_629129315.jpg,,
449527,Aarav Elenza Infinium,Residential,NEW LAUNCH,Ahmedabad West,Bopal,Gujarat,23.018873,72.470439,"Opp Aarohi Crest Just 70 MtR. from SOBO, South Bopal, Ahmedabad, Gujarat 380057",380058,6499995,7255990,65 - 72.56 L,https://www.99acres.com/exidmicrosite/siteplan_g2c.php?live=2&g2c=1&xid_request=1&code=61298,True,"1,2,3","HM Architect involved in the project's design | 18 m wide T.P.S. Road offers smooth and convenient access | Prime location near SOBO Centre, South Bopal, Ahmedabad | Get Unit of your choice","Stamp Duty: 5.9 % for Male, 4.9 % for Female, 5.9 % for Joint (Male and Female), 4.9 % For Joint (Female and Female) | Registration Charges: Male Ownership: 1%, Female Ownership: No registration charges,  Joint (Male + Female) Ownership: 1 % ",3,Apartment,856.27,Carpet Area,0,False,,,https://imagecdn.99acres.com/projects/example/n81alpa_1754468025_629117647.jpg,,
410305,Aristo Aatman,Residential,NEW LAUNCH,Ahmedabad North,Gota,Gujarat,23.101006122578,72.54004057479,Ahmedabad,383255,0,0,Price on Request,https://www.99acres.com/exidmicrosite/siteplan_g2c.php?live=2&g2c=1&xid_request=1&code=52947,True,4,Get Unit of your choice,"Stamp Duty: 5.9 % for Male, 4.9 % for Female, 5.9 % for Joint (Male and Female), 4.9 % For Joint (Female and Female) | Registration Charges: Male Ownership: 1%, Female Ownership: No registration charges,  Joint (Male + Female) Ownership: 1 % ",4,Apartment,1901.34,Carpet Area,0,False,Mar ‘26 possession,03-2026,https://newprojects.99acres.com/projects/aristo_lifespaces_homes_llp/aristo_aatman/maps/p3y7umk2.png,https://www.99acres.com/exidmicrosite/property_2d3d_xid.php?projectCode=52947&bno=101&blockId=112020&fno=F1_101&measurement=1&jquery=1&compare=1&g2c=1&hide_button=1&switch_HD=1&platform=DESKTOP,
389974,Aashray Aurum,Residential,NEW LAUNCH,Ahmedabad West,Shilaj,Gujarat,23.02248,72.48099,"Ambli, Ahmedabad West",380059,8799888,8799888,88 L,https://www.99acres.com/exidmicrosite/siteplan_g2c.php?live=2&g2c=1&xid_request=1&code=53445,True,3,"Prime location near schools, banks, hospitals & food joints. | Only project in the segment with special multiple terrace amenities  | Unique amenities like acupuncture plaza & fragrance plaza. | Well ventilated and spacious flats","Stamp Duty: 5.9 % for Male, 4.9 % for Female, 5.9 % for Joint (Male and Female), 4.9 % For Joint (Female and Female) | Registration Charges: Male Ownership: 1%, Female Ownership: No registration charges,  Joint (Male + Female) Ownership: 1 % ",3,Apartment,912.0,Carpet Area,8799888,True,Mar ‘25 possession,03-2025,https://newprojects.99acres.com/projects/aashray_projects_partnership_firm/aashray_aurum/maps/39p80ipz.jpg,https://www.99acres.com/exidmicrosite/property_2d3d_xid.php?projectCode=53445&bno=101&blockId=112024&fno=F1_101&measurement=1&jquery=1&compare=1&g2c=1&hide_button=1&switch_HD=1&platform=DESKTOP,MID FLOOR LLP (RERA REGISTERED Dealer) | Aman Kesrani (RERA REGISTERED Dealer) | Satish Jadav (RERA REGISTERED Dealer)
436205,Keshav Stateland,Residential,NEW LAUNCH,Ahmedabad West,Science City,Gujarat,23.077457906396212,72.50466184539377,"Hebatpur, Ahmedabad West",380060,0,0,Price on Request,https://www.99acres.com/exidmicrosite/siteplan_g2c.php?live=2&g2c=1&xid_request=1&code=58946,True,"4,5,6","Around 10 km from National Highway 147
 | Close to Ahmedabad Junction
 | 16 km from Sardar Vallabhbhai Patel International Airport
 | Get Unit of your choice","Stamp Duty: 5.9 % for Male, 4.9 % for Female, 5.9 % for Joint (Male and Female), 4.9 % For Joint (Female and Female) | Registration Charges: Male Ownership: 1%, Female Ownership: No registration charges,  Joint (Male + Female) Ownership: 1 % ",4,Apartment,2112.85,Carpet Area,0,False,Mar ‘31 possession,03-2031,https://imagecdn.99acres.com/projects/example/yadh5gu_1734949026_541051085.jpg,https://www.99acres.com/exidmicrosite/property_2d3d_xid.php?projectCode=58946&bno=103&blockId=123170&fno=F1_103&measurement=1&jquery=1&compare=1&g2c=1&hide_button=1&switch_HD=1&platform=DESKTOP,
436205,Keshav Stateland,Residential,NEW LAUNCH,Ahmedabad West,Science City,Gujarat,23.077457906396212,72.50466184539377,"Hebatpur, Ahmedabad West",380060,0,0,Price on Request,https://www.99acres.com/exidmicrosite/siteplan_g2c.php?live=2&g2c=1&xid_request=1&code=58946,True,"4,5,6","Around 10 km from National Highway 147
 | Close to Ahmedabad Junction
 | 16 km from Sardar Vallabhbhai Patel International Airport
 | Get Unit of your choice","Stamp Duty: 5.9 % for Male, 4.9 % for Female, 5.9 % for Joint (Male and Female), 4.9 % For Joint (Female and Female) | Registration Charges: Male Ownership: 1%, Female Ownership: No registration charges,  Joint (Male + Female) Ownership: 1 % ",4,Apartment,2424.35,Carpet Area,0,False,Mar ‘31 possession,03-2031,https://imagecdn.99acres.com/projects/example/z43s1k4_1734947472_541035911.jpg,https://www.99acres.com/exidmicrosite/property_2d3d_xid.php?projectCode=58946&bno=104&blockId=123170&fno=F1_104&measurement=1&jquery=1&compare=1&g2c=1&hide_button=1&switch_HD=1&platform=DESKTOP,
436205,Keshav Stateland,Residential,NEW LAUNCH,Ahmedabad West,Science City,Gujarat,23.077457906396212,72.50466184539377,"Hebatpur, Ahmedabad West",380060,0,0,Price on Request,https://www.99acres.com/exidmicrosite/siteplan_g2c.php?live=2&g2c=1&xid_request=1&code=58946,True,"4,5,6","Around 10 km from National Highway 147
 | Close to Ahmedabad Junction
 | 16 km from Sardar Vallabhbhai Patel International Airport
 | Get Unit of your choice","Stamp Duty: 5.9 % for Male, 4.9 % for Female, 5.9 % for Joint (Male and Female), 4.9 % For Joint (Female and Female) | Registration Charges: Male Ownership: 1%, Female Ownership: No registration charges,  Joint (Male + Female) Ownership: 1 % ",4,Apartment,2885.8,Carpet Area,0,False,Mar ‘31 possession,03-2031,https://imagecdn.99acres.com/projects/example/vnoiutc_1734948346_541044109.jpg,https://www.99acres.com/exidmicrosite/property_2d3d_xid.php?projectCode=58946&bno=105&blockId=123170&fno=F1_105&measurement=1&jquery=1&compare=1&g2c=1&hide_button=1&switch_HD=1&platform=DESKTOP,
436205,Keshav Stateland,Residential,NEW LAUNCH,Ahmedabad West,Science City,Gujarat,23.077457906396212,72.50466184539377,"Hebatpur, Ahmedabad West",380060,0,0,Price on Request,https://www.99acres.com/exidmicrosite/siteplan_g2c.php?live=2&g2c=1&xid_request=1&code=58946,True,"4,5,6","Around 10 km from National Highway 147
 | Close to Ahmedabad Junction
 | 16 km from Sardar Vallabhbhai Patel International Airport
 | Get Unit of your choice","Stamp Duty: 5.9 % for Male, 4.9 % for Female, 5.9 % for Joint (Male and Female), 4.9 % For Joint (Female and Female) | Registration Charges: Male Ownership: 1%, Female Ownership: No registration charges,  Joint (Male + Female) Ownership: 1 % ",4,Apartment,2902.92,Carpet Area,0,False,,,https://imagecdn.99acres.com/projects/example/bkdzoxf_1734948408_541044853.jpg,https://www.99acres.com/exidmicrosite/property_2d3d_xid.php?projectCode=58946&bno=106&blockId=123170&fno=F1_106&measurement=1&jquery=1&compare=1&g2c=1&hide_button=1&switch_HD=1&platform=DESKTOP,
436205,Keshav Stateland,Residential,NEW LAUNCH,Ahmedabad West,Science City,Gujarat,23.077457906396212,72.50466184539377,"Hebatpur, Ahmedabad West",380060,0,0,Price on Request,https://www.99acres.com/exidmicrosite/siteplan_g2c.php?live=2&g2c=1&xid_request=1&code=58946,True,"4,5,6","Around 10 km from National Highway 147
 | Close to Ahmedabad Junction
 | 16 km from Sardar Vallabhbhai Patel International Airport
 | Get Unit of your choice","Stamp Duty: 5.9 % for Male, 4.9 % for Female, 5.9 % for Joint (Male and Female), 4.9 % For Joint (Female and Female) | Registration Charges: Male Ownership: 1%, Female Ownership: No registration charges,  Joint (Male + Female) Ownership: 1 % ",4,Apartment,3086.01,Carpet Area,0,False,Mar ‘31 possession,03-2031,https://imagecdn.99acres.com/projects/example/uzfnwfm_1734946464_541026747.jpg,https://www.99acres.com/exidmicrosite/property_2d3d_xid.php?projectCode=58946&bno=107&blockId=123170&fno=F1_107&measurement=1&jquery=1&compare=1&g2c=1&hide_button=1&switch_HD=1&platform=DESKTOP,
436205,Keshav Stateland,Residential,NEW LAUNCH,Ahmedabad West,Science City,Gujarat,23.077457906396212,72.50466184539377,"Hebatpur, Ahmedabad West",380060,0,0,Price on Request,https://www.99acres.com/exidmicrosite/siteplan_g2c.php?live=2&g2c=1&xid_request=1&code=58946,True,"4,5,6","Around 10 km from National Highway 147
 | Close to Ahmedabad Junction
 | 16 km from Sardar Vallabhbhai Patel International Airport
 | Get Unit of your choice","Stamp Duty: 5.9 % for Male, 4.9 % for Female, 5.9 % for Joint (Male and Female), 4.9 % For Joint (Female and Female) | Registration Charges: Male Ownership: 1%, Female Ownership: No registration charges,  Joint (Male + Female) Ownership: 1 % ",4,Apartment,3104.63,Carpet Area,0,False,Mar ‘31 possession,03-2031,https://imagecdn.99acres.com/projects/example/7bqkn7j_1734947137_541033245.jpg,https://www.99acres.com/exidmicrosite/property_2d3d_xid.php?projectCode=58946&bno=108&blockId=123170&fno=F1_108&measurement=1&jquery=1&compare=1&g2c=1&hide_button=1&switch_HD=1&platform=DESKTOP,
436205,Keshav Stateland,Residential,NEW LAUNCH,Ahmedabad West,Science City,Gujarat,23.077457906396212,72.50466184539377,"Hebatpur, Ahmedabad West",380060,0,0,Price on Request,https://www.99acres.com/exidmicrosite/siteplan_g2c.php?live=2&g2c=1&xid_request=1&code=58946,True,"4,5,6","Around 10 km from National Highway 147
 | Close to Ahmedabad Junction
 | 16 km from Sardar Vallabhbhai Patel International Airport
 | Get Unit of your choice","Stamp Duty: 5.9 % for Male, 4.9 % for Female, 5.9 % for Joint (Male and Female), 4.9 % For Joint (Female and Female) | Registration Charges: Male Ownership: 1%, Female Ownership: No registration charges,  Joint (Male + Female) Ownership: 1 % ",5,Apartment,3156.73,Carpet Area,0,False,Mar ‘31 possession,03-2031,https://imagecdn.99acres.com/projects/example/tabj8m8_1739430154_569145653.jpg,https://www.99acres.com/exidmicrosite/property_2d3d_xid.php?projectCode=58946&bno=109&blockId=123170&fno=F1_109&measurement=1&jquery=1&compare=1&g2c=1&hide_button=1&switch_HD=1&platform=DESKTOP,
436205,Keshav Stateland,Residential,NEW LAUNCH,Ahmedabad West,Science City,Gujarat,23.077457906396212,72.50466184539377,"Hebatpur, Ahmedabad West",380060,0,0,Price on Request,https://www.99acres.com/exidmicrosite/siteplan_g2c.php?live=2&g2c=1&xid_request=1&code=58946,True,"4,5,6","Around 10 km from National Highway 147
 | Close to Ahmedabad Junction
 | 16 km from Sardar Vallabhbhai Patel International Airport
 | Get Unit of your choice","Stamp Duty: 5.9 % for Male, 4.9 % for Female, 5.9 % for Joint (Male and Female), 4.9 % For Joint (Female and Female) | Registration Charges: Male Ownership: 1%, Female Ownership: No registration charges,  Joint (Male + Female) Ownership: 1 % ",5,Apartment,3548.86,Carpet Area,0,False,Mar ‘31 possession,03-2031,https://imagecdn.99acres.com/projects/example/9l0732q_1739430187_569146089.jpg,https://www.99acres.com/exidmicrosite/property_2d3d_xid.php?projectCode=58946&bno=110&blockId=123170&fno=F1_110&measurement=1&jquery=1&compare=1&g2c=1&hide_button=1&switch_HD=1&platform=DESKTOP,
436205,Keshav Stateland,Residential,NEW LAUNCH,Ahmedabad West,Science City,Gujarat,23.077457906396212,72.50466184539377,"Hebatpur, Ahmedabad West",380060,0,0,Price on Request,https://www.99acres.com/exidmicrosite/siteplan_g2c.php?live=2&g2c=1&xid_request=1&code=58946,True,"4,5,6","Around 10 km from National Highway 147
 | Close to Ahmedabad Junction
 | 16 km from Sardar Vallabhbhai Patel International Airport
 | Get Unit of your choice","Stamp Duty: 5.9 % for Male, 4.9 % for Female, 5.9 % for Joint (Male and Female), 4.9 % For Joint (Female and Female) | Registration Charges: Male Ownership: 1%, Female Ownership: No registration charges,  Joint (Male + Female) Ownership: 1 % ",5,Apartment,3771.02,Carpet Area,0,False,Mar ‘31 possession,03-2031,https://imagecdn.99acres.com/projects/example/ljm457t_1739430216_569146303.jpg,https://www.99acres.com/exidmicrosite/property_2d3d_xid.php?projectCode=58946&bno=111&blockId=123170&fno=F1_111&measurement=1&jquery=1&compare=1&g2c=1&hide_button=1&switch_HD=1&platform=DESKTOP,
436205,Keshav Stateland,Residential,NEW LAUNCH,Ahmedabad West,Science City,Gujarat,23.077457906396212,72.50466184539377,"Hebatpur, Ahmedabad West",380060,0,0,Price on Request,https://www.99acres.com/exidmicrosite/siteplan_g2c.php?live=2&g2c=1&xid_request=1&code=58946,True,"4,5,6","Around 10 km from National Highway 147
 | Close to Ahmedabad Junction
 | 16 km from Sardar Vallabhbhai Patel International Airport
 | Get Unit of your choice","Stamp Duty: 5.9 % for Male, 4.9 % for Female, 5.9 % for Joint (Male and Female), 4.9 % For Joint (Female and Female) | Registration Charges: Male Ownership: 1%, Female Ownership: No registration charges,  Joint (Male + Female) Ownership: 1 % ",6,Apartment,5916.38,Carpet Area,0,False,Mar ‘31 possession,03-2031,https://imagecdn.99acres.com/projects/example/tii1yif_1739430391_569147887.jpg,https://www.99acres.com/exidmicrosite/property_2d3d_xid.php?projectCode=58946&bno=112&blockId=123170&fno=F1_112&measurement=1&jquery=1&compare=1&g2c=1&hide_button=1&switch_HD=1&platform=DESKTOP,
417224,Anantara Imperial,Residential,NEW LAUNCH,Ahmedabad West,Science Park,Gujarat,23.063472759408,72.491454784707,"Sola, Ahmedabad West",380060,19499272,54800000,1.95 - 5.48 Cr,https://www.99acres.com/exidmicrosite/siteplan_g2c.php?live=2&g2c=1&xid_request=1&code=58142,True,"3,4","Complete customization of bespoke living options | The project offers 3 side open view | Landscaped terraces, gazebos, and recreation spaces ensure serene luxury | Near schools, hospitals, and shopping on Shilaj-Science City Road","Stamp Duty: 5.9 % for Male, 4.9 % for Female, 5.9 % for Joint (Male and Female), 4.9 % For Joint (Female and Female) | Registration Charges: Male Ownership: 1%, Female Ownership: No registration charges,  Joint (Male + Female) Ownership: 1 % ",3,Apartment,2788.0,Super Built-up Area,19499272,True,Dec ‘28 possession,12-2028,https://imagecdn.99acres.com/projects/example/gbdvyql_1731576277_530881173.jpg,https://www.99acres.com/exidmicrosite/property_2d3d_xid.php?projectCode=58142&bno=101&blockId=122048&fno=F1_101&measurement=1&jquery=1&compare=1&g2c=1&hide_button=1&switch_HD=1&platform=DESKTOP,Samkara Buildcon Llp (Dealer) | Satish Jadav (RERA REGISTERED Dealer)
417224,Anantara Imperial,Residential,NEW LAUNCH,Ahmedabad West,Science Park,Gujarat,23.063472759408,72.491454784707,"Sola, Ahmedabad West",380060,19499272,54800000,1.95 - 5.48 Cr,https://www.99acres.com/exidmicrosite/siteplan_g2c.php?live=2&g2c=1&xid_request=1&code=58142,True,"3,4","Complete customization of bespoke living options | The project offers 3 side open view | Landscaped terraces, gazebos, and recreation spaces ensure serene luxury | Near schools, hospitals, and shopping on Shilaj-Science City Road","Stamp Duty: 5.9 % for Male, 4.9 % for Female, 5.9 % for Joint (Male and Female), 4.9 % For Joint (Female and Female) | Registration Charges: Male Ownership: 1%, Female Ownership: No registration charges,  Joint (Male + Female) Ownership: 1 % ",4,Apartment,3770.0,Super Built-up Area,29000000,True,Dec ‘28 possession,12-2028,https://imagecdn.99acres.com/projects/example/5ya7otj_1746599126_593565977.jpg,https://www.99acres.com/exidmicrosite/property_2d3d_xid.php?projectCode=58142&bno=102&blockId=122048&fno=F1_102&measurement=1&jquery=1&compare=1&g2c=1&hide_button=1&switch_HD=1&platform=DESKTOP,Samkara Buildcon Llp (Dealer) | Satish Jadav (RERA REGISTERED Dealer)
417224,Anantara Imperial,Residential,NEW LAUNCH,Ahmedabad West,Science Park,Gujarat,23.063472759408,72.491454784707,"Sola, Ahmedabad West",380060,19499272,54800000,1.95 - 5.48 Cr,https://www.99acres.com/exidmicrosite/siteplan_g2c.php?live=2&g2c=1&xid_request=1&code=58142,True,"3,4","Complete customization of bespoke living options | The project offers 3 side open view | Landscaped terraces, gazebos, and recreation spaces ensure serene luxury | Near schools, hospitals, and shopping on Shilaj-Science City Road","Stamp Duty: 5.9 % for Male, 4.9 % for Female, 5.9 % for Joint (Male and Female), 4.9 % For Joint (Female and Female) | Registration Charges: Male Ownership: 1%, Female Ownership: No registration charges,  Joint (Male + Female) Ownership: 1 % ",4,Apartment,5163.0,Super Built-up Area,41000000,True,Dec ‘28 possession,12-2028,https://imagecdn.99acres.com/projects/example/ylzbtao_1746599531_593570115.jpg,https://www.99acres.com/exidmicrosite/property_2d3d_xid.php?projectCode=58142&bno=2101&blockId=122048&fno=F21_2101&measurement=1&jquery=1&compare=1&g2c=1&hide_button=1&switch_HD=1&platform=DESKTOP,Samkara Buildcon Llp (Dealer) | Satish Jadav (RERA REGISTERED Dealer)
417224,Anantara Imperial,Residential,NEW LAUNCH,Ahmedabad West,Science Park,Gujarat,23.063472759408,72.491454784707,"Sola, Ahmedabad West",380060,19499272,54800000,1.95 - 5.48 Cr,https://www.99acres.com/exidmicrosite/siteplan_g2c.php?live=2&g2c=1&xid_request=1&code=58142,True,"3,4","Complete customization of bespoke living options | The project offers 3 side open view | Landscaped terraces, gazebos, and recreation spaces ensure serene luxury | Near schools, hospitals, and shopping on Shilaj-Science City Road","Stamp Duty: 5.9 % for Male, 4.9 % for Female, 5.9 % for Joint (Male and Female), 4.9 % For Joint (Female and Female) | Registration Charges: Male Ownership: 1%, Female Ownership: No registration charges,  Joint (Male + Female) Ownership: 1 % ",4,Apartment,6852.0,Super Built-up Area,54800000,True,Dec ‘28 possession,12-2028,https://imagecdn.99acres.com/projects/example/at7l687_1731576455_530882727.jpg,https://www.99acres.com/exidmicrosite/property_2d3d_xid.php?projectCode=58142&bno=2102&blockId=122048&fno=F21_2102&measurement=1&jquery=1&compare=1&g2c=1&hide_button=1&switch_HD=1&platform=DESKTOP,Samkara Buildcon Llp (Dealer) | Satish Jadav (RERA REGISTERED Dealer)
441467,Shivalik Greenfield,Residential,NEW LAUNCH,Ahmedabad North,Shantigram,Gujarat,23.15732,72.54416,"Sector- R3B, Opp. Football Ground, Shantigram, Ahmedabad North - 382421",0,16600402,28200000,1.66 - 2.82 Cr,https://www.99acres.com/exidmicrosite/siteplan_g2c.php?live=2&g2c=1&xid_request=1&code=59988,True,"3,4","The towers are spaced 100 feet apart by design. | Greenfield offers 70% open space for recreation and greenery. | Greenfield is IGBC pre-certified Platinum-rated for sustainability. | Featuring 12 exclusive penthouses, each with dual side staircases.","Stamp Duty: 5.9 % for Male, 4.9 % for Female, 5.9 % for Joint (Male and Female), 4.9 % For Joint (Female and Female) | Registration Charges: Male Ownership: 1%, Female Ownership: No registration charges,  Joint (Male + Female) Ownership: 1 % ",3,Apartment,1379.0,Carpet Area,16600402,True,Dec ‘29 possession,12-2029,https://imagecdn.99acres.com/projects/example/vq7kwpe_1744287290_585517985.jpg,https://www.99acres.com/exidmicrosite/property_2d3d_xid.php?projectCode=59988&bno=101&blockId=126493&fno=F1_101&measurement=1&jquery=1&compare=1&g2c=1&hide_button=1&switch_HD=1&platform=DESKTOP,City Address Realty (RERA REGISTERED Dealer) | BHAVESH PANDYA (Dealer)
441467,Shivalik Greenfield,Residential,NEW LAUNCH,Ahmedabad North,Shantigram,Gujarat,23.15732,72.54416,"Sector- R3B, Opp. Football Ground, Shantigram, Ahmedabad North - 382421",0,16600402,28200000,1.66 - 2.82 Cr,https://www.99acres.com/exidmicrosite/siteplan_g2c.php?live=2&g2c=1&xid_request=1&code=59988,True,"3,4","The towers are spaced 100 feet apart by design. | Greenfield offers 70% open space for recreation and greenery. | Greenfield is IGBC pre-certified Platinum-rated for sustainability. | Featuring 12 exclusive penthouses, each with dual side staircases.","Stamp Duty: 5.9 % for Male, 4.9 % for Female, 5.9 % for Joint (Male and Female), 4.9 % For Joint (Female and Female) | Registration Charges: Male Ownership: 1%, Female Ownership: No registration charges,  Joint (Male + Female) Ownership: 1 % ",4,Apartment,2365.0,Carpet Area,28200000,True,Dec ‘29 possession,12-2029,https://imagecdn.99acres.com/projects/example/vkpjlbw_1744287338_585518445.jpg,https://www.99acres.com/exidmicrosite/property_2d3d_xid.php?projectCode=59988&bno=102&blockId=126493&fno=F1_102&measurement=1&jquery=1&compare=1&g2c=1&hide_button=1&switch_HD=1&platform=DESKTOP,City Address Realty (RERA REGISTERED Dealer) | BHAVESH PANDYA (Dealer)
410064,Vivaan Aura,Residential,NEW LAUNCH,Ahmedabad North,Zundal,Gujarat,23.135902330404,72.579034992327,"Zundal, Ahmedabad North",382421,0,0,Price on Request,https://www.99acres.com/exidmicrosite/siteplan_g2c.php?live=2&g2c=1&xid_request=1&code=52917,True,"2,3","Well-designed development that balances privacy and community living | Modern residences with open layouts and ample natural light | Ensures vastu compliance
 | EV charging stations available","Stamp Duty: 5.9 % for Male, 4.9 % for Female, 5.9 % for Joint (Male and Female), 4.9 % For Joint (Female and Female) | Registration Charges: Male Ownership: 1%, Female Ownership: No registration charges,  Joint (Male + Female) Ownership: 1 % ",2,Apartment,617.42,Carpet Area,0,False,Dec ‘26 possession,12-2026,https://newprojects.99acres.com/projects/avenue_realty_ahmedabad/avenue_vivaan_aura/maps/4du00qws.jpg,https://www.99acres.com/exidmicrosite/property_2d3d_xid.php?projectCode=52917&bno=101&blockId=110222&fno=F1_101&measurement=1&jquery=1&compare=1&g2c=1&hide_button=1&switch_HD=1&platform=DESKTOP,
410064,Vivaan Aura,Residential,NEW LAUNCH,Ahmedabad North,Zundal,Gujarat,23.135902330404,72.579034992327,"Zundal, Ahmedabad North",382421,0,0,Price on Request,https://www.99acres.com/exidmicrosite/siteplan_g2c.php?live=2&g2c=1&xid_request=1&code=52917,True,"2,3","Well-designed development that balances privacy and community living | Modern residences with open layouts and ample natural light | Ensures vastu compliance
 | EV charging stations available","Stamp Duty: 5.9 % for Male, 4.9 % for Female, 5.9 % for Joint (Male and Female), 4.9 % For Joint (Female and Female) | Registration Charges: Male Ownership: 1%, Female Ownership: No registration charges,  Joint (Male + Female) Ownership: 1 % ",2,Apartment,619.03,Carpet Area,0,False,Dec ‘26 possession,12-2026,https://newprojects.99acres.com/projects/avenue_realty_ahmedabad/avenue_vivaan_aura/maps/9corf6l7.jpg,https://www.99acres.com/exidmicrosite/property_2d3d_xid.php?projectCode=52917&bno=102&blockId=112534&fno=F1_102&measurement=1&jquery=1&compare=1&g2c=1&hide_button=1&switch_HD=1&platform=DESKTOP,
410064,Vivaan Aura,Residential,NEW LAUNCH,Ahmedabad North,Zundal,Gujarat,23.135902330404,72.579034992327,"Zundal, Ahmedabad North",382421,0,0,Price on Request,https://www.99acres.com/exidmicrosite/siteplan_g2c.php?live=2&g2c=1&xid_request=1&code=52917,True,"2,3","Well-designed development that balances privacy and community living | Modern residences with open layouts and ample natural light | Ensures vastu compliance
 | EV charging stations available","Stamp Duty: 5.9 % for Male, 4.9 % for Female, 5.9 % for Joint (Male and Female), 4.9 % For Joint (Female and Female) | Registration Charges: Male Ownership: 1%, Female Ownership: No registration charges,  Joint (Male + Female) Ownership: 1 % ",2,Apartment,624.74,Carpet Area,0,False,Dec ‘26 possession,12-2026,https://newprojects.99acres.com/projects/avenue_realty_ahmedabad/avenue_vivaan_aura/maps/zrv8ez0u.jpg,https://www.99acres.com/exidmicrosite/property_2d3d_xid.php?projectCode=52917&bno=103&blockId=110222&fno=F1_103&measurement=1&jquery=1&compare=1&g2c=1&hide_button=1&switch_HD=1&platform=DESKTOP,
410064,Vivaan Aura,Residential,NEW LAUNCH,Ahmedabad North,Zundal,Gujarat,23.135902330404,72.579034992327,"Zundal, Ahmedabad North",382421,0,0,Price on Request,https://www.99acres.com/exidmicrosite/siteplan_g2c.php?live=2&g2c=1&xid_request=1&code=52917,True,"2,3","Well-designed development that balances privacy and community living | Modern residences with open layouts and ample natural light | Ensures vastu compliance
 | EV charging stations available","Stamp Duty: 5.9 % for Male, 4.9 % for Female, 5.9 % for Joint (Male and Female), 4.9 % For Joint (Female and Female) | Registration Charges: Male Ownership: 1%, Female Ownership: No registration charges,  Joint (Male + Female) Ownership: 1 % ",2,Apartment,628.72,Carpet Area,0,False,Dec ‘26 possession,12-2026,https://newprojects.99acres.com/projects/avenue_realty_ahmedabad/avenue_vivaan_aura/maps/047sb9tu.jpg,https://www.99acres.com/exidmicrosite/property_2d3d_xid.php?projectCode=52917&bno=104&blockId=110222&fno=F1_104&measurement=1&jquery=1&compare=1&g2c=1&hide_button=1&switch_HD=1&platform=DESKTOP,
410064,Vivaan Aura,Residential,NEW LAUNCH,Ahmedabad North,Zundal,Gujarat,23.135902330404,72.579034992327,"Zundal, Ahmedabad North",382421,0,0,Price on Request,https://www.99acres.com/exidmicrosite/siteplan_g2c.php?live=2&g2c=1&xid_request=1&code=52917,True,"2,3","Well-designed development that balances privacy and community living | Modern residences with open layouts and ample natural light | Ensures vastu compliance
 | EV charging stations available","Stamp Duty: 5.9 % for Male, 4.9 % for Female, 5.9 % for Joint (Male and Female), 4.9 % For Joint (Female and Female) | Registration Charges: Male Ownership: 1%, Female Ownership: No registration charges,  Joint (Male + Female) Ownership: 1 % ",2,Apartment,629.15,Carpet Area,0,False,Dec ‘26 possession,12-2026,https://newprojects.99acres.com/projects/avenue_realty_ahmedabad/avenue_vivaan_aura/maps/g03cr721.jpg,https://www.99acres.com/exidmicrosite/property_2d3d_xid.php?projectCode=52917&bno=104&blockId=110222&fno=F1_104&measurement=1&jquery=1&compare=1&g2c=1&hide_button=1&switch_HD=1&platform=DESKTOP,
410064,Vivaan Aura,Residential,NEW LAUNCH,Ahmedabad North,Zundal,Gujarat,23.135902330404,72.579034992327,"Zundal, Ahmedabad North",382421,0,0,Price on Request,https://www.99acres.com/exidmicrosite/siteplan_g2c.php?live=2&g2c=1&xid_request=1&code=52917,True,"2,3","Well-designed development that balances privacy and community living | Modern residences with open layouts and ample natural light | Ensures vastu compliance
 | EV charging stations available","Stamp Duty: 5.9 % for Male, 4.9 % for Female, 5.9 % for Joint (Male and Female), 4.9 % For Joint (Female and Female) | Registration Charges: Male Ownership: 1%, Female Ownership: No registration charges,  Joint (Male + Female) Ownership: 1 % ",2,Apartment,631.84,Carpet Area,0,False,Dec ‘26 possession,12-2026,https://newprojects.99acres.com/projects/avenue_realty_ahmedabad/avenue_vivaan_aura/maps/zltxz0zr.jpg,https://www.99acres.com/exidmicrosite/property_2d3d_xid.php?projectCode=52917&bno=106&blockId=110222&fno=F1_106&measurement=1&jquery=1&compare=1&g2c=1&hide_button=1&switch_HD=1&platform=DESKTOP,
410064,Vivaan Aura,Residential,NEW LAUNCH,Ahmedabad North,Zundal,Gujarat,23.135902330404,72.579034992327,"Zundal, Ahmedabad North",382421,0,0,Price on Request,https://www.99acres.com/exidmicrosite/siteplan_g2c.php?live=2&g2c=1&xid_request=1&code=52917,True,"2,3","Well-designed development that balances privacy and community living | Modern residences with open layouts and ample natural light | Ensures vastu compliance
 | EV charging stations available","Stamp Duty: 5.9 % for Male, 4.9 % for Female, 5.9 % for Joint (Male and Female), 4.9 % For Joint (Female and Female) | Registration Charges: Male Ownership: 1%, Female Ownership: No registration charges,  Joint (Male + Female) Ownership: 1 % ",2,Apartment,620.32,Carpet Area,0,False,Dec ‘26 possession,12-2026,,,
410064,Vivaan Aura,Residential,NEW LAUNCH,Ahmedabad North,Zundal,Gujarat,23.135902330404,72.579034992327,"Zundal, Ahmedabad North",382421,0,0,Price on Request,https://www.99acres.com/exidmicrosite/siteplan_g2c.php?live=2&g2c=1&xid_request=1&code=52917,True,"2,3","Well-designed development that balances privacy and community living | Modern residences with open layouts and ample natural light | Ensures vastu compliance
 | EV charging stations available","Stamp Duty: 5.9 % for Male, 4.9 % for Female, 5.9 % for Joint (Male and Female), 4.9 % For Joint (Female and Female) | Registration Charges: Male Ownership: 1%, Female Ownership: No registration charges,  Joint (Male + Female) Ownership: 1 % ",3,Apartment,843.46,Carpet Area,0,False,Dec ‘26 possession,12-2026,https://newprojects.99acres.com/projects/avenue_realty_ahmedabad/avenue_vivaan_aura/maps/s06b9m3r.jpg,https://www.99acres.com/exidmicrosite/property_2d3d_xid.php?projectCode=52917&bno=107&blockId=110222&fno=F1_107&measurement=1&jquery=1&compare=1&g2c=1&hide_button=1&switch_HD=1&platform=DESKTOP,
410064,Vivaan Aura,Residential,NEW LAUNCH,Ahmedabad North,Zundal,Gujarat,23.135902330404,72.579034992327,"Zundal, Ahmedabad North",382421,0,0,Price on Request,https://www.99acres.com/exidmicrosite/siteplan_g2c.php?live=2&g2c=1&xid_request=1&code=52917,True,"2,3","Well-designed development that balances privacy and community living | Modern residences with open layouts and ample natural light | Ensures vastu compliance
 | EV charging stations available","Stamp Duty: 5.9 % for Male, 4.9 % for Female, 5.9 % for Joint (Male and Female), 4.9 % For Joint (Female and Female) | Registration Charges: Male Ownership: 1%, Female Ownership: No registration charges,  Joint (Male + Female) Ownership: 1 % ",3,Apartment,845.61,Carpet Area,0,False,Dec ‘26 possession,12-2026,https://newprojects.99acres.com/projects/avenue_realty_ahmedabad/avenue_vivaan_aura/maps/jqsyxe62.jpg,https://www.99acres.com/exidmicrosite/property_2d3d_xid.php?projectCode=52917&bno=108&blockId=110222&fno=F1_108&measurement=1&jquery=1&compare=1&g2c=1&hide_button=1&switch_HD=1&platform=DESKTOP,
410064,Vivaan Aura,Residential,NEW LAUNCH,Ahmedabad North,Zundal,Gujarat,23.135902330404,72.579034992327,"Zundal, Ahmedabad North",382421,0,0,Price on Request,https://www.99acres.com/exidmicrosite/siteplan_g2c.php?live=2&g2c=1&xid_request=1&code=52917,True,"2,3","Well-designed development that balances privacy and community living | Modern residences with open layouts and ample natural light | Ensures vastu compliance
 | EV charging stations available","Stamp Duty: 5.9 % for Male, 4.9 % for Female, 5.9 % for Joint (Male and Female), 4.9 % For Joint (Female and Female) | Registration Charges: Male Ownership: 1%, Female Ownership: No registration charges,  Joint (Male + Female) Ownership: 1 % ",3,Apartment,846.69,Carpet Area,0,False,Dec ‘26 possession,12-2026,https://newprojects.99acres.com/projects/avenue_realty_ahmedabad/avenue_vivaan_aura/maps/s12srzlj.jpg,https://www.99acres.com/exidmicrosite/property_2d3d_xid.php?projectCode=52917&bno=109&blockId=110222&fno=F1_109&measurement=1&jquery=1&compare=1&g2c=1&hide_button=1&switch_HD=1&platform=DESKTOP,
410064,Vivaan Aura,Residential,NEW LAUNCH,Ahmedabad North,Zundal,Gujarat,23.135902330404,72.579034992327,"Zundal, Ahmedabad North",382421,0,0,Price on Request,https://www.99acres.com/exidmicrosite/siteplan_g2c.php?live=2&g2c=1&xid_request=1&code=52917,True,"2,3","Well-designed development that balances privacy and community living | Modern residences with open layouts and ample natural light | Ensures vastu compliance
 | EV charging stations available","Stamp Duty: 5.9 % for Male, 4.9 % for Female, 5.9 % for Joint (Male and Female), 4.9 % For Joint (Female and Female) | Registration Charges: Male Ownership: 1%, Female Ownership: No registration charges,  Joint (Male + Female) Ownership: 1 % ",3,Apartment,851.75,Carpet Area,0,False,Dec ‘26 possession,12-2026,https://newprojects.99acres.com/projects/avenue_realty_ahmedabad/avenue_vivaan_aura/maps/itxbvq3p.jpg,https://www.99acres.com/exidmicrosite/property_2d3d_xid.php?projectCode=52917&bno=110&blockId=110222&fno=F1_110&measurement=1&jquery=1&compare=1&g2c=1&hide_button=1&switch_HD=1&platform=DESKTOP,
431635,Aristo The Opus and Aatmantan,Residential,NEW LAUNCH,Ahmedabad North,Gota,Gujarat,23.10645376987417,72.5346041320988,"Gota, Ahmedabad North",383255,21600000,21600000,2.16 Cr,https://www.99acres.com/exidmicrosite/siteplan_g2c.php?live=2&g2c=1&xid_request=1&code=59921,True,4,Spacious panoramic balconies | Private lift | Double-Height living rooms | Get Unit of your choice,"Stamp Duty: 5.9 % for Male, 4.9 % for Female, 5.9 % for Joint (Male and Female), 4.9 % For Joint (Female and Female) | Registration Charges: Male Ownership: 1%, Female Ownership: No registration charges,  Joint (Male + Female) Ownership: 1 % ",4,Apartment,3294.0,Super Built-up Area,0,False,,,https://imagecdn.99acres.com/projects/example/x2q8adk_1745918671_591173049.jpg,https://www.99acres.com/exidmicrosite/property_2d3d_xid.php?projectCode=59921&bno=101&blockId=125648&fno=F1_101&measurement=1&jquery=1&compare=1&g2c=1&hide_button=1&switch_HD=1&platform=DESKTOP,
431635,Aristo The Opus and Aatmantan,Residential,NEW LAUNCH,Ahmedabad North,Gota,Gujarat,23.10645376987417,72.5346041320988,"Gota, Ahmedabad North",383255,21600000,21600000,2.16 Cr,https://www.99acres.com/exidmicrosite/siteplan_g2c.php?live=2&g2c=1&xid_request=1&code=59921,True,4,Spacious panoramic balconies | Private lift | Double-Height living rooms | Get Unit of your choice,"Stamp Duty: 5.9 % for Male, 4.9 % for Female, 5.9 % for Joint (Male and Female), 4.9 % For Joint (Female and Female) | Registration Charges: Male Ownership: 1%, Female Ownership: No registration charges,  Joint (Male + Female) Ownership: 1 % ",4,Apartment,4455.0,Super Built-up Area,0,False,,,https://imagecdn.99acres.com/projects/example/4ffgmxo_1745919273_591180209.jpg,https://www.99acres.com/exidmicrosite/property_2d3d_xid.php?projectCode=59921&bno=102&blockId=125648&fno=F1_102&measurement=1&jquery=1&compare=1&g2c=1&hide_button=1&switch_HD=1&platform=DESKTOP,
431635,Aristo The Opus and Aatmantan,Residential,NEW LAUNCH,Ahmedabad North,Gota,Gujarat,23.10645376987417,72.5346041320988,"Gota, Ahmedabad North",383255,21600000,21600000,2.16 Cr,https://www.99acres.com/exidmicrosite/siteplan_g2c.php?live=2&g2c=1&xid_request=1&code=59921,True,4,Spacious panoramic balconies | Private lift | Double-Height living rooms | Get Unit of your choice,"Stamp Duty: 5.9 % for Male, 4.9 % for Female, 5.9 % for Joint (Male and Female), 4.9 % For Joint (Female and Female) | Registration Charges: Male Ownership: 1%, Female Ownership: No registration charges,  Joint (Male + Female) Ownership: 1 % ",4,Apartment,4698.0,Super Built-up Area,0,False,,,https://imagecdn.99acres.com/projects/example/di3db5o_1745918781_591174167.jpg,https://www.99acres.com/exidmicrosite/property_2d3d_xid.php?projectCode=59921&bno=103&blockId=125648&fno=F1_103&measurement=1&jquery=1&compare=1&g2c=1&hide_button=1&switch_HD=1&platform=DESKTOP,
431635,Aristo The Opus and Aatmantan,Residential,NEW LAUNCH,Ahmedabad North,Gota,Gujarat,23.10645376987417,72.5346041320988,"Gota, Ahmedabad North",383255,21600000,21600000,2.16 Cr,https://www.99acres.com/exidmicrosite/siteplan_g2c.php?live=2&g2c=1&xid_request=1&code=59921,True,4,Spacious panoramic balconies | Private lift | Double-Height living rooms | Get Unit of your choice,"Stamp Duty: 5.9 % for Male, 4.9 % for Female, 5.9 % for Joint (Male and Female), 4.9 % For Joint (Female and Female) | Registration Charges: Male Ownership: 1%, Female Ownership: No registration charges,  Joint (Male + Female) Ownership: 1 % ",4,Apartment,5058.0,Super Built-up Area,0,False,,,https://imagecdn.99acres.com/projects/example/na2j36f_1745918905_591175747.jpg,,
431635,Aristo The Opus and Aatmantan,Residential,NEW LAUNCH,Ahmedabad North,Gota,Gujarat,23.10645376987417,72.5346041320988,"Gota, Ahmedabad North",383255,21600000,21600000,2.16 Cr,https://www.99acres.com/exidmicrosite/siteplan_g2c.php?live=2&g2c=1&xid_request=1&code=59921,True,4,Spacious panoramic balconies | Private lift | Double-Height living rooms | Get Unit of your choice,"Stamp Duty: 5.9 % for Male, 4.9 % for Female, 5.9 % for Joint (Male and Female), 4.9 % For Joint (Female and Female) | Registration Charges: Male Ownership: 1%, Female Ownership: No registration charges,  Joint (Male + Female) Ownership: 1 % ",4,Apartment,5103.0,Super Built-up Area,0,False,,,https://imagecdn.99acres.com/projects/example/bhjdyjj_1745919030_591177235.jpg,,
431635,Aristo The Opus and Aatmantan,Residential,NEW LAUNCH,Ahmedabad North,Gota,Gujarat,23.10645376987417,72.5346041320988,"Gota, Ahmedabad North",383255,21600000,21600000,2.16 Cr,https://www.99acres.com/exidmicrosite/siteplan_g2c.php?live=2&g2c=1&xid_request=1&code=59921,True,4,Spacious panoramic balconies | Private lift | Double-Height living rooms | Get Unit of your choice,"Stamp Duty: 5.9 % for Male, 4.9 % for Female, 5.9 % for Joint (Male and Female), 4.9 % For Joint (Female and Female) | Registration Charges: Male Ownership: 1%, Female Ownership: No registration charges,  Joint (Male + Female) Ownership: 1 % ",4,Apartment,5382.0,Super Built-up Area,0,False,,,https://imagecdn.99acres.com/projects/example/payhwyv_1745919170_591179059.jpg,,
431635,Aristo The Opus and Aatmantan,Residential,NEW LAUNCH,Ahmedabad North,Gota,Gujarat,23.10645376987417,72.5346041320988,"Gota, Ahmedabad North",383255,21600000,21600000,2.16 Cr,https://www.99acres.com/exidmicrosite/siteplan_g2c.php?live=2&g2c=1&xid_request=1&code=59921,True,4,Spacious panoramic balconies | Private lift | Double-Height living rooms | Get Unit of your choice,"Stamp Duty: 5.9 % for Male, 4.9 % for Female, 5.9 % for Joint (Male and Female), 4.9 % For Joint (Female and Female) | Registration Charges: Male Ownership: 1%, Female Ownership: No registration charges,  Joint (Male + Female) Ownership: 1 % ",4,Apartment,5769.0,Super Built-up Area,0,False,,,https://imagecdn.99acres.com/projects/example/x5uxjcp_1745920603_591191353.jpg,,
431635,Aristo The Opus and Aatmantan,Residential,NEW LAUNCH,Ahmedabad North,Gota,Gujarat,23.10645376987417,72.5346041320988,"Gota, Ahmedabad North",383255,21600000,21600000,2.16 Cr,https://www.99acres.com/exidmicrosite/siteplan_g2c.php?live=2&g2c=1&xid_request=1&code=59921,True,4,Spacious panoramic balconies | Private lift | Double-Height living rooms | Get Unit of your choice,"Stamp Duty: 5.9 % for Male, 4.9 % for Female, 5.9 % for Joint (Male and Female), 4.9 % For Joint (Female and Female) | Registration Charges: Male Ownership: 1%, Female Ownership: No registration charges,  Joint (Male + Female) Ownership: 1 % ",4,Apartment,1737.0,Carpet Area,21600000,True,Dec ‘28 possession,12-2028,,,MID FLOOR LLP (RERA REGISTERED Dealer) | DIXIT Modi (Dealer)
431635,Aristo The Opus and Aatmantan,Residential,NEW LAUNCH,Ahmedabad North,Gota,Gujarat,23.10645376987417,72.5346041320988,"Gota, Ahmedabad North",383255,21600000,21600000,2.16 Cr,https://www.99acres.com/exidmicrosite/siteplan_g2c.php?live=2&g2c=1&xid_request=1&code=59921,True,4,Spacious panoramic balconies | Private lift | Double-Height living rooms | Get Unit of your choice,"Stamp Duty: 5.9 % for Male, 4.9 % for Female, 5.9 % for Joint (Male and Female), 4.9 % For Joint (Female and Female) | Registration Charges: Male Ownership: 1%, Female Ownership: No registration charges,  Joint (Male + Female) Ownership: 1 % ",4,Apartment,2445.0,Carpet Area,0,False,Dec ‘28 possession,12-2028,,,
431635,Aristo The Opus and Aatmantan,Residential,NEW LAUNCH,Ahmedabad North,Gota,Gujarat,23.10645376987417,72.5346041320988,"Gota, Ahmedabad North",383255,21600000,21600000,2.16 Cr,https://www.99acres.com/exidmicrosite/siteplan_g2c.php?live=2&g2c=1&xid_request=1&code=59921,True,4,Spacious panoramic balconies | Private lift | Double-Height living rooms | Get Unit of your choice,"Stamp Duty: 5.9 % for Male, 4.9 % for Female, 5.9 % for Joint (Male and Female), 4.9 % For Joint (Female and Female) | Registration Charges: Male Ownership: 1%, Female Ownership: No registration charges,  Joint (Male + Female) Ownership: 1 % ",4,Apartment,2820.0,Carpet Area,0,False,Dec ‘28 possession,12-2028,,,
378203,Sheladia Eris,Residential,NEW LAUNCH,Ahmedabad West,Shela,Gujarat,23.003822722322,72.452683371434,"BH Club 07 Road, Shela, Ahmedabad",382465,5100000,6950000,51 - 69.5 L,https://www.99acres.com/exidmicrosite/siteplan_g2c.php?live=2&g2c=1&xid_request=1&code=45170,True,"2,3",Entire design comprises of the Internal Building Code (IBC). | Automatic fire sprinklers installed in the Hollow Plinth. | Manual panic alarm provided on each floor for fire safety. | Large landscape area,"Stamp Duty: 5.9 % for Male, 4.9 % for Female, 5.9 % for Joint (Male and Female), 4.9 % For Joint (Female and Female) | Registration Charges: Male Ownership: 1%, Female Ownership: No registration charges,  Joint (Male + Female) Ownership: 1 % ",2,Apartment,1150.0,Super Built-up Area,0,False,Mar ‘26 possession,03-2026,https://newprojects.99acres.com/projects/sheladia_projects/sheladia_eris/maps/y5ahwytb.jpg,https://www.99acres.com/exidmicrosite/property_2d3d_xid.php?projectCode=45170&bno=101&blockId=91932&fno=F1_101&measurement=1&jquery=1&compare=1&g2c=1&hide_button=1&switch_HD=1&platform=DESKTOP,
378203,Sheladia Eris,Residential,NEW LAUNCH,Ahmedabad West,Shela,Gujarat,23.003822722322,72.452683371434,"BH Club 07 Road, Shela, Ahmedabad",382465,5100000,6950000,51 - 69.5 L,https://www.99acres.com/exidmicrosite/siteplan_g2c.php?live=2&g2c=1&xid_request=1&code=45170,True,"2,3",Entire design comprises of the Internal Building Code (IBC). | Automatic fire sprinklers installed in the Hollow Plinth. | Manual panic alarm provided on each floor for fire safety. | Large landscape area,"Stamp Duty: 5.9 % for Male, 4.9 % for Female, 5.9 % for Joint (Male and Female), 4.9 % For Joint (Female and Female) | Registration Charges: Male Ownership: 1%, Female Ownership: No registration charges,  Joint (Male + Female) Ownership: 1 % ",3,Apartment,1505.0,Super Built-up Area,0,False,Mar ‘26 possession,03-2026,https://newprojects.99acres.com/projects/sheladia_projects/sheladia_eris/maps/8pya6cyz.jpg,https://www.99acres.com/exidmicrosite/property_2d3d_xid.php?projectCode=45170&bno=102&blockId=91932&fno=F1_102&measurement=1&jquery=1&compare=1&g2c=1&hide_button=1&switch_HD=1&platform=DESKTOP,
441860,CS Terra Sky,Residential,NEW LAUNCH,Ahmedabad North,Zundal,Gujarat,23.140976958828134,72.56912530292017,"Terra Sky, 36 Mtr Road, Nr. Savitaabaa Circle, , Gandhinagar, Gandhinagar, GUJARAT, 382421",382421,8100000,8100000,81 L,https://www.99acres.com/exidmicrosite/siteplan_g2c.php?live=2&g2c=1&xid_request=1&code=61133,True,3,"Live in harmony with nature with 56% open space | Vaastu‑compliant design for positive living | Double‑height grand entrance lobby | Clubhouse with gym, spa, and indoor games","Stamp Duty: 5.9 % for Male, 4.9 % for Female, 5.9 % for Joint (Male and Female), 4.9 % For Joint (Female and Female) | Registration Charges: Male Ownership: 1%, Female Ownership: No registration charges,  Joint (Male + Female) Ownership: 1 % ",3,Apartment,851.53,Carpet Area,8100000,True,Dec ‘28 possession,12-2028,https://imagecdn.99acres.com/projects/example/z2lrhu3_1747219091_595851719.jpg,https://www.99acres.com/exidmicrosite/property_2d3d_xid.php?projectCode=61133&bno=102&blockId=128325&fno=F1_102&measurement=1&jquery=1&compare=1&g2c=1&hide_button=1&switch_HD=1&platform=DESKTOP,MR VINOD (Dealer)
441860,CS Terra Sky,Residential,NEW LAUNCH,Ahmedabad North,Zundal,Gujarat,23.140976958828134,72.56912530292017,"Terra Sky, 36 Mtr Road, Nr. Savitaabaa Circle, , Gandhinagar, Gandhinagar, GUJARAT, 382421",382421,8100000,8100000,81 L,https://www.99acres.com/exidmicrosite/siteplan_g2c.php?live=2&g2c=1&xid_request=1&code=61133,True,3,"Live in harmony with nature with 56% open space | Vaastu‑compliant design for positive living | Double‑height grand entrance lobby | Clubhouse with gym, spa, and indoor games","Stamp Duty: 5.9 % for Male, 4.9 % for Female, 5.9 % for Joint (Male and Female), 4.9 % For Joint (Female and Female) | Registration Charges: Male Ownership: 1%, Female Ownership: No registration charges,  Joint (Male + Female) Ownership: 1 % ",3,Apartment,851.75,Carpet Area,0,False,,,https://imagecdn.99acres.com/projects/example/mopi990_1747218903_595850253.jpg,https://www.99acres.com/exidmicrosite/property_2d3d_xid.php?projectCode=61133&bno=102&blockId=128325&fno=F1_102&measurement=1&jquery=1&compare=1&g2c=1&hide_button=1&switch_HD=1&platform=DESKTOP,
441860,CS Terra Sky,Residential,NEW LAUNCH,Ahmedabad North,Zundal,Gujarat,23.140976958828134,72.56912530292017,"Terra Sky, 36 Mtr Road, Nr. Savitaabaa Circle, , Gandhinagar, Gandhinagar, GUJARAT, 382421",382421,8100000,8100000,81 L,https://www.99acres.com/exidmicrosite/siteplan_g2c.php?live=2&g2c=1&xid_request=1&code=61133,True,3,"Live in harmony with nature with 56% open space | Vaastu‑compliant design for positive living | Double‑height grand entrance lobby | Clubhouse with gym, spa, and indoor games","Stamp Duty: 5.9 % for Male, 4.9 % for Female, 5.9 % for Joint (Male and Female), 4.9 % For Joint (Female and Female) | Registration Charges: Male Ownership: 1%, Female Ownership: No registration charges,  Joint (Male + Female) Ownership: 1 % ",3,Apartment,851.96,Carpet Area,0,False,,,https://imagecdn.99acres.com/projects/example/jjs14pj_1747218962_595850713.jpg,https://www.99acres.com/exidmicrosite/property_2d3d_xid.php?projectCode=61133&bno=102&blockId=128325&fno=F1_102&measurement=1&jquery=1&compare=1&g2c=1&hide_button=1&switch_HD=1&platform=DESKTOP,
441860,CS Terra Sky,Residential,NEW LAUNCH,Ahmedabad North,Zundal,Gujarat,23.140976958828134,72.56912530292017,"Terra Sky, 36 Mtr Road, Nr. Savitaabaa Circle, , Gandhinagar, Gandhinagar, GUJARAT, 382421",382421,8100000,8100000,81 L,https://www.99acres.com/exidmicrosite/siteplan_g2c.php?live=2&g2c=1&xid_request=1&code=61133,True,3,"Live in harmony with nature with 56% open space | Vaastu‑compliant design for positive living | Double‑height grand entrance lobby | Clubhouse with gym, spa, and indoor games","Stamp Duty: 5.9 % for Male, 4.9 % for Female, 5.9 % for Joint (Male and Female), 4.9 % For Joint (Female and Female) | Registration Charges: Male Ownership: 1%, Female Ownership: No registration charges,  Joint (Male + Female) Ownership: 1 % ",3,Apartment,876.18,Carpet Area,0,False,,,https://imagecdn.99acres.com/projects/example/coezdzu_1747219032_595851235.jpg,https://www.99acres.com/exidmicrosite/property_2d3d_xid.php?projectCode=61133&bno=104&blockId=128325&fno=F1_104&measurement=1&jquery=1&compare=1&g2c=1&hide_button=1&switch_HD=1&platform=DESKTOP,
441860,CS Terra Sky,Residential,NEW LAUNCH,Ahmedabad North,Zundal,Gujarat,23.140976958828134,72.56912530292017,"Terra Sky, 36 Mtr Road, Nr. Savitaabaa Circle, , Gandhinagar, Gandhinagar, GUJARAT, 382421",382421,8100000,8100000,81 L,https://www.99acres.com/exidmicrosite/siteplan_g2c.php?live=2&g2c=1&xid_request=1&code=61133,True,3,"Live in harmony with nature with 56% open space | Vaastu‑compliant design for positive living | Double‑height grand entrance lobby | Clubhouse with gym, spa, and indoor games","Stamp Duty: 5.9 % for Male, 4.9 % for Female, 5.9 % for Joint (Male and Female), 4.9 % For Joint (Female and Female) | Registration Charges: Male Ownership: 1%, Female Ownership: No registration charges,  Joint (Male + Female) Ownership: 1 % ",3,Apartment,876.72,Carpet Area,0,False,,,https://imagecdn.99acres.com/projects/example/rmmxalx_1747218851_595849671.jpg,https://www.99acres.com/exidmicrosite/property_2d3d_xid.php?projectCode=61133&bno=105&blockId=128325&fno=F1_105&measurement=1&jquery=1&compare=1&g2c=1&hide_button=1&switch_HD=1&platform=DESKTOP,
455383, Skyline,Residential,NEW LAUNCH,Ahmedabad West,South Bopal,Gujarat,23.028186,72.447201,"NEAR SANVI NIRMAN CELESTA GHUMA, AHMEDABAD WEST",380058,5124500,7011500,51.25 - 70.11 L,https://www.99acres.com/exidmicrosite/siteplan_g2c.php?live=2&g2c=1&xid_request=1&code=62047,True,"2,3","Residences enjoy corner location with dual side road access | Premium vitrified flooring, granite kitchen platform & modular switches | Enjoy safer community living with advanced CCTV surveillance security | Get Unit of your choice","Stamp Duty: 5.9 % for Male, 4.9 % for Female, 5.9 % for Joint (Male and Female), 4.9 % For Joint (Female and Female) | Registration Charges: Male Ownership: 1%, Female Ownership: No registration charges,  Joint (Male + Female) Ownership: 1 % ",2,Apartment,1385.0,Super Built-up Area,5124500,True,Dec ‘29 possession,12-2029,https://imagecdn.99acres.com/projects/example/rfvl3zn_1762415279_669019535.jpg,https://www.99acres.com/exidmicrosite/property_2d3d_xid.php?projectCode=62047&bno=101&blockId=130363&fno=F1_101&measurement=1&jquery=1&compare=1&g2c=1&hide_button=1&switch_HD=1&platform=DESKTOP,Viraj bhai Parimal Patel (Builder) | Brickroots (Dealer)
455383, Skyline,Residential,NEW LAUNCH,Ahmedabad West,South Bopal,Gujarat,23.028186,72.447201,"NEAR SANVI NIRMAN CELESTA GHUMA, AHMEDABAD WEST",380058,5124500,7011500,51.25 - 70.11 L,https://www.99acres.com/exidmicrosite/siteplan_g2c.php?live=2&g2c=1&xid_request=1&code=62047,True,"2,3","Residences enjoy corner location with dual side road access | Premium vitrified flooring, granite kitchen platform & modular switches | Enjoy safer community living with advanced CCTV surveillance security | Get Unit of your choice","Stamp Duty: 5.9 % for Male, 4.9 % for Female, 5.9 % for Joint (Male and Female), 4.9 % For Joint (Female and Female) | Registration Charges: Male Ownership: 1%, Female Ownership: No registration charges,  Joint (Male + Female) Ownership: 1 % ",2,Apartment,1470.0,Super Built-up Area,5439000,True,Dec ‘29 possession,12-2029,https://imagecdn.99acres.com/projects/example/ffli0e7_1762415098_669016189.jpg,https://www.99acres.com/exidmicrosite/property_2d3d_xid.php?projectCode=62047&bno=102&blockId=130363&fno=F1_102&measurement=1&jquery=1&compare=1&g2c=1&hide_button=1&switch_HD=1&platform=DESKTOP,Viraj bhai Parimal Patel (Builder) | Brickroots (Dealer)
455383, Skyline,Residential,NEW LAUNCH,Ahmedabad West,South Bopal,Gujarat,23.028186,72.447201,"NEAR SANVI NIRMAN CELESTA GHUMA, AHMEDABAD WEST",380058,5124500,7011500,51.25 - 70.11 L,https://www.99acres.com/exidmicrosite/siteplan_g2c.php?live=2&g2c=1&xid_request=1&code=62047,True,"2,3","Residences enjoy corner location with dual side road access | Premium vitrified flooring, granite kitchen platform & modular switches | Enjoy safer community living with advanced CCTV surveillance security | Get Unit of your choice","Stamp Duty: 5.9 % for Male, 4.9 % for Female, 5.9 % for Joint (Male and Female), 4.9 % For Joint (Female and Female) | Registration Charges: Male Ownership: 1%, Female Ownership: No registration charges,  Joint (Male + Female) Ownership: 1 % ",3,Apartment,1895.0,Super Built-up Area,7011500,True,Dec ‘29 possession,12-2029,https://imagecdn.99acres.com/projects/example/lobbtm7_1762415072_669015775.jpg,https://www.99acres.com/exidmicrosite/property_2d3d_xid.php?projectCode=62047&bno=103&blockId=130363&fno=F1_103&measurement=1&jquery=1&compare=1&g2c=1&hide_button=1&switch_HD=1&platform=DESKTOP,Viraj bhai Parimal Patel (Builder) | Brickroots (Dealer)
429541,Hari Shantam Parmeshwar,Residential,NEW LAUNCH,Ahmedabad North,Gota,Gujarat,23.104173,72.534463,"Gota, Ahmedabad North",383255,10500000,10500000,1.05 Cr,https://www.99acres.com/exidmicrosite/siteplan_g2c.php?live=2&g2c=1&xid_request=1&code=57243,True,3,"Prime location in Gota, Ahmedabad; 200m from Vandematram Circle | High-speed stretcher elevators and 3-phase ISI fire-retardant cabling | Beautifully landscaped garden with Tropical Trail Pathway and Lily Pond | Double height main entrance foyers ensure a grand arrival experience","Stamp Duty: 5.9 % for Male, 4.9 % for Female, 5.9 % for Joint (Male and Female), 4.9 % For Joint (Female and Female) | Registration Charges: Male Ownership: 1%, Female Ownership: No registration charges,  Joint (Male + Female) Ownership: 1 % ",3,Apartment,1020.53,Carpet Area,10500000,True,Dec ‘28 possession,12-2028,https://imagecdn.99acres.com/projects/example/z2h3tru_1731571456_530844275.jpg,,Sagar Kuvadiya (Dealer) | Vikas Dave (Dealer) | BHAVESH PANDYA (Dealer)
429541,Hari Shantam Parmeshwar,Residential,NEW LAUNCH,Ahmedabad North,Gota,Gujarat,23.104173,72.534463,"Gota, Ahmedabad North",383255,10500000,10500000,1.05 Cr,https://www.99acres.com/exidmicrosite/siteplan_g2c.php?live=2&g2c=1&xid_request=1&code=57243,True,3,"Prime location in Gota, Ahmedabad; 200m from Vandematram Circle | High-speed stretcher elevators and 3-phase ISI fire-retardant cabling | Beautifully landscaped garden with Tropical Trail Pathway and Lily Pond | Double height main entrance foyers ensure a grand arrival experience","Stamp Duty: 5.9 % for Male, 4.9 % for Female, 5.9 % for Joint (Male and Female), 4.9 % For Joint (Female and Female) | Registration Charges: Male Ownership: 1%, Female Ownership: No registration charges,  Joint (Male + Female) Ownership: 1 % ",3,Apartment,1027.41,Carpet Area,0,False,,,https://imagecdn.99acres.com/projects/example/swh6paw_1731571515_530844811.jpg,,
429541,Hari Shantam Parmeshwar,Residential,NEW LAUNCH,Ahmedabad North,Gota,Gujarat,23.104173,72.534463,"Gota, Ahmedabad North",383255,10500000,10500000,1.05 Cr,https://www.99acres.com/exidmicrosite/siteplan_g2c.php?live=2&g2c=1&xid_request=1&code=57243,True,3,"Prime location in Gota, Ahmedabad; 200m from Vandematram Circle | High-speed stretcher elevators and 3-phase ISI fire-retardant cabling | Beautifully landscaped garden with Tropical Trail Pathway and Lily Pond | Double height main entrance foyers ensure a grand arrival experience","Stamp Duty: 5.9 % for Male, 4.9 % for Female, 5.9 % for Joint (Male and Female), 4.9 % For Joint (Female and Female) | Registration Charges: Male Ownership: 1%, Female Ownership: No registration charges,  Joint (Male + Female) Ownership: 1 % ",3,Apartment,1039.47,Carpet Area,0,False,,,https://imagecdn.99acres.com/projects/example/nzeg5jz_1731571540_530845007.jpg,,
429541,Hari Shantam Parmeshwar,Residential,NEW LAUNCH,Ahmedabad North,Gota,Gujarat,23.104173,72.534463,"Gota, Ahmedabad North",383255,10500000,10500000,1.05 Cr,https://www.99acres.com/exidmicrosite/siteplan_g2c.php?live=2&g2c=1&xid_request=1&code=57243,True,3,"Prime location in Gota, Ahmedabad; 200m from Vandematram Circle | High-speed stretcher elevators and 3-phase ISI fire-retardant cabling | Beautifully landscaped garden with Tropical Trail Pathway and Lily Pond | Double height main entrance foyers ensure a grand arrival experience","Stamp Duty: 5.9 % for Male, 4.9 % for Female, 5.9 % for Joint (Male and Female), 4.9 % For Joint (Female and Female) | Registration Charges: Male Ownership: 1%, Female Ownership: No registration charges,  Joint (Male + Female) Ownership: 1 % ",3,Apartment,1054.11,Carpet Area,0,False,,,https://imagecdn.99acres.com/projects/example/q6z0mos_1731571485_530844457.jpg,,
429541,Hari Shantam Parmeshwar,Residential,NEW LAUNCH,Ahmedabad North,Gota,Gujarat,23.104173,72.534463,"Gota, Ahmedabad North",383255,10500000,10500000,1.05 Cr,https://www.99acres.com/exidmicrosite/siteplan_g2c.php?live=2&g2c=1&xid_request=1&code=57243,True,3,"Prime location in Gota, Ahmedabad; 200m from Vandematram Circle | High-speed stretcher elevators and 3-phase ISI fire-retardant cabling | Beautifully landscaped garden with Tropical Trail Pathway and Lily Pond | Double height main entrance foyers ensure a grand arrival experience","Stamp Duty: 5.9 % for Male, 4.9 % for Female, 5.9 % for Joint (Male and Female), 4.9 % For Joint (Female and Female) | Registration Charges: Male Ownership: 1%, Female Ownership: No registration charges,  Joint (Male + Female) Ownership: 1 % ",3,Apartment,1055.08,Carpet Area,0,False,,,https://imagecdn.99acres.com/projects/example/cs14lo2_1755665061_635786061.jpg,https://www.99acres.com/exidmicrosite/property_2d3d_xid.php?projectCode=57243&bno=101&blockId=119192&fno=F1_101&measurement=1&jquery=1&compare=1&g2c=1&hide_button=1&switch_HD=1&platform=DESKTOP,
298215,Zion Windfield,Residential,NEW LAUNCH,Ahmedabad West,Thaltej,Gujarat,23.056019,72.483091,"#68, Opp Ishan Bunglwos ,Near Pearl Villa, Shilaj, Thaltej, Ahmedabad",380059,24600000,37600000,2.46 - 3.76 Cr,https://www.99acres.com/exidmicrosite/siteplan_g2c.php?live=2&g2c=1&xid_request=1&code=42245,True,"3,4","Homes with customizable floor plans for your design needs | 4BHK units with 3 layouts in a vibrant, well-connected area | Properties with 100% power backup available | Get Unit of your choice","Stamp Duty: 5.9 % for Male, 4.9 % for Female, 5.9 % for Joint (Male and Female), 4.9 % For Joint (Female and Female) | Registration Charges: Male Ownership: 1%, Female Ownership: No registration charges,  Joint (Male + Female) Ownership: 1 % ",3,Apartment,2548.0,Super Built-up Area,24600000,True,Jan ‘21 possession,01-2021,https://newprojects.99acres.com/projects/unknown1/zion_windfield/maps/d143bqzf.jpg,https://www.99acres.com/exidmicrosite/property_2d3d_xid.php?projectCode=42245&bno=101&blockId=84774&fno=F1_101&measurement=1&jquery=1&compare=1&g2c=1&hide_button=1&switch_HD=1&platform=DESKTOP,AV REALTY (Dealer)
298215,Zion Windfield,Residential,NEW LAUNCH,Ahmedabad West,Thaltej,Gujarat,23.056019,72.483091,"#68, Opp Ishan Bunglwos ,Near Pearl Villa, Shilaj, Thaltej, Ahmedabad",380059,24600000,37600000,2.46 - 3.76 Cr,https://www.99acres.com/exidmicrosite/siteplan_g2c.php?live=2&g2c=1&xid_request=1&code=42245,True,"3,4","Homes with customizable floor plans for your design needs | 4BHK units with 3 layouts in a vibrant, well-connected area | Properties with 100% power backup available | Get Unit of your choice","Stamp Duty: 5.9 % for Male, 4.9 % for Female, 5.9 % for Joint (Male and Female), 4.9 % For Joint (Female and Female) | Registration Charges: Male Ownership: 1%, Female Ownership: No registration charges,  Joint (Male + Female) Ownership: 1 % ",4,Apartment,3677.0,Super Built-up Area,37600000,True,Jan ‘21 possession,01-2021,https://newprojects.99acres.com/projects/unknown1/zion_windfield/maps/dur0lh4i.jpg,https://www.99acres.com/exidmicrosite/property_2d3d_xid.php?projectCode=42245&bno=102&blockId=84774&fno=F1_102&measurement=1&jquery=1&compare=1&g2c=1&hide_button=1&switch_HD=1&platform=DESKTOP,AV REALTY (Dealer)
423636,Vandematram Sky 100,Residential,NEW LAUNCH,Ahmedabad West,Thaltej,Gujarat,23.062928,72.494332,"Nr. Newyork Tower, Thaltej Cross Road, S.G Highway, Ahmedabad.",380059,18400000,18400000,1.84 Cr,https://www.99acres.com/exidmicrosite/siteplan_g2c.php?live=2&g2c=1&xid_request=1&code=56519,True,3,"Harmoniously vastu compliant | Two allotted car parking | In close proximity to school, college, hospital, mall and metro station | Get Unit of your choice","Stamp Duty: 5.9 % for Male, 4.9 % for Female, 5.9 % for Joint (Male and Female), 4.9 % For Joint (Female and Female) | Registration Charges: Male Ownership: 1%, Female Ownership: No registration charges,  Joint (Male + Female) Ownership: 1 % ",3,Apartment,2430.0,Super Built-up Area,18400000,True,May ‘26 possession,05-2026,https://newprojects.99acres.com/projects/vandematram_infra/vandematram_sky_100/maps/4pe8wek_1713767358_487631820.jpg,https://www.99acres.com/exidmicrosite/property_2d3d_xid.php?projectCode=56519&bno=101&blockId=119444&fno=F1_101&measurement=1&jquery=1&compare=1&g2c=1&hide_button=1&switch_HD=1&platform=DESKTOP,AV REALTY (Dealer)
420353,Shree Vishnudhara Essence,Residential,NEW LAUNCH,Ahmedabad West,Thaltej,Gujarat,23.054099,72.516846,"Thaltej, Ahmedabad West",380059,15000000,31000000,1.5 - 3.1 Cr,https://www.99acres.com/exidmicrosite/siteplan_g2c.php?live=2&g2c=1&xid_request=1&code=55505,True,"3,4",60% open space | Close proximity to SG Highway | Premium construction material | High wall AC inbuilt,"Stamp Duty: 5.9 % for Male, 4.9 % for Female, 5.9 % for Joint (Male and Female), 4.9 % For Joint (Female and Female) | Registration Charges: Male Ownership: 1%, Female Ownership: No registration charges,  Joint (Male + Female) Ownership: 1 % ",3,Apartment,1899.0,Super Built-up Area,15000000,True,Jun ‘25 possession,06-2025,https://newprojects.99acres.com/projects/vishnudhara_paradise_llp/shree_vishnudhara_essence/maps/ayqujms_1703831876_464210096.jpg,https://www.99acres.com/exidmicrosite/property_2d3d_xid.php?projectCode=55505&bno=101&blockId=116810&fno=F1_101&measurement=1&jquery=1&compare=1&g2c=1&hide_button=1&switch_HD=1&platform=DESKTOP,AV REALTY (Dealer)
420353,Shree Vishnudhara Essence,Residential,NEW LAUNCH,Ahmedabad West,Thaltej,Gujarat,23.054099,72.516846,"Thaltej, Ahmedabad West",380059,15000000,31000000,1.5 - 3.1 Cr,https://www.99acres.com/exidmicrosite/siteplan_g2c.php?live=2&g2c=1&xid_request=1&code=55505,True,"3,4",60% open space | Close proximity to SG Highway | Premium construction material | High wall AC inbuilt,"Stamp Duty: 5.9 % for Male, 4.9 % for Female, 5.9 % for Joint (Male and Female), 4.9 % For Joint (Female and Female) | Registration Charges: Male Ownership: 1%, Female Ownership: No registration charges,  Joint (Male + Female) Ownership: 1 % ",4,Apartment,3798.0,Super Built-up Area,31000000,True,Jun ‘25 possession,06-2025,https://newprojects.99acres.com/projects/vishnudhara_paradise_llp/shree_vishnudhara_essence/maps/uuk0bcc_1703831885_464210128.jpg,https://www.99acres.com/exidmicrosite/property_2d3d_xid.php?projectCode=55505&bno=102&blockId=116810&fno=F1_102&measurement=1&jquery=1&compare=1&g2c=1&hide_button=1&switch_HD=1&platform=DESKTOP,AV REALTY (Dealer)
