2026-02-01 10:45:33 - INFO - Successfully read 1627 listing IDs
2026-02-01 10:45:33 - INFO - Total: 1627 | Done: 291 | New: 1336
2026-02-01 10:45:33 - INFO - 🚀 Starting multithreaded extraction for 1336 projects with 1 workers...
2026-02-01 10:45:33 - INFO - Processing property_id: 438107
2026-02-01 10:45:34 - INFO - 🔢 Detected Numeric ID 438107 -> calling process_single_project
2026-02-01 10:45:34 - INFO - Fetching details for project ID: 438107
2026-02-01 10:45:49 - ERROR - Error fetching project details: HTTPSConnectionPool(host='www.99acres.com', port=443): Read timed out. (read timeout=15)
2026-02-01 10:45:49 - INFO - Processing property_id: 427296
2026-02-01 10:45:49 - INFO - 🔢 Detected Numeric ID 427296 -> calling process_single_project
2026-02-01 10:45:49 - INFO - Fetching details for project ID: 427296
2026-02-01 10:46:09 - INFO - Processing property_id: M74680447
2026-02-01 10:46:09 - INFO - 🔤 Detected Alphanumeric ID M74680447 -> calling process
2026-02-01 10:46:10 - INFO - ✅ Fetched page successfully: 200
2026-02-01 10:46:11 - INFO - ✅ window.__initialData__ extracted successfully
2026-02-01 10:46:11 - INFO - ✅ Property node detected
2026-02-01 10:46:11 - INFO - Processing property_id: 437776
2026-02-01 10:46:11 - INFO - 🔢 Detected Numeric ID 437776 -> calling process_single_project
2026-02-01 10:46:11 - INFO - Fetching details for project ID: 437776
2026-02-01 10:46:25 - INFO - Processing property_id: 426937
2026-02-01 10:46:25 - INFO - 🔢 Detected Numeric ID 426937 -> calling process_single_project
2026-02-01 10:46:25 - INFO - Fetching details for project ID: 426937
2026-02-01 10:46:51 - INFO - Successfully read 1627 listing IDs
2026-02-01 10:46:51 - INFO - Total: 1627 | Done: 295 | New: 1332
2026-02-01 10:46:51 - INFO - 🚀 Starting multithreaded extraction for 1332 projects with 2 workers...
2026-02-01 10:46:51 - INFO - Processing property_id: 438107
2026-02-01 10:46:51 - INFO - 🔢 Detected Numeric ID 438107 -> calling process_single_project
2026-02-01 10:46:51 - INFO - Processing property_id: K85169858
2026-02-01 10:46:51 - INFO - Fetching details for project ID: 438107
2026-02-01 10:46:51 - INFO - 🔤 Detected Alphanumeric ID K85169858 -> calling process
2026-02-01 10:46:52 - INFO - ✅ Fetched page successfully: 200
2026-02-01 10:46:52 - INFO - ✅ window.__initialData__ extracted successfully
2026-02-01 10:46:52 - INFO - ✅ Property node detected
2026-02-01 10:46:52 - INFO - Processing property_id: 431643
2026-02-01 10:46:52 - INFO - 🔢 Detected Numeric ID 431643 -> calling process_single_project
2026-02-01 10:46:52 - INFO - Fetching details for project ID: 431643
2026-02-01 10:47:08 - INFO - Processing property_id: E86166552
2026-02-01 10:47:08 - INFO - 🔤 Detected Alphanumeric ID E86166552 -> calling process
2026-02-01 10:47:08 - INFO - Processing property_id: 411937
2026-02-01 10:47:08 - INFO - 🔢 Detected Numeric ID 411937 -> calling process_single_project
2026-02-01 10:47:08 - INFO - Fetching details for project ID: 411937
2026-02-01 10:47:09 - INFO - ✅ Fetched page successfully: 200
2026-02-01 10:47:09 - INFO - ✅ window.__initialData__ extracted successfully
2026-02-01 10:47:09 - INFO - ✅ Property node detected
2026-02-01 10:47:09 - INFO - Processing property_id: 410392
2026-02-01 10:47:09 - INFO - 🔢 Detected Numeric ID 410392 -> calling process_single_project
2026-02-01 10:47:09 - INFO - Fetching details for project ID: 410392
2026-02-01 10:47:23 - ERROR - Error fetching project details: HTTPSConnectionPool(host='www.99acres.com', port=443): Read timed out. (read timeout=15)
2026-02-01 10:47:23 - INFO - Processing property_id: H87906740
2026-02-01 10:47:23 - INFO - 🔤 Detected Alphanumeric ID H87906740 -> calling process
2026-02-01 10:47:24 - ERROR - Error fetching project details: HTTPSConnectionPool(host='www.99acres.com', port=443): Read timed out. (read timeout=15)
2026-02-01 10:47:24 - INFO - Processing property_id: 420349
2026-02-01 10:47:24 - INFO - 🔢 Detected Numeric ID 420349 -> calling process_single_project
2026-02-01 10:47:24 - INFO - Fetching details for project ID: 420349
2026-02-01 10:47:24 - INFO - ✅ Fetched page successfully: 200
2026-02-01 10:47:25 - INFO - ✅ window.__initialData__ extracted successfully
2026-02-01 10:47:25 - INFO - ✅ Property node detected
2026-02-01 10:47:25 - INFO - Processing property_id: R86608644
2026-02-01 10:47:25 - INFO - 🔤 Detected Alphanumeric ID R86608644 -> calling process
2026-02-01 10:47:26 - INFO - ✅ Fetched page successfully: 200
2026-02-01 10:47:26 - INFO - ✅ window.__initialData__ extracted successfully
2026-02-01 10:47:26 - INFO - ✅ Property node detected
2026-02-01 10:47:26 - WARNING - 🛑 Rate limit hit (10 requests). Sleeping for 97s...
2026-02-01 10:47:40 - ERROR - Error fetching project details: HTTPSConnectionPool(host='www.99acres.com', port=443): Read timed out. (read timeout=15)
2026-02-01 10:47:40 - INFO - Processing property_id: W87366228
2026-02-01 10:47:40 - INFO - 🔤 Detected Alphanumeric ID W87366228 -> calling process
2026-02-01 10:47:42 - INFO - ✅ Fetched page successfully: 200
2026-02-01 10:47:42 - INFO - ✅ window.__initialData__ extracted successfully
2026-02-01 10:47:42 - INFO - ✅ Property node detected
2026-02-01 10:47:42 - INFO - Processing property_id: A86636184
2026-02-01 10:47:42 - INFO - 🔤 Detected Alphanumeric ID A86636184 -> calling process
2026-02-01 10:47:43 - INFO - ✅ Fetched page successfully: 200
2026-02-01 10:47:43 - INFO - ✅ window.__initialData__ extracted successfully
2026-02-01 10:47:43 - INFO - ✅ Property node detected
2026-02-01 10:47:43 - INFO - Processing property_id: 444313
2026-02-01 10:47:43 - INFO - 🔢 Detected Numeric ID 444313 -> calling process_single_project
2026-02-01 10:47:43 - INFO - Fetching details for project ID: 444313
2026-02-01 10:48:02 - INFO - Processing property_id: K87609964
2026-02-01 10:48:02 - INFO - 🔤 Detected Alphanumeric ID K87609964 -> calling process
2026-02-01 10:48:04 - INFO - ✅ Fetched page successfully: 200
2026-02-01 10:48:04 - INFO - ✅ window.__initialData__ extracted successfully
2026-02-01 10:48:04 - INFO - ✅ Property node detected
2026-02-01 10:48:04 - INFO - Processing property_id: S85637948
2026-02-01 10:48:04 - INFO - 🔤 Detected Alphanumeric ID S85637948 -> calling process
2026-02-01 10:48:06 - INFO - ✅ Fetched page successfully: 200
2026-02-01 10:48:06 - INFO - ✅ window.__initialData__ extracted successfully
2026-02-01 10:48:06 - INFO - ✅ Property node detected
2026-02-01 10:48:06 - INFO - Processing property_id: U87983938
2026-02-01 10:48:06 - INFO - 🔤 Detected Alphanumeric ID U87983938 -> calling process
2026-02-01 10:48:07 - INFO - ✅ Fetched page successfully: 200
2026-02-01 10:48:07 - INFO - ✅ window.__initialData__ extracted successfully
2026-02-01 10:48:07 - INFO - ✅ Property node detected
2026-02-01 10:48:07 - INFO - Processing property_id: J87749828
2026-02-01 10:48:07 - INFO - 🔤 Detected Alphanumeric ID J87749828 -> calling process
2026-02-01 10:48:09 - INFO - ✅ Fetched page successfully: 200
2026-02-01 10:48:09 - INFO - ✅ window.__initialData__ extracted successfully
2026-02-01 10:48:09 - INFO - ✅ Property node detected
2026-02-01 10:48:09 - INFO - Processing property_id: H88304442
2026-02-01 10:48:09 - INFO - 🔤 Detected Alphanumeric ID H88304442 -> calling process
2026-02-01 10:48:10 - INFO - ✅ Fetched page successfully: 200
2026-02-01 10:48:10 - INFO - ✅ window.__initialData__ extracted successfully
2026-02-01 10:48:10 - INFO - ✅ Property node detected
2026-02-01 10:48:10 - INFO - Processing property_id: W87854290
2026-02-01 10:48:10 - INFO - 🔤 Detected Alphanumeric ID W87854290 -> calling process
2026-02-01 10:48:12 - INFO - ✅ Fetched page successfully: 200
2026-02-01 10:48:12 - INFO - ✅ window.__initialData__ extracted successfully
2026-02-01 10:48:12 - INFO - ✅ Property node detected
2026-02-01 10:48:12 - WARNING - 🛑 Rate limit hit (20 requests). Sleeping for 118s...
2026-02-01 10:48:31 - INFO - Successfully read 1627 listing IDs
2026-02-01 10:48:31 - INFO - Total: 1627 | Done: 310 | New: 1317
2026-02-01 10:48:31 - INFO - 🚀 Starting multithreaded extraction for 1317 projects with 2 workers...
2026-02-01 10:48:31 - INFO - Processing property_id: 411937
2026-02-01 10:48:31 - INFO - 🔢 Detected Numeric ID 411937 -> calling process_single_project
2026-02-01 10:48:31 - INFO - Processing property_id: 410392
2026-02-01 10:48:31 - INFO - Fetching details for project ID: 411937
2026-02-01 10:48:31 - INFO - 🔢 Detected Numeric ID 410392 -> calling process_single_project
2026-02-01 10:48:31 - INFO - Fetching details for project ID: 410392
2026-02-01 10:48:47 - ERROR - Error fetching project details: HTTPSConnectionPool(host='www.99acres.com', port=443): Read timed out. (read timeout=15)
2026-02-01 10:48:47 - INFO - Processing property_id: 420349
2026-02-01 10:48:47 - INFO - 🔢 Detected Numeric ID 420349 -> calling process_single_project
2026-02-01 10:48:47 - INFO - Fetching details for project ID: 420349
2026-02-01 10:48:47 - ERROR - Error fetching project details: HTTPSConnectionPool(host='www.99acres.com', port=443): Read timed out. (read timeout=15)
2026-02-01 10:48:47 - INFO - Processing property_id: J84183548
2026-02-01 10:48:47 - INFO - 🔤 Detected Alphanumeric ID J84183548 -> calling process
2026-02-01 10:48:49 - INFO - ✅ Fetched page successfully: 200
2026-02-01 10:48:49 - INFO - ✅ window.__initialData__ extracted successfully
2026-02-01 10:48:49 - INFO - ✅ Property node detected
2026-02-01 10:48:49 - INFO - Processing property_id: A82714458
2026-02-01 10:48:49 - INFO - 🔤 Detected Alphanumeric ID A82714458 -> calling process
2026-02-01 10:48:51 - INFO - ✅ Fetched page successfully: 200
2026-02-01 10:48:51 - INFO - ✅ window.__initialData__ extracted successfully
2026-02-01 10:48:51 - INFO - ✅ Property node detected
2026-02-01 10:48:51 - INFO - Processing property_id: 437318
2026-02-01 10:48:51 - INFO - 🔢 Detected Numeric ID 437318 -> calling process_single_project
2026-02-01 10:48:51 - INFO - Fetching details for project ID: 437318
2026-02-01 10:48:51 - INFO - Sleeping for 16.80 seconds...
2026-02-01 10:49:02 - ERROR - Error fetching project details: HTTPSConnectionPool(host='www.99acres.com', port=443): Read timed out. (read timeout=15)
2026-02-01 10:49:02 - INFO - Processing property_id: O88301810
2026-02-01 10:49:02 - INFO - 🔤 Detected Alphanumeric ID O88301810 -> calling process
2026-02-01 10:49:04 - INFO - ✅ Fetched page successfully: 200
2026-02-01 10:49:04 - INFO - ✅ window.__initialData__ extracted successfully
2026-02-01 10:49:04 - INFO - ✅ Property node detected
2026-02-01 10:49:04 - INFO - Processing property_id: E74885461
2026-02-01 10:49:04 - INFO - 🔤 Detected Alphanumeric ID E74885461 -> calling process
2026-02-01 10:49:05 - INFO - ✅ Fetched page successfully: 200
2026-02-01 10:49:05 - INFO - ✅ window.__initialData__ extracted successfully
2026-02-01 10:49:05 - INFO - ✅ Property node detected
2026-02-01 10:49:05 - INFO - Processing property_id: 422483
2026-02-01 10:49:05 - INFO - 🔢 Detected Numeric ID 422483 -> calling process_single_project
2026-02-01 10:49:05 - INFO - Fetching details for project ID: 422483
2026-02-01 10:49:06 - INFO - Sleeping for 11.59 seconds...
2026-02-01 10:49:08 - WARNING - 🛑 Rate limit hit (10 requests). Sleeping for 112s...
2026-02-01 10:49:18 - INFO - Processing property_id: L87845416
2026-02-01 10:49:18 - INFO - 🔤 Detected Alphanumeric ID L87845416 -> calling process
2026-02-01 10:49:19 - INFO - ✅ Fetched page successfully: 200
2026-02-01 10:49:19 - INFO - ✅ window.__initialData__ extracted successfully
2026-02-01 10:49:19 - INFO - ✅ Property node detected
2026-02-01 10:49:19 - INFO - Processing property_id: 399823
2026-02-01 10:49:19 - INFO - 🔢 Detected Numeric ID 399823 -> calling process_single_project
2026-02-01 10:49:19 - INFO - Fetching details for project ID: 399823
2026-02-01 10:49:20 - INFO - Sleeping for 10.02 seconds...
2026-02-01 10:49:30 - INFO - Processing property_id: R86651882
2026-02-01 10:49:30 - INFO - 🔤 Detected Alphanumeric ID R86651882 -> calling process
2026-02-01 10:49:31 - INFO - ✅ Fetched page successfully: 200
2026-02-01 10:49:31 - INFO - ✅ window.__initialData__ extracted successfully
2026-02-01 10:49:31 - INFO - ✅ Property node detected
2026-02-01 10:49:31 - INFO - Processing property_id: 443272
2026-02-01 10:49:31 - INFO - 🔢 Detected Numeric ID 443272 -> calling process_single_project
2026-02-01 10:49:31 - INFO - Fetching details for project ID: 443272
2026-02-01 10:49:32 - INFO - Sleeping for 12.47 seconds...
2026-02-01 10:49:44 - INFO - Processing property_id: 401742
2026-02-01 10:49:44 - INFO - 🔢 Detected Numeric ID 401742 -> calling process_single_project
2026-02-01 10:49:44 - INFO - Fetching details for project ID: 401742
2026-02-01 10:49:45 - INFO - Sleeping for 10.03 seconds...
2026-02-01 10:49:55 - INFO - Processing property_id: L87170796
2026-02-01 10:49:55 - INFO - 🔤 Detected Alphanumeric ID L87170796 -> calling process
2026-02-01 10:49:56 - INFO - ✅ Fetched page successfully: 200
2026-02-01 10:49:56 - INFO - ✅ window.__initialData__ extracted successfully
2026-02-01 10:49:56 - INFO - ✅ Property node detected
2026-02-01 10:49:56 - INFO - Processing property_id: 432683
2026-02-01 10:49:56 - INFO - 🔢 Detected Numeric ID 432683 -> calling process_single_project
2026-02-01 10:49:56 - INFO - Fetching details for project ID: 432683
2026-02-01 10:49:56 - INFO - Sleeping for 13.13 seconds...
2026-02-01 10:50:10 - INFO - Processing property_id: O86999102
2026-02-01 10:50:10 - INFO - 🔤 Detected Alphanumeric ID O86999102 -> calling process
2026-02-01 10:50:11 - INFO - ✅ Fetched page successfully: 200
2026-02-01 10:50:11 - INFO - ✅ window.__initialData__ extracted successfully
2026-02-01 10:50:11 - INFO - ✅ Property node detected
2026-02-01 10:50:11 - INFO - Processing property_id: R73360009
2026-02-01 10:50:11 - INFO - 🔤 Detected Alphanumeric ID R73360009 -> calling process
2026-02-01 10:50:12 - INFO - ✅ Fetched page successfully: 200
2026-02-01 10:50:12 - INFO - ✅ window.__initialData__ extracted successfully
2026-02-01 10:50:12 - INFO - ✅ Property node detected
2026-02-01 10:50:12 - WARNING - 🛑 Rate limit hit (20 requests). Sleeping for 70s...
2026-02-01 10:51:00 - INFO - ▶️ Resuming operations.
2026-02-01 10:51:00 - INFO - Processing property_id: U87640520
2026-02-01 10:51:00 - INFO - 🔤 Detected Alphanumeric ID U87640520 -> calling process
2026-02-01 10:51:02 - INFO - ✅ Fetched page successfully: 200
2026-02-01 10:51:02 - INFO - ✅ window.__initialData__ extracted successfully
2026-02-01 10:51:02 - INFO - ✅ Property node detected
2026-02-01 10:51:02 - INFO - Processing property_id: A87130168
2026-02-01 10:51:02 - INFO - 🔤 Detected Alphanumeric ID A87130168 -> calling process
2026-02-01 10:51:03 - INFO - ✅ Fetched page successfully: 200
2026-02-01 10:51:03 - INFO - ✅ window.__initialData__ extracted successfully
2026-02-01 10:51:03 - INFO - ✅ Property node detected
2026-02-01 10:51:03 - INFO - Processing property_id: 453932
2026-02-01 10:51:03 - INFO - 🔢 Detected Numeric ID 453932 -> calling process_single_project
2026-02-01 10:51:03 - INFO - Fetching details for project ID: 453932
2026-02-01 10:51:19 - ERROR - Error fetching project details: HTTPSConnectionPool(host='www.99acres.com', port=443): Read timed out. (read timeout=15)
2026-02-01 10:51:19 - INFO - Processing property_id: 410443
2026-02-01 10:51:19 - INFO - 🔢 Detected Numeric ID 410443 -> calling process_single_project
2026-02-01 10:51:19 - INFO - Fetching details for project ID: 410443
2026-02-01 10:51:19 - INFO - Sleeping for 16.44 seconds...
2026-02-01 10:51:22 - INFO - ▶️ Resuming operations.
2026-02-01 10:51:22 - INFO - Processing property_id: 379960
2026-02-01 10:51:22 - INFO - 🔢 Detected Numeric ID 379960 -> calling process_single_project
2026-02-01 10:51:22 - INFO - Fetching details for project ID: 379960
2026-02-01 10:51:36 - INFO - Processing property_id: P87788344
2026-02-01 10:51:36 - INFO - 🔤 Detected Alphanumeric ID P87788344 -> calling process
2026-02-01 10:51:38 - ERROR - Error fetching project details: HTTPSConnectionPool(host='www.99acres.com', port=443): Read timed out. (read timeout=15)
2026-02-01 10:51:38 - INFO - Processing property_id: G87310608
2026-02-01 10:51:38 - INFO - 🔤 Detected Alphanumeric ID G87310608 -> calling process
2026-02-01 10:51:38 - INFO - ✅ Fetched page successfully: 200
2026-02-01 10:51:38 - INFO - ✅ window.__initialData__ extracted successfully
2026-02-01 10:51:38 - INFO - ✅ Property node detected
2026-02-01 10:51:38 - INFO - Processing property_id: J87638108
2026-02-01 10:51:38 - INFO - 🔤 Detected Alphanumeric ID J87638108 -> calling process
2026-02-01 10:51:39 - INFO - ✅ Fetched page successfully: 200
2026-02-01 10:51:39 - INFO - ✅ window.__initialData__ extracted successfully
2026-02-01 10:51:39 - INFO - ✅ Property node detected
2026-02-01 10:51:39 - INFO - Processing property_id: U87362844
2026-02-01 10:51:39 - INFO - 🔤 Detected Alphanumeric ID U87362844 -> calling process
2026-02-01 10:51:40 - INFO - ✅ Fetched page successfully: 200
2026-02-01 10:51:40 - INFO - ✅ window.__initialData__ extracted successfully
2026-02-01 10:51:40 - INFO - ✅ Property node detected
2026-02-01 10:51:40 - INFO - Processing property_id: 457639
2026-02-01 10:51:40 - INFO - 🔢 Detected Numeric ID 457639 -> calling process_single_project
2026-02-01 10:51:40 - INFO - Fetching details for project ID: 457639
2026-02-01 10:51:40 - INFO - ✅ Fetched page successfully: 200
2026-02-01 10:51:40 - INFO - ✅ window.__initialData__ extracted successfully
2026-02-01 10:51:40 - INFO - ✅ Property node detected
2026-02-01 10:51:40 - INFO - Processing property_id: O82563602
2026-02-01 10:51:40 - INFO - 🔤 Detected Alphanumeric ID O82563602 -> calling process
2026-02-01 10:51:40 - INFO - Sleeping for 19.63 seconds...
2026-02-01 10:51:42 - INFO - ✅ Fetched page successfully: 200
2026-02-01 10:51:42 - INFO - ✅ window.__initialData__ extracted successfully
2026-02-01 10:51:42 - INFO - ✅ Property node detected
2026-02-01 10:51:42 - WARNING - 🛑 Rate limit hit (30 requests). Sleeping for 110s...
2026-02-01 10:52:00 - INFO - Processing property_id: B87688556
2026-02-01 10:52:00 - INFO - 🔤 Detected Alphanumeric ID B87688556 -> calling process
2026-02-01 10:52:01 - INFO - ✅ Fetched page successfully: 200
2026-02-01 10:52:01 - INFO - ✅ window.__initialData__ extracted successfully
2026-02-01 10:52:01 - INFO - ✅ Property node detected
2026-02-01 10:52:01 - INFO - Processing property_id: T87937144
2026-02-01 10:52:01 - INFO - 🔤 Detected Alphanumeric ID T87937144 -> calling process
2026-02-01 10:52:03 - INFO - ✅ Fetched page successfully: 200
2026-02-01 10:52:03 - INFO - ✅ window.__initialData__ extracted successfully
2026-02-01 10:52:03 - INFO - ✅ Property node detected
2026-02-01 10:52:03 - INFO - Processing property_id: C87833916
2026-02-01 10:52:03 - INFO - 🔤 Detected Alphanumeric ID C87833916 -> calling process
2026-02-01 10:52:05 - INFO - ✅ Fetched page successfully: 200
2026-02-01 10:52:05 - INFO - ✅ window.__initialData__ extracted successfully
2026-02-01 10:52:05 - INFO - ✅ Property node detected
2026-02-01 10:52:05 - INFO - Processing property_id: A87789822
2026-02-01 10:52:05 - INFO - 🔤 Detected Alphanumeric ID A87789822 -> calling process
2026-02-01 10:52:06 - INFO - ✅ Fetched page successfully: 200
2026-02-01 10:52:06 - INFO - ✅ window.__initialData__ extracted successfully
2026-02-01 10:52:06 - INFO - ✅ Property node detected
2026-02-01 10:52:06 - INFO - Processing property_id: I87788628
2026-02-01 10:52:06 - INFO - 🔤 Detected Alphanumeric ID I87788628 -> calling process
2026-02-01 10:52:07 - INFO - ✅ Fetched page successfully: 200
2026-02-01 10:52:07 - INFO - ✅ window.__initialData__ extracted successfully
2026-02-01 10:52:07 - INFO - ✅ Property node detected
2026-02-01 10:52:07 - INFO - Processing property_id: L88156170
2026-02-01 10:52:07 - INFO - 🔤 Detected Alphanumeric ID L88156170 -> calling process
2026-02-01 10:52:08 - INFO - ✅ Fetched page successfully: 200
2026-02-01 10:52:08 - INFO - ✅ window.__initialData__ extracted successfully
2026-02-01 10:52:08 - INFO - ✅ Property node detected
2026-02-01 10:52:08 - INFO - Processing property_id: X84914618
2026-02-01 10:52:08 - INFO - 🔤 Detected Alphanumeric ID X84914618 -> calling process
2026-02-01 10:52:10 - INFO - ✅ Fetched page successfully: 200
2026-02-01 10:52:10 - INFO - ✅ window.__initialData__ extracted successfully
2026-02-01 10:52:10 - INFO - ✅ Property node detected
2026-02-01 10:52:10 - INFO - Processing property_id: J72638695
2026-02-01 10:52:10 - INFO - 🔤 Detected Alphanumeric ID J72638695 -> calling process
2026-02-01 10:52:11 - INFO - ✅ Fetched page successfully: 200
2026-02-01 10:52:11 - INFO - ✅ window.__initialData__ extracted successfully
2026-02-01 10:52:11 - INFO - ✅ Property node detected
2026-02-01 10:52:11 - INFO - Processing property_id: X83051698
2026-02-01 10:52:11 - INFO - 🔤 Detected Alphanumeric ID X83051698 -> calling process
2026-02-01 10:52:12 - INFO - ✅ Fetched page successfully: 200
2026-02-01 10:52:12 - INFO - ✅ window.__initialData__ extracted successfully
2026-02-01 10:52:12 - INFO - ✅ Property node detected
2026-02-01 10:52:12 - WARNING - 🛑 Rate limit hit (40 requests). Sleeping for 111s...
2026-02-01 10:53:32 - INFO - ▶️ Resuming operations.
2026-02-01 10:53:32 - INFO - Processing property_id: I87463446
2026-02-01 10:53:32 - INFO - 🔤 Detected Alphanumeric ID I87463446 -> calling process
2026-02-01 10:53:34 - INFO - ✅ Fetched page successfully: 200
2026-02-01 10:53:34 - INFO - ✅ window.__initialData__ extracted successfully
2026-02-01 10:53:34 - INFO - ✅ Property node detected
2026-02-01 10:53:34 - INFO - Processing property_id: U88060492
2026-02-01 10:53:34 - INFO - 🔤 Detected Alphanumeric ID U88060492 -> calling process
2026-02-01 10:53:35 - INFO - ✅ Fetched page successfully: 200
2026-02-01 10:53:35 - INFO - ✅ window.__initialData__ extracted successfully
2026-02-01 10:53:35 - INFO - ✅ Property node detected
2026-02-01 10:53:35 - INFO - Processing property_id: G87278884
2026-02-01 10:53:35 - INFO - 🔤 Detected Alphanumeric ID G87278884 -> calling process
2026-02-01 10:53:36 - INFO - ✅ Fetched page successfully: 200
2026-02-01 10:53:36 - INFO - ✅ window.__initialData__ extracted successfully
2026-02-01 10:53:36 - INFO - ✅ Property node detected
2026-02-01 10:53:36 - INFO - Processing property_id: E85356026
2026-02-01 10:53:36 - INFO - 🔤 Detected Alphanumeric ID E85356026 -> calling process
2026-02-01 10:53:37 - INFO - ✅ Fetched page successfully: 200
2026-02-01 10:53:37 - INFO - ✅ window.__initialData__ extracted successfully
2026-02-01 10:53:37 - INFO - ✅ Property node detected
2026-02-01 10:53:37 - INFO - Processing property_id: V86265706
2026-02-01 10:53:37 - INFO - 🔤 Detected Alphanumeric ID V86265706 -> calling process
2026-02-01 10:53:39 - INFO - ✅ Fetched page successfully: 200
2026-02-01 10:53:39 - INFO - ✅ window.__initialData__ extracted successfully
2026-02-01 10:53:39 - INFO - ✅ Property node detected
2026-02-01 10:53:39 - INFO - Processing property_id: Y85045376
2026-02-01 10:53:39 - INFO - 🔤 Detected Alphanumeric ID Y85045376 -> calling process
2026-02-01 10:53:40 - INFO - ✅ Fetched page successfully: 200
2026-02-01 10:53:40 - INFO - ✅ window.__initialData__ extracted successfully
2026-02-01 10:53:40 - INFO - ✅ Property node detected
2026-02-01 10:53:40 - INFO - Processing property_id: 399141
2026-02-01 10:53:40 - INFO - 🔢 Detected Numeric ID 399141 -> calling process_single_project
2026-02-01 10:53:40 - INFO - Fetching details for project ID: 399141
2026-02-01 10:53:41 - INFO - Sleeping for 15.62 seconds...
2026-02-01 10:53:56 - INFO - Processing property_id: K87263638
2026-02-01 10:53:56 - INFO - 🔤 Detected Alphanumeric ID K87263638 -> calling process
2026-02-01 10:53:58 - INFO - ✅ Fetched page successfully: 200
2026-02-01 10:53:58 - INFO - ✅ window.__initialData__ extracted successfully
2026-02-01 10:53:58 - INFO - ✅ Property node detected
2026-02-01 10:53:58 - INFO - Processing property_id: 426711
2026-02-01 10:53:58 - INFO - 🔢 Detected Numeric ID 426711 -> calling process_single_project
2026-02-01 10:53:58 - INFO - Fetching details for project ID: 426711
2026-02-01 10:53:58 - INFO - Sleeping for 12.43 seconds...
2026-02-01 10:54:03 - INFO - ▶️ Resuming operations.
2026-02-01 10:54:03 - INFO - Processing property_id: B87577224
2026-02-01 10:54:03 - INFO - 🔤 Detected Alphanumeric ID B87577224 -> calling process
2026-02-01 10:54:05 - INFO - ✅ Fetched page successfully: 200
2026-02-01 10:54:05 - INFO - ✅ window.__initialData__ extracted successfully
2026-02-01 10:54:05 - INFO - ✅ Property node detected
2026-02-01 10:54:05 - INFO - Processing property_id: O87392528
2026-02-01 10:54:05 - INFO - 🔤 Detected Alphanumeric ID O87392528 -> calling process
2026-02-01 10:54:07 - INFO - ✅ Fetched page successfully: 200
2026-02-01 10:54:07 - INFO - ✅ window.__initialData__ extracted successfully
2026-02-01 10:54:07 - ERROR - ❌ Property data node not found in extracted JSON
2026-02-01 10:54:07 - WARNING - 🛑 Rate limit hit (50 requests). Sleeping for 92s...
2026-02-01 10:54:11 - INFO - Processing property_id: F88341680
2026-02-01 10:54:11 - INFO - 🔤 Detected Alphanumeric ID F88341680 -> calling process
2026-02-01 10:54:12 - INFO - ✅ Fetched page successfully: 200
2026-02-01 10:54:12 - INFO - ✅ window.__initialData__ extracted successfully
2026-02-01 10:54:12 - INFO - ✅ Property node detected
2026-02-01 10:54:12 - INFO - Processing property_id: D87427874
2026-02-01 10:54:12 - INFO - 🔤 Detected Alphanumeric ID D87427874 -> calling process
2026-02-01 10:54:14 - INFO - ✅ Fetched page successfully: 200
2026-02-01 10:54:14 - INFO - ✅ window.__initialData__ extracted successfully
2026-02-01 10:54:14 - INFO - ✅ Property node detected
2026-02-01 10:54:14 - INFO - Processing property_id: 409853
2026-02-01 10:54:14 - INFO - 🔢 Detected Numeric ID 409853 -> calling process_single_project
2026-02-01 10:54:14 - INFO - Fetching details for project ID: 409853
2026-02-01 10:54:14 - INFO - Sleeping for 12.98 seconds...
2026-02-01 10:54:27 - INFO - Processing property_id: H87279028
2026-02-01 10:54:27 - INFO - 🔤 Detected Alphanumeric ID H87279028 -> calling process
2026-02-01 10:54:29 - INFO - ✅ Fetched page successfully: 200
2026-02-01 10:54:29 - INFO - ✅ window.__initialData__ extracted successfully
2026-02-01 10:54:29 - INFO - ✅ Property node detected
2026-02-01 10:54:29 - INFO - Processing property_id: J80880019
2026-02-01 10:54:29 - INFO - 🔤 Detected Alphanumeric ID J80880019 -> calling process
2026-02-01 10:54:30 - INFO - ✅ Fetched page successfully: 200
2026-02-01 10:54:30 - INFO - ✅ window.__initialData__ extracted successfully
2026-02-01 10:54:30 - INFO - ✅ Property node detected
2026-02-01 10:54:30 - INFO - Processing property_id: Q85414612
2026-02-01 10:54:30 - INFO - 🔤 Detected Alphanumeric ID Q85414612 -> calling process
2026-02-01 10:54:31 - INFO - ✅ Fetched page successfully: 200
2026-02-01 10:54:31 - INFO - ✅ window.__initialData__ extracted successfully
2026-02-01 10:54:31 - INFO - ✅ Property node detected
2026-02-01 10:54:31 - INFO - Processing property_id: P78157659
2026-02-01 10:54:31 - INFO - 🔤 Detected Alphanumeric ID P78157659 -> calling process
2026-02-01 10:54:32 - INFO - ✅ Fetched page successfully: 200
2026-02-01 10:54:32 - INFO - ✅ window.__initialData__ extracted successfully
2026-02-01 10:54:32 - INFO - ✅ Property node detected
2026-02-01 10:54:32 - INFO - Processing property_id: W84522274
2026-02-01 10:54:32 - INFO - 🔤 Detected Alphanumeric ID W84522274 -> calling process
2026-02-01 10:54:34 - INFO - ✅ Fetched page successfully: 200
2026-02-01 10:54:34 - INFO - ✅ window.__initialData__ extracted successfully
2026-02-01 10:54:34 - INFO - ✅ Property node detected
2026-02-01 10:54:34 - INFO - Processing property_id: B87068372
2026-02-01 10:54:34 - INFO - 🔤 Detected Alphanumeric ID B87068372 -> calling process
2026-02-01 10:54:35 - INFO - ✅ Fetched page successfully: 200
2026-02-01 10:54:35 - INFO - ✅ window.__initialData__ extracted successfully
2026-02-01 10:54:35 - INFO - ✅ Property node detected
2026-02-01 10:54:35 - WARNING - 🛑 Rate limit hit (60 requests). Sleeping for 91s...
2026-02-01 10:55:39 - INFO - ▶️ Resuming operations.
2026-02-01 10:55:39 - INFO - Processing property_id: 381630
2026-02-01 10:55:39 - INFO - 🔢 Detected Numeric ID 381630 -> calling process_single_project
2026-02-01 10:55:39 - INFO - Fetching details for project ID: 381630
2026-02-01 10:55:40 - INFO - Sleeping for 11.38 seconds...
2026-02-01 10:55:51 - INFO - Processing property_id: Q88443282
2026-02-01 10:55:51 - INFO - 🔤 Detected Alphanumeric ID Q88443282 -> calling process
2026-02-01 10:55:52 - INFO - ✅ Fetched page successfully: 200
2026-02-01 10:55:52 - INFO - ✅ window.__initialData__ extracted successfully
2026-02-01 10:55:52 - INFO - ✅ Property node detected
2026-02-01 10:55:52 - INFO - Processing property_id: U88283630
2026-02-01 10:55:52 - INFO - 🔤 Detected Alphanumeric ID U88283630 -> calling process
2026-02-01 10:55:54 - INFO - ✅ Fetched page successfully: 200
2026-02-01 10:55:54 - INFO - ✅ window.__initialData__ extracted successfully
2026-02-01 10:55:54 - INFO - ✅ Property node detected
2026-02-01 10:55:54 - INFO - Processing property_id: Z87961902
2026-02-01 10:55:54 - INFO - 🔤 Detected Alphanumeric ID Z87961902 -> calling process
2026-02-01 10:55:55 - INFO - ✅ Fetched page successfully: 200
2026-02-01 10:55:55 - INFO - ✅ window.__initialData__ extracted successfully
2026-02-01 10:55:55 - INFO - ✅ Property node detected
2026-02-01 10:55:55 - INFO - Processing property_id: L87961820
2026-02-01 10:55:55 - INFO - 🔤 Detected Alphanumeric ID L87961820 -> calling process
2026-02-01 10:55:56 - INFO - ✅ Fetched page successfully: 200
2026-02-01 10:55:56 - INFO - ✅ window.__initialData__ extracted successfully
2026-02-01 10:55:56 - INFO - ✅ Property node detected
2026-02-01 10:55:56 - INFO - Processing property_id: Q87961706
2026-02-01 10:55:56 - INFO - 🔤 Detected Alphanumeric ID Q87961706 -> calling process
2026-02-01 10:55:58 - INFO - ✅ Fetched page successfully: 200
2026-02-01 10:55:58 - INFO - ✅ window.__initialData__ extracted successfully
2026-02-01 10:55:58 - INFO - ✅ Property node detected
2026-02-01 10:55:58 - INFO - Processing property_id: U87961626
2026-02-01 10:55:58 - INFO - 🔤 Detected Alphanumeric ID U87961626 -> calling process
2026-02-01 10:55:59 - INFO - ✅ Fetched page successfully: 200
2026-02-01 10:55:59 - INFO - ✅ window.__initialData__ extracted successfully
2026-02-01 10:55:59 - INFO - ✅ Property node detected
2026-02-01 10:55:59 - INFO - Processing property_id: W87961490
2026-02-01 10:55:59 - INFO - 🔤 Detected Alphanumeric ID W87961490 -> calling process
2026-02-01 10:56:00 - INFO - ✅ Fetched page successfully: 200
2026-02-01 10:56:00 - INFO - ✅ window.__initialData__ extracted successfully
2026-02-01 10:56:00 - INFO - ✅ Property node detected
2026-02-01 10:56:00 - INFO - Processing property_id: J87961380
2026-02-01 10:56:00 - INFO - 🔤 Detected Alphanumeric ID J87961380 -> calling process
2026-02-01 10:56:01 - INFO - ✅ Fetched page successfully: 200
2026-02-01 10:56:01 - INFO - ✅ window.__initialData__ extracted successfully
2026-02-01 10:56:01 - INFO - ✅ Property node detected
2026-02-01 10:56:01 - INFO - Processing property_id: E87912046
2026-02-01 10:56:01 - INFO - 🔤 Detected Alphanumeric ID E87912046 -> calling process
2026-02-01 10:56:02 - INFO - ✅ Fetched page successfully: 200
2026-02-01 10:56:02 - INFO - ✅ window.__initialData__ extracted successfully
2026-02-01 10:56:02 - INFO - ✅ Property node detected
2026-02-01 10:56:02 - WARNING - 🛑 Rate limit hit (70 requests). Sleeping for 73s...
2026-02-01 10:56:06 - INFO - ▶️ Resuming operations.
2026-02-01 10:56:06 - INFO - Processing property_id: O87869532
2026-02-01 10:56:06 - INFO - 🔤 Detected Alphanumeric ID O87869532 -> calling process
2026-02-01 10:56:08 - INFO - ✅ Fetched page successfully: 200
2026-02-01 10:56:08 - INFO - ✅ window.__initialData__ extracted successfully
2026-02-01 10:56:08 - INFO - ✅ Property node detected
2026-02-01 10:56:08 - INFO - Processing property_id: X87911884
2026-02-01 10:56:08 - INFO - 🔤 Detected Alphanumeric ID X87911884 -> calling process
2026-02-01 10:56:09 - INFO - ✅ Fetched page successfully: 200
2026-02-01 10:56:09 - INFO - ✅ window.__initialData__ extracted successfully
2026-02-01 10:56:09 - INFO - ✅ Property node detected
2026-02-01 10:56:09 - INFO - Processing property_id: I87911698
2026-02-01 10:56:09 - INFO - 🔤 Detected Alphanumeric ID I87911698 -> calling process
2026-02-01 10:56:10 - INFO - ✅ Fetched page successfully: 200
2026-02-01 10:56:10 - INFO - ✅ window.__initialData__ extracted successfully
2026-02-01 10:56:10 - INFO - ✅ Property node detected
2026-02-01 10:56:10 - INFO - Processing property_id: S87911568
2026-02-01 10:56:10 - INFO - 🔤 Detected Alphanumeric ID S87911568 -> calling process
2026-02-01 10:56:12 - INFO - ✅ Fetched page successfully: 200
2026-02-01 10:56:12 - INFO - ✅ window.__initialData__ extracted successfully
2026-02-01 10:56:12 - INFO - ✅ Property node detected
2026-02-01 10:56:12 - INFO - Processing property_id: U87911436
2026-02-01 10:56:12 - INFO - 🔤 Detected Alphanumeric ID U87911436 -> calling process
2026-02-01 10:56:13 - INFO - ✅ Fetched page successfully: 200
2026-02-01 10:56:13 - INFO - ✅ window.__initialData__ extracted successfully
2026-02-01 10:56:13 - INFO - ✅ Property node detected
2026-02-01 10:56:13 - INFO - Processing property_id: X87911080
2026-02-01 10:56:13 - INFO - 🔤 Detected Alphanumeric ID X87911080 -> calling process
2026-02-01 10:56:15 - INFO - ✅ Fetched page successfully: 200
2026-02-01 10:56:15 - INFO - ✅ window.__initialData__ extracted successfully
2026-02-01 10:56:15 - INFO - ✅ Property node detected
2026-02-01 10:56:15 - INFO - Processing property_id: S87910536
2026-02-01 10:56:15 - INFO - 🔤 Detected Alphanumeric ID S87910536 -> calling process
2026-02-01 10:56:17 - INFO - ✅ Fetched page successfully: 200
2026-02-01 10:56:17 - INFO - ✅ window.__initialData__ extracted successfully
2026-02-01 10:56:17 - INFO - ✅ Property node detected
2026-02-01 10:56:17 - INFO - Processing property_id: Y87792240
2026-02-01 10:56:17 - INFO - 🔤 Detected Alphanumeric ID Y87792240 -> calling process
2026-02-01 10:56:18 - INFO - ✅ Fetched page successfully: 200
2026-02-01 10:56:18 - INFO - ✅ window.__initialData__ extracted successfully
2026-02-01 10:56:18 - INFO - ✅ Property node detected
2026-02-01 10:56:18 - INFO - Processing property_id: T87791952
2026-02-01 10:56:18 - INFO - 🔤 Detected Alphanumeric ID T87791952 -> calling process
2026-02-01 10:56:20 - INFO - ✅ Fetched page successfully: 200
2026-02-01 10:56:20 - INFO - ✅ window.__initialData__ extracted successfully
2026-02-01 10:56:20 - INFO - ✅ Property node detected
2026-02-01 10:56:20 - INFO - Processing property_id: Y87791814
2026-02-01 10:56:20 - INFO - 🔤 Detected Alphanumeric ID Y87791814 -> calling process
2026-02-01 10:56:22 - INFO - ✅ Fetched page successfully: 200
2026-02-01 10:56:22 - INFO - ✅ window.__initialData__ extracted successfully
2026-02-01 10:56:22 - INFO - ✅ Property node detected
2026-02-01 10:56:22 - WARNING - 🛑 Rate limit hit (80 requests). Sleeping for 83s...
2026-02-01 10:57:15 - INFO - ▶️ Resuming operations.
2026-02-01 10:57:15 - INFO - Processing property_id: F87911958
2026-02-01 10:57:15 - INFO - 🔤 Detected Alphanumeric ID F87911958 -> calling process
2026-02-01 10:57:18 - INFO - ✅ Fetched page successfully: 200
2026-02-01 10:57:18 - INFO - ✅ window.__initialData__ extracted successfully
2026-02-01 10:57:18 - INFO - ✅ Property node detected
2026-02-01 10:57:18 - INFO - Processing property_id: B87791114
2026-02-01 10:57:18 - INFO - 🔤 Detected Alphanumeric ID B87791114 -> calling process
2026-02-01 10:57:19 - INFO - ✅ Fetched page successfully: 200
2026-02-01 10:57:19 - INFO - ✅ window.__initialData__ extracted successfully
2026-02-01 10:57:19 - INFO - ✅ Property node detected
2026-02-01 10:57:19 - INFO - Processing property_id: Q87790926
2026-02-01 10:57:19 - INFO - 🔤 Detected Alphanumeric ID Q87790926 -> calling process
2026-02-01 10:57:21 - INFO - ✅ Fetched page successfully: 200
2026-02-01 10:57:21 - INFO - ✅ window.__initialData__ extracted successfully
2026-02-01 10:57:21 - INFO - ✅ Property node detected
2026-02-01 10:57:21 - INFO - Processing property_id: B87790476
2026-02-01 10:57:21 - INFO - 🔤 Detected Alphanumeric ID B87790476 -> calling process
2026-02-01 10:57:22 - INFO - ✅ Fetched page successfully: 200
2026-02-01 10:57:22 - INFO - ✅ window.__initialData__ extracted successfully
2026-02-01 10:57:22 - INFO - ✅ Property node detected
2026-02-01 10:57:22 - INFO - Processing property_id: B87789040
2026-02-01 10:57:22 - INFO - 🔤 Detected Alphanumeric ID B87789040 -> calling process
2026-02-01 10:57:23 - INFO - ✅ Fetched page successfully: 200
2026-02-01 10:57:23 - INFO - ✅ window.__initialData__ extracted successfully
2026-02-01 10:57:23 - INFO - ✅ Property node detected
2026-02-01 10:57:23 - INFO - Processing property_id: L87788746
2026-02-01 10:57:23 - INFO - 🔤 Detected Alphanumeric ID L87788746 -> calling process
2026-02-01 10:57:25 - INFO - ✅ Fetched page successfully: 200
2026-02-01 10:57:25 - INFO - ✅ window.__initialData__ extracted successfully
2026-02-01 10:57:25 - INFO - ✅ Property node detected
2026-02-01 10:57:25 - INFO - Processing property_id: G87788498
2026-02-01 10:57:25 - INFO - 🔤 Detected Alphanumeric ID G87788498 -> calling process
2026-02-01 10:57:26 - INFO - ✅ Fetched page successfully: 200
2026-02-01 10:57:26 - INFO - ✅ window.__initialData__ extracted successfully
2026-02-01 10:57:26 - INFO - ✅ Property node detected
2026-02-01 10:57:26 - INFO - Processing property_id: U87788204
2026-02-01 10:57:26 - INFO - 🔤 Detected Alphanumeric ID U87788204 -> calling process
2026-02-01 10:57:27 - INFO - ✅ Fetched page successfully: 200
2026-02-01 10:57:27 - INFO - ✅ window.__initialData__ extracted successfully
2026-02-01 10:57:27 - INFO - ✅ Property node detected
2026-02-01 10:57:27 - INFO - Processing property_id: U87788052
2026-02-01 10:57:27 - INFO - 🔤 Detected Alphanumeric ID U87788052 -> calling process
2026-02-01 10:57:29 - INFO - ✅ Fetched page successfully: 200
2026-02-01 10:57:29 - INFO - ✅ window.__initialData__ extracted successfully
2026-02-01 10:57:29 - INFO - ✅ Property node detected
2026-02-01 10:57:29 - INFO - Processing property_id: O87787922
2026-02-01 10:57:29 - INFO - 🔤 Detected Alphanumeric ID O87787922 -> calling process
2026-02-01 10:57:30 - INFO - ✅ Fetched page successfully: 200
2026-02-01 10:57:30 - INFO - ✅ window.__initialData__ extracted successfully
2026-02-01 10:57:30 - INFO - ✅ Property node detected
2026-02-01 10:57:30 - WARNING - 🛑 Rate limit hit (90 requests). Sleeping for 84s...
2026-02-01 10:57:45 - INFO - ▶️ Resuming operations.
2026-02-01 10:57:45 - INFO - Processing property_id: U87791584
2026-02-01 10:57:45 - INFO - 🔤 Detected Alphanumeric ID U87791584 -> calling process
2026-02-01 10:57:46 - INFO - ✅ Fetched page successfully: 200
2026-02-01 10:57:46 - INFO - ✅ window.__initialData__ extracted successfully
2026-02-01 10:57:46 - INFO - ✅ Property node detected
2026-02-01 10:57:46 - INFO - Processing property_id: K87479896
2026-02-01 10:57:46 - INFO - 🔤 Detected Alphanumeric ID K87479896 -> calling process
2026-02-01 10:57:49 - INFO - ✅ Fetched page successfully: 200
2026-02-01 10:57:49 - INFO - ✅ window.__initialData__ extracted successfully
2026-02-01 10:57:49 - INFO - ✅ Property node detected
2026-02-01 10:57:49 - INFO - Processing property_id: I87310402
2026-02-01 10:57:49 - INFO - 🔤 Detected Alphanumeric ID I87310402 -> calling process
2026-02-01 10:57:51 - INFO - ✅ Fetched page successfully: 200
2026-02-01 10:57:51 - INFO - ✅ window.__initialData__ extracted successfully
2026-02-01 10:57:51 - INFO - ✅ Property node detected
2026-02-01 10:57:51 - INFO - Processing property_id: C87310222
2026-02-01 10:57:51 - INFO - 🔤 Detected Alphanumeric ID C87310222 -> calling process
2026-02-01 10:57:58 - INFO - Successfully read 1627 listing IDs
2026-02-01 10:57:58 - INFO - Total: 1627 | Done: 395 | New: 1232
2026-02-01 10:57:58 - INFO - 🚀 Starting multithreaded extraction for 1232 projects with 2 workers...
2026-02-01 10:57:58 - INFO - Processing property_id: 411937
2026-02-01 10:57:58 - INFO - 🔢 Detected Numeric ID 411937 -> calling process_single_project
2026-02-01 10:57:58 - INFO - Processing property_id: 410392
2026-02-01 10:57:58 - INFO - Fetching details for project ID: 411937
2026-02-01 10:57:58 - INFO - 🔢 Detected Numeric ID 410392 -> calling process_single_project
2026-02-01 10:57:58 - INFO - Fetching details for project ID: 410392
2026-02-01 10:58:14 - ERROR - Error fetching project details: HTTPSConnectionPool(host='www.99acres.com', port=443): Read timed out. (read timeout=15)
2026-02-01 10:58:14 - ERROR - Error fetching project details: HTTPSConnectionPool(host='www.99acres.com', port=443): Read timed out. (read timeout=15)
2026-02-01 10:58:14 - INFO - Processing property_id: 420349
2026-02-01 10:58:14 - INFO - Processing property_id: 379960
2026-02-01 10:58:14 - INFO - 🔢 Detected Numeric ID 420349 -> calling process_single_project
2026-02-01 10:58:14 - INFO - 🔢 Detected Numeric ID 379960 -> calling process_single_project
2026-02-01 10:58:14 - INFO - Fetching details for project ID: 420349
2026-02-01 10:58:14 - INFO - Fetching details for project ID: 379960
2026-02-01 10:58:15 - INFO - Sleeping for 16.93 seconds...
2026-02-01 10:58:29 - ERROR - Error fetching project details: HTTPSConnectionPool(host='www.99acres.com', port=443): Read timed out. (read timeout=15)
2026-02-01 10:58:29 - INFO - Processing property_id: 453932
2026-02-01 10:58:29 - INFO - 🔢 Detected Numeric ID 453932 -> calling process_single_project
2026-02-01 10:58:29 - INFO - Fetching details for project ID: 453932
2026-02-01 10:58:32 - INFO - Processing property_id: O87392528
2026-02-01 10:58:32 - INFO - 🔤 Detected Alphanumeric ID O87392528 -> calling process
2026-02-01 10:58:34 - INFO - ✅ Fetched page successfully: 200
2026-02-01 10:58:34 - INFO - ✅ window.__initialData__ extracted successfully
2026-02-01 10:58:34 - ERROR - ❌ Property data node not found in extracted JSON
2026-02-01 10:58:34 - INFO - Processing property_id: O87540698
2026-02-01 10:58:34 - INFO - 🔤 Detected Alphanumeric ID O87540698 -> calling process
2026-02-01 10:58:38 - INFO - ✅ Fetched page successfully: 200
2026-02-01 10:58:38 - INFO - ✅ window.__initialData__ extracted successfully
2026-02-01 10:58:38 - INFO - ✅ Property node detected
2026-02-01 10:58:38 - INFO - Processing property_id: C87310222
2026-02-01 10:58:38 - INFO - 🔤 Detected Alphanumeric ID C87310222 -> calling process
2026-02-01 10:58:40 - INFO - ✅ Fetched page successfully: 200
2026-02-01 10:58:40 - INFO - ✅ window.__initialData__ extracted successfully
2026-02-01 10:58:40 - INFO - ✅ Property node detected
2026-02-01 10:58:40 - INFO - Processing property_id: E87310000
2026-02-01 10:58:40 - INFO - 🔤 Detected Alphanumeric ID E87310000 -> calling process
2026-02-01 10:58:41 - INFO - ✅ Fetched page successfully: 200
2026-02-01 10:58:41 - INFO - ✅ window.__initialData__ extracted successfully
2026-02-01 10:58:41 - INFO - ✅ Property node detected
2026-02-01 10:58:41 - WARNING - 🛑 Rate limit hit (10 requests). Sleeping for 115s...
2026-02-01 10:58:45 - ERROR - Error fetching project details: HTTPSConnectionPool(host='www.99acres.com', port=443): Read timed out. (read timeout=15)
2026-02-01 10:58:45 - INFO - Processing property_id: W87353740
2026-02-01 10:58:45 - INFO - 🔤 Detected Alphanumeric ID W87353740 -> calling process
2026-02-01 10:58:46 - INFO - ✅ Fetched page successfully: 200
2026-02-01 10:58:46 - INFO - ✅ window.__initialData__ extracted successfully
2026-02-01 10:58:46 - INFO - ✅ Property node detected
2026-02-01 10:58:46 - INFO - Processing property_id: O80796647
2026-02-01 10:58:46 - INFO - 🔤 Detected Alphanumeric ID O80796647 -> calling process
2026-02-01 10:58:48 - INFO - ✅ Fetched page successfully: 200
2026-02-01 10:58:48 - INFO - ✅ window.__initialData__ extracted successfully
2026-02-01 10:58:48 - INFO - ✅ Property node detected
2026-02-01 10:58:48 - INFO - Processing property_id: A87792158
2026-02-01 10:58:48 - INFO - 🔤 Detected Alphanumeric ID A87792158 -> calling process
2026-02-01 10:58:49 - INFO - ✅ Fetched page successfully: 200
2026-02-01 10:58:49 - INFO - ✅ window.__initialData__ extracted successfully
2026-02-01 10:58:49 - INFO - ✅ Property node detected
2026-02-01 10:58:49 - INFO - Processing property_id: Z87480332
2026-02-01 10:58:49 - INFO - 🔤 Detected Alphanumeric ID Z87480332 -> calling process
2026-02-01 10:58:50 - INFO - ✅ Fetched page successfully: 200
2026-02-01 10:58:50 - INFO - ✅ window.__initialData__ extracted successfully
2026-02-01 10:58:50 - INFO - ✅ Property node detected
2026-02-01 10:58:50 - INFO - Processing property_id: H88251348
2026-02-01 10:58:50 - INFO - 🔤 Detected Alphanumeric ID H88251348 -> calling process
2026-02-01 10:58:51 - INFO - ✅ Fetched page successfully: 200
2026-02-01 10:58:52 - INFO - ✅ window.__initialData__ extracted successfully
2026-02-01 10:58:52 - INFO - ✅ Property node detected
2026-02-01 10:58:52 - INFO - Processing property_id: O88331350
2026-02-01 10:58:52 - INFO - 🔤 Detected Alphanumeric ID O88331350 -> calling process
2026-02-01 10:58:53 - INFO - ✅ Fetched page successfully: 200
2026-02-01 10:58:53 - INFO - ✅ window.__initialData__ extracted successfully
2026-02-01 10:58:53 - INFO - ✅ Property node detected
2026-02-01 10:58:53 - INFO - Processing property_id: T88258632
2026-02-01 10:58:53 - INFO - 🔤 Detected Alphanumeric ID T88258632 -> calling process
2026-02-01 10:58:54 - INFO - ✅ Fetched page successfully: 200
2026-02-01 10:58:54 - INFO - ✅ window.__initialData__ extracted successfully
2026-02-01 10:58:54 - INFO - ✅ Property node detected
2026-02-01 10:58:54 - INFO - Processing property_id: D77829737
2026-02-01 10:58:54 - INFO - 🔤 Detected Alphanumeric ID D77829737 -> calling process
2026-02-01 10:58:55 - INFO - ✅ Fetched page successfully: 200
2026-02-01 10:58:55 - INFO - ✅ window.__initialData__ extracted successfully
2026-02-01 10:58:55 - INFO - ✅ Property node detected
2026-02-01 10:58:55 - INFO - Processing property_id: 417303
2026-02-01 10:58:55 - INFO - 🔢 Detected Numeric ID 417303 -> calling process_single_project
2026-02-01 10:58:55 - INFO - Fetching details for project ID: 417303
2026-02-01 10:58:56 - INFO - Sleeping for 13.59 seconds...
2026-02-01 10:59:10 - WARNING - 🛑 Rate limit hit (20 requests). Sleeping for 78s...
2026-02-01 11:00:28 - INFO - ▶️ Resuming operations.
2026-02-01 11:00:28 - INFO - Processing property_id: C87911782
2026-02-01 11:00:28 - INFO - 🔤 Detected Alphanumeric ID C87911782 -> calling process
2026-02-01 11:00:29 - INFO - ✅ Fetched page successfully: 200
2026-02-01 11:00:29 - INFO - ✅ window.__initialData__ extracted successfully
2026-02-01 11:00:29 - INFO - ✅ Property node detected
2026-02-01 11:00:29 - INFO - Processing property_id: F87792394
2026-02-01 11:00:29 - INFO - 🔤 Detected Alphanumeric ID F87792394 -> calling process
2026-02-01 11:00:30 - INFO - ✅ Fetched page successfully: 200
2026-02-01 11:00:30 - INFO - ✅ window.__initialData__ extracted successfully
2026-02-01 11:00:30 - INFO - ✅ Property node detected
2026-02-01 11:00:30 - INFO - Processing property_id: R87789682
2026-02-01 11:00:30 - INFO - 🔤 Detected Alphanumeric ID R87789682 -> calling process
2026-02-01 11:00:31 - INFO - ✅ Fetched page successfully: 200
2026-02-01 11:00:31 - INFO - ✅ window.__initialData__ extracted successfully
2026-02-01 11:00:31 - INFO - ✅ Property node detected
2026-02-01 11:00:31 - INFO - Processing property_id: X86745864
2026-02-01 11:00:31 - INFO - 🔤 Detected Alphanumeric ID X86745864 -> calling process
2026-02-01 11:00:34 - INFO - ✅ Fetched page successfully: 200
2026-02-01 11:00:34 - INFO - ✅ window.__initialData__ extracted successfully
2026-02-01 11:00:34 - INFO - ✅ Property node detected
2026-02-01 11:00:34 - INFO - Processing property_id: V88321028
2026-02-01 11:00:34 - INFO - 🔤 Detected Alphanumeric ID V88321028 -> calling process
2026-02-01 11:00:35 - INFO - ✅ Fetched page successfully: 200
2026-02-01 11:00:36 - INFO - ✅ window.__initialData__ extracted successfully
2026-02-01 11:00:36 - INFO - ✅ Property node detected
2026-02-01 11:00:36 - INFO - Processing property_id: 410658
2026-02-01 11:00:36 - INFO - 🔢 Detected Numeric ID 410658 -> calling process_single_project
2026-02-01 11:00:36 - INFO - Fetching details for project ID: 410658
2026-02-01 11:00:36 - INFO - Sleeping for 19.41 seconds...
2026-02-01 11:00:36 - INFO - ▶️ Resuming operations.
2026-02-01 11:00:36 - INFO - Processing property_id: B82452368
2026-02-01 11:00:36 - INFO - 🔤 Detected Alphanumeric ID B82452368 -> calling process
2026-02-01 11:00:41 - INFO - Successfully read 1627 listing IDs
2026-02-01 11:00:41 - INFO - Total: 1627 | Done: 414 | New: 1213
2026-02-01 11:00:41 - INFO - 🚀 Starting multithreaded extraction for 1213 projects with 2 workers...
2026-02-01 11:00:41 - INFO - Processing property_id: 411937
2026-02-01 11:00:41 - INFO - 🔢 Detected Numeric ID 411937 -> calling process_single_project
2026-02-01 11:00:41 - INFO - Processing property_id: 410392
2026-02-01 11:00:41 - INFO - Fetching details for project ID: 411937
2026-02-01 11:00:41 - INFO - 🔢 Detected Numeric ID 410392 -> calling process_single_project
2026-02-01 11:00:41 - INFO - Fetching details for project ID: 410392
2026-02-01 11:00:42 - INFO - Sleeping for 19.97 seconds...
2026-02-01 11:00:42 - INFO - Sleeping for 13.00 seconds...
2026-02-01 11:00:55 - INFO - Sleeping for 7.39 seconds...
2026-02-01 11:01:02 - INFO - Sleeping for 9.59 seconds...
2026-02-01 11:01:03 - INFO - Processing property_id: 420349
2026-02-01 11:01:03 - INFO - 🔢 Detected Numeric ID 420349 -> calling process_single_project
2026-02-01 11:01:03 - INFO - Fetching details for project ID: 420349
2026-02-01 11:01:04 - INFO - Sleeping for 12.22 seconds...
2026-02-01 11:01:12 - INFO - Processing property_id: 453932
2026-02-01 11:01:12 - INFO - 🔢 Detected Numeric ID 453932 -> calling process_single_project
2026-02-01 11:01:12 - INFO - Fetching details for project ID: 453932
2026-02-01 11:01:13 - INFO - Sleeping for 15.94 seconds...
2026-02-01 11:01:16 - INFO - Sleeping for 5.52 seconds...
2026-02-01 11:01:21 - INFO - Processing property_id: O87392528
2026-02-01 11:01:21 - INFO - 🔤 Detected Alphanumeric ID O87392528 -> calling process
2026-02-01 11:01:23 - INFO - ✅ Fetched page successfully: 200
2026-02-01 11:01:23 - INFO - ✅ window.__initialData__ extracted successfully
2026-02-01 11:01:23 - ERROR - ❌ Property data node not found in extracted JSON
2026-02-01 11:01:23 - INFO - Sleeping for 8.58 seconds...
2026-02-01 11:01:29 - INFO - Sleeping for 5.76 seconds...
2026-02-01 11:01:32 - INFO - Processing property_id: B82452368
2026-02-01 11:01:32 - INFO - 🔤 Detected Alphanumeric ID B82452368 -> calling process
2026-02-01 11:01:33 - INFO - ✅ Fetched page successfully: 200
2026-02-01 11:01:33 - INFO - ✅ window.__initialData__ extracted successfully
2026-02-01 11:01:33 - INFO - ✅ Property node detected
2026-02-01 11:01:33 - INFO - Sleeping for 9.83 seconds...
2026-02-01 11:01:34 - INFO - Processing property_id: 417553
2026-02-01 11:01:34 - INFO - 🔢 Detected Numeric ID 417553 -> calling process_single_project
2026-02-01 11:01:34 - INFO - Fetching details for project ID: 417553
2026-02-01 11:01:35 - INFO - Sleeping for 12.96 seconds...
2026-02-01 11:01:43 - INFO - Processing property_id: G87263462
2026-02-01 11:01:43 - INFO - 🔤 Detected Alphanumeric ID G87263462 -> calling process
2026-02-01 11:01:46 - INFO - ✅ Fetched page successfully: 200
2026-02-01 11:01:46 - INFO - ✅ window.__initialData__ extracted successfully
2026-02-01 11:01:46 - INFO - ✅ Property node detected
2026-02-01 11:01:46 - INFO - Sleeping for 8.10 seconds...
2026-02-01 11:01:48 - INFO - Sleeping for 7.52 seconds...
2026-02-01 11:01:54 - INFO - Processing property_id: G87262494
2026-02-01 11:01:54 - INFO - 🔤 Detected Alphanumeric ID G87262494 -> calling process
2026-02-01 11:01:56 - WARNING - 🛑 Rate limit hit (10 requests). Sleeping for 118s...
2026-02-01 11:01:57 - ERROR - ❌ Error fetching page: 404 Client Error: Not Found for url: https://www.99acres.com/undefined
2026-02-01 11:01:57 - INFO - ⚠️ Failed to fetch live URL, checking for local file...
2026-02-01 11:01:57 - WARNING - ❌ No local file found.
2026-02-01 11:01:57 - INFO - Sleeping for 7.86 seconds...
2026-02-01 11:02:04 - INFO - Processing property_id: W85353004
2026-02-01 11:02:04 - INFO - 🔤 Detected Alphanumeric ID W85353004 -> calling process
2026-02-01 11:03:17 - INFO - Successfully read 1627 listing IDs
2026-02-01 11:03:17 - INFO - Total: 1627 | Done: 421 | New: 1206
2026-02-01 11:03:17 - INFO - 🚀 Starting multithreaded extraction for 1206 projects with 2 workers...
2026-02-01 11:03:17 - INFO - Processing property_id: O87392528
2026-02-01 11:03:17 - INFO - 🔤 Detected Alphanumeric ID O87392528 -> calling process
2026-02-01 11:03:17 - INFO - Processing property_id: G87262494
2026-02-01 11:03:17 - INFO - 🔤 Detected Alphanumeric ID G87262494 -> calling process
2026-02-01 11:03:19 - INFO - ✅ Fetched page successfully: 200
2026-02-01 11:03:20 - INFO - ✅ window.__initialData__ extracted successfully
2026-02-01 11:03:20 - ERROR - ❌ Property data node not found in extracted JSON
2026-02-01 11:03:20 - INFO - Sleeping for 7.32 seconds...
2026-02-01 11:03:20 - INFO - ✅ Fetched page successfully: 200
2026-02-01 11:03:20 - INFO - ✅ window.__initialData__ extracted successfully
2026-02-01 11:03:20 - INFO - ✅ Property node detected
2026-02-01 11:03:21 - INFO - Sleeping for 6.34 seconds...
2026-02-01 11:03:27 - INFO - Processing property_id: N85227964
2026-02-01 11:03:27 - INFO - 🔤 Detected Alphanumeric ID N85227964 -> calling process
2026-02-01 11:03:27 - INFO - Processing property_id: W85353004
2026-02-01 11:03:27 - INFO - 🔤 Detected Alphanumeric ID W85353004 -> calling process
2026-02-01 11:03:28 - INFO - ✅ Fetched page successfully: 200
2026-02-01 11:03:28 - INFO - ✅ Fetched page successfully: 200
2026-02-01 11:03:28 - INFO - ✅ window.__initialData__ extracted successfully
2026-02-01 11:03:28 - INFO - ✅ Property node detected
2026-02-01 11:03:28 - INFO - ✅ window.__initialData__ extracted successfully
2026-02-01 11:03:28 - INFO - ✅ Property node detected
2026-02-01 11:03:28 - INFO - Sleeping for 7.02 seconds...
2026-02-01 11:03:28 - INFO - Sleeping for 7.24 seconds...
2026-02-01 11:03:35 - INFO - Processing property_id: C79713269
2026-02-01 11:03:35 - INFO - 🔤 Detected Alphanumeric ID C79713269 -> calling process
2026-02-01 11:03:36 - INFO - Processing property_id: G86821892
2026-02-01 11:03:36 - INFO - 🔤 Detected Alphanumeric ID G86821892 -> calling process
2026-02-01 11:03:37 - INFO - ✅ Fetched page successfully: 200
2026-02-01 11:03:37 - INFO - ✅ window.__initialData__ extracted successfully
2026-02-01 11:03:37 - INFO - ✅ Property node detected
2026-02-01 11:03:37 - INFO - Sleeping for 5.27 seconds...
2026-02-01 11:03:37 - INFO - ✅ Fetched page successfully: 200
2026-02-01 11:03:37 - INFO - ✅ window.__initialData__ extracted successfully
2026-02-01 11:03:37 - INFO - ✅ Property node detected
2026-02-01 11:03:37 - INFO - Sleeping for 6.51 seconds...
2026-02-01 11:03:42 - INFO - Processing property_id: S87615020
2026-02-01 11:03:42 - INFO - 🔤 Detected Alphanumeric ID S87615020 -> calling process
2026-02-01 11:03:44 - INFO - ✅ Fetched page successfully: 200
2026-02-01 11:03:44 - INFO - ✅ window.__initialData__ extracted successfully
2026-02-01 11:03:44 - INFO - ✅ Property node detected
2026-02-01 11:03:44 - INFO - Sleeping for 9.81 seconds...
2026-02-01 11:03:44 - INFO - Processing property_id: Q87427956
2026-02-01 11:03:44 - INFO - 🔤 Detected Alphanumeric ID Q87427956 -> calling process
2026-02-01 11:03:45 - INFO - ✅ Fetched page successfully: 200
2026-02-01 11:03:46 - INFO - ✅ window.__initialData__ extracted successfully
2026-02-01 11:03:46 - INFO - ✅ Property node detected
2026-02-01 11:03:46 - INFO - Sleeping for 7.10 seconds...
2026-02-01 11:03:53 - INFO - Processing property_id: C86307236
2026-02-01 11:03:53 - INFO - 🔤 Detected Alphanumeric ID C86307236 -> calling process
2026-02-01 11:03:54 - WARNING - 🛑 Rate limit hit (10 requests). Sleeping for 101s...
2026-02-01 11:03:54 - INFO - ✅ Fetched page successfully: 200
2026-02-01 11:03:54 - INFO - ✅ window.__initialData__ extracted successfully
2026-02-01 11:03:54 - ERROR - ❌ Property data node not found in extracted JSON
2026-02-01 11:03:54 - INFO - Sleeping for 7.18 seconds...
2026-02-01 11:04:02 - INFO - Processing property_id: G87480144
2026-02-01 11:04:02 - INFO - 🔤 Detected Alphanumeric ID G87480144 -> calling process
2026-02-01 11:04:06 - INFO - Successfully read 1627 listing IDs
2026-02-01 11:04:06 - INFO - Total: 1627 | Done: 428 | New: 1199
2026-02-01 11:04:06 - INFO - 🚀 Starting multithreaded extraction for 1199 projects with 2 workers...
2026-02-01 11:04:06 - INFO - Processing property_id: O87392528
2026-02-01 11:04:06 - INFO - 🔤 Detected Alphanumeric ID O87392528 -> calling process
2026-02-01 11:04:06 - INFO - Processing property_id: C86307236
2026-02-01 11:04:06 - INFO - 🔤 Detected Alphanumeric ID C86307236 -> calling process
2026-02-01 11:04:08 - INFO - ✅ Fetched page successfully: 200
2026-02-01 11:04:08 - INFO - ✅ window.__initialData__ extracted successfully
2026-02-01 11:04:08 - ERROR - ❌ Property data node not found in extracted JSON
2026-02-01 11:04:08 - INFO - Sleeping for 4.47 seconds...
2026-02-01 11:04:08 - INFO - ✅ Fetched page successfully: 200
2026-02-01 11:04:08 - INFO - ✅ window.__initialData__ extracted successfully
2026-02-01 11:04:08 - ERROR - ❌ Property data node not found in extracted JSON
2026-02-01 11:04:08 - INFO - Sleeping for 3.37 seconds...
2026-02-01 11:04:11 - INFO - Processing property_id: S86314112
2026-02-01 11:04:11 - INFO - 🔤 Detected Alphanumeric ID S86314112 -> calling process
2026-02-01 11:04:12 - INFO - Processing property_id: G87480144
2026-02-01 11:04:12 - INFO - 🔤 Detected Alphanumeric ID G87480144 -> calling process
2026-02-01 11:04:12 - INFO - ✅ Fetched page successfully: 200
2026-02-01 11:04:12 - INFO - ✅ window.__initialData__ extracted successfully
2026-02-01 11:04:12 - ERROR - ❌ Property data node not found in extracted JSON
2026-02-01 11:04:12 - INFO - Sleeping for 4.62 seconds...
2026-02-01 11:04:13 - INFO - ✅ Fetched page successfully: 200
2026-02-01 11:04:13 - INFO - ✅ window.__initialData__ extracted successfully
2026-02-01 11:04:13 - INFO - ✅ Property node detected
2026-02-01 11:04:13 - INFO - Sleeping for 4.36 seconds...
2026-02-01 11:04:17 - INFO - Processing property_id: I88282726
2026-02-01 11:04:17 - INFO - 🔤 Detected Alphanumeric ID I88282726 -> calling process
2026-02-01 11:04:18 - INFO - Processing property_id: T81571443
2026-02-01 11:04:18 - INFO - 🔤 Detected Alphanumeric ID T81571443 -> calling process
2026-02-01 11:04:18 - INFO - ✅ Fetched page successfully: 200
2026-02-01 11:04:18 - INFO - ✅ window.__initialData__ extracted successfully
2026-02-01 11:04:18 - INFO - ✅ Property node detected
2026-02-01 11:04:18 - INFO - Sleeping for 2.46 seconds...
2026-02-01 11:04:19 - INFO - ✅ Fetched page successfully: 200
2026-02-01 11:04:19 - INFO - ✅ window.__initialData__ extracted successfully
2026-02-01 11:04:19 - INFO - ✅ Property node detected
2026-02-01 11:04:19 - INFO - Sleeping for 2.39 seconds...
2026-02-01 11:04:21 - INFO - Processing property_id: W81456823
2026-02-01 11:04:21 - INFO - 🔤 Detected Alphanumeric ID W81456823 -> calling process
2026-02-01 11:04:21 - INFO - Processing property_id: M87410672
2026-02-01 11:04:21 - INFO - 🔤 Detected Alphanumeric ID M87410672 -> calling process
2026-02-01 11:04:22 - INFO - ✅ Fetched page successfully: 200
2026-02-01 11:04:22 - INFO - ✅ window.__initialData__ extracted successfully
2026-02-01 11:04:22 - INFO - ✅ Property node detected
2026-02-01 11:04:22 - INFO - Sleeping for 2.46 seconds...
2026-02-01 11:04:23 - INFO - ✅ Fetched page successfully: 200
2026-02-01 11:04:23 - INFO - ✅ window.__initialData__ extracted successfully
2026-02-01 11:04:23 - INFO - ✅ Property node detected
2026-02-01 11:04:23 - INFO - Sleeping for 3.89 seconds...
2026-02-01 11:04:25 - INFO - Processing property_id: H85536724
2026-02-01 11:04:25 - INFO - 🔤 Detected Alphanumeric ID H85536724 -> calling process
2026-02-01 11:04:27 - WARNING - 🛑 Rate limit hit (10 requests). Sleeping for 79s...
2026-02-01 11:04:27 - INFO - ✅ Fetched page successfully: 200
2026-02-01 11:04:27 - INFO - ✅ window.__initialData__ extracted successfully
2026-02-01 11:04:27 - INFO - ✅ Property node detected
2026-02-01 11:04:27 - INFO - Sleeping for 2.09 seconds...
2026-02-01 11:04:29 - INFO - Processing property_id: F87556024
2026-02-01 11:04:29 - INFO - 🔤 Detected Alphanumeric ID F87556024 -> calling process
2026-02-01 11:04:30 - INFO - ✅ Fetched page successfully: 200
2026-02-01 11:04:30 - INFO - ✅ window.__initialData__ extracted successfully
2026-02-01 11:04:30 - INFO - ✅ Property node detected
2026-02-01 11:04:30 - INFO - Sleeping for 3.42 seconds...
2026-02-01 11:04:34 - INFO - Processing property_id: J88358116
2026-02-01 11:04:34 - INFO - 🔤 Detected Alphanumeric ID J88358116 -> calling process
2026-02-01 11:04:35 - INFO - ✅ Fetched page successfully: 200
2026-02-01 11:04:36 - INFO - ✅ window.__initialData__ extracted successfully
2026-02-01 11:04:36 - INFO - ✅ Property node detected
2026-02-01 11:04:36 - INFO - Sleeping for 3.69 seconds...
2026-02-01 11:04:39 - INFO - Processing property_id: Z87839088
2026-02-01 11:04:39 - INFO - 🔤 Detected Alphanumeric ID Z87839088 -> calling process
2026-02-01 11:04:41 - INFO - ✅ Fetched page successfully: 200
2026-02-01 11:04:41 - INFO - ✅ window.__initialData__ extracted successfully
2026-02-01 11:04:41 - INFO - ✅ Property node detected
2026-02-01 11:04:41 - INFO - Sleeping for 2.47 seconds...
2026-02-01 11:04:43 - INFO - Processing property_id: M87586676
2026-02-01 11:04:43 - INFO - 🔤 Detected Alphanumeric ID M87586676 -> calling process
2026-02-01 11:04:44 - INFO - ✅ Fetched page successfully: 200
2026-02-01 11:04:44 - INFO - ✅ window.__initialData__ extracted successfully
2026-02-01 11:04:44 - INFO - ✅ Property node detected
2026-02-01 11:04:44 - INFO - Sleeping for 4.81 seconds...
2026-02-01 11:04:49 - INFO - Processing property_id: I87576008
2026-02-01 11:04:49 - INFO - 🔤 Detected Alphanumeric ID I87576008 -> calling process
2026-02-01 11:04:50 - INFO - ✅ Fetched page successfully: 200
2026-02-01 11:04:50 - INFO - ✅ window.__initialData__ extracted successfully
2026-02-01 11:04:50 - INFO - ✅ Property node detected
2026-02-01 11:04:50 - INFO - Sleeping for 3.90 seconds...
2026-02-01 11:04:54 - INFO - Processing property_id: F87568870
2026-02-01 11:04:54 - INFO - 🔤 Detected Alphanumeric ID F87568870 -> calling process
2026-02-01 11:04:57 - INFO - ✅ Fetched page successfully: 200
2026-02-01 11:04:57 - INFO - ✅ window.__initialData__ extracted successfully
2026-02-01 11:04:57 - INFO - ✅ Property node detected
2026-02-01 11:04:57 - INFO - Sleeping for 3.49 seconds...
2026-02-01 11:05:01 - INFO - Processing property_id: C87549846
2026-02-01 11:05:01 - INFO - 🔤 Detected Alphanumeric ID C87549846 -> calling process
2026-02-01 11:05:02 - INFO - ✅ Fetched page successfully: 200
2026-02-01 11:05:02 - INFO - ✅ window.__initialData__ extracted successfully
2026-02-01 11:05:02 - INFO - ✅ Property node detected
2026-02-01 11:05:02 - INFO - Sleeping for 4.99 seconds...
2026-02-01 11:05:07 - INFO - Processing property_id: Y87545746
2026-02-01 11:05:07 - INFO - 🔤 Detected Alphanumeric ID Y87545746 -> calling process
2026-02-01 11:05:09 - INFO - ✅ Fetched page successfully: 200
2026-02-01 11:05:09 - INFO - ✅ window.__initialData__ extracted successfully
2026-02-01 11:05:09 - INFO - ✅ Property node detected
2026-02-01 11:05:09 - INFO - Sleeping for 4.13 seconds...
2026-02-01 11:05:13 - INFO - Processing property_id: B87528394
2026-02-01 11:05:13 - INFO - 🔤 Detected Alphanumeric ID B87528394 -> calling process
2026-02-01 11:05:14 - INFO - ✅ Fetched page successfully: 200
2026-02-01 11:05:14 - INFO - ✅ window.__initialData__ extracted successfully
2026-02-01 11:05:14 - INFO - ✅ Property node detected
2026-02-01 11:05:14 - INFO - Sleeping for 2.32 seconds...
2026-02-01 11:05:16 - WARNING - 🛑 Rate limit hit (20 requests). Sleeping for 89s...
2026-02-01 11:05:46 - INFO - ▶️ Resuming operations.
2026-02-01 11:05:46 - INFO - Processing property_id: D87565976
2026-02-01 11:05:46 - INFO - 🔤 Detected Alphanumeric ID D87565976 -> calling process
2026-02-01 11:05:47 - INFO - ✅ Fetched page successfully: 200
2026-02-01 11:05:47 - INFO - ✅ window.__initialData__ extracted successfully
2026-02-01 11:05:47 - INFO - ✅ Property node detected
2026-02-01 11:05:47 - INFO - Sleeping for 4.23 seconds...
2026-02-01 11:05:51 - INFO - Processing property_id: R87024672
2026-02-01 11:05:51 - INFO - 🔤 Detected Alphanumeric ID R87024672 -> calling process
2026-02-01 11:05:53 - INFO - ✅ Fetched page successfully: 200
2026-02-01 11:05:54 - INFO - ✅ window.__initialData__ extracted successfully
2026-02-01 11:05:54 - INFO - ✅ Property node detected
2026-02-01 11:05:54 - INFO - Sleeping for 3.57 seconds...
2026-02-01 11:05:57 - INFO - Processing property_id: K86688092
2026-02-01 11:05:57 - INFO - 🔤 Detected Alphanumeric ID K86688092 -> calling process
2026-02-01 11:05:58 - INFO - ✅ Fetched page successfully: 200
2026-02-01 11:05:58 - INFO - ✅ window.__initialData__ extracted successfully
2026-02-01 11:05:58 - INFO - ✅ Property node detected
2026-02-01 11:05:58 - INFO - Sleeping for 2.80 seconds...
2026-02-01 11:06:01 - INFO - Processing property_id: C86832246
2026-02-01 11:06:01 - INFO - 🔤 Detected Alphanumeric ID C86832246 -> calling process
2026-02-01 11:06:03 - INFO - ✅ Fetched page successfully: 200
2026-02-01 11:06:03 - INFO - ✅ window.__initialData__ extracted successfully
2026-02-01 11:06:03 - INFO - ✅ Property node detected
2026-02-01 11:06:03 - INFO - Sleeping for 3.85 seconds...
2026-02-01 11:06:07 - INFO - Processing property_id: O84129808
2026-02-01 11:06:07 - INFO - 🔤 Detected Alphanumeric ID O84129808 -> calling process
2026-02-01 11:06:08 - INFO - ✅ Fetched page successfully: 200
2026-02-01 11:06:08 - INFO - ✅ window.__initialData__ extracted successfully
2026-02-01 11:06:08 - INFO - ✅ Property node detected
2026-02-01 11:06:08 - INFO - Sleeping for 4.06 seconds...
2026-02-01 11:06:12 - INFO - Processing property_id: R84129374
2026-02-01 11:06:12 - INFO - 🔤 Detected Alphanumeric ID R84129374 -> calling process
2026-02-01 11:06:14 - INFO - ✅ Fetched page successfully: 200
2026-02-01 11:06:14 - INFO - ✅ window.__initialData__ extracted successfully
2026-02-01 11:06:14 - INFO - ✅ Property node detected
2026-02-01 11:06:14 - INFO - Sleeping for 2.32 seconds...
2026-02-01 11:06:16 - INFO - Processing property_id: W80708959
2026-02-01 11:06:16 - INFO - 🔤 Detected Alphanumeric ID W80708959 -> calling process
2026-02-01 11:06:18 - INFO - ✅ Fetched page successfully: 200
2026-02-01 11:06:18 - INFO - ✅ window.__initialData__ extracted successfully
2026-02-01 11:06:18 - INFO - ✅ Property node detected
2026-02-01 11:06:18 - INFO - Sleeping for 3.27 seconds...
2026-02-01 11:06:21 - INFO - Processing property_id: Z81571465
2026-02-01 11:06:21 - INFO - 🔤 Detected Alphanumeric ID Z81571465 -> calling process
2026-02-01 11:06:23 - INFO - ✅ Fetched page successfully: 200
2026-02-01 11:06:23 - INFO - ✅ window.__initialData__ extracted successfully
2026-02-01 11:06:23 - INFO - ✅ Property node detected
2026-02-01 11:06:23 - INFO - Sleeping for 4.34 seconds...
2026-02-01 11:06:28 - INFO - Processing property_id: N87404634
2026-02-01 11:06:28 - INFO - 🔤 Detected Alphanumeric ID N87404634 -> calling process
2026-02-01 11:06:29 - INFO - ✅ Fetched page successfully: 200
2026-02-01 11:06:29 - INFO - ✅ window.__initialData__ extracted successfully
2026-02-01 11:06:29 - INFO - ✅ Property node detected
2026-02-01 11:06:29 - INFO - Sleeping for 3.34 seconds...
2026-02-01 11:06:32 - INFO - Processing property_id: Q81048359
2026-02-01 11:06:32 - INFO - 🔤 Detected Alphanumeric ID Q81048359 -> calling process
2026-02-01 11:06:34 - INFO - ✅ Fetched page successfully: 200
2026-02-01 11:06:34 - INFO - ✅ window.__initialData__ extracted successfully
2026-02-01 11:06:34 - INFO - ✅ Property node detected
2026-02-01 11:06:34 - INFO - Sleeping for 4.10 seconds...
2026-02-01 11:06:38 - WARNING - 🛑 Rate limit hit (30 requests). Sleeping for 104s...
2026-02-01 11:06:45 - INFO - ▶️ Resuming operations.
2026-02-01 11:06:45 - INFO - Processing property_id: E87087148
2026-02-01 11:06:45 - INFO - 🔤 Detected Alphanumeric ID E87087148 -> calling process
2026-02-01 11:06:47 - INFO - ✅ Fetched page successfully: 200
2026-02-01 11:06:47 - INFO - ✅ window.__initialData__ extracted successfully
2026-02-01 11:06:47 - INFO - ✅ Property node detected
2026-02-01 11:06:47 - INFO - Sleeping for 4.29 seconds...
2026-02-01 11:06:51 - INFO - Processing property_id: 402372
2026-02-01 11:06:51 - INFO - 🔢 Detected Numeric ID 402372 -> calling process_single_project
2026-02-01 11:06:51 - INFO - Fetching details for project ID: 402372
2026-02-01 11:07:07 - ERROR - Error fetching project details: HTTPSConnectionPool(host='www.99acres.com', port=443): Read timed out. (read timeout=15)
2026-02-01 11:07:07 - INFO - Sleeping for 2.27 seconds...
2026-02-01 11:07:09 - INFO - Processing property_id: 438033
2026-02-01 11:07:09 - INFO - 🔢 Detected Numeric ID 438033 -> calling process_single_project
2026-02-01 11:07:09 - INFO - Fetching details for project ID: 438033
2026-02-01 11:07:25 - ERROR - Error fetching project details: HTTPSConnectionPool(host='www.99acres.com', port=443): Read timed out. (read timeout=15)
2026-02-01 11:07:25 - INFO - Sleeping for 2.64 seconds...
2026-02-01 11:07:27 - INFO - Processing property_id: E87549320
2026-02-01 11:07:27 - INFO - 🔤 Detected Alphanumeric ID E87549320 -> calling process
2026-02-01 11:07:29 - INFO - ✅ Fetched page successfully: 200
2026-02-01 11:07:29 - INFO - ✅ window.__initialData__ extracted successfully
2026-02-01 11:07:29 - INFO - ✅ Property node detected
2026-02-01 11:07:29 - INFO - Sleeping for 3.20 seconds...
2026-02-01 11:07:32 - INFO - Processing property_id: N87528834
2026-02-01 11:07:32 - INFO - 🔤 Detected Alphanumeric ID N87528834 -> calling process
2026-02-01 11:07:33 - INFO - ✅ Fetched page successfully: 200
2026-02-01 11:07:33 - INFO - ✅ window.__initialData__ extracted successfully
2026-02-01 11:07:33 - INFO - ✅ Property node detected
2026-02-01 11:07:33 - INFO - Sleeping for 4.71 seconds...
2026-02-01 11:07:38 - INFO - Processing property_id: P87575696
2026-02-01 11:07:38 - INFO - 🔤 Detected Alphanumeric ID P87575696 -> calling process
2026-02-01 11:07:39 - INFO - ✅ Fetched page successfully: 200
2026-02-01 11:07:39 - INFO - ✅ window.__initialData__ extracted successfully
2026-02-01 11:07:39 - INFO - ✅ Property node detected
2026-02-01 11:07:39 - INFO - Sleeping for 4.94 seconds...
2026-02-01 11:07:44 - INFO - Processing property_id: C85355872
2026-02-01 11:07:44 - INFO - 🔤 Detected Alphanumeric ID C85355872 -> calling process
2026-02-01 11:07:49 - INFO - ✅ Fetched page successfully: 200
2026-02-01 11:07:49 - INFO - ✅ window.__initialData__ extracted successfully
2026-02-01 11:07:49 - INFO - ✅ Property node detected
2026-02-01 11:07:49 - INFO - Sleeping for 3.91 seconds...
2026-02-01 11:07:53 - INFO - Processing property_id: F85162814
2026-02-01 11:07:53 - INFO - 🔤 Detected Alphanumeric ID F85162814 -> calling process
2026-02-01 11:07:54 - INFO - ✅ Fetched page successfully: 200
2026-02-01 11:07:55 - INFO - ✅ window.__initialData__ extracted successfully
2026-02-01 11:07:55 - INFO - ✅ Property node detected
2026-02-01 11:07:55 - INFO - Sleeping for 4.72 seconds...
2026-02-01 11:07:59 - INFO - Processing property_id: O81914280
2026-02-01 11:07:59 - INFO - 🔤 Detected Alphanumeric ID O81914280 -> calling process
2026-02-01 11:08:00 - INFO - ✅ Fetched page successfully: 200
2026-02-01 11:08:01 - INFO - ✅ window.__initialData__ extracted successfully
2026-02-01 11:08:01 - INFO - ✅ Property node detected
2026-02-01 11:08:01 - INFO - Sleeping for 3.98 seconds...
2026-02-01 11:08:05 - INFO - Processing property_id: E66602260
2026-02-01 11:08:05 - INFO - 🔤 Detected Alphanumeric ID E66602260 -> calling process
2026-02-01 11:08:06 - INFO - ✅ Fetched page successfully: 200
2026-02-01 11:08:06 - INFO - ✅ window.__initialData__ extracted successfully
2026-02-01 11:08:06 - INFO - ✅ Property node detected
2026-02-01 11:08:06 - INFO - Sleeping for 4.23 seconds...
2026-02-01 11:08:10 - WARNING - 🛑 Rate limit hit (40 requests). Sleeping for 77s...
2026-02-01 11:08:22 - INFO - ▶️ Resuming operations.
2026-02-01 11:08:22 - INFO - Processing property_id: S82452204
2026-02-01 11:08:22 - INFO - 🔤 Detected Alphanumeric ID S82452204 -> calling process
2026-02-01 11:08:23 - INFO - ✅ Fetched page successfully: 200
2026-02-01 11:08:23 - INFO - ✅ window.__initialData__ extracted successfully
2026-02-01 11:08:23 - INFO - ✅ Property node detected
2026-02-01 11:08:23 - INFO - Sleeping for 2.69 seconds...
2026-02-01 11:08:26 - INFO - Processing property_id: F86869528
2026-02-01 11:08:26 - INFO - 🔤 Detected Alphanumeric ID F86869528 -> calling process
2026-02-01 11:08:28 - INFO - ✅ Fetched page successfully: 200
2026-02-01 11:08:28 - INFO - ✅ window.__initialData__ extracted successfully
2026-02-01 11:08:28 - INFO - ✅ Property node detected
2026-02-01 11:08:28 - INFO - Sleeping for 2.41 seconds...
2026-02-01 11:08:31 - INFO - Processing property_id: 403383
2026-02-01 11:08:31 - INFO - 🔢 Detected Numeric ID 403383 -> calling process_single_project
2026-02-01 11:08:31 - INFO - Fetching details for project ID: 403383
2026-02-01 11:08:46 - ERROR - Error fetching project details: HTTPSConnectionPool(host='www.99acres.com', port=443): Read timed out. (read timeout=15)
2026-02-01 11:08:46 - INFO - Sleeping for 3.19 seconds...
2026-02-01 11:08:49 - INFO - Processing property_id: F86855266
2026-02-01 11:08:49 - INFO - 🔤 Detected Alphanumeric ID F86855266 -> calling process
2026-02-01 11:08:51 - INFO - ✅ Fetched page successfully: 200
2026-02-01 11:08:51 - INFO - ✅ window.__initialData__ extracted successfully
2026-02-01 11:08:51 - INFO - ✅ Property node detected
2026-02-01 11:08:51 - INFO - Sleeping for 2.63 seconds...
2026-02-01 11:08:54 - INFO - Processing property_id: R87384108
2026-02-01 11:08:54 - INFO - 🔤 Detected Alphanumeric ID R87384108 -> calling process
2026-02-01 11:08:56 - INFO - ✅ Fetched page successfully: 200
2026-02-01 11:08:56 - INFO - ✅ window.__initialData__ extracted successfully
2026-02-01 11:08:56 - INFO - ✅ Property node detected
2026-02-01 11:08:56 - INFO - Sleeping for 4.06 seconds...
2026-02-01 11:09:00 - INFO - Processing property_id: Y87261716
2026-02-01 11:09:00 - INFO - 🔤 Detected Alphanumeric ID Y87261716 -> calling process
2026-02-01 11:09:01 - INFO - ✅ Fetched page successfully: 200
2026-02-01 11:09:02 - INFO - ✅ window.__initialData__ extracted successfully
2026-02-01 11:09:02 - INFO - ✅ Property node detected
2026-02-01 11:09:02 - INFO - Sleeping for 2.20 seconds...
2026-02-01 11:09:04 - INFO - Processing property_id: I85344450
2026-02-01 11:09:04 - INFO - 🔤 Detected Alphanumeric ID I85344450 -> calling process
2026-02-01 11:09:05 - INFO - ✅ Fetched page successfully: 200
2026-02-01 11:09:05 - INFO - ✅ window.__initialData__ extracted successfully
2026-02-01 11:09:05 - INFO - ✅ Property node detected
2026-02-01 11:09:05 - INFO - Sleeping for 4.90 seconds...
2026-02-01 11:09:10 - INFO - Processing property_id: J85351820
2026-02-01 11:09:10 - INFO - 🔤 Detected Alphanumeric ID J85351820 -> calling process
2026-02-01 11:09:12 - INFO - ✅ Fetched page successfully: 200
2026-02-01 11:09:12 - INFO - ✅ window.__initialData__ extracted successfully
2026-02-01 11:09:12 - INFO - ✅ Property node detected
2026-02-01 11:09:12 - INFO - Sleeping for 3.05 seconds...
2026-02-01 11:09:15 - INFO - Processing property_id: K87088308
2026-02-01 11:09:15 - INFO - 🔤 Detected Alphanumeric ID K87088308 -> calling process
2026-02-01 11:09:16 - INFO - ✅ Fetched page successfully: 200
2026-02-01 11:09:16 - INFO - ✅ window.__initialData__ extracted successfully
2026-02-01 11:09:16 - INFO - ✅ Property node detected
2026-02-01 11:09:16 - INFO - Sleeping for 4.12 seconds...
2026-02-01 11:09:21 - INFO - Processing property_id: 396276
2026-02-01 11:09:21 - INFO - 🔢 Detected Numeric ID 396276 -> calling process_single_project
2026-02-01 11:09:21 - INFO - Fetching details for project ID: 396276
2026-02-01 11:09:27 - INFO - ▶️ Resuming operations.
2026-02-01 11:09:27 - INFO - Processing property_id: K86938112
2026-02-01 11:09:27 - INFO - 🔤 Detected Alphanumeric ID K86938112 -> calling process
2026-02-01 11:09:29 - INFO - ✅ Fetched page successfully: 200
2026-02-01 11:09:29 - INFO - ✅ window.__initialData__ extracted successfully
2026-02-01 11:09:29 - INFO - ✅ Property node detected
2026-02-01 11:09:29 - INFO - Sleeping for 2.75 seconds...
2026-02-01 11:09:32 - WARNING - 🛑 Rate limit hit (50 requests). Sleeping for 100s...
2026-02-01 11:09:36 - ERROR - Error fetching project details: HTTPSConnectionPool(host='www.99acres.com', port=443): Read timed out. (read timeout=15)
2026-02-01 11:09:36 - INFO - Sleeping for 3.72 seconds...
2026-02-01 11:09:40 - INFO - Processing property_id: N86412070
2026-02-01 11:09:40 - INFO - 🔤 Detected Alphanumeric ID N86412070 -> calling process
2026-02-01 11:09:42 - INFO - ✅ Fetched page successfully: 200
2026-02-01 11:09:42 - INFO - ✅ window.__initialData__ extracted successfully
2026-02-01 11:09:42 - ERROR - ❌ Property data node not found in extracted JSON
2026-02-01 11:09:42 - INFO - Sleeping for 2.06 seconds...
2026-02-01 11:09:44 - INFO - Processing property_id: U87840222
2026-02-01 11:09:44 - INFO - 🔤 Detected Alphanumeric ID U87840222 -> calling process
2026-02-01 11:09:46 - INFO - ✅ Fetched page successfully: 200
2026-02-01 11:09:46 - INFO - ✅ window.__initialData__ extracted successfully
2026-02-01 11:09:46 - INFO - ✅ Property node detected
2026-02-01 11:09:46 - INFO - Sleeping for 4.72 seconds...
2026-02-01 11:09:51 - INFO - Processing property_id: M87701892
2026-02-01 11:09:51 - INFO - 🔤 Detected Alphanumeric ID M87701892 -> calling process
2026-02-01 11:09:53 - INFO - ✅ Fetched page successfully: 200
2026-02-01 11:09:53 - INFO - ✅ window.__initialData__ extracted successfully
2026-02-01 11:09:53 - INFO - ✅ Property node detected
2026-02-01 11:09:53 - INFO - Sleeping for 3.20 seconds...
2026-02-01 11:09:56 - INFO - Processing property_id: Z87586968
2026-02-01 11:09:56 - INFO - 🔤 Detected Alphanumeric ID Z87586968 -> calling process
2026-02-01 11:09:57 - INFO - ✅ Fetched page successfully: 200
2026-02-01 11:09:57 - INFO - ✅ window.__initialData__ extracted successfully
2026-02-01 11:09:57 - INFO - ✅ Property node detected
2026-02-01 11:09:57 - INFO - Sleeping for 3.69 seconds...
2026-02-01 11:10:01 - INFO - Processing property_id: 449098
2026-02-01 11:10:01 - INFO - 🔢 Detected Numeric ID 449098 -> calling process_single_project
2026-02-01 11:10:01 - INFO - Fetching details for project ID: 449098
2026-02-01 11:10:02 - INFO - Sleeping for 3.23 seconds...
2026-02-01 11:10:06 - INFO - Processing property_id: N86665104
2026-02-01 11:10:06 - INFO - 🔤 Detected Alphanumeric ID N86665104 -> calling process
2026-02-01 11:10:07 - INFO - ✅ Fetched page successfully: 200
2026-02-01 11:10:07 - INFO - ✅ window.__initialData__ extracted successfully
2026-02-01 11:10:07 - INFO - ✅ Property node detected
2026-02-01 11:10:07 - INFO - Sleeping for 4.62 seconds...
2026-02-01 11:10:12 - INFO - Processing property_id: K87060982
2026-02-01 11:10:12 - INFO - 🔤 Detected Alphanumeric ID K87060982 -> calling process
2026-02-01 11:10:13 - INFO - ✅ Fetched page successfully: 200
2026-02-01 11:10:13 - INFO - ✅ window.__initialData__ extracted successfully
2026-02-01 11:10:13 - INFO - ✅ Property node detected
2026-02-01 11:10:13 - INFO - Sleeping for 2.58 seconds...
2026-02-01 11:10:16 - INFO - Processing property_id: O87060674
2026-02-01 11:10:16 - INFO - 🔤 Detected Alphanumeric ID O87060674 -> calling process
2026-02-01 11:10:17 - INFO - ✅ Fetched page successfully: 200
2026-02-01 11:10:17 - INFO - ✅ window.__initialData__ extracted successfully
2026-02-01 11:10:17 - INFO - ✅ Property node detected
2026-02-01 11:10:17 - INFO - Sleeping for 3.56 seconds...
2026-02-01 11:10:21 - INFO - Processing property_id: G87052234
2026-02-01 11:10:21 - INFO - 🔤 Detected Alphanumeric ID G87052234 -> calling process
2026-02-01 11:10:23 - INFO - ✅ Fetched page successfully: 200
2026-02-01 11:10:23 - INFO - ✅ window.__initialData__ extracted successfully
2026-02-01 11:10:23 - INFO - ✅ Property node detected
2026-02-01 11:10:23 - INFO - Sleeping for 4.21 seconds...
2026-02-01 11:10:27 - WARNING - 🛑 Rate limit hit (60 requests). Sleeping for 117s...
2026-02-01 11:11:12 - INFO - ▶️ Resuming operations.
2026-02-01 11:11:12 - INFO - Processing property_id: T88200260
2026-02-01 11:11:12 - INFO - 🔤 Detected Alphanumeric ID T88200260 -> calling process
2026-02-01 11:11:13 - INFO - ✅ Fetched page successfully: 200
2026-02-01 11:11:14 - INFO - ✅ window.__initialData__ extracted successfully
2026-02-01 11:11:14 - INFO - ✅ Property node detected
2026-02-01 11:11:14 - INFO - Sleeping for 4.62 seconds...
2026-02-01 11:11:18 - INFO - Processing property_id: G86689396
2026-02-01 11:11:18 - INFO - 🔤 Detected Alphanumeric ID G86689396 -> calling process
2026-02-01 11:11:20 - INFO - ✅ Fetched page successfully: 200
2026-02-01 11:11:20 - INFO - ✅ window.__initialData__ extracted successfully
2026-02-01 11:11:20 - INFO - ✅ Property node detected
2026-02-01 11:11:20 - INFO - Sleeping for 3.77 seconds...
2026-02-01 11:11:23 - INFO - Processing property_id: A79779057
2026-02-01 11:11:23 - INFO - 🔤 Detected Alphanumeric ID A79779057 -> calling process
2026-02-01 11:11:26 - INFO - ✅ Fetched page successfully: 200
2026-02-01 11:11:26 - INFO - ✅ window.__initialData__ extracted successfully
2026-02-01 11:11:26 - INFO - ✅ Property node detected
2026-02-01 11:11:26 - INFO - Sleeping for 3.67 seconds...
2026-02-01 11:11:30 - INFO - Processing property_id: A86677122
2026-02-01 11:11:30 - INFO - 🔤 Detected Alphanumeric ID A86677122 -> calling process
2026-02-01 11:11:31 - INFO - ✅ Fetched page successfully: 200
2026-02-01 11:11:31 - INFO - ✅ window.__initialData__ extracted successfully
2026-02-01 11:11:31 - INFO - ✅ Property node detected
2026-02-01 11:11:31 - INFO - Sleeping for 4.04 seconds...
2026-02-01 11:11:35 - INFO - Processing property_id: F84711890
2026-02-01 11:11:35 - INFO - 🔤 Detected Alphanumeric ID F84711890 -> calling process
2026-02-01 11:11:36 - INFO - ✅ Fetched page successfully: 200
2026-02-01 11:11:37 - INFO - ✅ window.__initialData__ extracted successfully
2026-02-01 11:11:37 - INFO - ✅ Property node detected
2026-02-01 11:11:37 - INFO - Sleeping for 2.02 seconds...
2026-02-01 11:11:39 - INFO - Processing property_id: V81572007
2026-02-01 11:11:39 - INFO - 🔤 Detected Alphanumeric ID V81572007 -> calling process
2026-02-01 11:11:40 - INFO - ✅ Fetched page successfully: 200
2026-02-01 11:11:40 - INFO - ✅ window.__initialData__ extracted successfully
2026-02-01 11:11:40 - INFO - ✅ Property node detected
2026-02-01 11:11:40 - INFO - Sleeping for 2.99 seconds...
2026-02-01 11:11:43 - INFO - Processing property_id: E81571871
2026-02-01 11:11:43 - INFO - 🔤 Detected Alphanumeric ID E81571871 -> calling process
2026-02-01 11:11:45 - INFO - ✅ Fetched page successfully: 200
2026-02-01 11:11:45 - INFO - ✅ window.__initialData__ extracted successfully
2026-02-01 11:11:45 - INFO - ✅ Property node detected
2026-02-01 11:11:45 - INFO - Sleeping for 2.69 seconds...
2026-02-01 11:11:48 - INFO - Processing property_id: O81571375
2026-02-01 11:11:48 - INFO - 🔤 Detected Alphanumeric ID O81571375 -> calling process
2026-02-01 11:11:49 - INFO - ✅ Fetched page successfully: 200
2026-02-01 11:11:49 - INFO - ✅ window.__initialData__ extracted successfully
2026-02-01 11:11:49 - INFO - ✅ Property node detected
2026-02-01 11:11:49 - INFO - Sleeping for 4.39 seconds...
2026-02-01 11:11:53 - INFO - Processing property_id: S81456913
2026-02-01 11:11:53 - INFO - 🔤 Detected Alphanumeric ID S81456913 -> calling process
2026-02-01 11:11:55 - INFO - ✅ Fetched page successfully: 200
2026-02-01 11:11:55 - INFO - ✅ window.__initialData__ extracted successfully
2026-02-01 11:11:55 - INFO - ✅ Property node detected
2026-02-01 11:11:55 - INFO - Sleeping for 3.27 seconds...
2026-02-01 11:11:58 - INFO - Processing property_id: K86402970
2026-02-01 11:11:58 - INFO - 🔤 Detected Alphanumeric ID K86402970 -> calling process
2026-02-01 11:12:00 - INFO - ✅ Fetched page successfully: 200
2026-02-01 11:12:00 - INFO - ✅ window.__initialData__ extracted successfully
2026-02-01 11:12:00 - ERROR - ❌ Property data node not found in extracted JSON
2026-02-01 11:12:00 - INFO - Sleeping for 3.79 seconds...
2026-02-01 11:12:04 - WARNING - 🛑 Rate limit hit (70 requests). Sleeping for 116s...
2026-02-01 11:12:24 - INFO - ▶️ Resuming operations.
2026-02-01 11:12:24 - INFO - Processing property_id: S87528118
2026-02-01 11:12:24 - INFO - 🔤 Detected Alphanumeric ID S87528118 -> calling process
2026-02-01 11:12:26 - INFO - ✅ Fetched page successfully: 200
2026-02-01 11:12:26 - INFO - ✅ window.__initialData__ extracted successfully
2026-02-01 11:12:26 - INFO - ✅ Property node detected
2026-02-01 11:12:26 - INFO - Sleeping for 3.15 seconds...
2026-02-01 11:12:29 - INFO - Processing property_id: M87262054
2026-02-01 11:12:29 - INFO - 🔤 Detected Alphanumeric ID M87262054 -> calling process
2026-02-01 11:12:30 - INFO - ✅ Fetched page successfully: 200
2026-02-01 11:12:30 - INFO - ✅ window.__initialData__ extracted successfully
2026-02-01 11:12:30 - INFO - ✅ Property node detected
2026-02-01 11:12:30 - INFO - Sleeping for 4.81 seconds...
2026-02-01 11:12:35 - INFO - Processing property_id: P78549033
2026-02-01 11:12:35 - INFO - 🔤 Detected Alphanumeric ID P78549033 -> calling process
2026-02-01 11:12:37 - INFO - ✅ Fetched page successfully: 200
2026-02-01 11:12:37 - INFO - ✅ window.__initialData__ extracted successfully
2026-02-01 11:12:37 - INFO - ✅ Property node detected
2026-02-01 11:12:37 - INFO - Sleeping for 2.60 seconds...
2026-02-01 11:12:39 - INFO - Processing property_id: M83639468
2026-02-01 11:12:39 - INFO - 🔤 Detected Alphanumeric ID M83639468 -> calling process
2026-02-01 11:12:41 - INFO - ✅ Fetched page successfully: 200
2026-02-01 11:12:41 - INFO - ✅ window.__initialData__ extracted successfully
2026-02-01 11:12:41 - INFO - ✅ Property node detected
2026-02-01 11:12:41 - INFO - Sleeping for 3.08 seconds...
2026-02-01 11:12:44 - INFO - Processing property_id: 412509
2026-02-01 11:12:44 - INFO - 🔢 Detected Numeric ID 412509 -> calling process_single_project
2026-02-01 11:12:44 - INFO - Fetching details for project ID: 412509
2026-02-01 11:12:45 - INFO - Sleeping for 3.65 seconds...
2026-02-01 11:12:48 - INFO - Processing property_id: N88186512
2026-02-01 11:12:48 - INFO - 🔤 Detected Alphanumeric ID N88186512 -> calling process
2026-02-01 11:12:49 - INFO - ✅ Fetched page successfully: 200
2026-02-01 11:12:49 - INFO - ✅ window.__initialData__ extracted successfully
2026-02-01 11:12:49 - INFO - ✅ Property node detected
2026-02-01 11:12:49 - INFO - Sleeping for 4.54 seconds...
2026-02-01 11:12:54 - INFO - Processing property_id: U88186042
2026-02-01 11:12:54 - INFO - 🔤 Detected Alphanumeric ID U88186042 -> calling process
2026-02-01 11:12:55 - INFO - ✅ Fetched page successfully: 200
2026-02-01 11:12:55 - INFO - ✅ window.__initialData__ extracted successfully
2026-02-01 11:12:55 - INFO - ✅ Property node detected
2026-02-01 11:12:55 - INFO - Sleeping for 4.61 seconds...
2026-02-01 11:13:00 - INFO - Processing property_id: F88185848
2026-02-01 11:13:00 - INFO - 🔤 Detected Alphanumeric ID F88185848 -> calling process
2026-02-01 11:13:01 - INFO - ✅ Fetched page successfully: 200
2026-02-01 11:13:01 - INFO - ✅ window.__initialData__ extracted successfully
2026-02-01 11:13:01 - INFO - ✅ Property node detected
2026-02-01 11:13:01 - INFO - Sleeping for 3.09 seconds...
2026-02-01 11:13:04 - INFO - Processing property_id: P88185530
2026-02-01 11:13:04 - INFO - 🔤 Detected Alphanumeric ID P88185530 -> calling process
2026-02-01 11:13:06 - INFO - ✅ Fetched page successfully: 200
2026-02-01 11:13:06 - INFO - ✅ window.__initialData__ extracted successfully
2026-02-01 11:13:06 - INFO - ✅ Property node detected
2026-02-01 11:13:06 - INFO - Sleeping for 4.26 seconds...
2026-02-01 11:13:10 - INFO - Processing property_id: T87677822
2026-02-01 11:13:10 - INFO - 🔤 Detected Alphanumeric ID T87677822 -> calling process
2026-02-01 11:13:11 - INFO - ✅ Fetched page successfully: 200
2026-02-01 11:13:11 - INFO - ✅ window.__initialData__ extracted successfully
2026-02-01 11:13:11 - INFO - ✅ Property node detected
2026-02-01 11:13:11 - INFO - Sleeping for 3.20 seconds...
2026-02-01 11:13:15 - WARNING - 🛑 Rate limit hit (80 requests). Sleeping for 109s...
2026-02-01 11:14:00 - INFO - ▶️ Resuming operations.
2026-02-01 11:14:00 - INFO - Processing property_id: L88395948
2026-02-01 11:14:00 - INFO - 🔤 Detected Alphanumeric ID L88395948 -> calling process
2026-02-01 11:14:01 - INFO - ✅ Fetched page successfully: 200
2026-02-01 11:14:02 - INFO - ✅ window.__initialData__ extracted successfully
2026-02-01 11:14:02 - INFO - ✅ Property node detected
2026-02-01 11:14:02 - INFO - Sleeping for 4.15 seconds...
2026-02-01 11:14:06 - INFO - Processing property_id: R87054558
2026-02-01 11:14:06 - INFO - 🔤 Detected Alphanumeric ID R87054558 -> calling process
2026-02-01 11:14:07 - INFO - ✅ Fetched page successfully: 200
2026-02-01 11:14:07 - INFO - ✅ window.__initialData__ extracted successfully
2026-02-01 11:14:07 - INFO - ✅ Property node detected
2026-02-01 11:14:07 - INFO - Sleeping for 4.70 seconds...
2026-02-01 11:14:12 - INFO - Processing property_id: Z86564290
2026-02-01 11:14:12 - INFO - 🔤 Detected Alphanumeric ID Z86564290 -> calling process
2026-02-01 11:14:13 - INFO - ✅ Fetched page successfully: 200
2026-02-01 11:14:13 - INFO - ✅ window.__initialData__ extracted successfully
2026-02-01 11:14:13 - INFO - ✅ Property node detected
2026-02-01 11:14:13 - INFO - Sleeping for 2.18 seconds...
2026-02-01 11:14:15 - INFO - Processing property_id: R87815116
2026-02-01 11:14:15 - INFO - 🔤 Detected Alphanumeric ID R87815116 -> calling process
2026-02-01 11:14:18 - INFO - ✅ Fetched page successfully: 200
2026-02-01 11:14:18 - INFO - ✅ window.__initialData__ extracted successfully
2026-02-01 11:14:18 - INFO - ✅ Property node detected
2026-02-01 11:14:18 - INFO - Sleeping for 2.58 seconds...
2026-02-01 11:14:20 - INFO - Processing property_id: E88329814
2026-02-01 11:14:20 - INFO - 🔤 Detected Alphanumeric ID E88329814 -> calling process
2026-02-01 11:14:22 - INFO - ✅ Fetched page successfully: 200
2026-02-01 11:14:22 - INFO - ✅ window.__initialData__ extracted successfully
2026-02-01 11:14:22 - INFO - ✅ Property node detected
2026-02-01 11:14:22 - INFO - Sleeping for 4.00 seconds...
2026-02-01 11:14:26 - INFO - Processing property_id: B80072623
2026-02-01 11:14:26 - INFO - 🔤 Detected Alphanumeric ID B80072623 -> calling process
2026-02-01 11:14:27 - INFO - ✅ Fetched page successfully: 200
2026-02-01 11:14:27 - INFO - ✅ window.__initialData__ extracted successfully
2026-02-01 11:14:27 - INFO - ✅ Property node detected
2026-02-01 11:14:27 - INFO - Sleeping for 3.36 seconds...
2026-02-01 11:14:31 - INFO - Processing property_id: F87204946
2026-02-01 11:14:31 - INFO - 🔤 Detected Alphanumeric ID F87204946 -> calling process
2026-02-01 11:14:32 - INFO - ✅ Fetched page successfully: 200
2026-02-01 11:14:32 - INFO - ✅ window.__initialData__ extracted successfully
2026-02-01 11:14:32 - INFO - ✅ Property node detected
2026-02-01 11:14:32 - INFO - Sleeping for 2.48 seconds...
2026-02-01 11:14:35 - INFO - Processing property_id: B80574975
2026-02-01 11:14:35 - INFO - 🔤 Detected Alphanumeric ID B80574975 -> calling process
2026-02-01 11:14:36 - INFO - ✅ Fetched page successfully: 200
2026-02-01 11:14:36 - INFO - ✅ window.__initialData__ extracted successfully
2026-02-01 11:14:36 - INFO - ✅ Property node detected
2026-02-01 11:14:36 - INFO - Sleeping for 3.44 seconds...
2026-02-01 11:14:40 - INFO - Processing property_id: Y84165714
2026-02-01 11:14:40 - INFO - 🔤 Detected Alphanumeric ID Y84165714 -> calling process
2026-02-01 11:14:41 - INFO - ✅ Fetched page successfully: 200
2026-02-01 11:14:41 - INFO - ✅ window.__initialData__ extracted successfully
2026-02-01 11:14:41 - INFO - ✅ Property node detected
2026-02-01 11:14:41 - INFO - Sleeping for 3.16 seconds...
2026-02-01 11:14:44 - INFO - Processing property_id: P87590346
2026-02-01 11:14:44 - INFO - 🔤 Detected Alphanumeric ID P87590346 -> calling process
2026-02-01 11:14:45 - INFO - ✅ Fetched page successfully: 200
2026-02-01 11:14:45 - INFO - ✅ window.__initialData__ extracted successfully
2026-02-01 11:14:45 - INFO - ✅ Property node detected
2026-02-01 11:14:45 - INFO - Sleeping for 3.26 seconds...
2026-02-01 11:14:49 - WARNING - 🛑 Rate limit hit (90 requests). Sleeping for 81s...
2026-02-01 11:15:04 - INFO - ▶️ Resuming operations.
2026-02-01 11:15:04 - INFO - Processing property_id: L86157890
2026-02-01 11:15:04 - INFO - 🔤 Detected Alphanumeric ID L86157890 -> calling process
2026-02-01 11:15:05 - INFO - ✅ Fetched page successfully: 200
2026-02-01 11:15:05 - INFO - ✅ window.__initialData__ extracted successfully
2026-02-01 11:15:05 - INFO - ✅ Property node detected
2026-02-01 11:15:05 - INFO - Sleeping for 2.50 seconds...
2026-02-01 11:15:07 - INFO - Processing property_id: T87141200
2026-02-01 11:15:07 - INFO - 🔤 Detected Alphanumeric ID T87141200 -> calling process
2026-02-01 11:15:09 - INFO - ✅ Fetched page successfully: 200
2026-02-01 11:15:09 - INFO - ✅ window.__initialData__ extracted successfully
2026-02-01 11:15:09 - INFO - ✅ Property node detected
2026-02-01 11:15:09 - INFO - Sleeping for 2.33 seconds...
2026-02-01 11:15:11 - INFO - Processing property_id: F87457278
2026-02-01 11:15:11 - INFO - 🔤 Detected Alphanumeric ID F87457278 -> calling process
2026-02-01 11:15:13 - INFO - ✅ Fetched page successfully: 200
2026-02-01 11:15:13 - INFO - ✅ window.__initialData__ extracted successfully
2026-02-01 11:15:13 - INFO - ✅ Property node detected
2026-02-01 11:15:13 - INFO - Sleeping for 4.54 seconds...
2026-02-01 11:15:17 - INFO - Processing property_id: 444509
2026-02-01 11:15:17 - INFO - 🔢 Detected Numeric ID 444509 -> calling process_single_project
2026-02-01 11:15:17 - INFO - Fetching details for project ID: 444509
2026-02-01 11:15:18 - INFO - Sleeping for 4.24 seconds...
2026-02-01 11:15:22 - INFO - Processing property_id: C87972512
2026-02-01 11:15:22 - INFO - 🔤 Detected Alphanumeric ID C87972512 -> calling process
2026-02-01 11:15:24 - INFO - ✅ Fetched page successfully: 200
2026-02-01 11:15:24 - INFO - ✅ window.__initialData__ extracted successfully
2026-02-01 11:15:24 - INFO - ✅ Property node detected
2026-02-01 11:15:24 - INFO - Sleeping for 2.74 seconds...
2026-02-01 11:15:27 - INFO - Processing property_id: E87790080
2026-02-01 11:15:27 - INFO - 🔤 Detected Alphanumeric ID E87790080 -> calling process
2026-02-01 11:15:28 - INFO - ✅ Fetched page successfully: 200
2026-02-01 11:15:28 - INFO - ✅ window.__initialData__ extracted successfully
2026-02-01 11:15:28 - INFO - ✅ Property node detected
2026-02-01 11:15:28 - INFO - Sleeping for 3.95 seconds...
2026-02-01 11:15:32 - INFO - Processing property_id: M87754600
2026-02-01 11:15:32 - INFO - 🔤 Detected Alphanumeric ID M87754600 -> calling process
2026-02-01 11:15:33 - INFO - ✅ Fetched page successfully: 200
2026-02-01 11:15:33 - INFO - ✅ window.__initialData__ extracted successfully
2026-02-01 11:15:33 - INFO - ✅ Property node detected
2026-02-01 11:15:33 - INFO - Sleeping for 2.23 seconds...
2026-02-01 11:15:36 - INFO - Processing property_id: A87512580
2026-02-01 11:15:36 - INFO - 🔤 Detected Alphanumeric ID A87512580 -> calling process
2026-02-01 11:15:37 - INFO - ✅ Fetched page successfully: 200
2026-02-01 11:15:37 - INFO - ✅ window.__initialData__ extracted successfully
2026-02-01 11:15:37 - INFO - ✅ Property node detected
2026-02-01 11:15:37 - INFO - Sleeping for 3.01 seconds...
2026-02-01 11:15:40 - INFO - Processing property_id: W87329304
2026-02-01 11:15:40 - INFO - 🔤 Detected Alphanumeric ID W87329304 -> calling process
2026-02-01 11:15:41 - INFO - ✅ Fetched page successfully: 200
2026-02-01 11:15:41 - INFO - ✅ window.__initialData__ extracted successfully
2026-02-01 11:15:41 - INFO - ✅ Property node detected
2026-02-01 11:15:41 - INFO - Sleeping for 2.90 seconds...
2026-02-01 11:15:44 - INFO - Processing property_id: S87303936
2026-02-01 11:15:44 - INFO - 🔤 Detected Alphanumeric ID S87303936 -> calling process
2026-02-01 11:15:45 - INFO - ✅ Fetched page successfully: 200
2026-02-01 11:15:45 - INFO - ✅ window.__initialData__ extracted successfully
2026-02-01 11:15:45 - INFO - ✅ Property node detected
2026-02-01 11:15:45 - INFO - Sleeping for 3.38 seconds...
2026-02-01 11:15:49 - WARNING - 🛑 Rate limit hit (100 requests). Sleeping for 113s...
2026-02-01 11:16:10 - INFO - ▶️ Resuming operations.
2026-02-01 11:16:10 - INFO - Processing property_id: X87497890
2026-02-01 11:16:10 - INFO - 🔤 Detected Alphanumeric ID X87497890 -> calling process
2026-02-01 11:16:11 - INFO - ✅ Fetched page successfully: 200
2026-02-01 11:16:11 - INFO - ✅ window.__initialData__ extracted successfully
2026-02-01 11:16:11 - INFO - ✅ Property node detected
2026-02-01 11:16:11 - INFO - Sleeping for 2.97 seconds...
2026-02-01 11:16:14 - INFO - Processing property_id: H87678346
2026-02-01 11:16:14 - INFO - 🔤 Detected Alphanumeric ID H87678346 -> calling process
2026-02-01 11:16:15 - INFO - ✅ Fetched page successfully: 200
2026-02-01 11:16:15 - INFO - ✅ window.__initialData__ extracted successfully
2026-02-01 11:16:15 - ERROR - ❌ Property data node not found in extracted JSON
2026-02-01 11:16:15 - INFO - Sleeping for 3.47 seconds...
2026-02-01 11:16:18 - INFO - Processing property_id: C87439170
2026-02-01 11:16:18 - INFO - 🔤 Detected Alphanumeric ID C87439170 -> calling process
2026-02-01 11:16:19 - INFO - ✅ Fetched page successfully: 200
2026-02-01 11:16:19 - INFO - ✅ window.__initialData__ extracted successfully
2026-02-01 11:16:19 - ERROR - ❌ Property data node not found in extracted JSON
2026-02-01 11:16:19 - INFO - Sleeping for 3.23 seconds...
2026-02-01 11:16:23 - INFO - Processing property_id: T88027482
2026-02-01 11:16:23 - INFO - 🔤 Detected Alphanumeric ID T88027482 -> calling process
2026-02-01 11:16:23 - INFO - ✅ Fetched page successfully: 200
2026-02-01 11:16:23 - INFO - ✅ window.__initialData__ extracted successfully
2026-02-01 11:16:23 - ERROR - ❌ Property data node not found in extracted JSON
2026-02-01 11:16:23 - INFO - Sleeping for 3.25 seconds...
2026-02-01 11:16:27 - INFO - Processing property_id: C88395468
2026-02-01 11:16:27 - INFO - 🔤 Detected Alphanumeric ID C88395468 -> calling process
2026-02-01 11:16:28 - INFO - ✅ Fetched page successfully: 200
2026-02-01 11:16:28 - INFO - ✅ window.__initialData__ extracted successfully
2026-02-01 11:16:28 - ERROR - ❌ Property data node not found in extracted JSON
2026-02-01 11:16:28 - INFO - Sleeping for 3.60 seconds...
2026-02-01 11:16:31 - INFO - Processing property_id: Z88139186
2026-02-01 11:16:31 - INFO - 🔤 Detected Alphanumeric ID Z88139186 -> calling process
2026-02-01 11:16:32 - INFO - ✅ Fetched page successfully: 200
2026-02-01 11:16:32 - INFO - ✅ window.__initialData__ extracted successfully
2026-02-01 11:16:32 - ERROR - ❌ Property data node not found in extracted JSON
2026-02-01 11:16:32 - INFO - Sleeping for 2.06 seconds...
2026-02-01 11:16:34 - INFO - Processing property_id: E88139322
2026-02-01 11:16:34 - INFO - 🔤 Detected Alphanumeric ID E88139322 -> calling process
2026-02-01 11:16:35 - INFO - ✅ Fetched page successfully: 200
2026-02-01 11:16:35 - INFO - ✅ window.__initialData__ extracted successfully
2026-02-01 11:16:35 - ERROR - ❌ Property data node not found in extracted JSON
2026-02-01 11:16:35 - INFO - Sleeping for 3.82 seconds...
2026-02-01 11:16:39 - INFO - Processing property_id: W87414218
2026-02-01 11:16:39 - INFO - 🔤 Detected Alphanumeric ID W87414218 -> calling process
2026-02-01 11:16:39 - INFO - ✅ Fetched page successfully: 200
2026-02-01 11:16:39 - INFO - ✅ window.__initialData__ extracted successfully
2026-02-01 11:16:39 - ERROR - ❌ Property data node not found in extracted JSON
2026-02-01 11:16:39 - INFO - Sleeping for 4.92 seconds...
2026-02-01 11:16:44 - INFO - Processing property_id: W87436998
2026-02-01 11:16:44 - INFO - 🔤 Detected Alphanumeric ID W87436998 -> calling process
2026-02-01 11:16:47 - INFO - ✅ Fetched page successfully: 200
2026-02-01 11:16:47 - INFO - ✅ window.__initialData__ extracted successfully
2026-02-01 11:16:47 - ERROR - ❌ Property data node not found in extracted JSON
2026-02-01 11:16:47 - INFO - Sleeping for 2.59 seconds...
2026-02-01 11:16:49 - INFO - Processing property_id: Z87435940
2026-02-01 11:16:49 - INFO - 🔤 Detected Alphanumeric ID Z87435940 -> calling process
2026-02-01 11:16:50 - INFO - ✅ Fetched page successfully: 200
2026-02-01 11:16:50 - INFO - ✅ window.__initialData__ extracted successfully
2026-02-01 11:16:50 - ERROR - ❌ Property data node not found in extracted JSON
2026-02-01 11:16:50 - INFO - Sleeping for 4.17 seconds...
2026-02-01 11:16:54 - WARNING - 🛑 Rate limit hit (110 requests). Sleeping for 104s...
2026-02-01 11:17:42 - INFO - ▶️ Resuming operations.
2026-02-01 11:17:42 - INFO - Processing property_id: U86886140
2026-02-01 11:17:42 - INFO - 🔤 Detected Alphanumeric ID U86886140 -> calling process
2026-02-01 11:17:43 - INFO - ✅ Fetched page successfully: 200
2026-02-01 11:17:43 - INFO - ✅ window.__initialData__ extracted successfully
2026-02-01 11:17:43 - ERROR - ❌ Property data node not found in extracted JSON
2026-02-01 11:17:43 - INFO - Sleeping for 3.48 seconds...
2026-02-01 11:17:46 - INFO - Processing property_id: U81410269
2026-02-01 11:17:46 - INFO - 🔤 Detected Alphanumeric ID U81410269 -> calling process
2026-02-01 11:17:47 - INFO - ✅ Fetched page successfully: 200
2026-02-01 11:17:47 - INFO - ✅ window.__initialData__ extracted successfully
2026-02-01 11:17:47 - ERROR - ❌ Property data node not found in extracted JSON
2026-02-01 11:17:47 - INFO - Sleeping for 4.28 seconds...
2026-02-01 11:23:00 - INFO - Successfully read 1627 listing IDs
2026-02-01 11:23:01 - INFO - Total: 1627 | Done: 518 | New: 1109
2026-02-01 11:23:01 - INFO - 🚀 Starting multithreaded extraction for 1109 projects with 2 workers...
2026-02-01 11:23:01 - INFO - Processing property_id: O87392528
2026-02-01 11:23:01 - INFO - Processing property_id: C86307236
2026-02-01 11:23:01 - INFO - 🔤 Detected Alphanumeric ID O87392528 -> calling process
2026-02-01 11:23:01 - INFO - 🔤 Detected Alphanumeric ID C86307236 -> calling process
2026-02-01 11:23:03 - INFO - ✅ Fetched page successfully: 200
2026-02-01 11:23:03 - INFO - ✅ window.__initialData__ extracted successfully
2026-02-01 11:23:03 - ERROR - ❌ Property data node not found in extracted JSON
2026-02-01 11:23:03 - INFO - Sleeping for 2.41 seconds...
2026-02-01 11:23:04 - INFO - ✅ Fetched page successfully: 200
2026-02-01 11:23:04 - INFO - ✅ window.__initialData__ extracted successfully
2026-02-01 11:23:04 - ERROR - ❌ Property data node not found in extracted JSON
2026-02-01 11:23:04 - INFO - Sleeping for 4.05 seconds...
2026-02-01 11:23:06 - INFO - Processing property_id: S86314112
2026-02-01 11:23:06 - INFO - 🔤 Detected Alphanumeric ID S86314112 -> calling process
2026-02-01 11:23:07 - INFO - ✅ Fetched page successfully: 200
2026-02-01 11:23:07 - INFO - ✅ window.__initialData__ extracted successfully
2026-02-01 11:23:07 - ERROR - ❌ Property data node not found in extracted JSON
2026-02-01 11:23:07 - INFO - Sleeping for 3.45 seconds...
2026-02-01 11:23:08 - INFO - Processing property_id: 402372
2026-02-01 11:23:08 - INFO - 🔢 Detected Numeric ID 402372 -> calling process_single_project
2026-02-01 11:23:08 - INFO - Fetching details for project ID: 402372
2026-02-01 11:23:10 - INFO - Processing property_id: 438033
2026-02-01 11:23:10 - INFO - 🔢 Detected Numeric ID 438033 -> calling process_single_project
2026-02-01 11:23:10 - INFO - Fetching details for project ID: 438033
2026-02-01 11:23:24 - ERROR - Error fetching project details: HTTPSConnectionPool(host='www.99acres.com', port=443): Read timed out. (read timeout=15)
2026-02-01 11:23:24 - INFO - Sleeping for 3.37 seconds...
2026-02-01 11:23:26 - ERROR - Error fetching project details: HTTPSConnectionPool(host='www.99acres.com', port=443): Read timed out. (read timeout=15)
2026-02-01 11:23:26 - INFO - Sleeping for 4.96 seconds...
2026-02-01 11:23:27 - INFO - Processing property_id: 403383
2026-02-01 11:23:27 - INFO - 🔢 Detected Numeric ID 403383 -> calling process_single_project
2026-02-01 11:23:27 - INFO - Fetching details for project ID: 403383
2026-02-01 11:23:31 - INFO - Processing property_id: 396276
2026-02-01 11:23:31 - INFO - 🔢 Detected Numeric ID 396276 -> calling process_single_project
2026-02-01 11:23:31 - INFO - Fetching details for project ID: 396276
2026-02-01 11:23:33 - INFO - Sleeping for 4.13 seconds...
2026-02-01 11:23:37 - INFO - Processing property_id: N86412070
2026-02-01 11:23:37 - INFO - 🔤 Detected Alphanumeric ID N86412070 -> calling process
2026-02-01 11:23:39 - INFO - ✅ Fetched page successfully: 200
2026-02-01 11:23:39 - INFO - ✅ window.__initialData__ extracted successfully
2026-02-01 11:23:39 - ERROR - ❌ Property data node not found in extracted JSON
2026-02-01 11:23:39 - INFO - Sleeping for 3.19 seconds...
2026-02-01 11:23:42 - INFO - Processing property_id: K86402970
2026-02-01 11:23:42 - INFO - 🔤 Detected Alphanumeric ID K86402970 -> calling process
2026-02-01 11:23:43 - ERROR - Error fetching project details: HTTPSConnectionPool(host='www.99acres.com', port=443): Read timed out. (read timeout=15)
2026-02-01 11:23:43 - INFO - Sleeping for 3.68 seconds...
2026-02-01 11:23:44 - INFO - ✅ Fetched page successfully: 200
2026-02-01 11:23:44 - INFO - ✅ window.__initialData__ extracted successfully
2026-02-01 11:23:44 - ERROR - ❌ Property data node not found in extracted JSON
2026-02-01 11:23:44 - INFO - Sleeping for 2.12 seconds...
2026-02-01 11:23:46 - WARNING - 🛑 Rate limit hit (10 requests). Sleeping for 112s...
2026-02-01 11:23:46 - INFO - Processing property_id: H87678346
2026-02-01 11:23:46 - INFO - 🔤 Detected Alphanumeric ID H87678346 -> calling process
2026-02-01 11:23:49 - INFO - ✅ Fetched page successfully: 200
2026-02-01 11:23:49 - INFO - ✅ window.__initialData__ extracted successfully
2026-02-01 11:23:49 - INFO - ✅ Property node detected
2026-02-01 11:23:49 - INFO - Sleeping for 3.05 seconds...
2026-02-01 11:23:52 - INFO - Processing property_id: C87439170
2026-02-01 11:23:52 - INFO - 🔤 Detected Alphanumeric ID C87439170 -> calling process
2026-02-01 11:23:54 - INFO - ✅ Fetched page successfully: 200
2026-02-01 11:23:54 - INFO - ✅ window.__initialData__ extracted successfully
2026-02-01 11:23:54 - INFO - ✅ Property node detected
2026-02-01 11:23:54 - INFO - Sleeping for 3.49 seconds...
2026-02-01 11:23:58 - INFO - Processing property_id: T88027482
2026-02-01 11:23:58 - INFO - 🔤 Detected Alphanumeric ID T88027482 -> calling process
2026-02-01 11:23:59 - INFO - ✅ Fetched page successfully: 200
2026-02-01 11:23:59 - INFO - ✅ window.__initialData__ extracted successfully
2026-02-01 11:23:59 - INFO - ✅ Property node detected
2026-02-01 11:23:59 - INFO - Sleeping for 4.59 seconds...
2026-02-01 11:24:04 - INFO - Processing property_id: C88395468
2026-02-01 11:24:04 - INFO - 🔤 Detected Alphanumeric ID C88395468 -> calling process
2026-02-01 11:24:05 - INFO - ✅ Fetched page successfully: 200
2026-02-01 11:24:05 - INFO - ✅ window.__initialData__ extracted successfully
2026-02-01 11:24:05 - INFO - ✅ Property node detected
2026-02-01 11:24:05 - INFO - Sleeping for 3.41 seconds...
2026-02-01 11:24:09 - INFO - Processing property_id: Z88139186
2026-02-01 11:24:09 - INFO - 🔤 Detected Alphanumeric ID Z88139186 -> calling process
2026-02-01 11:24:11 - INFO - ✅ Fetched page successfully: 200
2026-02-01 11:24:11 - INFO - ✅ window.__initialData__ extracted successfully
2026-02-01 11:24:11 - INFO - ✅ Property node detected
2026-02-01 11:24:11 - INFO - Sleeping for 3.15 seconds...
2026-02-01 11:24:14 - INFO - Processing property_id: E88139322
2026-02-01 11:24:14 - INFO - 🔤 Detected Alphanumeric ID E88139322 -> calling process
2026-02-01 11:24:17 - INFO - ✅ Fetched page successfully: 200
2026-02-01 11:24:17 - INFO - ✅ window.__initialData__ extracted successfully
2026-02-01 11:24:17 - INFO - ✅ Property node detected
2026-02-01 11:24:17 - INFO - Sleeping for 4.53 seconds...
2026-02-01 11:24:21 - INFO - Processing property_id: W87414218
2026-02-01 11:24:21 - INFO - 🔤 Detected Alphanumeric ID W87414218 -> calling process
2026-02-01 11:24:23 - INFO - ✅ Fetched page successfully: 200
2026-02-01 11:24:23 - INFO - ✅ window.__initialData__ extracted successfully
2026-02-01 11:24:23 - INFO - ✅ Property node detected
2026-02-01 11:24:23 - INFO - Sleeping for 2.25 seconds...
2026-02-01 11:24:26 - INFO - Processing property_id: W87436998
2026-02-01 11:24:26 - INFO - 🔤 Detected Alphanumeric ID W87436998 -> calling process
2026-02-01 11:24:27 - INFO - ✅ Fetched page successfully: 200
2026-02-01 11:24:27 - INFO - ✅ window.__initialData__ extracted successfully
2026-02-01 11:24:27 - INFO - ✅ Property node detected
2026-02-01 11:24:27 - INFO - Sleeping for 3.81 seconds...
2026-02-01 11:24:31 - INFO - Processing property_id: Z87435940
2026-02-01 11:24:31 - INFO - 🔤 Detected Alphanumeric ID Z87435940 -> calling process
2026-02-01 11:24:33 - INFO - ✅ Fetched page successfully: 200
2026-02-01 11:24:33 - INFO - ✅ window.__initialData__ extracted successfully
2026-02-01 11:24:33 - INFO - ✅ Property node detected
2026-02-01 11:24:33 - INFO - Sleeping for 4.57 seconds...
2026-02-01 11:24:38 - WARNING - 🛑 Rate limit hit (20 requests). Sleeping for 115s...
2026-02-01 11:25:38 - INFO - ▶️ Resuming operations.
2026-02-01 11:25:38 - INFO - Processing property_id: U86886140
2026-02-01 11:25:38 - INFO - 🔤 Detected Alphanumeric ID U86886140 -> calling process
2026-02-01 11:25:40 - INFO - ✅ Fetched page successfully: 200
2026-02-01 11:25:40 - INFO - ✅ window.__initialData__ extracted successfully
2026-02-01 11:25:40 - INFO - ✅ Property node detected
2026-02-01 11:25:40 - INFO - Sleeping for 3.63 seconds...
2026-02-01 11:25:44 - INFO - Processing property_id: U81410269
2026-02-01 11:25:44 - INFO - 🔤 Detected Alphanumeric ID U81410269 -> calling process
2026-02-01 11:25:47 - INFO - ✅ Fetched page successfully: 200
2026-02-01 11:25:47 - INFO - ✅ window.__initialData__ extracted successfully
2026-02-01 11:25:47 - INFO - ✅ Property node detected
2026-02-01 11:25:47 - INFO - Sleeping for 4.80 seconds...
2026-02-01 11:25:51 - INFO - Processing property_id: K86251196
2026-02-01 11:25:51 - INFO - 🔤 Detected Alphanumeric ID K86251196 -> calling process
2026-02-01 11:25:53 - INFO - ✅ Fetched page successfully: 200
2026-02-01 11:25:53 - INFO - ✅ window.__initialData__ extracted successfully
2026-02-01 11:25:53 - INFO - ✅ Property node detected
2026-02-01 11:25:53 - INFO - Sleeping for 4.88 seconds...
2026-02-01 11:25:58 - INFO - Processing property_id: 433257
2026-02-01 11:25:58 - INFO - 🔢 Detected Numeric ID 433257 -> calling process_single_project
2026-02-01 11:25:58 - INFO - Fetching details for project ID: 433257
2026-02-01 11:26:00 - INFO - Sleeping for 2.56 seconds...
2026-02-01 11:26:03 - INFO - Processing property_id: S87816976
2026-02-01 11:26:03 - INFO - 🔤 Detected Alphanumeric ID S87816976 -> calling process
2026-02-01 11:26:05 - INFO - ✅ Fetched page successfully: 200
2026-02-01 11:26:05 - INFO - ✅ window.__initialData__ extracted successfully
2026-02-01 11:26:05 - INFO - ✅ Property node detected
2026-02-01 11:26:05 - INFO - Sleeping for 3.12 seconds...
2026-02-01 11:26:08 - INFO - Processing property_id: P88250226
2026-02-01 11:26:08 - INFO - 🔤 Detected Alphanumeric ID P88250226 -> calling process
2026-02-01 11:26:11 - INFO - ✅ Fetched page successfully: 200
2026-02-01 11:26:11 - INFO - ✅ window.__initialData__ extracted successfully
2026-02-01 11:26:11 - INFO - ✅ Property node detected
2026-02-01 11:26:11 - INFO - Sleeping for 2.27 seconds...
2026-02-01 11:26:13 - INFO - Processing property_id: G87981218
2026-02-01 11:26:13 - INFO - 🔤 Detected Alphanumeric ID G87981218 -> calling process
2026-02-01 11:26:16 - INFO - ✅ Fetched page successfully: 200
2026-02-01 11:26:16 - INFO - ✅ window.__initialData__ extracted successfully
2026-02-01 11:26:16 - INFO - ✅ Property node detected
2026-02-01 11:26:16 - INFO - Sleeping for 2.58 seconds...
2026-02-01 11:26:19 - INFO - Processing property_id: U87439734
2026-02-01 11:26:19 - INFO - 🔤 Detected Alphanumeric ID U87439734 -> calling process
2026-02-01 11:26:20 - INFO - ✅ Fetched page successfully: 200
2026-02-01 11:26:20 - INFO - ✅ window.__initialData__ extracted successfully
2026-02-01 11:26:20 - INFO - ✅ Property node detected
2026-02-01 11:26:20 - INFO - Sleeping for 2.66 seconds...
2026-02-01 11:26:23 - INFO - Processing property_id: Z87973190
2026-02-01 11:26:23 - INFO - 🔤 Detected Alphanumeric ID Z87973190 -> calling process
2026-02-01 11:26:24 - INFO - ✅ Fetched page successfully: 200
2026-02-01 11:26:24 - INFO - ✅ window.__initialData__ extracted successfully
2026-02-01 11:26:24 - INFO - ✅ Property node detected
2026-02-01 11:26:24 - INFO - Sleeping for 2.12 seconds...
2026-02-01 11:26:26 - INFO - Processing property_id: X87862870
2026-02-01 11:26:26 - INFO - 🔤 Detected Alphanumeric ID X87862870 -> calling process
2026-02-01 11:26:28 - INFO - ✅ Fetched page successfully: 200
2026-02-01 11:26:28 - INFO - ✅ window.__initialData__ extracted successfully
2026-02-01 11:26:28 - INFO - ✅ Property node detected
2026-02-01 11:26:28 - INFO - Sleeping for 3.37 seconds...
2026-02-01 11:26:32 - WARNING - 🛑 Rate limit hit (30 requests). Sleeping for 96s...
2026-02-01 11:26:33 - INFO - ▶️ Resuming operations.
2026-02-01 11:26:33 - INFO - Processing property_id: U81410103
2026-02-01 11:26:33 - INFO - 🔤 Detected Alphanumeric ID U81410103 -> calling process
2026-02-01 11:26:34 - INFO - ✅ Fetched page successfully: 200
2026-02-01 11:26:34 - INFO - ✅ window.__initialData__ extracted successfully
2026-02-01 11:26:34 - INFO - ✅ Property node detected
2026-02-01 11:26:34 - INFO - Sleeping for 4.03 seconds...
2026-02-01 11:26:38 - INFO - Processing property_id: Z87144246
2026-02-01 11:26:38 - INFO - 🔤 Detected Alphanumeric ID Z87144246 -> calling process
2026-02-01 11:26:39 - INFO - ✅ Fetched page successfully: 200
2026-02-01 11:26:40 - INFO - ✅ window.__initialData__ extracted successfully
2026-02-01 11:26:40 - INFO - ✅ Property node detected
2026-02-01 11:26:40 - INFO - Sleeping for 2.83 seconds...
2026-02-01 11:26:42 - INFO - Processing property_id: G88004744
2026-02-01 11:26:42 - INFO - 🔤 Detected Alphanumeric ID G88004744 -> calling process
2026-02-01 11:26:44 - INFO - ✅ Fetched page successfully: 200
2026-02-01 11:26:44 - INFO - ✅ window.__initialData__ extracted successfully
2026-02-01 11:26:44 - INFO - ✅ Property node detected
2026-02-01 11:26:44 - INFO - Sleeping for 4.28 seconds...
2026-02-01 11:26:48 - INFO - Processing property_id: I87439806
2026-02-01 11:26:48 - INFO - 🔤 Detected Alphanumeric ID I87439806 -> calling process
2026-02-01 11:26:50 - INFO - ✅ Fetched page successfully: 200
2026-02-01 11:26:50 - INFO - ✅ window.__initialData__ extracted successfully
2026-02-01 11:26:50 - INFO - ✅ Property node detected
2026-02-01 11:26:50 - INFO - Sleeping for 2.10 seconds...
2026-02-01 11:26:52 - INFO - Processing property_id: U87296206
2026-02-01 11:26:52 - INFO - 🔤 Detected Alphanumeric ID U87296206 -> calling process
2026-02-01 11:26:55 - INFO - ✅ Fetched page successfully: 200
2026-02-01 11:26:55 - INFO - ✅ window.__initialData__ extracted successfully
2026-02-01 11:26:55 - INFO - ✅ Property node detected
2026-02-01 11:26:55 - INFO - Sleeping for 2.94 seconds...
2026-02-01 11:26:58 - INFO - Processing property_id: O87960724
2026-02-01 11:26:58 - INFO - 🔤 Detected Alphanumeric ID O87960724 -> calling process
2026-02-01 11:27:00 - INFO - ✅ Fetched page successfully: 200
2026-02-01 11:27:01 - INFO - ✅ window.__initialData__ extracted successfully
2026-02-01 11:27:01 - INFO - ✅ Property node detected
2026-02-01 11:27:01 - INFO - Sleeping for 2.67 seconds...
2026-02-01 11:27:03 - INFO - Processing property_id: C87155748
2026-02-01 11:27:03 - INFO - 🔤 Detected Alphanumeric ID C87155748 -> calling process
2026-02-01 11:27:06 - INFO - ✅ Fetched page successfully: 200
2026-02-01 11:27:06 - INFO - ✅ window.__initialData__ extracted successfully
2026-02-01 11:27:06 - INFO - ✅ Property node detected
2026-02-01 11:27:06 - INFO - Sleeping for 4.48 seconds...
2026-02-01 11:27:10 - INFO - Processing property_id: S88211326
2026-02-01 11:27:10 - INFO - 🔤 Detected Alphanumeric ID S88211326 -> calling process
2026-02-01 11:27:13 - INFO - ✅ Fetched page successfully: 200
2026-02-01 11:27:13 - INFO - ✅ window.__initialData__ extracted successfully
2026-02-01 11:27:13 - INFO - ✅ Property node detected
2026-02-01 11:27:13 - INFO - Sleeping for 4.13 seconds...
2026-02-01 11:27:17 - INFO - Processing property_id: H88211618
2026-02-01 11:27:17 - INFO - 🔤 Detected Alphanumeric ID H88211618 -> calling process
2026-02-01 11:27:19 - INFO - ✅ Fetched page successfully: 200
2026-02-01 11:27:19 - INFO - ✅ window.__initialData__ extracted successfully
2026-02-01 11:27:19 - INFO - ✅ Property node detected
2026-02-01 11:27:19 - INFO - Sleeping for 2.33 seconds...
2026-02-01 11:27:21 - INFO - Processing property_id: N87559186
2026-02-01 11:27:21 - INFO - 🔤 Detected Alphanumeric ID N87559186 -> calling process
2026-02-01 11:27:23 - INFO - ✅ Fetched page successfully: 200
2026-02-01 11:27:24 - INFO - ✅ window.__initialData__ extracted successfully
2026-02-01 11:27:24 - INFO - ✅ Property node detected
2026-02-01 11:27:24 - INFO - Sleeping for 2.38 seconds...
2026-02-01 11:27:26 - WARNING - 🛑 Rate limit hit (40 requests). Sleeping for 96s...
2026-02-01 11:28:08 - INFO - ▶️ Resuming operations.
2026-02-01 11:28:08 - INFO - Processing property_id: B86935358
2026-02-01 11:28:08 - INFO - 🔤 Detected Alphanumeric ID B86935358 -> calling process
2026-02-01 11:28:10 - INFO - ✅ Fetched page successfully: 200
2026-02-01 11:28:10 - INFO - ✅ window.__initialData__ extracted successfully
2026-02-01 11:28:10 - INFO - ✅ Property node detected
2026-02-01 11:28:10 - INFO - Sleeping for 3.52 seconds...
2026-02-01 11:28:13 - INFO - Processing property_id: D88169424
2026-02-01 11:28:13 - INFO - 🔤 Detected Alphanumeric ID D88169424 -> calling process
2026-02-01 11:28:15 - INFO - ✅ Fetched page successfully: 200
2026-02-01 11:28:15 - INFO - ✅ window.__initialData__ extracted successfully
2026-02-01 11:28:15 - INFO - ✅ Property node detected
2026-02-01 11:28:15 - INFO - Sleeping for 2.20 seconds...
2026-02-01 11:28:17 - INFO - Processing property_id: G86407610
2026-02-01 11:28:17 - INFO - 🔤 Detected Alphanumeric ID G86407610 -> calling process
2026-02-01 11:28:19 - INFO - ✅ Fetched page successfully: 200
2026-02-01 11:28:19 - INFO - ✅ window.__initialData__ extracted successfully
2026-02-01 11:28:19 - INFO - ✅ Property node detected
2026-02-01 11:28:19 - INFO - Sleeping for 4.62 seconds...
2026-02-01 11:28:24 - INFO - Processing property_id: X83011360
2026-02-01 11:28:24 - INFO - 🔤 Detected Alphanumeric ID X83011360 -> calling process
2026-02-01 11:28:26 - INFO - ✅ Fetched page successfully: 200
2026-02-01 11:28:26 - INFO - ✅ window.__initialData__ extracted successfully
2026-02-01 11:28:26 - INFO - ✅ Property node detected
2026-02-01 11:28:26 - INFO - Sleeping for 3.73 seconds...
2026-02-01 11:28:29 - INFO - Processing property_id: X81366797
2026-02-01 11:28:29 - INFO - 🔤 Detected Alphanumeric ID X81366797 -> calling process
2026-02-01 11:28:31 - INFO - ✅ Fetched page successfully: 200
2026-02-01 11:28:31 - INFO - ✅ window.__initialData__ extracted successfully
2026-02-01 11:28:31 - INFO - ✅ Property node detected
2026-02-01 11:28:31 - INFO - Sleeping for 2.51 seconds...
2026-02-01 11:28:33 - INFO - Processing property_id: E87474672
2026-02-01 11:28:33 - INFO - 🔤 Detected Alphanumeric ID E87474672 -> calling process
2026-02-01 11:28:35 - INFO - ✅ Fetched page successfully: 200
2026-02-01 11:28:35 - INFO - ✅ window.__initialData__ extracted successfully
2026-02-01 11:28:35 - INFO - ✅ Property node detected
2026-02-01 11:28:35 - INFO - Sleeping for 3.72 seconds...
2026-02-01 11:28:39 - INFO - Processing property_id: N87207344
2026-02-01 11:28:39 - INFO - 🔤 Detected Alphanumeric ID N87207344 -> calling process
2026-02-01 11:28:42 - INFO - ✅ Fetched page successfully: 200
2026-02-01 11:28:42 - INFO - ✅ window.__initialData__ extracted successfully
2026-02-01 11:28:42 - INFO - ✅ Property node detected
2026-02-01 11:28:42 - INFO - Sleeping for 2.04 seconds...
2026-02-01 11:28:44 - INFO - Processing property_id: H87421616
2026-02-01 11:28:44 - INFO - 🔤 Detected Alphanumeric ID H87421616 -> calling process
2026-02-01 11:28:46 - INFO - ✅ Fetched page successfully: 200
2026-02-01 11:28:46 - INFO - ✅ window.__initialData__ extracted successfully
2026-02-01 11:28:46 - INFO - ✅ Property node detected
2026-02-01 11:28:46 - INFO - Sleeping for 3.97 seconds...
2026-02-01 11:28:50 - INFO - Processing property_id: E88319596
2026-02-01 11:28:50 - INFO - 🔤 Detected Alphanumeric ID E88319596 -> calling process
2026-02-01 11:28:52 - INFO - ✅ Fetched page successfully: 200
2026-02-01 11:28:52 - INFO - ✅ window.__initialData__ extracted successfully
2026-02-01 11:28:52 - INFO - ✅ Property node detected
2026-02-01 11:28:52 - INFO - Sleeping for 3.57 seconds...
2026-02-01 11:28:55 - INFO - Processing property_id: B88139806
2026-02-01 11:28:55 - INFO - 🔤 Detected Alphanumeric ID B88139806 -> calling process
2026-02-01 11:28:57 - INFO - ✅ Fetched page successfully: 200
2026-02-01 11:28:57 - INFO - ✅ window.__initialData__ extracted successfully
2026-02-01 11:28:57 - INFO - ✅ Property node detected
2026-02-01 11:28:57 - INFO - Sleeping for 4.98 seconds...
2026-02-01 11:29:02 - WARNING - 🛑 Rate limit hit (50 requests). Sleeping for 107s...
2026-02-01 11:29:02 - INFO - ▶️ Resuming operations.
2026-02-01 11:29:02 - INFO - Processing property_id: L88326574
2026-02-01 11:29:02 - INFO - 🔤 Detected Alphanumeric ID L88326574 -> calling process
2026-02-01 11:29:03 - INFO - ✅ Fetched page successfully: 200
2026-02-01 11:29:03 - INFO - ✅ window.__initialData__ extracted successfully
2026-02-01 11:29:03 - INFO - ✅ Property node detected
2026-02-01 11:29:03 - INFO - Sleeping for 2.66 seconds...
2026-02-01 11:29:06 - INFO - Processing property_id: U76981103
2026-02-01 11:29:06 - INFO - 🔤 Detected Alphanumeric ID U76981103 -> calling process
2026-02-01 11:29:08 - INFO - ✅ Fetched page successfully: 200
2026-02-01 11:29:08 - INFO - ✅ window.__initialData__ extracted successfully
2026-02-01 11:29:08 - INFO - ✅ Property node detected
2026-02-01 11:29:08 - INFO - Sleeping for 2.68 seconds...
2026-02-01 11:29:11 - INFO - Processing property_id: V85776808
2026-02-01 11:29:11 - INFO - 🔤 Detected Alphanumeric ID V85776808 -> calling process
2026-02-01 11:29:14 - INFO - ✅ Fetched page successfully: 200
2026-02-01 11:29:14 - INFO - ✅ window.__initialData__ extracted successfully
2026-02-01 11:29:14 - INFO - ✅ Property node detected
2026-02-01 11:29:14 - INFO - Sleeping for 3.23 seconds...
2026-02-01 11:29:17 - INFO - Processing property_id: O78133337
2026-02-01 11:29:17 - INFO - 🔤 Detected Alphanumeric ID O78133337 -> calling process
2026-02-01 11:29:19 - INFO - ✅ Fetched page successfully: 200
2026-02-01 11:29:19 - INFO - ✅ window.__initialData__ extracted successfully
2026-02-01 11:29:19 - INFO - ✅ Property node detected
2026-02-01 11:29:19 - INFO - Sleeping for 2.25 seconds...
2026-02-01 11:29:21 - INFO - Processing property_id: G82911512
2026-02-01 11:29:21 - INFO - 🔤 Detected Alphanumeric ID G82911512 -> calling process
2026-02-01 11:29:23 - INFO - ✅ Fetched page successfully: 200
2026-02-01 11:29:23 - INFO - ✅ window.__initialData__ extracted successfully
2026-02-01 11:29:23 - INFO - ✅ Property node detected
2026-02-01 11:29:23 - INFO - Sleeping for 4.89 seconds...
2026-02-01 11:29:28 - INFO - Processing property_id: Z87324384
2026-02-01 11:29:28 - INFO - 🔤 Detected Alphanumeric ID Z87324384 -> calling process
2026-02-01 11:29:29 - INFO - ✅ Fetched page successfully: 200
2026-02-01 11:29:29 - INFO - ✅ window.__initialData__ extracted successfully
2026-02-01 11:29:29 - INFO - ✅ Property node detected
2026-02-01 11:29:29 - INFO - Sleeping for 4.34 seconds...
2026-02-01 11:29:34 - INFO - Processing property_id: X87324234
2026-02-01 11:29:34 - INFO - 🔤 Detected Alphanumeric ID X87324234 -> calling process
2026-02-01 11:29:35 - INFO - ✅ Fetched page successfully: 200
2026-02-01 11:29:35 - INFO - ✅ window.__initialData__ extracted successfully
2026-02-01 11:29:35 - INFO - ✅ Property node detected
2026-02-01 11:29:35 - INFO - Sleeping for 3.38 seconds...
2026-02-01 11:29:39 - INFO - Processing property_id: U87324174
2026-02-01 11:29:39 - INFO - 🔤 Detected Alphanumeric ID U87324174 -> calling process
2026-02-01 11:29:40 - INFO - ✅ Fetched page successfully: 200
2026-02-01 11:29:40 - INFO - ✅ window.__initialData__ extracted successfully
2026-02-01 11:29:40 - INFO - ✅ Property node detected
2026-02-01 11:29:40 - INFO - Sleeping for 4.34 seconds...
2026-02-01 11:29:44 - INFO - Processing property_id: Y88362004
2026-02-01 11:29:44 - INFO - 🔤 Detected Alphanumeric ID Y88362004 -> calling process
2026-02-01 11:29:46 - INFO - ✅ Fetched page successfully: 200
2026-02-01 11:29:46 - INFO - ✅ window.__initialData__ extracted successfully
2026-02-01 11:29:46 - INFO - ✅ Property node detected
2026-02-01 11:29:46 - INFO - Sleeping for 2.54 seconds...
2026-02-01 11:29:48 - INFO - Processing property_id: L87464768
2026-02-01 11:29:48 - INFO - 🔤 Detected Alphanumeric ID L87464768 -> calling process
2026-02-01 11:29:50 - INFO - ✅ Fetched page successfully: 200
2026-02-01 11:29:50 - INFO - ✅ window.__initialData__ extracted successfully
2026-02-01 11:29:50 - INFO - ✅ Property node detected
2026-02-01 11:29:50 - INFO - Sleeping for 2.48 seconds...
2026-02-01 11:29:53 - WARNING - 🛑 Rate limit hit (60 requests). Sleeping for 60s...
2026-02-01 11:30:49 - INFO - ▶️ Resuming operations.
2026-02-01 11:30:49 - INFO - Processing property_id: C86628802
2026-02-01 11:30:49 - INFO - 🔤 Detected Alphanumeric ID C86628802 -> calling process
2026-02-01 11:30:51 - INFO - ✅ Fetched page successfully: 200
2026-02-01 11:30:51 - INFO - ✅ window.__initialData__ extracted successfully
2026-02-01 11:30:51 - INFO - ✅ Property node detected
2026-02-01 11:30:51 - INFO - Sleeping for 4.86 seconds...
2026-02-01 11:30:53 - INFO - ▶️ Resuming operations.
2026-02-01 11:30:53 - INFO - Processing property_id: R87677084
2026-02-01 11:30:53 - INFO - 🔤 Detected Alphanumeric ID R87677084 -> calling process
2026-02-01 11:30:56 - INFO - ✅ Fetched page successfully: 200
2026-02-01 11:30:56 - INFO - Processing property_id: A88322676
2026-02-01 11:30:56 - INFO - 🔤 Detected Alphanumeric ID A88322676 -> calling process
2026-02-01 11:30:56 - INFO - ✅ window.__initialData__ extracted successfully
2026-02-01 11:30:56 - INFO - ✅ Property node detected
2026-02-01 11:30:56 - INFO - Sleeping for 2.92 seconds...
2026-02-01 11:30:57 - INFO - ✅ Fetched page successfully: 200
2026-02-01 11:30:57 - INFO - ✅ window.__initialData__ extracted successfully
2026-02-01 11:30:57 - INFO - ✅ Property node detected
2026-02-01 11:30:57 - INFO - Sleeping for 2.27 seconds...
2026-02-01 11:30:59 - INFO - Processing property_id: M88142730
2026-02-01 11:30:59 - INFO - 🔤 Detected Alphanumeric ID M88142730 -> calling process
2026-02-01 11:30:59 - INFO - Processing property_id: M88049946
2026-02-01 11:30:59 - INFO - 🔤 Detected Alphanumeric ID M88049946 -> calling process
2026-02-01 11:31:00 - INFO - ✅ Fetched page successfully: 200
2026-02-01 11:31:00 - INFO - ✅ window.__initialData__ extracted successfully
2026-02-01 11:31:00 - INFO - ✅ Property node detected
2026-02-01 11:31:00 - INFO - Sleeping for 2.80 seconds...
2026-02-01 11:31:01 - INFO - ✅ Fetched page successfully: 200
2026-02-01 11:31:01 - INFO - ✅ window.__initialData__ extracted successfully
2026-02-01 11:31:01 - INFO - ✅ Property node detected
2026-02-01 11:31:01 - INFO - Sleeping for 3.70 seconds...
2026-02-01 11:31:03 - INFO - Processing property_id: G87769834
2026-02-01 11:31:03 - INFO - 🔤 Detected Alphanumeric ID G87769834 -> calling process
2026-02-01 11:31:05 - INFO - Processing property_id: X87629042
2026-02-01 11:31:05 - INFO - 🔤 Detected Alphanumeric ID X87629042 -> calling process
2026-02-01 11:31:05 - INFO - ✅ Fetched page successfully: 200
2026-02-01 11:31:05 - INFO - ✅ window.__initialData__ extracted successfully
2026-02-01 11:31:05 - INFO - ✅ Property node detected
2026-02-01 11:31:05 - INFO - Sleeping for 2.50 seconds...
2026-02-01 11:31:06 - INFO - ✅ Fetched page successfully: 200
2026-02-01 11:31:06 - INFO - ✅ window.__initialData__ extracted successfully
2026-02-01 11:31:06 - INFO - ✅ Property node detected
2026-02-01 11:31:06 - INFO - Sleeping for 4.71 seconds...
2026-02-01 11:31:07 - INFO - Processing property_id: D88144330
2026-02-01 11:31:07 - INFO - 🔤 Detected Alphanumeric ID D88144330 -> calling process
2026-02-01 11:31:09 - INFO - ✅ Fetched page successfully: 200
2026-02-01 11:31:09 - INFO - ✅ window.__initialData__ extracted successfully
2026-02-01 11:31:09 - INFO - ✅ Property node detected
2026-02-01 11:31:09 - INFO - Sleeping for 4.91 seconds...
2026-02-01 11:31:11 - INFO - Processing property_id: F87953394
2026-02-01 11:31:11 - INFO - 🔤 Detected Alphanumeric ID F87953394 -> calling process
2026-02-01 11:31:12 - INFO - ✅ Fetched page successfully: 200
2026-02-01 11:31:12 - INFO - ✅ window.__initialData__ extracted successfully
2026-02-01 11:31:12 - INFO - ✅ Property node detected
2026-02-01 11:31:12 - INFO - Sleeping for 3.49 seconds...
2026-02-01 11:31:14 - INFO - Processing property_id: P86977644
2026-02-01 11:31:14 - INFO - 🔤 Detected Alphanumeric ID P86977644 -> calling process
2026-02-01 11:31:15 - INFO - ✅ Fetched page successfully: 200
2026-02-01 11:31:15 - INFO - ✅ window.__initialData__ extracted successfully
2026-02-01 11:31:15 - INFO - ✅ Property node detected
2026-02-01 11:31:15 - INFO - Sleeping for 3.12 seconds...
2026-02-01 11:31:16 - INFO - Processing property_id: P88217804
2026-02-01 11:31:16 - INFO - 🔤 Detected Alphanumeric ID P88217804 -> calling process
2026-02-01 11:31:17 - INFO - ✅ Fetched page successfully: 200
2026-02-01 11:31:17 - INFO - ✅ window.__initialData__ extracted successfully
2026-02-01 11:31:17 - INFO - ✅ Property node detected
2026-02-01 11:31:17 - INFO - Sleeping for 4.44 seconds...
2026-02-01 11:31:18 - WARNING - 🛑 Rate limit hit (70 requests). Sleeping for 108s...
2026-02-01 11:31:21 - INFO - Processing property_id: I85385474
2026-02-01 11:31:21 - INFO - 🔤 Detected Alphanumeric ID I85385474 -> calling process
2026-02-01 11:31:23 - INFO - ✅ Fetched page successfully: 200
2026-02-01 11:31:23 - INFO - ✅ window.__initialData__ extracted successfully
2026-02-01 11:31:23 - INFO - ✅ Property node detected
2026-02-01 11:31:23 - INFO - Sleeping for 3.73 seconds...
2026-02-01 11:31:27 - INFO - Processing property_id: I87715488
2026-02-01 11:31:27 - INFO - 🔤 Detected Alphanumeric ID I87715488 -> calling process
2026-02-01 11:31:29 - INFO - ✅ Fetched page successfully: 200
2026-02-01 11:31:29 - INFO - ✅ window.__initialData__ extracted successfully
2026-02-01 11:31:29 - INFO - ✅ Property node detected
2026-02-01 11:31:29 - INFO - Sleeping for 2.11 seconds...
2026-02-01 11:31:31 - INFO - Processing property_id: I82825746
2026-02-01 11:31:31 - INFO - 🔤 Detected Alphanumeric ID I82825746 -> calling process
2026-02-01 11:31:33 - INFO - ✅ Fetched page successfully: 200
2026-02-01 11:31:33 - INFO - ✅ window.__initialData__ extracted successfully
2026-02-01 11:31:33 - INFO - ✅ Property node detected
2026-02-01 11:31:33 - INFO - Sleeping for 2.76 seconds...
2026-02-01 11:31:36 - INFO - Processing property_id: L86856108
2026-02-01 11:31:36 - INFO - 🔤 Detected Alphanumeric ID L86856108 -> calling process
2026-02-01 11:31:37 - INFO - ✅ Fetched page successfully: 200
2026-02-01 11:31:37 - INFO - ✅ window.__initialData__ extracted successfully
2026-02-01 11:31:37 - INFO - ✅ Property node detected
2026-02-01 11:31:37 - INFO - Sleeping for 3.39 seconds...
2026-02-01 11:31:40 - INFO - Processing property_id: T80575345
2026-02-01 11:31:40 - INFO - 🔤 Detected Alphanumeric ID T80575345 -> calling process
2026-02-01 11:31:42 - INFO - ✅ Fetched page successfully: 200
2026-02-01 11:31:42 - INFO - ✅ window.__initialData__ extracted successfully
2026-02-01 11:31:42 - INFO - ✅ Property node detected
2026-02-01 11:31:42 - INFO - Sleeping for 3.32 seconds...
2026-02-01 11:31:45 - INFO - Processing property_id: O87402456
2026-02-01 11:31:45 - INFO - 🔤 Detected Alphanumeric ID O87402456 -> calling process
2026-02-01 11:31:47 - INFO - ✅ Fetched page successfully: 200
2026-02-01 11:31:47 - INFO - ✅ window.__initialData__ extracted successfully
2026-02-01 11:31:47 - INFO - ✅ Property node detected
2026-02-01 11:31:47 - INFO - Sleeping for 4.77 seconds...
2026-02-01 11:31:51 - INFO - Processing property_id: S87815310
2026-02-01 11:31:51 - INFO - 🔤 Detected Alphanumeric ID S87815310 -> calling process
2026-02-01 11:31:53 - INFO - ✅ Fetched page successfully: 200
2026-02-01 11:31:53 - INFO - ✅ window.__initialData__ extracted successfully
2026-02-01 11:31:53 - INFO - ✅ Property node detected
2026-02-01 11:31:53 - INFO - Sleeping for 4.95 seconds...
2026-02-01 11:31:58 - INFO - Processing property_id: C80572875
2026-02-01 11:31:58 - INFO - 🔤 Detected Alphanumeric ID C80572875 -> calling process
2026-02-01 11:32:00 - INFO - ✅ Fetched page successfully: 200
2026-02-01 11:32:01 - INFO - ✅ window.__initialData__ extracted successfully
2026-02-01 11:32:01 - INFO - ✅ Property node detected
2026-02-01 11:32:01 - INFO - Sleeping for 4.67 seconds...
2026-02-01 11:32:05 - INFO - Processing property_id: H87909914
2026-02-01 11:32:05 - INFO - 🔤 Detected Alphanumeric ID H87909914 -> calling process
2026-02-01 11:32:07 - INFO - ✅ Fetched page successfully: 200
2026-02-01 11:32:07 - INFO - ✅ window.__initialData__ extracted successfully
2026-02-01 11:32:07 - INFO - ✅ Property node detected
2026-02-01 11:32:07 - INFO - Sleeping for 3.79 seconds...
2026-02-01 11:32:11 - WARNING - 🛑 Rate limit hit (80 requests). Sleeping for 99s...
2026-02-01 11:33:06 - INFO - ▶️ Resuming operations.
2026-02-01 11:33:06 - INFO - Processing property_id: V86482828
2026-02-01 11:33:06 - INFO - 🔤 Detected Alphanumeric ID V86482828 -> calling process
2026-02-01 11:33:08 - INFO - ✅ Fetched page successfully: 200
2026-02-01 11:33:08 - INFO - ✅ window.__initialData__ extracted successfully
2026-02-01 11:33:08 - INFO - ✅ Property node detected
2026-02-01 11:33:08 - INFO - Sleeping for 4.10 seconds...
2026-02-01 11:33:12 - INFO - Processing property_id: Q61307868
2026-02-01 11:33:12 - INFO - 🔤 Detected Alphanumeric ID Q61307868 -> calling process
2026-02-01 11:33:14 - INFO - ✅ Fetched page successfully: 200
2026-02-01 11:33:14 - INFO - ✅ window.__initialData__ extracted successfully
2026-02-01 11:33:14 - INFO - ✅ Property node detected
2026-02-01 11:33:14 - INFO - Sleeping for 4.89 seconds...
2026-02-01 11:33:19 - INFO - Processing property_id: A70062858
2026-02-01 11:33:19 - INFO - 🔤 Detected Alphanumeric ID A70062858 -> calling process
2026-02-01 11:33:20 - INFO - ✅ Fetched page successfully: 200
2026-02-01 11:33:20 - INFO - ✅ window.__initialData__ extracted successfully
2026-02-01 11:33:20 - INFO - ✅ Property node detected
2026-02-01 11:33:20 - INFO - Sleeping for 3.22 seconds...
2026-02-01 11:33:23 - INFO - Processing property_id: U78076399
2026-02-01 11:33:23 - INFO - 🔤 Detected Alphanumeric ID U78076399 -> calling process
2026-02-01 11:33:25 - INFO - ✅ Fetched page successfully: 200
2026-02-01 11:33:25 - INFO - ✅ window.__initialData__ extracted successfully
2026-02-01 11:33:25 - INFO - ✅ Property node detected
2026-02-01 11:33:25 - INFO - Sleeping for 2.30 seconds...
2026-02-01 11:33:27 - INFO - Processing property_id: Y77522769
2026-02-01 11:33:27 - INFO - 🔤 Detected Alphanumeric ID Y77522769 -> calling process
2026-02-01 11:33:29 - INFO - ✅ Fetched page successfully: 200
2026-02-01 11:33:29 - INFO - ✅ window.__initialData__ extracted successfully
2026-02-01 11:33:29 - INFO - ✅ Property node detected
2026-02-01 11:33:29 - INFO - Sleeping for 2.12 seconds...
2026-02-01 11:33:31 - INFO - Processing property_id: U86110704
2026-02-01 11:33:31 - INFO - 🔤 Detected Alphanumeric ID U86110704 -> calling process
2026-02-01 11:33:33 - INFO - ✅ Fetched page successfully: 200
2026-02-01 11:33:33 - INFO - ✅ window.__initialData__ extracted successfully
2026-02-01 11:33:33 - INFO - ✅ Property node detected
2026-02-01 11:33:33 - INFO - Sleeping for 3.25 seconds...
2026-02-01 11:33:36 - INFO - Processing property_id: Z87880268
2026-02-01 11:33:36 - INFO - 🔤 Detected Alphanumeric ID Z87880268 -> calling process
2026-02-01 11:33:38 - INFO - ✅ Fetched page successfully: 200
2026-02-01 11:33:38 - INFO - ✅ window.__initialData__ extracted successfully
2026-02-01 11:33:38 - INFO - ✅ Property node detected
2026-02-01 11:33:38 - INFO - Sleeping for 4.97 seconds...
2026-02-01 11:33:43 - INFO - Processing property_id: Q87005256
2026-02-01 11:33:43 - INFO - 🔤 Detected Alphanumeric ID Q87005256 -> calling process
2026-02-01 11:33:45 - INFO - ✅ Fetched page successfully: 200
2026-02-01 11:33:45 - INFO - ✅ window.__initialData__ extracted successfully
2026-02-01 11:33:45 - INFO - ✅ Property node detected
2026-02-01 11:33:45 - INFO - Sleeping for 2.33 seconds...
2026-02-01 11:33:47 - INFO - Processing property_id: C80784669
2026-02-01 11:33:47 - INFO - 🔤 Detected Alphanumeric ID C80784669 -> calling process
2026-02-01 11:33:48 - INFO - ✅ Fetched page successfully: 200
2026-02-01 11:33:48 - INFO - ✅ window.__initialData__ extracted successfully
2026-02-01 11:33:48 - INFO - ✅ Property node detected
2026-02-01 11:33:48 - INFO - Sleeping for 4.07 seconds...
2026-02-01 11:33:50 - INFO - ▶️ Resuming operations.
2026-02-01 11:33:50 - INFO - Processing property_id: B67697098
2026-02-01 11:33:50 - INFO - 🔤 Detected Alphanumeric ID B67697098 -> calling process
2026-02-01 11:33:51 - INFO - ✅ Fetched page successfully: 200
2026-02-01 11:33:51 - INFO - ✅ window.__initialData__ extracted successfully
2026-02-01 11:33:51 - INFO - ✅ Property node detected
2026-02-01 11:33:51 - INFO - Sleeping for 4.69 seconds...
2026-02-01 11:33:52 - INFO - Processing property_id: L88155280
2026-02-01 11:33:52 - INFO - 🔤 Detected Alphanumeric ID L88155280 -> calling process
2026-02-01 11:33:54 - INFO - ✅ Fetched page successfully: 200
2026-02-01 11:33:54 - INFO - ✅ window.__initialData__ extracted successfully
2026-02-01 11:33:54 - INFO - ✅ Property node detected
2026-02-01 11:33:54 - INFO - Sleeping for 2.13 seconds...
2026-02-01 11:33:56 - WARNING - 🛑 Rate limit hit (90 requests). Sleeping for 84s...
2026-02-01 11:33:56 - INFO - Processing property_id: O81502195
2026-02-01 11:33:56 - INFO - 🔤 Detected Alphanumeric ID O81502195 -> calling process
2026-02-01 11:33:58 - INFO - ✅ Fetched page successfully: 200
2026-02-01 11:33:58 - INFO - ✅ window.__initialData__ extracted successfully
2026-02-01 11:33:58 - INFO - ✅ Property node detected
2026-02-01 11:33:58 - INFO - Sleeping for 2.92 seconds...
2026-02-01 11:34:01 - INFO - Processing property_id: D86695260
2026-02-01 11:34:01 - INFO - 🔤 Detected Alphanumeric ID D86695260 -> calling process
2026-02-01 11:34:03 - INFO - ✅ Fetched page successfully: 200
2026-02-01 11:34:03 - INFO - ✅ window.__initialData__ extracted successfully
2026-02-01 11:34:03 - INFO - ✅ Property node detected
2026-02-01 11:34:03 - INFO - Sleeping for 3.59 seconds...
2026-02-01 11:34:06 - INFO - Processing property_id: D86801378
2026-02-01 11:34:06 - INFO - 🔤 Detected Alphanumeric ID D86801378 -> calling process
2026-02-01 11:34:09 - INFO - ✅ Fetched page successfully: 200
2026-02-01 11:34:09 - INFO - ✅ window.__initialData__ extracted successfully
2026-02-01 11:34:09 - INFO - ✅ Property node detected
2026-02-01 11:34:09 - INFO - Sleeping for 2.11 seconds...
2026-02-01 11:34:11 - INFO - Processing property_id: P87677756
2026-02-01 11:34:11 - INFO - 🔤 Detected Alphanumeric ID P87677756 -> calling process
2026-02-01 11:34:13 - INFO - ✅ Fetched page successfully: 200
2026-02-01 11:34:13 - INFO - ✅ window.__initialData__ extracted successfully
2026-02-01 11:34:13 - INFO - ✅ Property node detected
2026-02-01 11:34:13 - INFO - Sleeping for 3.13 seconds...
2026-02-01 11:34:17 - INFO - Processing property_id: W86865460
2026-02-01 11:34:17 - INFO - 🔤 Detected Alphanumeric ID W86865460 -> calling process
2026-02-01 11:34:18 - INFO - ✅ Fetched page successfully: 200
2026-02-01 11:34:18 - INFO - ✅ window.__initialData__ extracted successfully
2026-02-01 11:34:18 - INFO - ✅ Property node detected
2026-02-01 11:34:18 - INFO - Sleeping for 4.69 seconds...
2026-02-01 11:34:23 - INFO - Processing property_id: I87560502
2026-02-01 11:34:23 - INFO - 🔤 Detected Alphanumeric ID I87560502 -> calling process
2026-02-01 11:34:25 - INFO - ✅ Fetched page successfully: 200
2026-02-01 11:34:25 - INFO - ✅ window.__initialData__ extracted successfully
2026-02-01 11:34:25 - INFO - ✅ Property node detected
2026-02-01 11:34:25 - INFO - Sleeping for 4.25 seconds...
2026-02-01 11:34:29 - INFO - Processing property_id: M87910178
2026-02-01 11:34:29 - INFO - 🔤 Detected Alphanumeric ID M87910178 -> calling process
2026-02-01 11:34:31 - INFO - ✅ Fetched page successfully: 200
2026-02-01 11:34:31 - INFO - ✅ window.__initialData__ extracted successfully
2026-02-01 11:34:31 - INFO - ✅ Property node detected
2026-02-01 11:34:31 - INFO - Sleeping for 3.26 seconds...
2026-02-01 11:34:35 - INFO - Processing property_id: K83922366
2026-02-01 11:34:35 - INFO - 🔤 Detected Alphanumeric ID K83922366 -> calling process
2026-02-01 11:34:36 - INFO - ✅ Fetched page successfully: 200
2026-02-01 11:34:36 - INFO - ✅ window.__initialData__ extracted successfully
2026-02-01 11:34:36 - INFO - ✅ Property node detected
2026-02-01 11:34:36 - INFO - Sleeping for 4.33 seconds...
2026-02-01 11:34:41 - INFO - Processing property_id: U84890000
2026-02-01 11:34:41 - INFO - 🔤 Detected Alphanumeric ID U84890000 -> calling process
2026-02-01 11:34:42 - INFO - ✅ Fetched page successfully: 200
2026-02-01 11:34:42 - INFO - ✅ window.__initialData__ extracted successfully
2026-02-01 11:34:42 - INFO - ✅ Property node detected
2026-02-01 11:34:42 - INFO - Sleeping for 2.22 seconds...
2026-02-01 11:34:44 - WARNING - 🛑 Rate limit hit (100 requests). Sleeping for 110s...
2026-02-01 11:35:20 - INFO - ▶️ Resuming operations.
2026-02-01 11:35:20 - INFO - Processing property_id: K88325040
2026-02-01 11:35:20 - INFO - 🔤 Detected Alphanumeric ID K88325040 -> calling process
2026-02-01 11:35:21 - INFO - ✅ Fetched page successfully: 200
2026-02-01 11:35:21 - INFO - ✅ window.__initialData__ extracted successfully
2026-02-01 11:35:21 - INFO - ✅ Property node detected
2026-02-01 11:35:21 - INFO - Sleeping for 2.94 seconds...
2026-02-01 11:35:24 - INFO - Processing property_id: U87105540
2026-02-01 11:35:24 - INFO - 🔤 Detected Alphanumeric ID U87105540 -> calling process
2026-02-01 11:35:27 - INFO - ✅ Fetched page successfully: 200
2026-02-01 11:35:27 - INFO - ✅ window.__initialData__ extracted successfully
2026-02-01 11:35:27 - INFO - ✅ Property node detected
2026-02-01 11:35:27 - INFO - Sleeping for 3.54 seconds...
2026-02-01 11:35:30 - INFO - Processing property_id: S88160102
2026-02-01 11:35:30 - INFO - 🔤 Detected Alphanumeric ID S88160102 -> calling process
2026-02-01 11:35:32 - INFO - ✅ Fetched page successfully: 200
2026-02-01 11:35:32 - INFO - ✅ window.__initialData__ extracted successfully
2026-02-01 11:35:32 - INFO - ✅ Property node detected
2026-02-01 11:35:32 - INFO - Sleeping for 3.14 seconds...
2026-02-01 11:35:35 - INFO - Processing property_id: K87163196
2026-02-01 11:35:35 - INFO - 🔤 Detected Alphanumeric ID K87163196 -> calling process
2026-02-01 11:35:37 - INFO - ✅ Fetched page successfully: 200
2026-02-01 11:35:37 - INFO - ✅ window.__initialData__ extracted successfully
2026-02-01 11:35:37 - INFO - ✅ Property node detected
2026-02-01 11:35:37 - INFO - Sleeping for 4.96 seconds...
2026-02-01 11:35:42 - INFO - Processing property_id: A87067316
2026-02-01 11:35:42 - INFO - 🔤 Detected Alphanumeric ID A87067316 -> calling process
2026-02-01 11:35:43 - INFO - ✅ Fetched page successfully: 200
2026-02-01 11:35:43 - INFO - ✅ window.__initialData__ extracted successfully
2026-02-01 11:35:43 - INFO - ✅ Property node detected
2026-02-01 11:35:44 - INFO - Sleeping for 4.54 seconds...
2026-02-01 11:35:48 - INFO - Processing property_id: T82803472
2026-02-01 11:35:48 - INFO - 🔤 Detected Alphanumeric ID T82803472 -> calling process
2026-02-01 11:35:50 - INFO - ✅ Fetched page successfully: 200
2026-02-01 11:35:50 - INFO - ✅ window.__initialData__ extracted successfully
2026-02-01 11:35:50 - INFO - ✅ Property node detected
2026-02-01 11:35:50 - INFO - Sleeping for 4.25 seconds...
2026-02-01 11:35:54 - INFO - Processing property_id: U71594350
2026-02-01 11:35:54 - INFO - 🔤 Detected Alphanumeric ID U71594350 -> calling process
2026-02-01 11:35:56 - INFO - ✅ Fetched page successfully: 200
2026-02-01 11:35:56 - INFO - ✅ window.__initialData__ extracted successfully
2026-02-01 11:35:56 - INFO - ✅ Property node detected
2026-02-01 11:35:56 - INFO - Sleeping for 4.64 seconds...
2026-02-01 11:36:01 - INFO - Processing property_id: S69766608
2026-02-01 11:36:01 - INFO - 🔤 Detected Alphanumeric ID S69766608 -> calling process
2026-02-01 11:36:03 - INFO - ✅ Fetched page successfully: 200
2026-02-01 11:36:03 - INFO - ✅ window.__initialData__ extracted successfully
2026-02-01 11:36:03 - INFO - ✅ Property node detected
2026-02-01 11:36:03 - INFO - Sleeping for 4.80 seconds...
2026-02-01 11:36:07 - INFO - Processing property_id: I72455988
2026-02-01 11:36:07 - INFO - 🔤 Detected Alphanumeric ID I72455988 -> calling process
2026-02-01 11:36:10 - INFO - ✅ Fetched page successfully: 200
2026-02-01 11:36:10 - INFO - ✅ window.__initialData__ extracted successfully
2026-02-01 11:36:10 - INFO - ✅ Property node detected
2026-02-01 11:36:10 - INFO - Sleeping for 2.41 seconds...
2026-02-01 11:36:12 - INFO - Processing property_id: K88186286
2026-02-01 11:36:12 - INFO - 🔤 Detected Alphanumeric ID K88186286 -> calling process
2026-02-01 11:36:15 - INFO - ✅ Fetched page successfully: 200
2026-02-01 11:36:15 - INFO - ✅ window.__initialData__ extracted successfully
2026-02-01 11:36:15 - INFO - ✅ Property node detected
2026-02-01 11:36:15 - INFO - Sleeping for 4.07 seconds...
2026-02-01 11:36:19 - WARNING - 🛑 Rate limit hit (110 requests). Sleeping for 118s...
2026-02-01 11:36:34 - INFO - ▶️ Resuming operations.
2026-02-01 11:36:34 - INFO - Processing property_id: C88223066
2026-02-01 11:36:34 - INFO - 🔤 Detected Alphanumeric ID C88223066 -> calling process
2026-02-01 11:36:36 - INFO - ✅ Fetched page successfully: 200
2026-02-01 11:36:36 - INFO - ✅ window.__initialData__ extracted successfully
2026-02-01 11:36:36 - INFO - ✅ Property node detected
2026-02-01 11:36:36 - INFO - Sleeping for 4.11 seconds...
2026-02-01 11:36:40 - INFO - Processing property_id: B85530586
2026-02-01 11:36:40 - INFO - 🔤 Detected Alphanumeric ID B85530586 -> calling process
2026-02-01 11:36:42 - INFO - ✅ Fetched page successfully: 200
2026-02-01 11:36:42 - INFO - ✅ window.__initialData__ extracted successfully
2026-02-01 11:36:42 - INFO - ✅ Property node detected
2026-02-01 11:36:42 - INFO - Sleeping for 2.20 seconds...
2026-02-01 11:36:44 - INFO - Processing property_id: C87052794
2026-02-01 11:36:44 - INFO - 🔤 Detected Alphanumeric ID C87052794 -> calling process
2026-02-01 11:36:47 - INFO - ✅ Fetched page successfully: 200
2026-02-01 11:36:47 - INFO - ✅ window.__initialData__ extracted successfully
2026-02-01 11:36:47 - INFO - ✅ Property node detected
2026-02-01 11:36:47 - INFO - Sleeping for 2.89 seconds...
2026-02-01 11:36:50 - INFO - Processing property_id: G87586778
2026-02-01 11:36:50 - INFO - 🔤 Detected Alphanumeric ID G87586778 -> calling process
2026-02-01 11:36:51 - INFO - ✅ Fetched page successfully: 200
2026-02-01 11:36:51 - INFO - ✅ window.__initialData__ extracted successfully
2026-02-01 11:36:51 - INFO - ✅ Property node detected
2026-02-01 11:36:51 - INFO - Sleeping for 3.01 seconds...
2026-02-01 11:36:54 - INFO - Processing property_id: U87560444
2026-02-01 11:36:54 - INFO - 🔤 Detected Alphanumeric ID U87560444 -> calling process
2026-02-01 11:36:55 - INFO - ✅ Fetched page successfully: 200
2026-02-01 11:36:55 - INFO - ✅ window.__initialData__ extracted successfully
2026-02-01 11:36:55 - INFO - ✅ Property node detected
2026-02-01 11:36:55 - INFO - Sleeping for 4.40 seconds...
2026-02-01 11:37:00 - INFO - Processing property_id: X87853480
2026-02-01 11:37:00 - INFO - 🔤 Detected Alphanumeric ID X87853480 -> calling process
2026-02-01 11:37:02 - INFO - ✅ Fetched page successfully: 200
2026-02-01 11:37:02 - INFO - ✅ window.__initialData__ extracted successfully
2026-02-01 11:37:02 - INFO - ✅ Property node detected
2026-02-01 11:37:02 - INFO - Sleeping for 3.25 seconds...
2026-02-01 11:37:05 - INFO - Processing property_id: J87871054
2026-02-01 11:37:05 - INFO - 🔤 Detected Alphanumeric ID J87871054 -> calling process
2026-02-01 11:37:08 - INFO - ✅ Fetched page successfully: 200
2026-02-01 11:37:08 - INFO - ✅ window.__initialData__ extracted successfully
2026-02-01 11:37:08 - INFO - ✅ Property node detected
2026-02-01 11:37:08 - INFO - Sleeping for 4.66 seconds...
2026-02-01 11:37:12 - INFO - Processing property_id: P87325342
2026-02-01 11:37:12 - INFO - 🔤 Detected Alphanumeric ID P87325342 -> calling process
2026-02-01 11:37:14 - INFO - ✅ Fetched page successfully: 200
2026-02-01 11:37:14 - INFO - ✅ window.__initialData__ extracted successfully
2026-02-01 11:37:14 - INFO - ✅ Property node detected
2026-02-01 11:37:14 - INFO - Sleeping for 4.19 seconds...
2026-02-01 11:37:18 - INFO - Processing property_id: J80621295
2026-02-01 11:37:18 - INFO - 🔤 Detected Alphanumeric ID J80621295 -> calling process
2026-02-01 11:37:20 - INFO - ✅ Fetched page successfully: 200
2026-02-01 11:37:20 - INFO - ✅ window.__initialData__ extracted successfully
2026-02-01 11:37:20 - INFO - ✅ Property node detected
2026-02-01 11:37:20 - INFO - Sleeping for 2.31 seconds...
2026-02-01 11:37:23 - INFO - Processing property_id: U87072010
2026-02-01 11:37:23 - INFO - 🔤 Detected Alphanumeric ID U87072010 -> calling process
2026-02-01 11:37:24 - INFO - ✅ Fetched page successfully: 200
2026-02-01 11:37:25 - INFO - ✅ window.__initialData__ extracted successfully
2026-02-01 11:37:25 - INFO - ✅ Property node detected
2026-02-01 11:37:25 - INFO - Sleeping for 2.49 seconds...
2026-02-01 11:37:27 - WARNING - 🛑 Rate limit hit (120 requests). Sleeping for 100s...
2026-02-01 11:38:17 - INFO - ▶️ Resuming operations.
2026-02-01 11:38:17 - INFO - Processing property_id: Q87839344
2026-02-01 11:38:17 - INFO - 🔤 Detected Alphanumeric ID Q87839344 -> calling process
2026-02-01 11:38:20 - INFO - ✅ Fetched page successfully: 200
2026-02-01 11:38:20 - INFO - ✅ window.__initialData__ extracted successfully
2026-02-01 11:38:20 - INFO - ✅ Property node detected
2026-02-01 11:38:20 - INFO - Sleeping for 3.13 seconds...
2026-02-01 11:38:23 - INFO - Processing property_id: A84919250
2026-02-01 11:38:23 - INFO - 🔤 Detected Alphanumeric ID A84919250 -> calling process
2026-02-01 11:38:25 - INFO - ✅ Fetched page successfully: 200
2026-02-01 11:38:25 - INFO - ✅ window.__initialData__ extracted successfully
2026-02-01 11:38:25 - INFO - ✅ Property node detected
2026-02-01 11:38:25 - INFO - Sleeping for 4.40 seconds...
2026-02-01 11:38:29 - INFO - Processing property_id: C81643239
2026-02-01 11:38:29 - INFO - 🔤 Detected Alphanumeric ID C81643239 -> calling process
2026-02-01 11:38:31 - INFO - ✅ Fetched page successfully: 200
2026-02-01 11:38:31 - INFO - ✅ window.__initialData__ extracted successfully
2026-02-01 11:38:31 - INFO - ✅ Property node detected
2026-02-01 11:38:31 - INFO - Sleeping for 4.58 seconds...
2026-02-01 11:38:35 - INFO - Processing property_id: N87456068
2026-02-01 11:38:35 - INFO - 🔤 Detected Alphanumeric ID N87456068 -> calling process
2026-02-01 11:38:37 - INFO - ✅ Fetched page successfully: 200
2026-02-01 11:38:37 - INFO - ✅ window.__initialData__ extracted successfully
2026-02-01 11:38:37 - INFO - ✅ Property node detected
2026-02-01 11:38:37 - INFO - Sleeping for 4.30 seconds...
2026-02-01 11:38:42 - INFO - Processing property_id: I83093354
2026-02-01 11:38:42 - INFO - 🔤 Detected Alphanumeric ID I83093354 -> calling process
2026-02-01 11:38:43 - INFO - ✅ Fetched page successfully: 200
2026-02-01 11:38:44 - INFO - ✅ window.__initialData__ extracted successfully
2026-02-01 11:38:44 - INFO - ✅ Property node detected
2026-02-01 11:38:44 - INFO - Sleeping for 3.72 seconds...
2026-02-01 11:38:47 - INFO - Processing property_id: M86882648
2026-02-01 11:38:47 - INFO - 🔤 Detected Alphanumeric ID M86882648 -> calling process
2026-02-01 11:38:49 - INFO - ✅ Fetched page successfully: 200
2026-02-01 11:38:49 - INFO - ✅ window.__initialData__ extracted successfully
2026-02-01 11:38:49 - INFO - ✅ Property node detected
2026-02-01 11:38:49 - INFO - Sleeping for 3.69 seconds...
2026-02-01 11:38:53 - INFO - Processing property_id: Y86937730
2026-02-01 11:38:53 - INFO - 🔤 Detected Alphanumeric ID Y86937730 -> calling process
2026-02-01 11:38:56 - INFO - ✅ Fetched page successfully: 200
2026-02-01 11:38:56 - INFO - ✅ window.__initialData__ extracted successfully
2026-02-01 11:38:56 - INFO - ✅ Property node detected
2026-02-01 11:38:56 - INFO - Sleeping for 2.56 seconds...
2026-02-01 11:38:59 - INFO - Processing property_id: B88175476
2026-02-01 11:38:59 - INFO - 🔤 Detected Alphanumeric ID B88175476 -> calling process
2026-02-01 11:39:01 - INFO - ✅ Fetched page successfully: 200
2026-02-01 11:39:01 - INFO - ✅ window.__initialData__ extracted successfully
2026-02-01 11:39:01 - INFO - ✅ Property node detected
2026-02-01 11:39:01 - INFO - Sleeping for 2.14 seconds...
2026-02-01 11:39:03 - INFO - Processing property_id: S88175898
2026-02-01 11:39:03 - INFO - 🔤 Detected Alphanumeric ID S88175898 -> calling process
2026-02-01 11:39:06 - INFO - ✅ Fetched page successfully: 200
2026-02-01 11:39:06 - INFO - ✅ window.__initialData__ extracted successfully
2026-02-01 11:39:06 - INFO - ✅ Property node detected
2026-02-01 11:39:06 - INFO - Sleeping for 4.85 seconds...
2026-02-01 11:39:07 - INFO - ▶️ Resuming operations.
2026-02-01 11:39:07 - INFO - Processing property_id: K85098076
2026-02-01 11:39:07 - INFO - 🔤 Detected Alphanumeric ID K85098076 -> calling process
2026-02-01 11:39:08 - INFO - ✅ Fetched page successfully: 200
2026-02-01 11:39:08 - INFO - ✅ window.__initialData__ extracted successfully
2026-02-01 11:39:08 - INFO - ✅ Property node detected
2026-02-01 11:39:08 - INFO - Sleeping for 4.19 seconds...
2026-02-01 11:39:11 - INFO - Processing property_id: T88326822
2026-02-01 11:39:11 - INFO - 🔤 Detected Alphanumeric ID T88326822 -> calling process
2026-02-01 11:39:13 - WARNING - 🛑 Rate limit hit (130 requests). Sleeping for 100s...
2026-02-01 11:39:13 - INFO - ✅ Fetched page successfully: 200
2026-02-01 11:39:13 - INFO - ✅ window.__initialData__ extracted successfully
2026-02-01 11:39:13 - INFO - ✅ Property node detected
2026-02-01 11:39:13 - INFO - Sleeping for 2.51 seconds...
2026-02-01 11:39:16 - INFO - Processing property_id: W87714736
2026-02-01 11:39:16 - INFO - 🔤 Detected Alphanumeric ID W87714736 -> calling process
2026-02-01 11:39:18 - INFO - ✅ Fetched page successfully: 200
2026-02-01 11:39:18 - INFO - ✅ window.__initialData__ extracted successfully
2026-02-01 11:39:18 - INFO - ✅ Property node detected
2026-02-01 11:39:18 - INFO - Sleeping for 4.64 seconds...
2026-02-01 11:39:23 - INFO - Processing property_id: Y80061325
2026-02-01 11:39:23 - INFO - 🔤 Detected Alphanumeric ID Y80061325 -> calling process
2026-02-01 11:39:24 - INFO - ✅ Fetched page successfully: 200
2026-02-01 11:39:24 - INFO - ✅ window.__initialData__ extracted successfully
2026-02-01 11:39:24 - INFO - ✅ Property node detected
2026-02-01 11:39:24 - INFO - Sleeping for 4.79 seconds...
2026-02-01 11:39:29 - INFO - Processing property_id: O87607640
2026-02-01 11:39:29 - INFO - 🔤 Detected Alphanumeric ID O87607640 -> calling process
2026-02-01 11:39:30 - INFO - ✅ Fetched page successfully: 200
2026-02-01 11:39:30 - INFO - ✅ window.__initialData__ extracted successfully
2026-02-01 11:39:30 - INFO - ✅ Property node detected
2026-02-01 11:39:30 - INFO - Sleeping for 4.48 seconds...
2026-02-01 11:39:35 - INFO - Processing property_id: O87486978
2026-02-01 11:39:35 - INFO - 🔤 Detected Alphanumeric ID O87486978 -> calling process
2026-02-01 11:39:36 - INFO - ✅ Fetched page successfully: 200
2026-02-01 11:39:36 - INFO - ✅ window.__initialData__ extracted successfully
2026-02-01 11:39:36 - INFO - ✅ Property node detected
2026-02-01 11:39:36 - INFO - Sleeping for 2.76 seconds...
2026-02-01 11:39:39 - INFO - Processing property_id: B87460102
2026-02-01 11:39:39 - INFO - 🔤 Detected Alphanumeric ID B87460102 -> calling process
2026-02-01 11:39:41 - INFO - ✅ Fetched page successfully: 200
2026-02-01 11:39:41 - INFO - ✅ window.__initialData__ extracted successfully
2026-02-01 11:39:41 - INFO - ✅ Property node detected
2026-02-01 11:39:41 - INFO - Sleeping for 2.82 seconds...
2026-02-01 11:39:44 - INFO - Processing property_id: X87113378
2026-02-01 11:39:44 - INFO - 🔤 Detected Alphanumeric ID X87113378 -> calling process
2026-02-01 11:39:45 - INFO - ✅ Fetched page successfully: 200
2026-02-01 11:39:45 - INFO - ✅ window.__initialData__ extracted successfully
2026-02-01 11:39:45 - INFO - ✅ Property node detected
2026-02-01 11:39:45 - INFO - Sleeping for 2.51 seconds...
2026-02-01 11:39:48 - INFO - Processing property_id: M86575014
2026-02-01 11:39:48 - INFO - 🔤 Detected Alphanumeric ID M86575014 -> calling process
2026-02-01 11:39:50 - INFO - ✅ Fetched page successfully: 200
2026-02-01 11:39:50 - INFO - ✅ window.__initialData__ extracted successfully
2026-02-01 11:39:50 - INFO - ✅ Property node detected
2026-02-01 11:39:50 - INFO - Sleeping for 2.85 seconds...
2026-02-01 11:39:53 - INFO - Processing property_id: E87711448
2026-02-01 11:39:53 - INFO - 🔤 Detected Alphanumeric ID E87711448 -> calling process
2026-02-01 11:39:55 - INFO - ✅ Fetched page successfully: 200
2026-02-01 11:39:55 - INFO - ✅ window.__initialData__ extracted successfully
2026-02-01 11:39:55 - INFO - ✅ Property node detected
2026-02-01 11:39:55 - INFO - Sleeping for 2.71 seconds...
2026-02-01 11:39:58 - INFO - Processing property_id: R86938794
2026-02-01 11:39:58 - INFO - 🔤 Detected Alphanumeric ID R86938794 -> calling process
2026-02-01 11:40:00 - INFO - ✅ Fetched page successfully: 200
2026-02-01 11:40:00 - INFO - ✅ window.__initialData__ extracted successfully
2026-02-01 11:40:00 - INFO - ✅ Property node detected
2026-02-01 11:40:00 - INFO - Sleeping for 2.19 seconds...
2026-02-01 11:40:02 - WARNING - 🛑 Rate limit hit (140 requests). Sleeping for 62s...
2026-02-01 11:40:53 - INFO - ▶️ Resuming operations.
2026-02-01 11:40:53 - INFO - Processing property_id: G86864490
2026-02-01 11:40:53 - INFO - 🔤 Detected Alphanumeric ID G86864490 -> calling process
2026-02-01 11:40:53 - INFO - ✅ Fetched page successfully: 200
2026-02-01 11:40:53 - INFO - ✅ window.__initialData__ extracted successfully
2026-02-01 11:40:53 - ERROR - ❌ Property data node not found in extracted JSON
2026-02-01 11:40:53 - INFO - Sleeping for 2.89 seconds...
2026-02-01 11:40:56 - INFO - Processing property_id: R88160560
2026-02-01 11:40:56 - INFO - 🔤 Detected Alphanumeric ID R88160560 -> calling process
2026-02-01 11:40:57 - INFO - ✅ Fetched page successfully: 200
2026-02-01 11:40:57 - INFO - ✅ window.__initialData__ extracted successfully
2026-02-01 11:40:57 - ERROR - ❌ Property data node not found in extracted JSON
2026-02-01 11:40:57 - INFO - Sleeping for 2.53 seconds...
2026-02-01 11:41:00 - INFO - Processing property_id: D87213480
2026-02-01 11:41:00 - INFO - 🔤 Detected Alphanumeric ID D87213480 -> calling process
2026-02-01 11:41:01 - INFO - ✅ Fetched page successfully: 200
2026-02-01 11:41:01 - INFO - ✅ window.__initialData__ extracted successfully
2026-02-01 11:41:01 - ERROR - ❌ Property data node not found in extracted JSON
2026-02-01 11:41:01 - INFO - Sleeping for 2.71 seconds...
2026-02-01 11:41:03 - INFO - Processing property_id: C85832972
2026-02-01 11:41:03 - INFO - 🔤 Detected Alphanumeric ID C85832972 -> calling process
2026-02-01 11:41:04 - INFO - ▶️ Resuming operations.
2026-02-01 11:41:04 - INFO - Processing property_id: T87352182
2026-02-01 11:41:04 - INFO - 🔤 Detected Alphanumeric ID T87352182 -> calling process
2026-02-01 11:41:04 - INFO - ✅ Fetched page successfully: 200
2026-02-01 11:41:04 - INFO - ✅ window.__initialData__ extracted successfully
2026-02-01 11:41:04 - ERROR - ❌ Property data node not found in extracted JSON
2026-02-01 11:41:04 - INFO - Sleeping for 2.20 seconds...
2026-02-01 11:41:05 - INFO - ✅ Fetched page successfully: 200
2026-02-01 11:41:05 - INFO - ✅ window.__initialData__ extracted successfully
2026-02-01 11:41:05 - ERROR - ❌ Property data node not found in extracted JSON
2026-02-01 11:41:05 - INFO - Sleeping for 3.61 seconds...
2026-02-01 11:41:07 - INFO - Processing property_id: E87617908
2026-02-01 11:41:07 - INFO - 🔤 Detected Alphanumeric ID E87617908 -> calling process
2026-02-01 11:41:07 - INFO - ✅ Fetched page successfully: 200
2026-02-01 11:41:07 - INFO - ✅ window.__initialData__ extracted successfully
2026-02-01 11:41:07 - ERROR - ❌ Property data node not found in extracted JSON
2026-02-01 11:41:07 - INFO - Sleeping for 4.70 seconds...
2026-02-01 11:41:09 - INFO - Processing property_id: J87392158
2026-02-01 11:41:09 - INFO - 🔤 Detected Alphanumeric ID J87392158 -> calling process
2026-02-01 11:41:10 - INFO - ✅ Fetched page successfully: 200
2026-02-01 11:41:10 - INFO - ✅ window.__initialData__ extracted successfully
2026-02-01 11:41:10 - ERROR - ❌ Property data node not found in extracted JSON
2026-02-01 11:41:10 - INFO - Sleeping for 3.58 seconds...
2026-02-01 11:41:12 - INFO - Processing property_id: J72455640
2026-02-01 11:41:12 - INFO - 🔤 Detected Alphanumeric ID J72455640 -> calling process
2026-02-01 11:41:13 - INFO - ✅ Fetched page successfully: 200
2026-02-01 11:41:13 - INFO - ✅ window.__initialData__ extracted successfully
2026-02-01 11:41:13 - ERROR - ❌ Property data node not found in extracted JSON
2026-02-01 11:41:13 - INFO - Sleeping for 3.11 seconds...
2026-02-01 11:41:13 - INFO - Processing property_id: F87036534
2026-02-01 11:41:13 - INFO - 🔤 Detected Alphanumeric ID F87036534 -> calling process
2026-02-01 11:41:14 - INFO - ✅ Fetched page successfully: 200
2026-02-01 11:41:14 - INFO - ✅ window.__initialData__ extracted successfully
2026-02-01 11:41:14 - ERROR - ❌ Property data node not found in extracted JSON
2026-02-01 11:41:14 - INFO - Sleeping for 4.01 seconds...
2026-02-01 11:41:16 - INFO - Processing property_id: I86933564
2026-02-01 11:41:16 - INFO - 🔤 Detected Alphanumeric ID I86933564 -> calling process
2026-02-01 11:41:17 - INFO - ✅ Fetched page successfully: 200
2026-02-01 11:41:17 - INFO - ✅ window.__initialData__ extracted successfully
2026-02-01 11:41:17 - ERROR - ❌ Property data node not found in extracted JSON
2026-02-01 11:41:17 - INFO - Sleeping for 2.25 seconds...
2026-02-01 11:41:18 - INFO - Processing property_id: I87550770
2026-02-01 11:41:18 - INFO - 🔤 Detected Alphanumeric ID I87550770 -> calling process
2026-02-01 11:41:19 - WARNING - 🛑 Rate limit hit (150 requests). Sleeping for 91s...
2026-02-01 11:41:20 - INFO - ✅ Fetched page successfully: 200
2026-02-01 11:41:20 - INFO - ✅ window.__initialData__ extracted successfully
2026-02-01 11:41:20 - ERROR - ❌ Property data node not found in extracted JSON
2026-02-01 11:41:20 - INFO - Sleeping for 4.69 seconds...
2026-02-01 11:43:09 - INFO - Successfully read 1627 listing IDs
2026-02-01 11:43:10 - INFO - Total: 1627 | Done: 648 | New: 979
2026-02-01 11:43:10 - INFO - 🚀 Starting multithreaded extraction for 979 projects with 2 workers...
2026-02-01 11:43:10 - INFO - Processing property_id: O87392528
2026-02-01 11:43:10 - INFO - 🔤 Detected Alphanumeric ID O87392528 -> calling process
2026-02-01 11:43:10 - INFO - Processing property_id: C86307236
2026-02-01 11:43:10 - INFO - 🔤 Detected Alphanumeric ID C86307236 -> calling process
2026-02-01 11:43:11 - INFO - ✅ Fetched page successfully: 200
2026-02-01 11:43:11 - INFO - ✅ window.__initialData__ extracted successfully
2026-02-01 11:43:11 - ERROR - ❌ Property data node not found in extracted JSON
2026-02-01 11:43:11 - INFO - Sleeping for 2.82 seconds...
2026-02-01 11:43:12 - INFO - ✅ Fetched page successfully: 200
2026-02-01 11:43:12 - INFO - ✅ window.__initialData__ extracted successfully
2026-02-01 11:43:12 - ERROR - ❌ Property data node not found in extracted JSON
2026-02-01 11:43:12 - INFO - Sleeping for 4.86 seconds...
2026-02-01 11:43:14 - INFO - Processing property_id: S86314112
2026-02-01 11:43:14 - INFO - 🔤 Detected Alphanumeric ID S86314112 -> calling process
2026-02-01 11:43:16 - INFO - ✅ Fetched page successfully: 200
2026-02-01 11:43:16 - INFO - ✅ window.__initialData__ extracted successfully
2026-02-01 11:43:16 - ERROR - ❌ Property data node not found in extracted JSON
2026-02-01 11:43:16 - INFO - Sleeping for 3.75 seconds...
2026-02-01 11:43:16 - INFO - Processing property_id: 402372
2026-02-01 11:43:16 - INFO - 🔢 Detected Numeric ID 402372 -> calling process_single_project
2026-02-01 11:43:16 - INFO - Fetching details for project ID: 402372
2026-02-01 11:43:20 - INFO - Processing property_id: 438033
2026-02-01 11:43:20 - INFO - 🔢 Detected Numeric ID 438033 -> calling process_single_project
2026-02-01 11:43:20 - INFO - Fetching details for project ID: 438033
2026-02-01 11:43:32 - ERROR - Error fetching project details: HTTPSConnectionPool(host='www.99acres.com', port=443): Read timed out. (read timeout=15)
2026-02-01 11:43:32 - INFO - Sleeping for 4.51 seconds...
2026-02-01 11:43:35 - ERROR - Error fetching project details: HTTPSConnectionPool(host='www.99acres.com', port=443): Read timed out. (read timeout=15)
2026-02-01 11:43:35 - INFO - Sleeping for 4.49 seconds...
2026-02-01 11:43:37 - INFO - Processing property_id: 403383
2026-02-01 11:43:37 - INFO - 🔢 Detected Numeric ID 403383 -> calling process_single_project
2026-02-01 11:43:37 - INFO - Fetching details for project ID: 403383
2026-02-01 11:43:40 - INFO - Processing property_id: N86412070
2026-02-01 11:43:40 - INFO - 🔤 Detected Alphanumeric ID N86412070 -> calling process
2026-02-01 11:43:41 - INFO - ✅ Fetched page successfully: 200
2026-02-01 11:43:42 - INFO - ✅ window.__initialData__ extracted successfully
2026-02-01 11:43:42 - ERROR - ❌ Property data node not found in extracted JSON
2026-02-01 11:43:42 - INFO - Sleeping for 3.10 seconds...
2026-02-01 11:43:45 - INFO - Processing property_id: K86402970
2026-02-01 11:43:45 - INFO - 🔤 Detected Alphanumeric ID K86402970 -> calling process
2026-02-01 11:43:47 - INFO - ✅ Fetched page successfully: 200
2026-02-01 11:43:47 - INFO - ✅ window.__initialData__ extracted successfully
2026-02-01 11:43:47 - ERROR - ❌ Property data node not found in extracted JSON
2026-02-01 11:43:47 - INFO - Sleeping for 3.48 seconds...
2026-02-01 11:43:51 - INFO - Processing property_id: G86864490
2026-02-01 11:43:51 - INFO - 🔤 Detected Alphanumeric ID G86864490 -> calling process
2026-02-01 11:43:52 - ERROR - Error fetching project details: HTTPSConnectionPool(host='www.99acres.com', port=443): Read timed out. (read timeout=15)
2026-02-01 11:43:52 - INFO - Sleeping for 4.45 seconds...
2026-02-01 11:43:53 - INFO - ✅ Fetched page successfully: 200
2026-02-01 11:43:53 - INFO - ✅ window.__initialData__ extracted successfully
2026-02-01 11:43:53 - INFO - ✅ Property node detected
2026-02-01 11:43:53 - INFO - Sleeping for 2.52 seconds...
2026-02-01 11:43:55 - WARNING - 🛑 Rate limit hit (10 requests). Sleeping for 119s...
2026-02-01 11:43:57 - INFO - Processing property_id: R88160560
2026-02-01 11:43:57 - INFO - 🔤 Detected Alphanumeric ID R88160560 -> calling process
2026-02-01 11:43:59 - INFO - ✅ Fetched page successfully: 200
2026-02-01 11:43:59 - INFO - ✅ window.__initialData__ extracted successfully
2026-02-01 11:43:59 - INFO - ✅ Property node detected
2026-02-01 11:43:59 - INFO - Sleeping for 2.18 seconds...
2026-02-01 11:44:01 - INFO - Processing property_id: D87213480
2026-02-01 11:44:01 - INFO - 🔤 Detected Alphanumeric ID D87213480 -> calling process
2026-02-01 11:44:03 - INFO - ✅ Fetched page successfully: 200
2026-02-01 11:44:03 - INFO - ✅ window.__initialData__ extracted successfully
2026-02-01 11:44:03 - INFO - ✅ Property node detected
2026-02-01 11:44:03 - INFO - Sleeping for 3.54 seconds...
2026-02-01 11:44:06 - INFO - Processing property_id: C85832972
2026-02-01 11:44:06 - INFO - 🔤 Detected Alphanumeric ID C85832972 -> calling process
2026-02-01 11:44:08 - INFO - ✅ Fetched page successfully: 200
2026-02-01 11:44:08 - INFO - ✅ window.__initialData__ extracted successfully
2026-02-01 11:44:08 - INFO - ✅ Property node detected
2026-02-01 11:44:08 - INFO - Sleeping for 4.79 seconds...
2026-02-01 11:44:13 - INFO - Processing property_id: E87617908
2026-02-01 11:44:13 - INFO - 🔤 Detected Alphanumeric ID E87617908 -> calling process
2026-02-01 11:44:15 - INFO - ✅ Fetched page successfully: 200
2026-02-01 11:44:15 - INFO - ✅ window.__initialData__ extracted successfully
2026-02-01 11:44:15 - INFO - ✅ Property node detected
2026-02-01 11:44:15 - INFO - Sleeping for 4.20 seconds...
2026-02-01 11:44:19 - INFO - Processing property_id: J87392158
2026-02-01 11:44:19 - INFO - 🔤 Detected Alphanumeric ID J87392158 -> calling process
2026-02-01 11:44:21 - INFO - ✅ Fetched page successfully: 200
2026-02-01 11:44:21 - INFO - ✅ window.__initialData__ extracted successfully
2026-02-01 11:44:21 - INFO - ✅ Property node detected
2026-02-01 11:44:21 - INFO - Sleeping for 2.60 seconds...
2026-02-01 11:44:23 - INFO - Processing property_id: J72455640
2026-02-01 11:44:23 - INFO - 🔤 Detected Alphanumeric ID J72455640 -> calling process
2026-02-01 11:44:26 - INFO - ✅ Fetched page successfully: 200
2026-02-01 11:44:26 - INFO - ✅ window.__initialData__ extracted successfully
2026-02-01 11:44:26 - INFO - ✅ Property node detected
2026-02-01 11:44:26 - INFO - Sleeping for 3.48 seconds...
2026-02-01 11:44:29 - INFO - Processing property_id: F87036534
2026-02-01 11:44:29 - INFO - 🔤 Detected Alphanumeric ID F87036534 -> calling process
2026-02-01 11:44:32 - INFO - ✅ Fetched page successfully: 200
2026-02-01 11:44:32 - INFO - ✅ window.__initialData__ extracted successfully
2026-02-01 11:44:32 - INFO - ✅ Property node detected
2026-02-01 11:44:32 - INFO - Sleeping for 4.89 seconds...
2026-02-01 11:44:37 - INFO - Processing property_id: I86933564
2026-02-01 11:44:37 - INFO - 🔤 Detected Alphanumeric ID I86933564 -> calling process
2026-02-01 11:44:38 - INFO - ✅ Fetched page successfully: 200
2026-02-01 11:44:38 - INFO - ✅ window.__initialData__ extracted successfully
2026-02-01 11:44:38 - INFO - ✅ Property node detected
2026-02-01 11:44:38 - INFO - Sleeping for 2.88 seconds...
2026-02-01 11:44:41 - INFO - Processing property_id: I87550770
2026-02-01 11:44:41 - INFO - 🔤 Detected Alphanumeric ID I87550770 -> calling process
2026-02-01 11:44:43 - INFO - ✅ Fetched page successfully: 200
2026-02-01 11:44:43 - INFO - ✅ window.__initialData__ extracted successfully
2026-02-01 11:44:43 - INFO - ✅ Property node detected
2026-02-01 11:44:43 - INFO - Sleeping for 4.20 seconds...
2026-02-01 11:44:47 - WARNING - 🛑 Rate limit hit (20 requests). Sleeping for 64s...
2026-02-01 11:45:51 - INFO - ▶️ Resuming operations.
2026-02-01 11:45:51 - INFO - Processing property_id: B87052126
2026-02-01 11:45:51 - INFO - 🔤 Detected Alphanumeric ID B87052126 -> calling process
2026-02-01 11:45:52 - INFO - ✅ Fetched page successfully: 200
2026-02-01 11:45:53 - INFO - ✅ window.__initialData__ extracted successfully
2026-02-01 11:45:53 - INFO - ✅ Property node detected
2026-02-01 11:45:53 - INFO - Sleeping for 2.86 seconds...
2026-02-01 11:45:54 - INFO - ▶️ Resuming operations.
2026-02-01 11:45:54 - INFO - Processing property_id: T87352182
2026-02-01 11:45:54 - INFO - 🔤 Detected Alphanumeric ID T87352182 -> calling process
2026-02-01 11:45:55 - INFO - Processing property_id: V84650782
2026-02-01 11:45:55 - INFO - 🔤 Detected Alphanumeric ID V84650782 -> calling process
2026-02-01 11:45:56 - INFO - ✅ Fetched page successfully: 200
2026-02-01 11:45:56 - INFO - ✅ window.__initialData__ extracted successfully
2026-02-01 11:45:56 - INFO - ✅ Property node detected
2026-02-01 11:45:56 - INFO - Sleeping for 2.75 seconds...
2026-02-01 11:45:57 - INFO - ✅ Fetched page successfully: 200
2026-02-01 11:45:57 - INFO - ✅ window.__initialData__ extracted successfully
2026-02-01 11:45:57 - INFO - ✅ Property node detected
2026-02-01 11:45:57 - INFO - Sleeping for 4.64 seconds...
2026-02-01 11:45:59 - INFO - Processing property_id: S84717730
2026-02-01 11:45:59 - INFO - 🔤 Detected Alphanumeric ID S84717730 -> calling process
2026-02-01 11:46:00 - INFO - ✅ Fetched page successfully: 200
2026-02-01 11:46:00 - INFO - ✅ window.__initialData__ extracted successfully
2026-02-01 11:46:00 - INFO - ✅ Property node detected
2026-02-01 11:46:00 - INFO - Sleeping for 2.73 seconds...
2026-02-01 11:46:02 - INFO - Processing property_id: B84153212
2026-02-01 11:46:02 - INFO - 🔤 Detected Alphanumeric ID B84153212 -> calling process
2026-02-01 11:46:03 - INFO - Processing property_id: F86624238
2026-02-01 11:46:03 - INFO - 🔤 Detected Alphanumeric ID F86624238 -> calling process
2026-02-01 11:46:04 - INFO - ✅ Fetched page successfully: 200
2026-02-01 11:46:04 - INFO - ✅ window.__initialData__ extracted successfully
2026-02-01 11:46:04 - INFO - ✅ Property node detected
2026-02-01 11:46:04 - INFO - Sleeping for 2.44 seconds...
2026-02-01 11:46:05 - INFO - ✅ Fetched page successfully: 200
2026-02-01 11:46:05 - INFO - ✅ window.__initialData__ extracted successfully
2026-02-01 11:46:05 - INFO - ✅ Property node detected
2026-02-01 11:46:05 - INFO - Sleeping for 2.23 seconds...
2026-02-01 11:46:06 - INFO - Processing property_id: X86518976
2026-02-01 11:46:06 - INFO - 🔤 Detected Alphanumeric ID X86518976 -> calling process
2026-02-01 11:46:07 - INFO - Processing property_id: G87697338
2026-02-01 11:46:07 - INFO - 🔤 Detected Alphanumeric ID G87697338 -> calling process
2026-02-01 11:46:09 - INFO - ✅ Fetched page successfully: 200
2026-02-01 11:46:09 - INFO - ✅ window.__initialData__ extracted successfully
2026-02-01 11:46:09 - INFO - ✅ Property node detected
2026-02-01 11:46:09 - INFO - Sleeping for 2.60 seconds...
2026-02-01 11:46:10 - INFO - ✅ Fetched page successfully: 200
2026-02-01 11:46:10 - INFO - ✅ window.__initialData__ extracted successfully
2026-02-01 11:46:10 - INFO - ✅ Property node detected
2026-02-01 11:46:10 - INFO - Sleeping for 4.52 seconds...
2026-02-01 11:46:11 - INFO - Processing property_id: O86467414
2026-02-01 11:46:11 - INFO - 🔤 Detected Alphanumeric ID O86467414 -> calling process
2026-02-01 11:46:13 - INFO - ✅ Fetched page successfully: 200
2026-02-01 11:46:13 - INFO - ✅ window.__initialData__ extracted successfully
2026-02-01 11:46:13 - INFO - ✅ Property node detected
2026-02-01 11:46:13 - INFO - Sleeping for 4.13 seconds...
2026-02-01 11:46:15 - INFO - Processing property_id: Q87936400
2026-02-01 11:46:15 - INFO - 🔤 Detected Alphanumeric ID Q87936400 -> calling process
2026-02-01 11:46:17 - INFO - Processing property_id: B86812964
2026-02-01 11:46:17 - INFO - 🔤 Detected Alphanumeric ID B86812964 -> calling process
2026-02-01 11:46:17 - INFO - ✅ Fetched page successfully: 200
2026-02-01 11:46:18 - INFO - ✅ window.__initialData__ extracted successfully
2026-02-01 11:46:18 - INFO - ✅ Property node detected
2026-02-01 11:46:18 - INFO - Sleeping for 2.95 seconds...
2026-02-01 11:46:19 - INFO - ✅ Fetched page successfully: 200
2026-02-01 11:46:19 - INFO - ✅ window.__initialData__ extracted successfully
2026-02-01 11:46:19 - INFO - ✅ Property node detected
2026-02-01 11:46:19 - INFO - Sleeping for 3.33 seconds...
2026-02-01 11:46:20 - WARNING - 🛑 Rate limit hit (30 requests). Sleeping for 101s...
2026-02-01 11:46:22 - INFO - Processing property_id: B86664366
2026-02-01 11:46:22 - INFO - 🔤 Detected Alphanumeric ID B86664366 -> calling process
2026-02-01 11:46:25 - INFO - ✅ Fetched page successfully: 200
2026-02-01 11:46:25 - INFO - ✅ window.__initialData__ extracted successfully
2026-02-01 11:46:25 - INFO - ✅ Property node detected
2026-02-01 11:46:25 - INFO - Sleeping for 2.84 seconds...
2026-02-01 11:46:28 - INFO - Processing property_id: M88194922
2026-02-01 11:46:28 - INFO - 🔤 Detected Alphanumeric ID M88194922 -> calling process
2026-02-01 11:46:30 - INFO - ✅ Fetched page successfully: 200
2026-02-01 11:46:30 - INFO - ✅ window.__initialData__ extracted successfully
2026-02-01 11:46:30 - INFO - ✅ Property node detected
2026-02-01 11:46:30 - INFO - Sleeping for 3.42 seconds...
2026-02-01 11:46:33 - INFO - Processing property_id: D64923474
2026-02-01 11:46:33 - INFO - 🔤 Detected Alphanumeric ID D64923474 -> calling process
2026-02-01 11:46:34 - INFO - ✅ Fetched page successfully: 200
2026-02-01 11:46:35 - INFO - ✅ window.__initialData__ extracted successfully
2026-02-01 11:46:35 - INFO - ✅ Property node detected
2026-02-01 11:46:35 - INFO - Sleeping for 3.60 seconds...
2026-02-01 11:46:38 - INFO - Processing property_id: U87877010
2026-02-01 11:46:38 - INFO - 🔤 Detected Alphanumeric ID U87877010 -> calling process
2026-02-01 11:46:39 - INFO - ✅ Fetched page successfully: 200
2026-02-01 11:46:40 - INFO - ✅ window.__initialData__ extracted successfully
2026-02-01 11:46:40 - INFO - ✅ Property node detected
2026-02-01 11:46:40 - INFO - Sleeping for 2.69 seconds...
2026-02-01 11:46:42 - INFO - Processing property_id: J86959580
2026-02-01 11:46:42 - INFO - 🔤 Detected Alphanumeric ID J86959580 -> calling process
2026-02-01 11:46:44 - INFO - ✅ Fetched page successfully: 200
2026-02-01 11:46:44 - INFO - ✅ window.__initialData__ extracted successfully
2026-02-01 11:46:44 - INFO - ✅ Property node detected
2026-02-01 11:46:44 - INFO - Sleeping for 3.04 seconds...
2026-02-01 11:46:47 - INFO - Processing property_id: X87567152
2026-02-01 11:46:47 - INFO - 🔤 Detected Alphanumeric ID X87567152 -> calling process
2026-02-01 11:46:48 - INFO - ✅ Fetched page successfully: 200
2026-02-01 11:46:48 - INFO - ✅ window.__initialData__ extracted successfully
2026-02-01 11:46:48 - INFO - ✅ Property node detected
2026-02-01 11:46:49 - INFO - Sleeping for 3.75 seconds...
2026-02-01 11:46:52 - INFO - Processing property_id: M86441502
2026-02-01 11:46:52 - INFO - 🔤 Detected Alphanumeric ID M86441502 -> calling process
2026-02-01 11:46:54 - INFO - ✅ Fetched page successfully: 200
2026-02-01 11:46:54 - INFO - ✅ window.__initialData__ extracted successfully
2026-02-01 11:46:54 - INFO - ✅ Property node detected
2026-02-01 11:46:54 - INFO - Sleeping for 4.98 seconds...
2026-02-01 11:46:59 - INFO - Processing property_id: U83848214
2026-02-01 11:46:59 - INFO - 🔤 Detected Alphanumeric ID U83848214 -> calling process
2026-02-01 11:47:01 - INFO - ✅ Fetched page successfully: 200
2026-02-01 11:47:01 - INFO - ✅ window.__initialData__ extracted successfully
2026-02-01 11:47:01 - INFO - ✅ Property node detected
2026-02-01 11:47:01 - INFO - Sleeping for 3.18 seconds...
2026-02-01 11:47:04 - INFO - Processing property_id: L87608464
2026-02-01 11:47:04 - INFO - 🔤 Detected Alphanumeric ID L87608464 -> calling process
2026-02-01 11:47:05 - INFO - ✅ Fetched page successfully: 200
2026-02-01 11:47:05 - INFO - ✅ window.__initialData__ extracted successfully
2026-02-01 11:47:05 - INFO - ✅ Property node detected
2026-02-01 11:47:05 - INFO - Sleeping for 2.35 seconds...
2026-02-01 11:47:08 - WARNING - 🛑 Rate limit hit (40 requests). Sleeping for 108s...
2026-02-01 11:48:01 - INFO - ▶️ Resuming operations.
2026-02-01 11:48:01 - INFO - Processing property_id: W86709270
2026-02-01 11:48:01 - INFO - 🔤 Detected Alphanumeric ID W86709270 -> calling process
2026-02-01 11:48:03 - INFO - ✅ Fetched page successfully: 200
2026-02-01 11:48:03 - INFO - ✅ window.__initialData__ extracted successfully
2026-02-01 11:48:03 - INFO - ✅ Property node detected
2026-02-01 11:48:03 - INFO - Sleeping for 4.68 seconds...
2026-02-01 11:48:08 - INFO - Processing property_id: Q88414610
2026-02-01 11:48:08 - INFO - 🔤 Detected Alphanumeric ID Q88414610 -> calling process
2026-02-01 11:48:10 - INFO - ✅ Fetched page successfully: 200
2026-02-01 11:48:10 - INFO - ✅ window.__initialData__ extracted successfully
2026-02-01 11:48:10 - INFO - ✅ Property node detected
2026-02-01 11:48:10 - INFO - Sleeping for 3.13 seconds...
2026-02-01 11:48:13 - INFO - Processing property_id: R81488227
2026-02-01 11:48:13 - INFO - 🔤 Detected Alphanumeric ID R81488227 -> calling process
2026-02-01 11:48:15 - INFO - ✅ Fetched page successfully: 200
2026-02-01 11:48:15 - INFO - ✅ window.__initialData__ extracted successfully
2026-02-01 11:48:15 - INFO - ✅ Property node detected
2026-02-01 11:48:15 - INFO - Sleeping for 4.57 seconds...
2026-02-01 11:48:20 - INFO - Processing property_id: C87791580
2026-02-01 11:48:20 - INFO - 🔤 Detected Alphanumeric ID C87791580 -> calling process
2026-02-01 11:48:22 - INFO - ✅ Fetched page successfully: 200
2026-02-01 11:48:22 - INFO - ✅ window.__initialData__ extracted successfully
2026-02-01 11:48:22 - INFO - ✅ Property node detected
2026-02-01 11:48:22 - INFO - Sleeping for 4.57 seconds...
2026-02-01 11:48:26 - INFO - Processing property_id: D87855578
2026-02-01 11:48:26 - INFO - 🔤 Detected Alphanumeric ID D87855578 -> calling process
2026-02-01 11:48:28 - INFO - ✅ Fetched page successfully: 200
2026-02-01 11:48:28 - INFO - ✅ window.__initialData__ extracted successfully
2026-02-01 11:48:28 - INFO - ✅ Property node detected
2026-02-01 11:48:28 - INFO - Sleeping for 2.52 seconds...
2026-02-01 11:48:31 - INFO - Processing property_id: L87215004
2026-02-01 11:48:31 - INFO - 🔤 Detected Alphanumeric ID L87215004 -> calling process
2026-02-01 11:48:33 - INFO - ✅ Fetched page successfully: 200
2026-02-01 11:48:33 - INFO - ✅ window.__initialData__ extracted successfully
2026-02-01 11:48:33 - INFO - ✅ Property node detected
2026-02-01 11:48:33 - INFO - Sleeping for 2.79 seconds...
2026-02-01 11:48:36 - INFO - Processing property_id: C87095710
2026-02-01 11:48:36 - INFO - 🔤 Detected Alphanumeric ID C87095710 -> calling process
2026-02-01 11:48:37 - INFO - ✅ Fetched page successfully: 200
2026-02-01 11:48:37 - INFO - ✅ window.__initialData__ extracted successfully
2026-02-01 11:48:37 - INFO - ✅ Property node detected
2026-02-01 11:48:37 - INFO - Sleeping for 3.63 seconds...
2026-02-01 11:48:41 - INFO - Processing property_id: K88243388
2026-02-01 11:48:41 - INFO - 🔤 Detected Alphanumeric ID K88243388 -> calling process
2026-02-01 11:48:43 - INFO - ✅ Fetched page successfully: 200
2026-02-01 11:48:43 - INFO - ✅ window.__initialData__ extracted successfully
2026-02-01 11:48:43 - INFO - ✅ Property node detected
2026-02-01 11:48:43 - INFO - Sleeping for 4.10 seconds...
2026-02-01 11:48:47 - INFO - Processing property_id: U88319020
2026-02-01 11:48:47 - INFO - 🔤 Detected Alphanumeric ID U88319020 -> calling process
2026-02-01 11:48:50 - INFO - ✅ Fetched page successfully: 200
2026-02-01 11:48:50 - INFO - ✅ window.__initialData__ extracted successfully
2026-02-01 11:48:50 - INFO - ✅ Property node detected
2026-02-01 11:48:50 - INFO - Sleeping for 2.08 seconds...
2026-02-01 11:48:52 - INFO - Processing property_id: F87392686
2026-02-01 11:48:52 - INFO - 🔤 Detected Alphanumeric ID F87392686 -> calling process
2026-02-01 11:48:54 - INFO - ✅ Fetched page successfully: 200
2026-02-01 11:48:54 - INFO - ✅ window.__initialData__ extracted successfully
2026-02-01 11:48:54 - INFO - ✅ Property node detected
2026-02-01 11:48:54 - INFO - Sleeping for 2.14 seconds...
2026-02-01 11:48:56 - INFO - ▶️ Resuming operations.
2026-02-01 11:48:56 - INFO - Processing property_id: Y87263932
2026-02-01 11:48:56 - INFO - 🔤 Detected Alphanumeric ID Y87263932 -> calling process
2026-02-01 11:48:56 - WARNING - 🛑 Rate limit hit (50 requests). Sleeping for 111s...
2026-02-01 11:48:58 - INFO - ✅ Fetched page successfully: 200
2026-02-01 11:48:58 - INFO - ✅ window.__initialData__ extracted successfully
2026-02-01 11:48:58 - INFO - ✅ Property node detected
2026-02-01 11:48:58 - INFO - Sleeping for 2.93 seconds...
2026-02-01 11:49:01 - INFO - Processing property_id: I85984342
2026-02-01 11:49:01 - INFO - 🔤 Detected Alphanumeric ID I85984342 -> calling process
2026-02-01 11:49:03 - INFO - ✅ Fetched page successfully: 200
2026-02-01 11:49:03 - INFO - ✅ window.__initialData__ extracted successfully
2026-02-01 11:49:03 - ERROR - ❌ Property data node not found in extracted JSON
2026-02-01 11:49:04 - INFO - Sleeping for 3.80 seconds...
2026-02-01 11:49:07 - INFO - Processing property_id: Z86754060
2026-02-01 11:49:07 - INFO - 🔤 Detected Alphanumeric ID Z86754060 -> calling process
2026-02-01 11:49:09 - INFO - ✅ Fetched page successfully: 200
2026-02-01 11:49:09 - INFO - ✅ window.__initialData__ extracted successfully
2026-02-01 11:49:09 - INFO - ✅ Property node detected
2026-02-01 11:49:09 - INFO - Sleeping for 2.00 seconds...
2026-02-01 11:49:11 - INFO - Processing property_id: H87067530
2026-02-01 11:49:11 - INFO - 🔤 Detected Alphanumeric ID H87067530 -> calling process
2026-02-01 11:49:12 - INFO - ✅ Fetched page successfully: 200
2026-02-01 11:49:12 - INFO - ✅ window.__initialData__ extracted successfully
2026-02-01 11:49:12 - INFO - ✅ Property node detected
2026-02-01 11:49:12 - INFO - Sleeping for 4.95 seconds...
2026-02-01 11:49:17 - INFO - Processing property_id: G86818964
2026-02-01 11:49:17 - INFO - 🔤 Detected Alphanumeric ID G86818964 -> calling process
2026-02-01 11:49:19 - INFO - ✅ Fetched page successfully: 200
2026-02-01 11:49:20 - INFO - ✅ window.__initialData__ extracted successfully
2026-02-01 11:49:20 - INFO - ✅ Property node detected
2026-02-01 11:49:20 - INFO - Sleeping for 2.98 seconds...
2026-02-01 11:49:22 - INFO - Processing property_id: B82896302
2026-02-01 11:49:22 - INFO - 🔤 Detected Alphanumeric ID B82896302 -> calling process
2026-02-01 11:49:25 - INFO - ✅ Fetched page successfully: 200
2026-02-01 11:49:25 - INFO - ✅ window.__initialData__ extracted successfully
2026-02-01 11:49:25 - INFO - ✅ Property node detected
2026-02-01 11:49:25 - INFO - Sleeping for 4.50 seconds...
2026-02-01 11:49:29 - INFO - Processing property_id: T86631464
2026-02-01 11:49:29 - INFO - 🔤 Detected Alphanumeric ID T86631464 -> calling process
2026-02-01 11:49:38 - INFO - ✅ Fetched page successfully: 200
2026-02-01 11:49:38 - INFO - ✅ window.__initialData__ extracted successfully
2026-02-01 11:49:38 - INFO - ✅ Property node detected
2026-02-01 11:49:38 - INFO - Sleeping for 3.59 seconds...
2026-02-01 11:49:41 - INFO - Processing property_id: O87905220
2026-02-01 11:49:41 - INFO - 🔤 Detected Alphanumeric ID O87905220 -> calling process
2026-02-01 11:49:44 - INFO - ✅ Fetched page successfully: 200
2026-02-01 11:49:44 - INFO - ✅ window.__initialData__ extracted successfully
2026-02-01 11:49:44 - INFO - ✅ Property node detected
2026-02-01 11:49:44 - INFO - Sleeping for 3.99 seconds...
2026-02-01 11:49:48 - INFO - Processing property_id: 442625
2026-02-01 11:49:48 - INFO - 🔢 Detected Numeric ID 442625 -> calling process_single_project
2026-02-01 11:49:48 - INFO - Fetching details for project ID: 442625
2026-02-01 11:50:04 - ERROR - Error fetching project details: HTTPSConnectionPool(host='www.99acres.com', port=443): Read timed out. (read timeout=15)
2026-02-01 11:50:04 - INFO - Sleeping for 3.12 seconds...
2026-02-01 11:50:07 - INFO - Processing property_id: C88131316
2026-02-01 11:50:07 - INFO - 🔤 Detected Alphanumeric ID C88131316 -> calling process
2026-02-01 11:50:09 - INFO - ✅ Fetched page successfully: 200
2026-02-01 11:50:09 - INFO - ✅ window.__initialData__ extracted successfully
2026-02-01 11:50:09 - INFO - ✅ Property node detected
2026-02-01 11:50:09 - INFO - Sleeping for 4.90 seconds...
2026-02-01 11:50:14 - WARNING - 🛑 Rate limit hit (60 requests). Sleeping for 74s...
2026-02-01 11:50:47 - INFO - ▶️ Resuming operations.
2026-02-01 11:50:47 - INFO - Processing property_id: T87513938
2026-02-01 11:50:47 - INFO - 🔤 Detected Alphanumeric ID T87513938 -> calling process
2026-02-01 11:50:49 - INFO - ✅ Fetched page successfully: 200
2026-02-01 11:50:50 - INFO - ✅ window.__initialData__ extracted successfully
2026-02-01 11:50:50 - INFO - ✅ Property node detected
2026-02-01 11:50:50 - INFO - Sleeping for 2.96 seconds...
2026-02-01 11:50:52 - INFO - Processing property_id: Y87366224
2026-02-01 11:50:52 - INFO - 🔤 Detected Alphanumeric ID Y87366224 -> calling process
2026-02-01 11:50:54 - INFO - ✅ Fetched page successfully: 200
2026-02-01 11:50:54 - INFO - ✅ window.__initialData__ extracted successfully
2026-02-01 11:50:54 - INFO - ✅ Property node detected
2026-02-01 11:50:54 - INFO - Sleeping for 4.74 seconds...
2026-02-01 11:50:59 - INFO - Processing property_id: X86603996
2026-02-01 11:50:59 - INFO - 🔤 Detected Alphanumeric ID X86603996 -> calling process
2026-02-01 11:51:00 - INFO - ✅ Fetched page successfully: 200
2026-02-01 11:51:00 - INFO - ✅ window.__initialData__ extracted successfully
2026-02-01 11:51:00 - INFO - ✅ Property node detected
2026-02-01 11:51:00 - INFO - Sleeping for 4.74 seconds...
2026-02-01 11:51:05 - INFO - Processing property_id: V86763170
2026-02-01 11:51:05 - INFO - 🔤 Detected Alphanumeric ID V86763170 -> calling process
2026-02-01 11:51:07 - INFO - ✅ Fetched page successfully: 200
2026-02-01 11:51:07 - INFO - ✅ window.__initialData__ extracted successfully
2026-02-01 11:51:07 - INFO - ✅ Property node detected
2026-02-01 11:51:07 - INFO - Sleeping for 2.95 seconds...
2026-02-01 11:51:10 - INFO - Processing property_id: V82482070
2026-02-01 11:51:10 - INFO - 🔤 Detected Alphanumeric ID V82482070 -> calling process
2026-02-01 11:51:12 - INFO - ✅ Fetched page successfully: 200
2026-02-01 11:51:13 - INFO - ✅ window.__initialData__ extracted successfully
2026-02-01 11:51:13 - INFO - ✅ Property node detected
2026-02-01 11:51:13 - INFO - Sleeping for 3.90 seconds...
2026-02-01 11:51:16 - INFO - Processing property_id: L87581438
2026-02-01 11:51:16 - INFO - 🔤 Detected Alphanumeric ID L87581438 -> calling process
2026-02-01 11:51:18 - INFO - ✅ Fetched page successfully: 200
2026-02-01 11:51:18 - INFO - ✅ window.__initialData__ extracted successfully
2026-02-01 11:51:18 - INFO - ✅ Property node detected
2026-02-01 11:51:18 - INFO - Sleeping for 3.72 seconds...
2026-02-01 11:51:22 - INFO - Processing property_id: U87587428
2026-02-01 11:51:22 - INFO - 🔤 Detected Alphanumeric ID U87587428 -> calling process
2026-02-01 11:51:23 - INFO - ✅ Fetched page successfully: 200
2026-02-01 11:51:23 - INFO - ✅ window.__initialData__ extracted successfully
2026-02-01 11:51:23 - INFO - ✅ Property node detected
2026-02-01 11:51:23 - INFO - Sleeping for 4.01 seconds...
2026-02-01 11:51:27 - INFO - Processing property_id: J87626442
2026-02-01 11:51:27 - INFO - 🔤 Detected Alphanumeric ID J87626442 -> calling process
2026-02-01 11:51:28 - INFO - ▶️ Resuming operations.
2026-02-01 11:51:28 - INFO - Processing property_id: W88150004
2026-02-01 11:51:28 - INFO - 🔤 Detected Alphanumeric ID W88150004 -> calling process
2026-02-01 11:51:28 - INFO - ✅ Fetched page successfully: 200
2026-02-01 11:51:29 - INFO - ✅ window.__initialData__ extracted successfully
2026-02-01 11:51:29 - INFO - ✅ Property node detected
2026-02-01 11:51:29 - INFO - Sleeping for 3.80 seconds...
2026-02-01 11:51:29 - INFO - ✅ Fetched page successfully: 200
2026-02-01 11:51:29 - INFO - ✅ window.__initialData__ extracted successfully
2026-02-01 11:51:29 - INFO - ✅ Property node detected
2026-02-01 11:51:29 - INFO - Sleeping for 2.86 seconds...
2026-02-01 11:51:32 - INFO - Processing property_id: U86917562
2026-02-01 11:51:32 - INFO - 🔤 Detected Alphanumeric ID U86917562 -> calling process
2026-02-01 11:51:32 - INFO - Processing property_id: S81723186
2026-02-01 11:51:32 - INFO - 🔤 Detected Alphanumeric ID S81723186 -> calling process
2026-02-01 11:51:34 - INFO - ✅ Fetched page successfully: 200
2026-02-01 11:51:34 - INFO - ✅ window.__initialData__ extracted successfully
2026-02-01 11:51:34 - INFO - ✅ Property node detected
2026-02-01 11:51:34 - INFO - Sleeping for 2.28 seconds...
2026-02-01 11:51:34 - INFO - ✅ Fetched page successfully: 200
2026-02-01 11:51:35 - INFO - ✅ window.__initialData__ extracted successfully
2026-02-01 11:51:35 - INFO - ✅ Property node detected
2026-02-01 11:51:35 - INFO - Sleeping for 2.67 seconds...
2026-02-01 11:51:36 - WARNING - 🛑 Rate limit hit (70 requests). Sleeping for 108s...
2026-02-01 11:51:37 - INFO - Processing property_id: P86274878
2026-02-01 11:51:37 - INFO - 🔤 Detected Alphanumeric ID P86274878 -> calling process
2026-02-01 11:51:39 - INFO - ✅ Fetched page successfully: 200
2026-02-01 11:51:39 - INFO - ✅ window.__initialData__ extracted successfully
2026-02-01 11:51:39 - INFO - ✅ Property node detected
2026-02-01 11:51:39 - INFO - Sleeping for 4.50 seconds...
2026-02-01 11:51:43 - INFO - Processing property_id: O72486822
2026-02-01 11:51:43 - INFO - 🔤 Detected Alphanumeric ID O72486822 -> calling process
2026-02-01 11:51:45 - INFO - ✅ Fetched page successfully: 200
2026-02-01 11:51:45 - INFO - ✅ window.__initialData__ extracted successfully
2026-02-01 11:51:45 - INFO - ✅ Property node detected
2026-02-01 11:51:45 - INFO - Sleeping for 3.80 seconds...
2026-02-01 11:51:49 - INFO - Processing property_id: A87718338
2026-02-01 11:51:49 - INFO - 🔤 Detected Alphanumeric ID A87718338 -> calling process
2026-02-01 11:51:51 - INFO - ✅ Fetched page successfully: 200
2026-02-01 11:51:51 - INFO - ✅ window.__initialData__ extracted successfully
2026-02-01 11:51:51 - INFO - ✅ Property node detected
2026-02-01 11:51:51 - INFO - Sleeping for 2.37 seconds...
2026-02-01 11:51:53 - INFO - Processing property_id: E87815250
2026-02-01 11:51:53 - INFO - 🔤 Detected Alphanumeric ID E87815250 -> calling process
2026-02-01 11:51:55 - INFO - ✅ Fetched page successfully: 200
2026-02-01 11:51:55 - INFO - ✅ window.__initialData__ extracted successfully
2026-02-01 11:51:55 - INFO - ✅ Property node detected
2026-02-01 11:51:55 - INFO - Sleeping for 4.88 seconds...
2026-02-01 11:52:00 - INFO - Processing property_id: L83588044
2026-02-01 11:52:00 - INFO - 🔤 Detected Alphanumeric ID L83588044 -> calling process
2026-02-01 11:52:03 - INFO - ✅ Fetched page successfully: 200
2026-02-01 11:52:03 - INFO - ✅ window.__initialData__ extracted successfully
2026-02-01 11:52:03 - INFO - ✅ Property node detected
2026-02-01 11:52:03 - INFO - Sleeping for 3.28 seconds...
2026-02-01 11:52:06 - INFO - Processing property_id: C85291130
2026-02-01 11:52:06 - INFO - 🔤 Detected Alphanumeric ID C85291130 -> calling process
2026-02-01 11:52:08 - INFO - ✅ Fetched page successfully: 200
2026-02-01 11:52:08 - INFO - ✅ window.__initialData__ extracted successfully
2026-02-01 11:52:08 - INFO - ✅ Property node detected
2026-02-01 11:52:08 - INFO - Sleeping for 4.94 seconds...
2026-02-01 11:52:13 - INFO - Processing property_id: C87188628
2026-02-01 11:52:13 - INFO - 🔤 Detected Alphanumeric ID C87188628 -> calling process
2026-02-01 11:52:15 - INFO - ✅ Fetched page successfully: 200
2026-02-01 11:52:16 - INFO - ✅ window.__initialData__ extracted successfully
2026-02-01 11:52:16 - ERROR - ❌ Property data node not found in extracted JSON
2026-02-01 11:52:16 - INFO - Sleeping for 2.19 seconds...
2026-02-01 11:52:18 - INFO - Processing property_id: F88219522
2026-02-01 11:52:18 - INFO - 🔤 Detected Alphanumeric ID F88219522 -> calling process
2026-02-01 11:52:20 - INFO - ✅ Fetched page successfully: 200
2026-02-01 11:52:20 - INFO - ✅ window.__initialData__ extracted successfully
2026-02-01 11:52:20 - INFO - ✅ Property node detected
2026-02-01 11:52:20 - INFO - Sleeping for 4.42 seconds...
2026-02-01 11:52:24 - INFO - Processing property_id: Z87675742
2026-02-01 11:52:24 - INFO - 🔤 Detected Alphanumeric ID Z87675742 -> calling process
2026-02-01 11:52:25 - INFO - ✅ Fetched page successfully: 200
2026-02-01 11:52:26 - INFO - ✅ window.__initialData__ extracted successfully
2026-02-01 11:52:26 - INFO - ✅ Property node detected
2026-02-01 11:52:26 - INFO - Sleeping for 3.50 seconds...
2026-02-01 11:52:29 - WARNING - 🛑 Rate limit hit (80 requests). Sleeping for 92s...
2026-02-01 11:53:24 - INFO - ▶️ Resuming operations.
2026-02-01 11:53:24 - INFO - Processing property_id: C84908682
2026-02-01 11:53:24 - INFO - 🔤 Detected Alphanumeric ID C84908682 -> calling process
2026-02-01 11:53:26 - INFO - ✅ Fetched page successfully: 200
2026-02-01 11:53:26 - INFO - ✅ window.__initialData__ extracted successfully
2026-02-01 11:53:26 - INFO - ✅ Property node detected
2026-02-01 11:53:26 - INFO - Sleeping for 3.05 seconds...
2026-02-01 11:53:29 - INFO - Processing property_id: L87937280
2026-02-01 11:53:29 - INFO - 🔤 Detected Alphanumeric ID L87937280 -> calling process
2026-02-01 11:53:31 - INFO - ✅ Fetched page successfully: 200
2026-02-01 11:53:31 - INFO - ✅ window.__initialData__ extracted successfully
2026-02-01 11:53:31 - INFO - ✅ Property node detected
2026-02-01 11:53:31 - INFO - Sleeping for 4.48 seconds...
2026-02-01 11:53:35 - INFO - Processing property_id: W87138010
2026-02-01 11:53:35 - INFO - 🔤 Detected Alphanumeric ID W87138010 -> calling process
2026-02-01 11:53:38 - INFO - ✅ Fetched page successfully: 200
2026-02-01 11:53:38 - INFO - ✅ window.__initialData__ extracted successfully
2026-02-01 11:53:38 - INFO - ✅ Property node detected
2026-02-01 11:53:38 - INFO - Sleeping for 4.00 seconds...
2026-02-01 11:53:42 - INFO - Processing property_id: L79571259
2026-02-01 11:53:42 - INFO - 🔤 Detected Alphanumeric ID L79571259 -> calling process
2026-02-01 11:53:45 - INFO - ✅ Fetched page successfully: 200
2026-02-01 11:53:45 - INFO - ✅ window.__initialData__ extracted successfully
2026-02-01 11:53:45 - INFO - ✅ Property node detected
2026-02-01 11:53:45 - INFO - Sleeping for 2.86 seconds...
2026-02-01 11:53:48 - INFO - Processing property_id: G81037581
2026-02-01 11:53:48 - INFO - 🔤 Detected Alphanumeric ID G81037581 -> calling process
2026-02-01 11:53:49 - INFO - ✅ Fetched page successfully: 200
2026-02-01 11:53:49 - INFO - ✅ window.__initialData__ extracted successfully
2026-02-01 11:53:49 - INFO - ✅ Property node detected
2026-02-01 11:53:49 - INFO - Sleeping for 4.97 seconds...
2026-02-01 11:53:54 - INFO - Processing property_id: U87518346
2026-02-01 11:53:54 - INFO - 🔤 Detected Alphanumeric ID U87518346 -> calling process
2026-02-01 11:53:56 - INFO - ✅ Fetched page successfully: 200
2026-02-01 11:53:56 - INFO - ✅ window.__initialData__ extracted successfully
2026-02-01 11:53:56 - INFO - ✅ Property node detected
2026-02-01 11:53:56 - INFO - Sleeping for 2.76 seconds...
2026-02-01 11:53:59 - INFO - Processing property_id: C88417500
2026-02-01 11:53:59 - INFO - 🔤 Detected Alphanumeric ID C88417500 -> calling process
2026-02-01 11:54:00 - INFO - ✅ Fetched page successfully: 200
2026-02-01 11:54:00 - INFO - ✅ window.__initialData__ extracted successfully
2026-02-01 11:54:00 - INFO - ✅ Property node detected
2026-02-01 11:54:00 - INFO - Sleeping for 2.50 seconds...
2026-02-01 11:54:01 - INFO - ▶️ Resuming operations.
2026-02-01 11:54:01 - INFO - Processing property_id: P80596525
2026-02-01 11:54:01 - INFO - 🔤 Detected Alphanumeric ID P80596525 -> calling process
2026-02-01 11:54:02 - INFO - Processing property_id: D87513780
2026-02-01 11:54:02 - INFO - 🔤 Detected Alphanumeric ID D87513780 -> calling process
2026-02-01 11:54:03 - INFO - ✅ Fetched page successfully: 200
2026-02-01 11:54:03 - INFO - ✅ window.__initialData__ extracted successfully
2026-02-01 11:54:03 - INFO - ✅ Property node detected
2026-02-01 11:54:03 - INFO - Sleeping for 2.18 seconds...
2026-02-01 11:54:04 - INFO - ✅ Fetched page successfully: 200
2026-02-01 11:54:04 - INFO - ✅ window.__initialData__ extracted successfully
2026-02-01 11:54:04 - INFO - ✅ Property node detected
2026-02-01 11:54:04 - INFO - Sleeping for 3.03 seconds...
2026-02-01 11:54:06 - INFO - Processing property_id: O87448774
2026-02-01 11:54:06 - INFO - 🔤 Detected Alphanumeric ID O87448774 -> calling process
2026-02-01 11:54:07 - INFO - ✅ Fetched page successfully: 200
2026-02-01 11:54:07 - INFO - ✅ window.__initialData__ extracted successfully
2026-02-01 11:54:07 - INFO - ✅ Property node detected
2026-02-01 11:54:07 - INFO - Sleeping for 3.54 seconds...
2026-02-01 11:54:08 - INFO - Processing property_id: C87236236
2026-02-01 11:54:08 - INFO - 🔤 Detected Alphanumeric ID C87236236 -> calling process
2026-02-01 11:54:09 - INFO - ✅ Fetched page successfully: 200
2026-02-01 11:54:09 - INFO - ✅ window.__initialData__ extracted successfully
2026-02-01 11:54:09 - INFO - ✅ Property node detected
2026-02-01 11:54:09 - INFO - Sleeping for 4.67 seconds...
2026-02-01 11:54:11 - WARNING - 🛑 Rate limit hit (90 requests). Sleeping for 93s...
2026-02-01 11:54:14 - INFO - Processing property_id: N88394220
2026-02-01 11:54:14 - INFO - 🔤 Detected Alphanumeric ID N88394220 -> calling process
2026-02-01 11:54:15 - INFO - ✅ Fetched page successfully: 200
2026-02-01 11:54:16 - INFO - ✅ window.__initialData__ extracted successfully
2026-02-01 11:54:16 - INFO - ✅ Property node detected
2026-02-01 11:54:16 - INFO - Sleeping for 4.23 seconds...
2026-02-01 11:54:20 - INFO - Processing property_id: F87612292
2026-02-01 11:54:20 - INFO - 🔤 Detected Alphanumeric ID F87612292 -> calling process
2026-02-01 11:54:21 - INFO - ✅ Fetched page successfully: 200
2026-02-01 11:54:21 - INFO - ✅ window.__initialData__ extracted successfully
2026-02-01 11:54:21 - INFO - ✅ Property node detected
2026-02-01 11:54:21 - INFO - Sleeping for 3.26 seconds...
2026-02-01 11:54:25 - INFO - Processing property_id: F87575076
2026-02-01 11:54:25 - INFO - 🔤 Detected Alphanumeric ID F87575076 -> calling process
2026-02-01 11:54:26 - INFO - ✅ Fetched page successfully: 200
2026-02-01 11:54:26 - INFO - ✅ window.__initialData__ extracted successfully
2026-02-01 11:54:26 - INFO - ✅ Property node detected
2026-02-01 11:54:26 - INFO - Sleeping for 3.39 seconds...
2026-02-01 11:54:30 - INFO - Processing property_id: W86233602
2026-02-01 11:54:30 - INFO - 🔤 Detected Alphanumeric ID W86233602 -> calling process
2026-02-01 11:54:31 - INFO - ✅ Fetched page successfully: 200
2026-02-01 11:54:31 - INFO - ✅ window.__initialData__ extracted successfully
2026-02-01 11:54:31 - INFO - ✅ Property node detected
2026-02-01 11:54:31 - INFO - Sleeping for 3.32 seconds...
2026-02-01 11:54:34 - INFO - Processing property_id: G87293072
2026-02-01 11:54:34 - INFO - 🔤 Detected Alphanumeric ID G87293072 -> calling process
2026-02-01 11:54:36 - INFO - ✅ Fetched page successfully: 200
2026-02-01 11:54:36 - INFO - ✅ window.__initialData__ extracted successfully
2026-02-01 11:54:36 - INFO - ✅ Property node detected
2026-02-01 11:54:36 - INFO - Sleeping for 4.71 seconds...
2026-02-01 11:54:40 - INFO - Processing property_id: S86939246
2026-02-01 11:54:41 - INFO - 🔤 Detected Alphanumeric ID S86939246 -> calling process
2026-02-01 11:54:42 - INFO - ✅ Fetched page successfully: 200
2026-02-01 11:54:42 - INFO - ✅ window.__initialData__ extracted successfully
2026-02-01 11:54:42 - INFO - ✅ Property node detected
2026-02-01 11:54:42 - INFO - Sleeping for 3.97 seconds...
2026-02-01 11:54:46 - INFO - Processing property_id: V87941150
2026-02-01 11:54:46 - INFO - 🔤 Detected Alphanumeric ID V87941150 -> calling process
2026-02-01 11:54:47 - INFO - ✅ Fetched page successfully: 200
2026-02-01 11:54:47 - INFO - ✅ window.__initialData__ extracted successfully
2026-02-01 11:54:47 - INFO - ✅ Property node detected
2026-02-01 11:54:47 - INFO - Sleeping for 2.78 seconds...
2026-02-01 11:54:50 - INFO - Processing property_id: F87774920
2026-02-01 11:54:50 - INFO - 🔤 Detected Alphanumeric ID F87774920 -> calling process
2026-02-01 11:54:51 - INFO - ✅ Fetched page successfully: 200
2026-02-01 11:54:51 - INFO - ✅ window.__initialData__ extracted successfully
2026-02-01 11:54:51 - INFO - ✅ Property node detected
2026-02-01 11:54:51 - INFO - Sleeping for 4.60 seconds...
2026-02-01 11:54:56 - INFO - Processing property_id: F87201034
2026-02-01 11:54:56 - INFO - 🔤 Detected Alphanumeric ID F87201034 -> calling process
2026-02-01 11:54:57 - INFO - ✅ Fetched page successfully: 200
2026-02-01 11:54:57 - INFO - ✅ window.__initialData__ extracted successfully
2026-02-01 11:54:57 - INFO - ✅ Property node detected
2026-02-01 11:54:57 - INFO - Sleeping for 3.14 seconds...
2026-02-01 11:55:01 - WARNING - 🛑 Rate limit hit (100 requests). Sleeping for 63s...
2026-02-01 11:55:44 - INFO - ▶️ Resuming operations.
2026-02-01 11:55:44 - INFO - Processing property_id: N88389294
2026-02-01 11:55:44 - INFO - 🔤 Detected Alphanumeric ID N88389294 -> calling process
2026-02-01 11:55:46 - INFO - ✅ Fetched page successfully: 200
2026-02-01 11:55:46 - INFO - ✅ window.__initialData__ extracted successfully
2026-02-01 11:55:46 - INFO - ✅ Property node detected
2026-02-01 11:55:46 - INFO - Sleeping for 4.21 seconds...
2026-02-01 11:55:50 - INFO - Processing property_id: E87320290
2026-02-01 11:55:50 - INFO - 🔤 Detected Alphanumeric ID E87320290 -> calling process
2026-02-01 11:55:52 - INFO - ✅ Fetched page successfully: 200
2026-02-01 11:55:52 - INFO - ✅ window.__initialData__ extracted successfully
2026-02-01 11:55:52 - INFO - ✅ Property node detected
2026-02-01 11:55:52 - INFO - Sleeping for 4.95 seconds...
2026-02-01 11:55:57 - INFO - Processing property_id: N88087810
2026-02-01 11:55:57 - INFO - 🔤 Detected Alphanumeric ID N88087810 -> calling process
2026-02-01 11:55:58 - INFO - ✅ Fetched page successfully: 200
2026-02-01 11:55:59 - INFO - ✅ window.__initialData__ extracted successfully
2026-02-01 11:55:59 - INFO - ✅ Property node detected
2026-02-01 11:55:59 - INFO - Sleeping for 3.20 seconds...
2026-02-01 11:56:02 - INFO - Processing property_id: D88022202
2026-02-01 11:56:02 - INFO - 🔤 Detected Alphanumeric ID D88022202 -> calling process
2026-02-01 11:56:03 - INFO - ✅ Fetched page successfully: 200
2026-02-01 11:56:03 - INFO - ✅ window.__initialData__ extracted successfully
2026-02-01 11:56:03 - INFO - ✅ Property node detected
2026-02-01 11:56:03 - INFO - Sleeping for 4.43 seconds...
2026-02-01 11:56:04 - INFO - ▶️ Resuming operations.
2026-02-01 11:56:04 - INFO - Processing property_id: E87551240
2026-02-01 11:56:04 - INFO - 🔤 Detected Alphanumeric ID E87551240 -> calling process
2026-02-01 11:56:05 - INFO - ✅ Fetched page successfully: 200
2026-02-01 11:56:05 - INFO - ✅ window.__initialData__ extracted successfully
2026-02-01 11:56:05 - INFO - ✅ Property node detected
2026-02-01 11:56:05 - INFO - Sleeping for 2.59 seconds...
2026-02-01 11:56:08 - INFO - Processing property_id: U86662818
2026-02-01 11:56:08 - INFO - 🔤 Detected Alphanumeric ID U86662818 -> calling process
2026-02-01 11:56:08 - INFO - Processing property_id: G87764290
2026-02-01 11:56:08 - INFO - 🔤 Detected Alphanumeric ID G87764290 -> calling process
2026-02-01 11:56:10 - INFO - ✅ Fetched page successfully: 200
2026-02-01 11:56:10 - INFO - ✅ window.__initialData__ extracted successfully
2026-02-01 11:56:10 - INFO - ✅ Property node detected
2026-02-01 11:56:10 - INFO - Sleeping for 2.52 seconds...
2026-02-01 11:56:11 - INFO - ✅ Fetched page successfully: 200
2026-02-01 11:56:11 - INFO - ✅ window.__initialData__ extracted successfully
2026-02-01 11:56:11 - INFO - ✅ Property node detected
2026-02-01 11:56:11 - INFO - Sleeping for 3.28 seconds...
2026-02-01 11:56:13 - INFO - Processing property_id: I87251878
2026-02-01 11:56:13 - INFO - 🔤 Detected Alphanumeric ID I87251878 -> calling process
2026-02-01 11:56:14 - INFO - Processing property_id: K88390280
2026-02-01 11:56:14 - INFO - 🔤 Detected Alphanumeric ID K88390280 -> calling process
2026-02-01 11:56:15 - INFO - ✅ Fetched page successfully: 200
2026-02-01 11:56:15 - INFO - ✅ window.__initialData__ extracted successfully
2026-02-01 11:56:15 - INFO - ✅ Property node detected
2026-02-01 11:56:15 - INFO - Sleeping for 3.54 seconds...
2026-02-01 11:56:16 - INFO - ✅ Fetched page successfully: 200
2026-02-01 11:56:16 - INFO - ✅ window.__initialData__ extracted successfully
2026-02-01 11:56:16 - INFO - ✅ Property node detected
2026-02-01 11:56:16 - INFO - Sleeping for 3.12 seconds...
2026-02-01 11:56:18 - INFO - Processing property_id: K87641884
2026-02-01 11:56:18 - INFO - 🔤 Detected Alphanumeric ID K87641884 -> calling process
2026-02-01 11:56:19 - INFO - Processing property_id: Z87522720
2026-02-01 11:56:19 - INFO - 🔤 Detected Alphanumeric ID Z87522720 -> calling process
2026-02-01 11:56:20 - INFO - ✅ Fetched page successfully: 200
2026-02-01 11:56:20 - INFO - ✅ window.__initialData__ extracted successfully
2026-02-01 11:56:20 - INFO - ✅ Property node detected
2026-02-01 11:56:20 - INFO - Sleeping for 3.36 seconds...
2026-02-01 11:56:20 - INFO - ✅ Fetched page successfully: 200
2026-02-01 11:56:21 - INFO - ✅ window.__initialData__ extracted successfully
2026-02-01 11:56:21 - INFO - ✅ Property node detected
2026-02-01 11:56:21 - INFO - Sleeping for 2.97 seconds...
2026-02-01 11:56:23 - WARNING - 🛑 Rate limit hit (110 requests). Sleeping for 89s...
2026-02-01 11:56:23 - INFO - Processing property_id: J86569086
2026-02-01 11:56:23 - INFO - 🔤 Detected Alphanumeric ID J86569086 -> calling process
2026-02-01 11:56:26 - INFO - ✅ Fetched page successfully: 200
2026-02-01 11:56:26 - INFO - ✅ window.__initialData__ extracted successfully
2026-02-01 11:56:26 - INFO - ✅ Property node detected
2026-02-01 11:56:26 - INFO - Sleeping for 3.92 seconds...
2026-02-01 11:56:30 - INFO - Processing property_id: U88299902
2026-02-01 11:56:30 - INFO - 🔤 Detected Alphanumeric ID U88299902 -> calling process
2026-02-01 11:56:31 - INFO - ✅ Fetched page successfully: 200
2026-02-01 11:56:31 - INFO - ✅ window.__initialData__ extracted successfully
2026-02-01 11:56:31 - INFO - ✅ Property node detected
2026-02-01 11:56:31 - INFO - Sleeping for 2.17 seconds...
2026-02-01 11:56:34 - INFO - Processing property_id: Y88169262
2026-02-01 11:56:34 - INFO - 🔤 Detected Alphanumeric ID Y88169262 -> calling process
2026-02-01 11:56:36 - INFO - ✅ Fetched page successfully: 200
2026-02-01 11:56:36 - INFO - ✅ window.__initialData__ extracted successfully
2026-02-01 11:56:36 - INFO - ✅ Property node detected
2026-02-01 11:56:36 - INFO - Sleeping for 4.98 seconds...
2026-02-01 11:56:41 - INFO - Processing property_id: W87930728
2026-02-01 11:56:41 - INFO - 🔤 Detected Alphanumeric ID W87930728 -> calling process
2026-02-01 11:56:43 - INFO - ✅ Fetched page successfully: 200
2026-02-01 11:56:43 - INFO - ✅ window.__initialData__ extracted successfully
2026-02-01 11:56:43 - INFO - ✅ Property node detected
2026-02-01 11:56:43 - INFO - Sleeping for 2.90 seconds...
2026-02-01 11:56:46 - INFO - Processing property_id: V86492936
2026-02-01 11:56:46 - INFO - 🔤 Detected Alphanumeric ID V86492936 -> calling process
2026-02-01 11:56:50 - INFO - ✅ Fetched page successfully: 200
2026-02-01 11:56:50 - INFO - ✅ window.__initialData__ extracted successfully
2026-02-01 11:56:50 - INFO - ✅ Property node detected
2026-02-01 11:56:50 - INFO - Sleeping for 4.85 seconds...
2026-02-01 11:56:55 - INFO - Processing property_id: M86937378
2026-02-01 11:56:55 - INFO - 🔤 Detected Alphanumeric ID M86937378 -> calling process
2026-02-01 11:56:58 - INFO - ✅ Fetched page successfully: 200
2026-02-01 11:56:58 - INFO - ✅ window.__initialData__ extracted successfully
2026-02-01 11:56:58 - INFO - ✅ Property node detected
2026-02-01 11:56:58 - INFO - Sleeping for 4.68 seconds...
2026-02-01 11:57:03 - INFO - Processing property_id: J87962424
2026-02-01 11:57:03 - INFO - 🔤 Detected Alphanumeric ID J87962424 -> calling process
2026-02-01 11:57:05 - INFO - ✅ Fetched page successfully: 200
2026-02-01 11:57:05 - INFO - ✅ window.__initialData__ extracted successfully
2026-02-01 11:57:05 - INFO - ✅ Property node detected
2026-02-01 11:57:05 - INFO - Sleeping for 4.43 seconds...
2026-02-01 11:57:09 - INFO - Processing property_id: J87582158
2026-02-01 11:57:09 - INFO - 🔤 Detected Alphanumeric ID J87582158 -> calling process
2026-02-01 11:57:11 - INFO - ✅ Fetched page successfully: 200
2026-02-01 11:57:11 - INFO - ✅ window.__initialData__ extracted successfully
2026-02-01 11:57:11 - INFO - ✅ Property node detected
2026-02-01 11:57:11 - INFO - Sleeping for 2.42 seconds...
2026-02-01 11:57:14 - INFO - Processing property_id: D87497020
2026-02-01 11:57:14 - INFO - 🔤 Detected Alphanumeric ID D87497020 -> calling process
2026-02-01 11:57:16 - INFO - ✅ Fetched page successfully: 200
2026-02-01 11:57:16 - INFO - ✅ window.__initialData__ extracted successfully
2026-02-01 11:57:16 - INFO - ✅ Property node detected
2026-02-01 11:57:16 - INFO - Sleeping for 2.93 seconds...
2026-02-01 11:57:19 - WARNING - 🛑 Rate limit hit (120 requests). Sleeping for 82s...
2026-02-01 11:57:52 - INFO - ▶️ Resuming operations.
2026-02-01 11:57:52 - INFO - Processing property_id: M86389600
2026-02-01 11:57:52 - INFO - 🔤 Detected Alphanumeric ID M86389600 -> calling process
2026-02-01 11:57:54 - INFO - ✅ Fetched page successfully: 200
2026-02-01 11:57:54 - INFO - ✅ window.__initialData__ extracted successfully
2026-02-01 11:57:54 - ERROR - ❌ Property data node not found in extracted JSON
2026-02-01 11:57:54 - INFO - Sleeping for 2.24 seconds...
2026-02-01 11:57:56 - INFO - Processing property_id: O87392848
2026-02-01 11:57:56 - INFO - 🔤 Detected Alphanumeric ID O87392848 -> calling process
2026-02-01 11:57:58 - INFO - ✅ Fetched page successfully: 200
2026-02-01 11:57:58 - INFO - ✅ window.__initialData__ extracted successfully
2026-02-01 11:57:58 - ERROR - ❌ Property data node not found in extracted JSON
2026-02-01 11:57:58 - INFO - Sleeping for 4.13 seconds...
2026-02-01 11:58:02 - INFO - Processing property_id: P87392448
2026-02-01 11:58:02 - INFO - 🔤 Detected Alphanumeric ID P87392448 -> calling process
2026-02-01 11:58:04 - INFO - ✅ Fetched page successfully: 200
2026-02-01 11:58:04 - INFO - ✅ window.__initialData__ extracted successfully
2026-02-01 11:58:04 - ERROR - ❌ Property data node not found in extracted JSON
2026-02-01 11:58:04 - INFO - Sleeping for 3.95 seconds...
2026-02-01 11:58:08 - INFO - Processing property_id: A63978642
2026-02-01 11:58:08 - INFO - 🔤 Detected Alphanumeric ID A63978642 -> calling process
2026-02-01 11:58:09 - INFO - ✅ Fetched page successfully: 200
2026-02-01 11:58:09 - INFO - ✅ window.__initialData__ extracted successfully
2026-02-01 11:58:09 - ERROR - ❌ Property data node not found in extracted JSON
2026-02-01 11:58:09 - INFO - Sleeping for 4.50 seconds...
2026-02-01 11:58:14 - INFO - Processing property_id: Q87287758
2026-02-01 11:58:14 - INFO - 🔤 Detected Alphanumeric ID Q87287758 -> calling process
2026-02-01 11:58:15 - INFO - ✅ Fetched page successfully: 200
2026-02-01 11:58:15 - INFO - ✅ window.__initialData__ extracted successfully
2026-02-01 11:58:15 - ERROR - ❌ Property data node not found in extracted JSON
2026-02-01 11:58:15 - INFO - Sleeping for 4.76 seconds...
2026-02-01 11:58:20 - INFO - Processing property_id: K88362812
2026-02-01 11:58:20 - INFO - 🔤 Detected Alphanumeric ID K88362812 -> calling process
2026-02-01 11:58:21 - INFO - ✅ Fetched page successfully: 200
2026-02-01 11:58:21 - INFO - ✅ window.__initialData__ extracted successfully
2026-02-01 11:58:21 - ERROR - ❌ Property data node not found in extracted JSON
2026-02-01 11:58:21 - INFO - Sleeping for 4.88 seconds...
2026-02-01 11:58:26 - INFO - Processing property_id: W88230330
2026-02-01 11:58:26 - INFO - 🔤 Detected Alphanumeric ID W88230330 -> calling process
2026-02-01 11:58:26 - INFO - ✅ Fetched page successfully: 200
2026-02-01 11:58:26 - INFO - ✅ window.__initialData__ extracted successfully
2026-02-01 11:58:26 - ERROR - ❌ Property data node not found in extracted JSON
2026-02-01 11:58:26 - INFO - Sleeping for 4.84 seconds...
2026-02-01 11:58:31 - INFO - Processing property_id: J88411098
2026-02-01 11:58:31 - INFO - 🔤 Detected Alphanumeric ID J88411098 -> calling process
2026-02-01 11:58:32 - INFO - ✅ Fetched page successfully: 200
2026-02-01 11:58:32 - INFO - ✅ window.__initialData__ extracted successfully
2026-02-01 11:58:32 - ERROR - ❌ Property data node not found in extracted JSON
2026-02-01 11:58:32 - INFO - Sleeping for 4.85 seconds...
2026-02-01 11:58:37 - INFO - Processing property_id: V87922638
2026-02-01 11:58:37 - INFO - 🔤 Detected Alphanumeric ID V87922638 -> calling process
2026-02-01 11:58:38 - INFO - ✅ Fetched page successfully: 200
2026-02-01 11:58:38 - INFO - ✅ window.__initialData__ extracted successfully
2026-02-01 11:58:38 - ERROR - ❌ Property data node not found in extracted JSON
2026-02-01 11:58:38 - INFO - Sleeping for 2.69 seconds...
2026-02-01 11:58:40 - INFO - Processing property_id: O87923710
2026-02-01 11:58:40 - INFO - 🔤 Detected Alphanumeric ID O87923710 -> calling process
2026-02-01 11:58:41 - INFO - ▶️ Resuming operations.
2026-02-01 11:58:41 - INFO - Processing property_id: V87342318
2026-02-01 11:58:41 - INFO - 🔤 Detected Alphanumeric ID V87342318 -> calling process
2026-02-01 11:58:41 - INFO - ✅ Fetched page successfully: 200
2026-02-01 11:58:41 - INFO - ✅ window.__initialData__ extracted successfully
2026-02-01 11:58:41 - ERROR - ❌ Property data node not found in extracted JSON
2026-02-01 11:58:41 - INFO - Sleeping for 3.80 seconds...
2026-02-01 11:58:42 - INFO - ✅ Fetched page successfully: 200
2026-02-01 11:58:42 - INFO - ✅ window.__initialData__ extracted successfully
2026-02-01 11:58:42 - ERROR - ❌ Property data node not found in extracted JSON
2026-02-01 11:58:42 - INFO - Sleeping for 2.82 seconds...
2026-02-01 11:58:44 - WARNING - 🛑 Rate limit hit (130 requests). Sleeping for 71s...
2026-02-01 11:58:45 - INFO - Processing property_id: H87710432
2026-02-01 11:58:45 - INFO - 🔤 Detected Alphanumeric ID H87710432 -> calling process
2026-02-01 11:58:46 - INFO - ✅ Fetched page successfully: 200
2026-02-01 11:58:46 - INFO - ✅ window.__initialData__ extracted successfully
2026-02-01 11:58:46 - ERROR - ❌ Property data node not found in extracted JSON
2026-02-01 11:58:46 - INFO - Sleeping for 2.65 seconds...
2026-02-01 11:58:49 - INFO - Processing property_id: A87540496
2026-02-01 11:58:49 - INFO - 🔤 Detected Alphanumeric ID A87540496 -> calling process
2026-02-01 11:58:50 - INFO - ✅ Fetched page successfully: 200
2026-02-01 11:58:50 - INFO - ✅ window.__initialData__ extracted successfully
2026-02-01 11:58:50 - ERROR - ❌ Property data node not found in extracted JSON
2026-02-01 11:58:50 - INFO - Sleeping for 2.92 seconds...
2026-02-01 11:58:53 - INFO - Processing property_id: E86965352
2026-02-01 11:58:53 - INFO - 🔤 Detected Alphanumeric ID E86965352 -> calling process
2026-02-01 11:58:54 - INFO - ✅ Fetched page successfully: 200
2026-02-01 11:58:54 - INFO - ✅ window.__initialData__ extracted successfully
2026-02-01 11:58:54 - ERROR - ❌ Property data node not found in extracted JSON
2026-02-01 11:58:54 - INFO - Sleeping for 2.78 seconds...
2026-02-01 11:58:56 - INFO - Processing property_id: K87202898
2026-02-01 11:58:56 - INFO - 🔤 Detected Alphanumeric ID K87202898 -> calling process
2026-02-01 11:58:58 - INFO - ✅ Fetched page successfully: 200
2026-02-01 11:58:58 - INFO - ✅ window.__initialData__ extracted successfully
2026-02-01 11:58:58 - ERROR - ❌ Property data node not found in extracted JSON
2026-02-01 11:58:58 - INFO - Sleeping for 2.94 seconds...
2026-02-01 11:59:01 - INFO - Processing property_id: R86889670
2026-02-01 11:59:01 - INFO - 🔤 Detected Alphanumeric ID R86889670 -> calling process
2026-02-01 11:59:02 - INFO - ✅ Fetched page successfully: 200
2026-02-01 11:59:02 - INFO - ✅ window.__initialData__ extracted successfully
2026-02-01 11:59:02 - ERROR - ❌ Property data node not found in extracted JSON
2026-02-01 11:59:02 - INFO - Sleeping for 3.84 seconds...
2026-02-01 11:59:06 - INFO - Processing property_id: Z81979668
2026-02-01 11:59:06 - INFO - 🔤 Detected Alphanumeric ID Z81979668 -> calling process
2026-02-01 11:59:07 - INFO - ✅ Fetched page successfully: 200
2026-02-01 11:59:07 - INFO - ✅ window.__initialData__ extracted successfully
2026-02-01 11:59:07 - ERROR - ❌ Property data node not found in extracted JSON
2026-02-01 11:59:07 - INFO - Sleeping for 3.75 seconds...
2026-02-01 11:59:11 - INFO - Processing property_id: U85743536
2026-02-01 11:59:11 - INFO - 🔤 Detected Alphanumeric ID U85743536 -> calling process
2026-02-01 11:59:12 - INFO - ✅ Fetched page successfully: 200
2026-02-01 11:59:12 - INFO - ✅ window.__initialData__ extracted successfully
2026-02-01 11:59:12 - ERROR - ❌ Property data node not found in extracted JSON
2026-02-01 11:59:12 - INFO - Sleeping for 3.48 seconds...
2026-02-01 11:59:16 - INFO - Processing property_id: Z88420956
2026-02-01 11:59:16 - INFO - 🔤 Detected Alphanumeric ID Z88420956 -> calling process
2026-02-01 11:59:17 - INFO - ✅ Fetched page successfully: 200
2026-02-01 11:59:17 - INFO - ✅ window.__initialData__ extracted successfully
2026-02-01 11:59:17 - ERROR - ❌ Property data node not found in extracted JSON
2026-02-01 11:59:17 - INFO - Sleeping for 4.61 seconds...
2026-02-01 11:59:21 - INFO - Processing property_id: A88275786
2026-02-01 11:59:21 - INFO - 🔤 Detected Alphanumeric ID A88275786 -> calling process
2026-02-01 11:59:22 - INFO - ✅ Fetched page successfully: 200
2026-02-01 11:59:22 - INFO - ✅ window.__initialData__ extracted successfully
2026-02-01 11:59:22 - ERROR - ❌ Property data node not found in extracted JSON
2026-02-01 11:59:22 - INFO - Sleeping for 2.42 seconds...
2026-02-01 11:59:25 - WARNING - 🛑 Rate limit hit (140 requests). Sleeping for 67s...
2026-02-01 11:59:55 - INFO - ▶️ Resuming operations.
2026-02-01 11:59:55 - INFO - Processing property_id: L87512586
2026-02-01 11:59:55 - INFO - 🔤 Detected Alphanumeric ID L87512586 -> calling process
2026-02-01 11:59:56 - INFO - ✅ Fetched page successfully: 200
2026-02-01 11:59:56 - INFO - ✅ window.__initialData__ extracted successfully
2026-02-01 11:59:56 - ERROR - ❌ Property data node not found in extracted JSON
2026-02-01 11:59:56 - INFO - Sleeping for 2.34 seconds...
2026-02-01 11:59:59 - INFO - Processing property_id: L86488214
2026-02-01 11:59:59 - INFO - 🔤 Detected Alphanumeric ID L86488214 -> calling process
2026-02-01 12:00:01 - INFO - ✅ Fetched page successfully: 200
2026-02-01 12:00:01 - INFO - ✅ window.__initialData__ extracted successfully
2026-02-01 12:00:01 - ERROR - ❌ Property data node not found in extracted JSON
2026-02-01 12:00:01 - INFO - Sleeping for 4.46 seconds...
2026-02-01 12:00:05 - INFO - Processing property_id: Z86743192
2026-02-01 12:00:05 - INFO - 🔤 Detected Alphanumeric ID Z86743192 -> calling process
2026-02-01 12:00:15 - INFO - ✅ Fetched page successfully: 200
2026-02-01 12:00:15 - INFO - ✅ window.__initialData__ extracted successfully
2026-02-01 12:00:15 - ERROR - ❌ Property data node not found in extracted JSON
2026-02-01 12:00:15 - INFO - Sleeping for 2.35 seconds...
2026-02-01 12:00:18 - INFO - Processing property_id: F86364104
2026-02-01 12:00:18 - INFO - 🔤 Detected Alphanumeric ID F86364104 -> calling process
2026-02-01 12:00:23 - INFO - ✅ Fetched page successfully: 200
2026-02-01 12:00:23 - INFO - ✅ window.__initialData__ extracted successfully
2026-02-01 12:00:23 - ERROR - ❌ Property data node not found in extracted JSON
2026-02-01 12:00:23 - INFO - Sleeping for 3.82 seconds...
2026-02-01 12:00:27 - INFO - Processing property_id: T86346206
2026-02-01 12:00:27 - INFO - 🔤 Detected Alphanumeric ID T86346206 -> calling process
2026-02-01 12:00:30 - INFO - ✅ Fetched page successfully: 200
2026-02-01 12:00:30 - INFO - ✅ window.__initialData__ extracted successfully
2026-02-01 12:00:30 - ERROR - ❌ Property data node not found in extracted JSON
2026-02-01 12:00:30 - INFO - Sleeping for 2.18 seconds...
2026-02-01 12:00:32 - INFO - ▶️ Resuming operations.
2026-02-01 12:00:32 - INFO - Processing property_id: Z88184624
2026-02-01 12:00:32 - INFO - 🔤 Detected Alphanumeric ID Z88184624 -> calling process
2026-02-01 12:00:32 - INFO - Processing property_id: P88253546
2026-02-01 12:00:32 - INFO - 🔤 Detected Alphanumeric ID P88253546 -> calling process
2026-02-01 12:00:35 - INFO - ✅ Fetched page successfully: 200
2026-02-01 12:00:35 - INFO - ✅ window.__initialData__ extracted successfully
2026-02-01 12:00:35 - ERROR - ❌ Property data node not found in extracted JSON
2026-02-01 12:00:35 - INFO - Sleeping for 3.54 seconds...
2026-02-01 12:00:35 - INFO - ✅ Fetched page successfully: 200
2026-02-01 12:00:35 - INFO - ✅ window.__initialData__ extracted successfully
2026-02-01 12:00:35 - ERROR - ❌ Property data node not found in extracted JSON
2026-02-01 12:00:35 - INFO - Sleeping for 4.35 seconds...
2026-02-01 12:00:39 - INFO - Processing property_id: Y87996578
2026-02-01 12:00:39 - INFO - 🔤 Detected Alphanumeric ID Y87996578 -> calling process
2026-02-01 12:00:39 - INFO - Processing property_id: O87702310
2026-02-01 12:00:39 - INFO - 🔤 Detected Alphanumeric ID O87702310 -> calling process
2026-02-01 12:00:40 - INFO - ✅ Fetched page successfully: 200
2026-02-01 12:00:40 - INFO - ✅ window.__initialData__ extracted successfully
2026-02-01 12:00:40 - ERROR - ❌ Property data node not found in extracted JSON
2026-02-01 12:00:40 - INFO - Sleeping for 4.59 seconds...
2026-02-01 12:00:40 - INFO - ✅ Fetched page successfully: 200
2026-02-01 12:00:40 - INFO - ✅ window.__initialData__ extracted successfully
2026-02-01 12:00:40 - ERROR - ❌ Property data node not found in extracted JSON
2026-02-01 12:00:40 - INFO - Sleeping for 3.58 seconds...
2026-02-01 12:00:44 - INFO - Processing property_id: T87711498
2026-02-01 12:00:44 - INFO - 🔤 Detected Alphanumeric ID T87711498 -> calling process
2026-02-01 12:00:44 - INFO - Processing property_id: W87566476
2026-02-01 12:00:44 - INFO - 🔤 Detected Alphanumeric ID W87566476 -> calling process
2026-02-01 12:00:45 - INFO - ✅ Fetched page successfully: 200
2026-02-01 12:00:45 - INFO - ✅ window.__initialData__ extracted successfully
2026-02-01 12:00:45 - ERROR - ❌ Property data node not found in extracted JSON
2026-02-01 12:00:45 - INFO - Sleeping for 2.72 seconds...
2026-02-01 12:00:45 - INFO - ✅ Fetched page successfully: 200
2026-02-01 12:00:45 - INFO - ✅ window.__initialData__ extracted successfully
2026-02-01 12:00:45 - ERROR - ❌ Property data node not found in extracted JSON
2026-02-01 12:00:45 - INFO - Sleeping for 3.22 seconds...
2026-02-01 12:00:48 - WARNING - 🛑 Rate limit hit (150 requests). Sleeping for 68s...
2026-02-01 12:00:48 - INFO - Processing property_id: A86796944
2026-02-01 12:00:48 - INFO - 🔤 Detected Alphanumeric ID A86796944 -> calling process
2026-02-01 12:00:49 - INFO - ✅ Fetched page successfully: 200
2026-02-01 12:00:49 - INFO - ✅ window.__initialData__ extracted successfully
2026-02-01 12:00:49 - ERROR - ❌ Property data node not found in extracted JSON
2026-02-01 12:00:49 - INFO - Sleeping for 2.49 seconds...
2026-02-01 12:00:52 - INFO - Processing property_id: K86688752
2026-02-01 12:00:52 - INFO - 🔤 Detected Alphanumeric ID K86688752 -> calling process
2026-02-01 12:00:53 - INFO - ✅ Fetched page successfully: 200
2026-02-01 12:00:53 - INFO - ✅ window.__initialData__ extracted successfully
2026-02-01 12:00:53 - ERROR - ❌ Property data node not found in extracted JSON
2026-02-01 12:00:53 - INFO - Sleeping for 3.31 seconds...
2026-02-01 12:00:56 - INFO - Processing property_id: T86518914
2026-02-01 12:00:56 - INFO - 🔤 Detected Alphanumeric ID T86518914 -> calling process
2026-02-01 12:00:57 - INFO - ✅ Fetched page successfully: 200
2026-02-01 12:00:57 - INFO - ✅ window.__initialData__ extracted successfully
2026-02-01 12:00:57 - ERROR - ❌ Property data node not found in extracted JSON
2026-02-01 12:00:57 - INFO - Sleeping for 3.55 seconds...
2026-02-01 12:01:01 - INFO - Processing property_id: E81403283
2026-02-01 12:01:01 - INFO - 🔤 Detected Alphanumeric ID E81403283 -> calling process
2026-02-01 12:01:03 - INFO - ✅ Fetched page successfully: 200
2026-02-01 12:01:03 - INFO - ✅ window.__initialData__ extracted successfully
2026-02-01 12:01:03 - ERROR - ❌ Property data node not found in extracted JSON
2026-02-01 12:01:03 - INFO - Sleeping for 4.68 seconds...
2026-02-01 12:01:08 - INFO - Processing property_id: R87716346
2026-02-01 12:01:08 - INFO - 🔤 Detected Alphanumeric ID R87716346 -> calling process
2026-02-01 12:01:09 - INFO - ✅ Fetched page successfully: 200
2026-02-01 12:01:09 - INFO - ✅ window.__initialData__ extracted successfully
2026-02-01 12:01:09 - ERROR - ❌ Property data node not found in extracted JSON
2026-02-01 12:01:09 - INFO - Sleeping for 2.46 seconds...
2026-02-01 12:01:11 - INFO - Processing property_id: N88443668
2026-02-01 12:01:11 - INFO - 🔤 Detected Alphanumeric ID N88443668 -> calling process
2026-02-01 12:01:12 - INFO - ✅ Fetched page successfully: 200
2026-02-01 12:01:12 - INFO - ✅ window.__initialData__ extracted successfully
2026-02-01 12:01:12 - ERROR - ❌ Property data node not found in extracted JSON
2026-02-01 12:01:12 - INFO - Sleeping for 4.51 seconds...
2026-02-01 12:01:17 - INFO - Processing property_id: U81643871
2026-02-01 12:01:17 - INFO - 🔤 Detected Alphanumeric ID U81643871 -> calling process
2026-02-01 12:01:18 - INFO - ✅ Fetched page successfully: 200
2026-02-01 12:01:18 - INFO - ✅ window.__initialData__ extracted successfully
2026-02-01 12:01:18 - ERROR - ❌ Property data node not found in extracted JSON
2026-02-01 12:01:18 - INFO - Sleeping for 2.26 seconds...
2026-02-01 12:01:20 - INFO - Processing property_id: J80893387
2026-02-01 12:01:20 - INFO - 🔤 Detected Alphanumeric ID J80893387 -> calling process
2026-02-01 12:01:21 - INFO - ✅ Fetched page successfully: 200
2026-02-01 12:01:21 - INFO - ✅ window.__initialData__ extracted successfully
2026-02-01 12:01:21 - ERROR - ❌ Property data node not found in extracted JSON
2026-02-01 12:01:21 - INFO - Sleeping for 2.46 seconds...
2026-02-01 12:01:23 - INFO - Processing property_id: H87935736
2026-02-01 12:01:23 - INFO - 🔤 Detected Alphanumeric ID H87935736 -> calling process
2026-02-01 12:01:24 - INFO - ✅ Fetched page successfully: 200
2026-02-01 12:01:24 - INFO - ✅ window.__initialData__ extracted successfully
2026-02-01 12:01:24 - ERROR - ❌ Property data node not found in extracted JSON
2026-02-01 12:01:24 - INFO - Sleeping for 4.54 seconds...
2026-02-01 12:01:28 - WARNING - 🛑 Rate limit hit (160 requests). Sleeping for 107s...
2026-02-01 12:04:13 - INFO - Successfully read 1627 listing IDs
2026-02-01 12:04:13 - INFO - Total: 1627 | Done: 755 | New: 872
2026-02-01 12:04:13 - INFO - 🚀 Starting multithreaded extraction for 872 projects with 2 workers...
2026-02-01 12:04:13 - INFO - Processing property_id: O87392528
2026-02-01 12:04:13 - INFO - 🔤 Detected Alphanumeric ID O87392528 -> calling process
2026-02-01 12:04:13 - INFO - Processing property_id: C86307236
2026-02-01 12:04:13 - INFO - 🔤 Detected Alphanumeric ID C86307236 -> calling process
2026-02-01 12:04:15 - INFO - ✅ Fetched page successfully: 200
2026-02-01 12:04:15 - INFO - ✅ window.__initialData__ extracted successfully
2026-02-01 12:04:15 - ERROR - ❌ Property data node not found in extracted JSON
2026-02-01 12:04:15 - INFO - Sleeping for 2.65 seconds...
2026-02-01 12:04:17 - INFO - ✅ Fetched page successfully: 200
2026-02-01 12:04:17 - INFO - ✅ window.__initialData__ extracted successfully
2026-02-01 12:04:17 - ERROR - ❌ Property data node not found in extracted JSON
2026-02-01 12:04:17 - INFO - Sleeping for 2.45 seconds...
2026-02-01 12:04:18 - INFO - Processing property_id: S86314112
2026-02-01 12:04:18 - INFO - 🔤 Detected Alphanumeric ID S86314112 -> calling process
2026-02-01 12:04:20 - INFO - Processing property_id: 402372
2026-02-01 12:04:20 - INFO - 🔢 Detected Numeric ID 402372 -> calling process_single_project
2026-02-01 12:04:20 - INFO - Fetching details for project ID: 402372
2026-02-01 12:04:20 - INFO - ✅ Fetched page successfully: 200
2026-02-01 12:04:20 - INFO - ✅ window.__initialData__ extracted successfully
2026-02-01 12:04:20 - ERROR - ❌ Property data node not found in extracted JSON
2026-02-01 12:04:20 - INFO - Sleeping for 4.78 seconds...
2026-02-01 12:04:25 - INFO - Processing property_id: 438033
2026-02-01 12:04:25 - INFO - 🔢 Detected Numeric ID 438033 -> calling process_single_project
2026-02-01 12:04:25 - INFO - Fetching details for project ID: 438033
2026-02-01 12:04:27 - INFO - Sleeping for 3.12 seconds...
2026-02-01 12:04:30 - INFO - Processing property_id: 403383
2026-02-01 12:04:30 - INFO - 🔢 Detected Numeric ID 403383 -> calling process_single_project
2026-02-01 12:04:30 - INFO - Fetching details for project ID: 403383
2026-02-01 12:04:30 - INFO - Sleeping for 2.91 seconds...
2026-02-01 12:04:33 - INFO - Processing property_id: N86412070
2026-02-01 12:04:33 - INFO - 🔤 Detected Alphanumeric ID N86412070 -> calling process
2026-02-01 12:04:35 - ERROR - Error fetching project details: HTTPSConnectionPool(host='www.99acres.com', port=443): Read timed out. (read timeout=15)
2026-02-01 12:04:35 - INFO - Sleeping for 2.48 seconds...
2026-02-01 12:04:35 - INFO - ✅ Fetched page successfully: 200
2026-02-01 12:04:35 - INFO - ✅ window.__initialData__ extracted successfully
2026-02-01 12:04:35 - ERROR - ❌ Property data node not found in extracted JSON
2026-02-01 12:04:35 - INFO - Sleeping for 3.38 seconds...
2026-02-01 12:04:38 - INFO - Processing property_id: K86402970
2026-02-01 12:04:38 - INFO - 🔤 Detected Alphanumeric ID K86402970 -> calling process
2026-02-01 12:04:39 - INFO - Processing property_id: I85984342
2026-02-01 12:04:39 - INFO - 🔤 Detected Alphanumeric ID I85984342 -> calling process
2026-02-01 12:04:39 - INFO - ✅ Fetched page successfully: 200
2026-02-01 12:04:39 - INFO - ✅ window.__initialData__ extracted successfully
2026-02-01 12:04:39 - ERROR - ❌ Property data node not found in extracted JSON
2026-02-01 12:04:39 - INFO - Sleeping for 3.43 seconds...
2026-02-01 12:04:41 - INFO - ✅ Fetched page successfully: 200
2026-02-01 12:04:41 - INFO - ✅ window.__initialData__ extracted successfully
2026-02-01 12:04:41 - ERROR - ❌ Property data node not found in extracted JSON
2026-02-01 12:04:41 - INFO - Sleeping for 3.62 seconds...
2026-02-01 12:04:43 - WARNING - 🛑 Rate limit hit (10 requests). Sleeping for 115s...
2026-02-01 12:04:45 - INFO - Processing property_id: C87188628
2026-02-01 12:04:45 - INFO - 🔤 Detected Alphanumeric ID C87188628 -> calling process
2026-02-01 12:04:47 - INFO - ✅ Fetched page successfully: 200
2026-02-01 12:04:47 - INFO - ✅ window.__initialData__ extracted successfully
2026-02-01 12:04:47 - ERROR - ❌ Property data node not found in extracted JSON
2026-02-01 12:04:47 - INFO - Sleeping for 3.44 seconds...
2026-02-01 12:04:51 - INFO - Processing property_id: M86389600
2026-02-01 12:04:51 - INFO - 🔤 Detected Alphanumeric ID M86389600 -> calling process
2026-02-01 12:04:52 - INFO - ✅ Fetched page successfully: 200
2026-02-01 12:04:52 - INFO - ✅ window.__initialData__ extracted successfully
2026-02-01 12:04:52 - INFO - ✅ Property node detected
2026-02-01 12:04:52 - INFO - Sleeping for 3.96 seconds...
2026-02-01 12:04:56 - INFO - Processing property_id: V87342318
2026-02-01 12:04:56 - INFO - 🔤 Detected Alphanumeric ID V87342318 -> calling process
2026-02-01 12:04:59 - INFO - ✅ Fetched page successfully: 200
2026-02-01 12:04:59 - INFO - ✅ window.__initialData__ extracted successfully
2026-02-01 12:04:59 - INFO - ✅ Property node detected
2026-02-01 12:04:59 - INFO - Sleeping for 2.11 seconds...
2026-02-01 12:05:01 - INFO - Processing property_id: O87392848
2026-02-01 12:05:01 - INFO - 🔤 Detected Alphanumeric ID O87392848 -> calling process
2026-02-01 12:05:04 - INFO - ✅ Fetched page successfully: 200
2026-02-01 12:05:04 - INFO - ✅ window.__initialData__ extracted successfully
2026-02-01 12:05:04 - INFO - ✅ Property node detected
2026-02-01 12:05:04 - INFO - Sleeping for 4.73 seconds...
2026-02-01 12:05:09 - INFO - Processing property_id: P87392448
2026-02-01 12:05:09 - INFO - 🔤 Detected Alphanumeric ID P87392448 -> calling process
2026-02-01 12:05:11 - INFO - ✅ Fetched page successfully: 200
2026-02-01 12:05:11 - INFO - ✅ window.__initialData__ extracted successfully
2026-02-01 12:05:11 - INFO - ✅ Property node detected
2026-02-01 12:05:11 - INFO - Sleeping for 3.75 seconds...
2026-02-01 12:05:14 - INFO - Processing property_id: A63978642
2026-02-01 12:05:14 - INFO - 🔤 Detected Alphanumeric ID A63978642 -> calling process
2026-02-01 12:05:16 - INFO - ✅ Fetched page successfully: 200
2026-02-01 12:05:16 - INFO - ✅ window.__initialData__ extracted successfully
2026-02-01 12:05:16 - INFO - ✅ Property node detected
2026-02-01 12:05:16 - INFO - Sleeping for 2.51 seconds...
2026-02-01 12:05:19 - INFO - Processing property_id: Q87287758
2026-02-01 12:05:19 - INFO - 🔤 Detected Alphanumeric ID Q87287758 -> calling process
2026-02-01 12:05:20 - INFO - ✅ Fetched page successfully: 200
2026-02-01 12:05:20 - INFO - ✅ window.__initialData__ extracted successfully
2026-02-01 12:05:20 - INFO - ✅ Property node detected
2026-02-01 12:05:20 - INFO - Sleeping for 2.41 seconds...
2026-02-01 12:05:22 - INFO - Processing property_id: K88362812
2026-02-01 12:05:22 - INFO - 🔤 Detected Alphanumeric ID K88362812 -> calling process
2026-02-01 12:05:24 - INFO - ✅ Fetched page successfully: 200
2026-02-01 12:05:24 - INFO - ✅ window.__initialData__ extracted successfully
2026-02-01 12:05:24 - INFO - ✅ Property node detected
2026-02-01 12:05:24 - INFO - Sleeping for 4.34 seconds...
2026-02-01 12:05:28 - INFO - Processing property_id: W88230330
2026-02-01 12:05:28 - INFO - 🔤 Detected Alphanumeric ID W88230330 -> calling process
2026-02-01 12:05:30 - INFO - ✅ Fetched page successfully: 200
2026-02-01 12:05:30 - INFO - ✅ window.__initialData__ extracted successfully
2026-02-01 12:05:30 - INFO - ✅ Property node detected
2026-02-01 12:05:30 - INFO - Sleeping for 2.95 seconds...
2026-02-01 12:05:33 - WARNING - 🛑 Rate limit hit (20 requests). Sleeping for 98s...
2026-02-01 12:06:38 - INFO - ▶️ Resuming operations.
2026-02-01 12:06:38 - INFO - Processing property_id: 442625
2026-02-01 12:06:38 - INFO - 🔢 Detected Numeric ID 442625 -> calling process_single_project
2026-02-01 12:06:38 - INFO - Fetching details for project ID: 442625
2026-02-01 12:06:38 - INFO - Sleeping for 4.83 seconds...
2026-02-01 12:06:43 - INFO - Processing property_id: V87922638
2026-02-01 12:06:43 - INFO - 🔤 Detected Alphanumeric ID V87922638 -> calling process
2026-02-01 12:06:46 - INFO - ✅ Fetched page successfully: 200
2026-02-01 12:06:46 - INFO - ✅ window.__initialData__ extracted successfully
2026-02-01 12:06:46 - INFO - ✅ Property node detected
2026-02-01 12:06:46 - INFO - Sleeping for 2.46 seconds...
2026-02-01 12:06:48 - INFO - Processing property_id: O87923710
2026-02-01 12:06:48 - INFO - 🔤 Detected Alphanumeric ID O87923710 -> calling process
2026-02-01 12:06:50 - INFO - ✅ Fetched page successfully: 200
2026-02-01 12:06:50 - INFO - ✅ window.__initialData__ extracted successfully
2026-02-01 12:06:50 - INFO - ✅ Property node detected
2026-02-01 12:06:50 - INFO - Sleeping for 2.29 seconds...
2026-02-01 12:06:52 - INFO - Processing property_id: L87512586
2026-02-01 12:06:52 - INFO - 🔤 Detected Alphanumeric ID L87512586 -> calling process
2026-02-01 12:06:54 - INFO - ✅ Fetched page successfully: 200
2026-02-01 12:06:54 - INFO - ✅ window.__initialData__ extracted successfully
2026-02-01 12:06:54 - INFO - ✅ Property node detected
2026-02-01 12:06:54 - INFO - Sleeping for 3.73 seconds...
2026-02-01 12:06:57 - INFO - Processing property_id: H87710432
2026-02-01 12:06:57 - INFO - 🔤 Detected Alphanumeric ID H87710432 -> calling process
2026-02-01 12:06:59 - INFO - ✅ Fetched page successfully: 200
2026-02-01 12:06:59 - INFO - ✅ window.__initialData__ extracted successfully
2026-02-01 12:06:59 - INFO - ✅ Property node detected
2026-02-01 12:06:59 - INFO - Sleeping for 3.19 seconds...
2026-02-01 12:07:02 - INFO - Processing property_id: A87540496
2026-02-01 12:07:02 - INFO - 🔤 Detected Alphanumeric ID A87540496 -> calling process
2026-02-01 12:07:04 - INFO - ✅ Fetched page successfully: 200
2026-02-01 12:07:04 - INFO - ✅ window.__initialData__ extracted successfully
2026-02-01 12:07:04 - INFO - ✅ Property node detected
2026-02-01 12:07:04 - INFO - Sleeping for 4.88 seconds...
2026-02-01 12:07:09 - INFO - Processing property_id: E86965352
2026-02-01 12:07:09 - INFO - 🔤 Detected Alphanumeric ID E86965352 -> calling process
2026-02-01 12:07:10 - INFO - ✅ Fetched page successfully: 200
2026-02-01 12:07:10 - INFO - ✅ window.__initialData__ extracted successfully
2026-02-01 12:07:10 - INFO - ✅ Property node detected
2026-02-01 12:07:10 - INFO - Sleeping for 4.47 seconds...
2026-02-01 12:07:11 - INFO - ▶️ Resuming operations.
2026-02-01 12:07:11 - INFO - Processing property_id: J88411098
2026-02-01 12:07:11 - INFO - 🔤 Detected Alphanumeric ID J88411098 -> calling process
2026-02-01 12:07:12 - INFO - ✅ Fetched page successfully: 200
2026-02-01 12:07:12 - INFO - ✅ window.__initialData__ extracted successfully
2026-02-01 12:07:12 - INFO - ✅ Property node detected
2026-02-01 12:07:12 - INFO - Sleeping for 3.39 seconds...
2026-02-01 12:07:15 - INFO - Processing property_id: K87202898
2026-02-01 12:07:15 - INFO - 🔤 Detected Alphanumeric ID K87202898 -> calling process
2026-02-01 12:07:16 - INFO - Processing property_id: R86889670
2026-02-01 12:07:16 - INFO - 🔤 Detected Alphanumeric ID R86889670 -> calling process
2026-02-01 12:07:17 - INFO - ✅ Fetched page successfully: 200
2026-02-01 12:07:17 - INFO - ✅ window.__initialData__ extracted successfully
2026-02-01 12:07:17 - INFO - ✅ Property node detected
2026-02-01 12:07:17 - INFO - Sleeping for 2.28 seconds...
2026-02-01 12:07:17 - INFO - ✅ Fetched page successfully: 200
2026-02-01 12:07:17 - INFO - ✅ window.__initialData__ extracted successfully
2026-02-01 12:07:17 - INFO - ✅ Property node detected
2026-02-01 12:07:17 - INFO - Sleeping for 2.38 seconds...
2026-02-01 12:07:19 - INFO - Processing property_id: Z81979668
2026-02-01 12:07:19 - INFO - 🔤 Detected Alphanumeric ID Z81979668 -> calling process
2026-02-01 12:07:20 - WARNING - 🛑 Rate limit hit (30 requests). Sleeping for 98s...
2026-02-01 12:07:21 - INFO - ✅ Fetched page successfully: 200
2026-02-01 12:07:21 - INFO - ✅ window.__initialData__ extracted successfully
2026-02-01 12:07:21 - INFO - ✅ Property node detected
2026-02-01 12:07:21 - INFO - Sleeping for 2.75 seconds...
2026-02-01 12:07:23 - INFO - Processing property_id: Z88420956
2026-02-01 12:07:23 - INFO - 🔤 Detected Alphanumeric ID Z88420956 -> calling process
2026-02-01 12:07:25 - INFO - ✅ Fetched page successfully: 200
2026-02-01 12:07:25 - INFO - ✅ window.__initialData__ extracted successfully
2026-02-01 12:07:25 - INFO - ✅ Property node detected
2026-02-01 12:07:25 - INFO - Sleeping for 4.26 seconds...
2026-02-01 12:07:29 - INFO - Processing property_id: A88275786
2026-02-01 12:07:29 - INFO - 🔤 Detected Alphanumeric ID A88275786 -> calling process
2026-02-01 12:07:30 - INFO - ✅ Fetched page successfully: 200
2026-02-01 12:07:30 - INFO - ✅ window.__initialData__ extracted successfully
2026-02-01 12:07:30 - INFO - ✅ Property node detected
2026-02-01 12:07:30 - INFO - Sleeping for 2.19 seconds...
2026-02-01 12:07:33 - INFO - Processing property_id: Z88184624
2026-02-01 12:07:33 - INFO - 🔤 Detected Alphanumeric ID Z88184624 -> calling process
2026-02-01 12:07:34 - INFO - ✅ Fetched page successfully: 200
2026-02-01 12:07:34 - INFO - ✅ window.__initialData__ extracted successfully
2026-02-01 12:07:34 - INFO - ✅ Property node detected
2026-02-01 12:07:34 - INFO - Sleeping for 4.72 seconds...
2026-02-01 12:07:39 - INFO - Processing property_id: L86488214
2026-02-01 12:07:39 - INFO - 🔤 Detected Alphanumeric ID L86488214 -> calling process
2026-02-01 12:07:40 - INFO - ✅ Fetched page successfully: 200
2026-02-01 12:07:40 - INFO - ✅ window.__initialData__ extracted successfully
2026-02-01 12:07:40 - INFO - ✅ Property node detected
2026-02-01 12:07:40 - INFO - Sleeping for 2.75 seconds...
2026-02-01 12:07:43 - INFO - Processing property_id: Z86743192
2026-02-01 12:07:43 - INFO - 🔤 Detected Alphanumeric ID Z86743192 -> calling process
2026-02-01 12:07:45 - INFO - ✅ Fetched page successfully: 200
2026-02-01 12:07:45 - INFO - ✅ window.__initialData__ extracted successfully
2026-02-01 12:07:45 - INFO - ✅ Property node detected
2026-02-01 12:07:45 - INFO - Sleeping for 4.03 seconds...
2026-02-01 12:07:49 - INFO - Processing property_id: F86364104
2026-02-01 12:07:49 - INFO - 🔤 Detected Alphanumeric ID F86364104 -> calling process
2026-02-01 12:07:50 - INFO - ✅ Fetched page successfully: 200
2026-02-01 12:07:50 - INFO - ✅ window.__initialData__ extracted successfully
2026-02-01 12:07:50 - INFO - ✅ Property node detected
2026-02-01 12:07:50 - INFO - Sleeping for 3.30 seconds...
2026-02-01 12:07:53 - INFO - Processing property_id: T86346206
2026-02-01 12:07:53 - INFO - 🔤 Detected Alphanumeric ID T86346206 -> calling process
2026-02-01 12:07:55 - INFO - ✅ Fetched page successfully: 200
2026-02-01 12:07:55 - INFO - ✅ window.__initialData__ extracted successfully
2026-02-01 12:07:55 - INFO - ✅ Property node detected
2026-02-01 12:07:55 - INFO - Sleeping for 2.08 seconds...
2026-02-01 12:07:57 - INFO - Processing property_id: P88253546
2026-02-01 12:07:57 - INFO - 🔤 Detected Alphanumeric ID P88253546 -> calling process
2026-02-01 12:07:59 - INFO - ✅ Fetched page successfully: 200
2026-02-01 12:07:59 - INFO - ✅ window.__initialData__ extracted successfully
2026-02-01 12:07:59 - INFO - ✅ Property node detected
2026-02-01 12:07:59 - INFO - Sleeping for 4.83 seconds...
2026-02-01 12:08:04 - INFO - Processing property_id: Y87996578
2026-02-01 12:08:04 - INFO - 🔤 Detected Alphanumeric ID Y87996578 -> calling process
2026-02-01 12:08:05 - INFO - ✅ Fetched page successfully: 200
2026-02-01 12:08:05 - INFO - ✅ window.__initialData__ extracted successfully
2026-02-01 12:08:05 - INFO - ✅ Property node detected
2026-02-01 12:08:05 - INFO - Sleeping for 4.61 seconds...
2026-02-01 12:08:10 - WARNING - 🛑 Rate limit hit (40 requests). Sleeping for 86s...
2026-02-01 12:08:58 - INFO - ▶️ Resuming operations.
2026-02-01 12:08:58 - INFO - Processing property_id: U85743536
2026-02-01 12:08:58 - INFO - 🔤 Detected Alphanumeric ID U85743536 -> calling process
2026-02-01 12:08:59 - INFO - ✅ Fetched page successfully: 200
2026-02-01 12:08:59 - INFO - ✅ window.__initialData__ extracted successfully
2026-02-01 12:08:59 - INFO - ✅ Property node detected
2026-02-01 12:08:59 - INFO - Sleeping for 4.49 seconds...
2026-02-01 12:09:03 - INFO - Processing property_id: T87711498
2026-02-01 12:09:03 - INFO - 🔤 Detected Alphanumeric ID T87711498 -> calling process
2026-02-01 12:09:05 - INFO - ✅ Fetched page successfully: 200
2026-02-01 12:09:05 - INFO - ✅ window.__initialData__ extracted successfully
2026-02-01 12:09:05 - INFO - ✅ Property node detected
2026-02-01 12:09:05 - INFO - Sleeping for 2.64 seconds...
2026-02-01 12:09:08 - INFO - Processing property_id: W87566476
2026-02-01 12:09:08 - INFO - 🔤 Detected Alphanumeric ID W87566476 -> calling process
2026-02-01 12:09:09 - INFO - ✅ Fetched page successfully: 200
2026-02-01 12:09:09 - INFO - ✅ window.__initialData__ extracted successfully
2026-02-01 12:09:09 - INFO - ✅ Property node detected
2026-02-01 12:09:09 - INFO - Sleeping for 3.94 seconds...
2026-02-01 12:09:13 - INFO - Processing property_id: R87573978
2026-02-01 12:09:13 - INFO - 🔤 Detected Alphanumeric ID R87573978 -> calling process
2026-02-01 12:09:14 - INFO - ✅ Fetched page successfully: 200
2026-02-01 12:09:14 - INFO - ✅ window.__initialData__ extracted successfully
2026-02-01 12:09:14 - INFO - ✅ Property node detected
2026-02-01 12:09:14 - INFO - Sleeping for 4.52 seconds...
2026-02-01 12:09:19 - INFO - Processing property_id: A86796944
2026-02-01 12:09:19 - INFO - 🔤 Detected Alphanumeric ID A86796944 -> calling process
2026-02-01 12:09:20 - INFO - ✅ Fetched page successfully: 200
2026-02-01 12:09:20 - INFO - ✅ window.__initialData__ extracted successfully
2026-02-01 12:09:20 - INFO - ✅ Property node detected
2026-02-01 12:09:20 - INFO - Sleeping for 4.89 seconds...
2026-02-01 12:09:25 - INFO - Processing property_id: K86688752
2026-02-01 12:09:25 - INFO - 🔤 Detected Alphanumeric ID K86688752 -> calling process
2026-02-01 12:09:26 - INFO - ✅ Fetched page successfully: 200
2026-02-01 12:09:26 - INFO - ✅ window.__initialData__ extracted successfully
2026-02-01 12:09:26 - INFO - ✅ Property node detected
2026-02-01 12:09:26 - INFO - Sleeping for 2.40 seconds...
2026-02-01 12:09:29 - INFO - Processing property_id: T86518914
2026-02-01 12:09:29 - INFO - 🔤 Detected Alphanumeric ID T86518914 -> calling process
2026-02-01 12:09:30 - INFO - ✅ Fetched page successfully: 200
2026-02-01 12:09:31 - INFO - ✅ window.__initialData__ extracted successfully
2026-02-01 12:09:31 - INFO - ✅ Property node detected
2026-02-01 12:09:31 - INFO - Sleeping for 3.58 seconds...
2026-02-01 12:09:34 - INFO - Processing property_id: E81403283
2026-02-01 12:09:34 - INFO - 🔤 Detected Alphanumeric ID E81403283 -> calling process
2026-02-01 12:09:36 - INFO - ▶️ Resuming operations.
2026-02-01 12:09:36 - INFO - Processing property_id: O87702310
2026-02-01 12:09:36 - INFO - 🔤 Detected Alphanumeric ID O87702310 -> calling process
2026-02-01 12:09:36 - INFO - ✅ Fetched page successfully: 200
2026-02-01 12:09:36 - INFO - ✅ window.__initialData__ extracted successfully
2026-02-01 12:09:36 - INFO - ✅ Property node detected
2026-02-01 12:09:36 - INFO - Sleeping for 3.05 seconds...
2026-02-01 12:09:37 - INFO - ✅ Fetched page successfully: 200
2026-02-01 12:09:37 - INFO - ✅ window.__initialData__ extracted successfully
2026-02-01 12:09:37 - INFO - ✅ Property node detected
2026-02-01 12:09:37 - INFO - Sleeping for 3.70 seconds...
2026-02-01 12:09:39 - INFO - Processing property_id: R87716346
2026-02-01 12:09:39 - INFO - 🔤 Detected Alphanumeric ID R87716346 -> calling process
2026-02-01 12:09:40 - INFO - Processing property_id: N88443668
2026-02-01 12:09:40 - INFO - 🔤 Detected Alphanumeric ID N88443668 -> calling process
2026-02-01 12:09:41 - INFO - ✅ Fetched page successfully: 200
2026-02-01 12:09:41 - INFO - ✅ window.__initialData__ extracted successfully
2026-02-01 12:09:41 - INFO - ✅ Property node detected
2026-02-01 12:09:41 - INFO - Sleeping for 3.57 seconds...
2026-02-01 12:09:42 - INFO - ✅ Fetched page successfully: 200
2026-02-01 12:09:42 - INFO - ✅ window.__initialData__ extracted successfully
2026-02-01 12:09:42 - INFO - ✅ Property node detected
2026-02-01 12:09:42 - INFO - Sleeping for 3.20 seconds...
2026-02-01 12:09:45 - WARNING - 🛑 Rate limit hit (50 requests). Sleeping for 118s...
2026-02-01 12:09:45 - INFO - Processing property_id: J80893387
2026-02-01 12:09:45 - INFO - 🔤 Detected Alphanumeric ID J80893387 -> calling process
2026-02-01 12:09:46 - INFO - ✅ Fetched page successfully: 200
2026-02-01 12:09:47 - INFO - ✅ window.__initialData__ extracted successfully
2026-02-01 12:09:47 - INFO - ✅ Property node detected
2026-02-01 12:09:47 - INFO - Sleeping for 4.35 seconds...
2026-02-01 12:09:51 - INFO - Processing property_id: H87935736
2026-02-01 12:09:51 - INFO - 🔤 Detected Alphanumeric ID H87935736 -> calling process
2026-02-01 12:09:52 - INFO - ✅ Fetched page successfully: 200
2026-02-01 12:09:52 - INFO - ✅ window.__initialData__ extracted successfully
2026-02-01 12:09:52 - INFO - ✅ Property node detected
2026-02-01 12:09:52 - INFO - Sleeping for 2.15 seconds...
2026-02-01 12:09:55 - INFO - Processing property_id: P71572854
2026-02-01 12:09:55 - INFO - 🔤 Detected Alphanumeric ID P71572854 -> calling process
2026-02-01 12:09:56 - INFO - ✅ Fetched page successfully: 200
2026-02-01 12:09:56 - INFO - ✅ window.__initialData__ extracted successfully
2026-02-01 12:09:56 - INFO - ✅ Property node detected
2026-02-01 12:09:56 - INFO - Sleeping for 3.87 seconds...
2026-02-01 12:10:00 - INFO - Processing property_id: G86387036
2026-02-01 12:10:00 - INFO - 🔤 Detected Alphanumeric ID G86387036 -> calling process
2026-02-01 12:10:02 - INFO - ✅ Fetched page successfully: 200
2026-02-01 12:10:02 - INFO - ✅ window.__initialData__ extracted successfully
2026-02-01 12:10:02 - INFO - ✅ Property node detected
2026-02-01 12:10:02 - INFO - Sleeping for 2.78 seconds...
2026-02-01 12:10:04 - INFO - Processing property_id: U87521446
2026-02-01 12:10:04 - INFO - 🔤 Detected Alphanumeric ID U87521446 -> calling process
2026-02-01 12:10:06 - INFO - ✅ Fetched page successfully: 200
2026-02-01 12:10:06 - INFO - ✅ window.__initialData__ extracted successfully
2026-02-01 12:10:06 - INFO - ✅ Property node detected
2026-02-01 12:10:06 - INFO - Sleeping for 4.18 seconds...
2026-02-01 12:10:10 - INFO - Processing property_id: S87447966
2026-02-01 12:10:10 - INFO - 🔤 Detected Alphanumeric ID S87447966 -> calling process
2026-02-01 12:10:12 - INFO - ✅ Fetched page successfully: 200
2026-02-01 12:10:12 - INFO - ✅ window.__initialData__ extracted successfully
2026-02-01 12:10:12 - INFO - ✅ Property node detected
2026-02-01 12:10:12 - INFO - Sleeping for 3.20 seconds...
2026-02-01 12:10:15 - INFO - Processing property_id: E88391520
2026-02-01 12:10:15 - INFO - 🔤 Detected Alphanumeric ID E88391520 -> calling process
2026-02-01 12:10:17 - INFO - ✅ Fetched page successfully: 200
2026-02-01 12:10:17 - INFO - ✅ window.__initialData__ extracted successfully
2026-02-01 12:10:17 - INFO - ✅ Property node detected
2026-02-01 12:10:17 - INFO - Sleeping for 3.78 seconds...
2026-02-01 12:10:21 - INFO - Processing property_id: V88284142
2026-02-01 12:10:21 - INFO - 🔤 Detected Alphanumeric ID V88284142 -> calling process
2026-02-01 12:10:22 - INFO - ✅ Fetched page successfully: 200
2026-02-01 12:10:22 - INFO - ✅ window.__initialData__ extracted successfully
2026-02-01 12:10:22 - INFO - ✅ Property node detected
2026-02-01 12:10:22 - INFO - Sleeping for 3.35 seconds...
2026-02-01 12:10:25 - INFO - Processing property_id: H87900830
2026-02-01 12:10:25 - INFO - 🔤 Detected Alphanumeric ID H87900830 -> calling process
2026-02-01 12:10:28 - INFO - ✅ Fetched page successfully: 200
2026-02-01 12:10:28 - INFO - ✅ window.__initialData__ extracted successfully
2026-02-01 12:10:28 - INFO - ✅ Property node detected
2026-02-01 12:10:28 - INFO - Sleeping for 3.53 seconds...
2026-02-01 12:10:31 - WARNING - 🛑 Rate limit hit (60 requests). Sleeping for 78s...
2026-02-01 12:11:43 - INFO - ▶️ Resuming operations.
2026-02-01 12:11:43 - INFO - Processing property_id: U81643871
2026-02-01 12:11:43 - INFO - 🔤 Detected Alphanumeric ID U81643871 -> calling process
2026-02-01 12:11:44 - INFO - ✅ Fetched page successfully: 200
2026-02-01 12:11:44 - INFO - ✅ window.__initialData__ extracted successfully
2026-02-01 12:11:44 - INFO - ✅ Property node detected
2026-02-01 12:11:44 - INFO - Sleeping for 2.70 seconds...
2026-02-01 12:11:47 - INFO - Processing property_id: M87439772
2026-02-01 12:11:47 - INFO - 🔤 Detected Alphanumeric ID M87439772 -> calling process
2026-02-01 12:11:48 - INFO - ✅ Fetched page successfully: 200
2026-02-01 12:11:48 - INFO - ✅ window.__initialData__ extracted successfully
2026-02-01 12:11:48 - INFO - ✅ Property node detected
2026-02-01 12:11:48 - INFO - Sleeping for 3.84 seconds...
2026-02-01 12:11:49 - INFO - ▶️ Resuming operations.
2026-02-01 12:11:49 - INFO - Processing property_id: N87467010
2026-02-01 12:11:49 - INFO - 🔤 Detected Alphanumeric ID N87467010 -> calling process
2026-02-01 12:11:51 - INFO - ✅ Fetched page successfully: 200
2026-02-01 12:11:51 - INFO - ✅ window.__initialData__ extracted successfully
2026-02-01 12:11:51 - INFO - ✅ Property node detected
2026-02-01 12:11:51 - INFO - Sleeping for 4.77 seconds...
2026-02-01 12:11:52 - INFO - Processing property_id: B87330596
2026-02-01 12:11:52 - INFO - 🔤 Detected Alphanumeric ID B87330596 -> calling process
2026-02-01 12:11:54 - INFO - ✅ Fetched page successfully: 200
2026-02-01 12:11:54 - INFO - ✅ window.__initialData__ extracted successfully
2026-02-01 12:11:54 - INFO - ✅ Property node detected
2026-02-01 12:11:54 - INFO - Sleeping for 4.44 seconds...
2026-02-01 12:11:55 - INFO - Processing property_id: L88407580
2026-02-01 12:11:55 - INFO - 🔤 Detected Alphanumeric ID L88407580 -> calling process
2026-02-01 12:11:57 - INFO - ✅ Fetched page successfully: 200
2026-02-01 12:11:57 - INFO - ✅ window.__initialData__ extracted successfully
2026-02-01 12:11:57 - INFO - ✅ Property node detected
2026-02-01 12:11:57 - INFO - Sleeping for 3.40 seconds...
2026-02-01 12:11:59 - INFO - Processing property_id: H79331813
2026-02-01 12:11:59 - INFO - 🔤 Detected Alphanumeric ID H79331813 -> calling process
2026-02-01 12:12:00 - INFO - ✅ Fetched page successfully: 200
2026-02-01 12:12:00 - INFO - ✅ window.__initialData__ extracted successfully
2026-02-01 12:12:00 - INFO - ✅ Property node detected
2026-02-01 12:12:00 - INFO - Sleeping for 3.52 seconds...
2026-02-01 12:12:00 - INFO - Processing property_id: D86605690
2026-02-01 12:12:00 - INFO - 🔤 Detected Alphanumeric ID D86605690 -> calling process
2026-02-01 12:12:02 - INFO - ✅ Fetched page successfully: 200
2026-02-01 12:12:02 - INFO - ✅ window.__initialData__ extracted successfully
2026-02-01 12:12:02 - INFO - ✅ Property node detected
2026-02-01 12:12:02 - INFO - Sleeping for 2.05 seconds...
2026-02-01 12:12:04 - INFO - Processing property_id: P86735936
2026-02-01 12:12:04 - INFO - 🔤 Detected Alphanumeric ID P86735936 -> calling process
2026-02-01 12:12:04 - INFO - Processing property_id: E88395618
2026-02-01 12:12:04 - INFO - 🔤 Detected Alphanumeric ID E88395618 -> calling process
2026-02-01 12:12:05 - INFO - ✅ Fetched page successfully: 200
2026-02-01 12:12:05 - INFO - ✅ window.__initialData__ extracted successfully
2026-02-01 12:12:05 - INFO - ✅ Property node detected
2026-02-01 12:12:05 - INFO - Sleeping for 3.85 seconds...
2026-02-01 12:12:06 - INFO - ✅ Fetched page successfully: 200
2026-02-01 12:12:06 - INFO - ✅ window.__initialData__ extracted successfully
2026-02-01 12:12:06 - INFO - ✅ Property node detected
2026-02-01 12:12:06 - INFO - Sleeping for 4.17 seconds...
2026-02-01 12:12:09 - INFO - Processing property_id: A88379036
2026-02-01 12:12:09 - INFO - 🔤 Detected Alphanumeric ID A88379036 -> calling process
2026-02-01 12:12:10 - INFO - Processing property_id: H88405834
2026-02-01 12:12:10 - INFO - 🔤 Detected Alphanumeric ID H88405834 -> calling process
2026-02-01 12:12:10 - INFO - ✅ Fetched page successfully: 200
2026-02-01 12:12:10 - INFO - ✅ window.__initialData__ extracted successfully
2026-02-01 12:12:10 - INFO - ✅ Property node detected
2026-02-01 12:12:10 - INFO - Sleeping for 3.10 seconds...
2026-02-01 12:12:11 - INFO - ✅ Fetched page successfully: 200
2026-02-01 12:12:11 - INFO - ✅ window.__initialData__ extracted successfully
2026-02-01 12:12:11 - INFO - ✅ Property node detected
2026-02-01 12:12:11 - INFO - Sleeping for 3.53 seconds...
2026-02-01 12:12:13 - WARNING - 🛑 Rate limit hit (70 requests). Sleeping for 99s...
2026-02-01 12:12:15 - INFO - Processing property_id: F88409390
2026-02-01 12:12:15 - INFO - 🔤 Detected Alphanumeric ID F88409390 -> calling process
2026-02-01 12:12:16 - INFO - ✅ Fetched page successfully: 200
2026-02-01 12:12:16 - INFO - ✅ window.__initialData__ extracted successfully
2026-02-01 12:12:16 - INFO - ✅ Property node detected
2026-02-01 12:12:16 - INFO - Sleeping for 3.81 seconds...
2026-02-01 12:12:20 - INFO - Processing property_id: H88379482
2026-02-01 12:12:20 - INFO - 🔤 Detected Alphanumeric ID H88379482 -> calling process
2026-02-01 12:12:22 - INFO - ✅ Fetched page successfully: 200
2026-02-01 12:12:22 - INFO - ✅ window.__initialData__ extracted successfully
2026-02-01 12:12:22 - INFO - ✅ Property node detected
2026-02-01 12:12:22 - INFO - Sleeping for 3.31 seconds...
2026-02-01 12:12:25 - INFO - Processing property_id: P88185470
2026-02-01 12:12:25 - INFO - 🔤 Detected Alphanumeric ID P88185470 -> calling process
2026-02-01 12:12:27 - INFO - ✅ Fetched page successfully: 200
2026-02-01 12:12:27 - INFO - ✅ window.__initialData__ extracted successfully
2026-02-01 12:12:27 - INFO - ✅ Property node detected
2026-02-01 12:12:27 - INFO - Sleeping for 3.74 seconds...
2026-02-01 12:12:30 - INFO - Processing property_id: M88162358
2026-02-01 12:12:30 - INFO - 🔤 Detected Alphanumeric ID M88162358 -> calling process
2026-02-01 12:12:32 - INFO - ✅ Fetched page successfully: 200
2026-02-01 12:12:32 - INFO - ✅ window.__initialData__ extracted successfully
2026-02-01 12:12:32 - INFO - ✅ Property node detected
2026-02-01 12:12:32 - INFO - Sleeping for 3.74 seconds...
2026-02-01 12:12:36 - INFO - Processing property_id: J87871904
2026-02-01 12:12:36 - INFO - 🔤 Detected Alphanumeric ID J87871904 -> calling process
2026-02-01 12:12:37 - INFO - ✅ Fetched page successfully: 200
2026-02-01 12:12:37 - INFO - ✅ window.__initialData__ extracted successfully
2026-02-01 12:12:37 - INFO - ✅ Property node detected
2026-02-01 12:12:37 - INFO - Sleeping for 4.70 seconds...
2026-02-01 12:12:42 - INFO - Processing property_id: I87687752
2026-02-01 12:12:42 - INFO - 🔤 Detected Alphanumeric ID I87687752 -> calling process
2026-02-01 12:12:43 - INFO - ✅ Fetched page successfully: 200
2026-02-01 12:12:43 - INFO - ✅ window.__initialData__ extracted successfully
2026-02-01 12:12:43 - INFO - ✅ Property node detected
2026-02-01 12:12:43 - INFO - Sleeping for 4.46 seconds...
2026-02-01 12:12:48 - INFO - Processing property_id: R87751048
2026-02-01 12:12:48 - INFO - 🔤 Detected Alphanumeric ID R87751048 -> calling process
2026-02-01 12:12:50 - INFO - ✅ Fetched page successfully: 200
2026-02-01 12:12:50 - INFO - ✅ window.__initialData__ extracted successfully
2026-02-01 12:12:50 - INFO - ✅ Property node detected
2026-02-01 12:12:50 - INFO - Sleeping for 4.98 seconds...
2026-02-01 12:12:55 - INFO - Processing property_id: K87693664
2026-02-01 12:12:55 - INFO - 🔤 Detected Alphanumeric ID K87693664 -> calling process
2026-02-01 12:12:56 - INFO - ✅ Fetched page successfully: 200
2026-02-01 12:12:56 - INFO - ✅ window.__initialData__ extracted successfully
2026-02-01 12:12:56 - INFO - ✅ Property node detected
2026-02-01 12:12:56 - INFO - Sleeping for 4.37 seconds...
2026-02-01 12:13:00 - INFO - Processing property_id: H81270833
2026-02-01 12:13:00 - INFO - 🔤 Detected Alphanumeric ID H81270833 -> calling process
2026-02-01 12:13:02 - INFO - ✅ Fetched page successfully: 200
2026-02-01 12:13:02 - INFO - ✅ window.__initialData__ extracted successfully
2026-02-01 12:13:02 - INFO - ✅ Property node detected
2026-02-01 12:13:02 - INFO - Sleeping for 4.49 seconds...
2026-02-01 12:13:06 - WARNING - 🛑 Rate limit hit (80 requests). Sleeping for 70s...
2026-02-01 12:13:52 - INFO - ▶️ Resuming operations.
2026-02-01 12:13:52 - INFO - Processing property_id: M88377058
2026-02-01 12:13:52 - INFO - 🔤 Detected Alphanumeric ID M88377058 -> calling process
2026-02-01 12:13:54 - INFO - ✅ Fetched page successfully: 200
2026-02-01 12:13:54 - INFO - ✅ window.__initialData__ extracted successfully
2026-02-01 12:13:54 - INFO - ✅ Property node detected
2026-02-01 12:13:54 - INFO - Sleeping for 3.23 seconds...
2026-02-01 12:13:57 - INFO - Processing property_id: Z83149912
2026-02-01 12:13:57 - INFO - 🔤 Detected Alphanumeric ID Z83149912 -> calling process
2026-02-01 12:13:59 - INFO - ✅ Fetched page successfully: 200
2026-02-01 12:13:59 - INFO - ✅ window.__initialData__ extracted successfully
2026-02-01 12:13:59 - INFO - ✅ Property node detected
2026-02-01 12:13:59 - INFO - Sleeping for 3.10 seconds...
2026-02-01 12:14:02 - INFO - Processing property_id: H85645854
2026-02-01 12:14:02 - INFO - 🔤 Detected Alphanumeric ID H85645854 -> calling process
2026-02-01 12:14:05 - INFO - ✅ Fetched page successfully: 200
2026-02-01 12:14:05 - INFO - ✅ window.__initialData__ extracted successfully
2026-02-01 12:14:05 - INFO - ✅ Property node detected
2026-02-01 12:14:05 - INFO - Sleeping for 4.90 seconds...
2026-02-01 12:14:10 - INFO - Processing property_id: M87370052
2026-02-01 12:14:10 - INFO - 🔤 Detected Alphanumeric ID M87370052 -> calling process
2026-02-01 12:14:12 - INFO - ✅ Fetched page successfully: 200
2026-02-01 12:14:12 - INFO - ✅ window.__initialData__ extracted successfully
2026-02-01 12:14:12 - INFO - ✅ Property node detected
2026-02-01 12:14:12 - INFO - Sleeping for 3.05 seconds...
2026-02-01 12:14:15 - INFO - Processing property_id: G86798944
2026-02-01 12:14:15 - INFO - 🔤 Detected Alphanumeric ID G86798944 -> calling process
2026-02-01 12:14:16 - INFO - ▶️ Resuming operations.
2026-02-01 12:14:16 - INFO - Processing property_id: O86388594
2026-02-01 12:14:16 - INFO - 🔤 Detected Alphanumeric ID O86388594 -> calling process
2026-02-01 12:14:17 - INFO - ✅ Fetched page successfully: 200
2026-02-01 12:14:17 - INFO - ✅ window.__initialData__ extracted successfully
2026-02-01 12:14:17 - INFO - ✅ Property node detected
2026-02-01 12:14:17 - INFO - Sleeping for 2.27 seconds...
2026-02-01 12:14:18 - INFO - ✅ Fetched page successfully: 200
2026-02-01 12:14:18 - INFO - ✅ window.__initialData__ extracted successfully
2026-02-01 12:14:18 - INFO - ✅ Property node detected
2026-02-01 12:14:18 - INFO - Sleeping for 4.75 seconds...
2026-02-01 12:14:19 - INFO - Processing property_id: Q88193944
2026-02-01 12:14:19 - INFO - 🔤 Detected Alphanumeric ID Q88193944 -> calling process
2026-02-01 12:14:21 - INFO - ✅ Fetched page successfully: 200
2026-02-01 12:14:21 - INFO - ✅ window.__initialData__ extracted successfully
2026-02-01 12:14:21 - INFO - ✅ Property node detected
2026-02-01 12:14:21 - INFO - Sleeping for 2.26 seconds...
2026-02-01 12:14:23 - INFO - Processing property_id: R87972108
2026-02-01 12:14:23 - INFO - 🔤 Detected Alphanumeric ID R87972108 -> calling process
2026-02-01 12:14:23 - INFO - Processing property_id: O87708906
2026-02-01 12:14:23 - INFO - 🔤 Detected Alphanumeric ID O87708906 -> calling process
2026-02-01 12:14:24 - INFO - ✅ Fetched page successfully: 200
2026-02-01 12:14:24 - INFO - ✅ window.__initialData__ extracted successfully
2026-02-01 12:14:24 - INFO - ✅ Property node detected
2026-02-01 12:14:24 - INFO - Sleeping for 3.25 seconds...
2026-02-01 12:14:25 - INFO - ✅ Fetched page successfully: 200
2026-02-01 12:14:25 - INFO - ✅ window.__initialData__ extracted successfully
2026-02-01 12:14:25 - INFO - ✅ Property node detected
2026-02-01 12:14:25 - INFO - Sleeping for 4.62 seconds...
2026-02-01 12:14:27 - INFO - Processing property_id: P88312654
2026-02-01 12:14:27 - INFO - 🔤 Detected Alphanumeric ID P88312654 -> calling process
2026-02-01 12:14:28 - INFO - ✅ Fetched page successfully: 200
2026-02-01 12:14:29 - INFO - ✅ window.__initialData__ extracted successfully
2026-02-01 12:14:29 - INFO - ✅ Property node detected
2026-02-01 12:14:29 - INFO - Sleeping for 4.08 seconds...
2026-02-01 12:14:29 - INFO - Processing property_id: G82876696
2026-02-01 12:14:29 - INFO - 🔤 Detected Alphanumeric ID G82876696 -> calling process
2026-02-01 12:14:31 - INFO - ✅ Fetched page successfully: 200
2026-02-01 12:14:31 - INFO - ✅ window.__initialData__ extracted successfully
2026-02-01 12:14:31 - INFO - ✅ Property node detected
2026-02-01 12:14:31 - INFO - Sleeping for 3.02 seconds...
2026-02-01 12:14:33 - WARNING - 🛑 Rate limit hit (90 requests). Sleeping for 85s...
2026-02-01 12:14:34 - INFO - Processing property_id: H88307854
2026-02-01 12:14:34 - INFO - 🔤 Detected Alphanumeric ID H88307854 -> calling process
2026-02-01 12:14:35 - INFO - ✅ Fetched page successfully: 200
2026-02-01 12:14:35 - INFO - ✅ window.__initialData__ extracted successfully
2026-02-01 12:14:35 - INFO - ✅ Property node detected
2026-02-01 12:14:35 - INFO - Sleeping for 2.29 seconds...
2026-02-01 12:14:38 - INFO - Processing property_id: O86861356
2026-02-01 12:14:38 - INFO - 🔤 Detected Alphanumeric ID O86861356 -> calling process
2026-02-01 12:14:39 - INFO - ✅ Fetched page successfully: 200
2026-02-01 12:14:39 - INFO - ✅ window.__initialData__ extracted successfully
2026-02-01 12:14:39 - INFO - ✅ Property node detected
2026-02-01 12:14:39 - INFO - Sleeping for 3.12 seconds...
2026-02-01 12:14:42 - INFO - Processing property_id: K86699392
2026-02-01 12:14:42 - INFO - 🔤 Detected Alphanumeric ID K86699392 -> calling process
2026-02-01 12:14:44 - INFO - ✅ Fetched page successfully: 200
2026-02-01 12:14:44 - INFO - ✅ window.__initialData__ extracted successfully
2026-02-01 12:14:44 - INFO - ✅ Property node detected
2026-02-01 12:14:44 - INFO - Sleeping for 4.57 seconds...
2026-02-01 12:14:48 - INFO - Processing property_id: W85865458
2026-02-01 12:14:48 - INFO - 🔤 Detected Alphanumeric ID W85865458 -> calling process
2026-02-01 12:14:50 - INFO - ✅ Fetched page successfully: 200
2026-02-01 12:14:50 - INFO - ✅ window.__initialData__ extracted successfully
2026-02-01 12:14:50 - INFO - ✅ Property node detected
2026-02-01 12:14:50 - INFO - Sleeping for 4.36 seconds...
2026-02-01 12:14:54 - INFO - Processing property_id: K85712522
2026-02-01 12:14:54 - INFO - 🔤 Detected Alphanumeric ID K85712522 -> calling process
2026-02-01 12:14:56 - INFO - ✅ Fetched page successfully: 200
2026-02-01 12:14:56 - INFO - ✅ window.__initialData__ extracted successfully
2026-02-01 12:14:56 - INFO - ✅ Property node detected
2026-02-01 12:14:56 - INFO - Sleeping for 2.68 seconds...
2026-02-01 12:14:58 - INFO - Processing property_id: F85713900
2026-02-01 12:14:58 - INFO - 🔤 Detected Alphanumeric ID F85713900 -> calling process
2026-02-01 12:15:00 - INFO - ✅ Fetched page successfully: 200
2026-02-01 12:15:00 - INFO - ✅ window.__initialData__ extracted successfully
2026-02-01 12:15:00 - INFO - ✅ Property node detected
2026-02-01 12:15:00 - INFO - Sleeping for 2.09 seconds...
2026-02-01 12:15:02 - INFO - Processing property_id: M87502010
2026-02-01 12:15:02 - INFO - 🔤 Detected Alphanumeric ID M87502010 -> calling process
2026-02-01 12:15:03 - INFO - ✅ Fetched page successfully: 200
2026-02-01 12:15:03 - INFO - ✅ window.__initialData__ extracted successfully
2026-02-01 12:15:03 - INFO - ✅ Property node detected
2026-02-01 12:15:03 - INFO - Sleeping for 3.41 seconds...
2026-02-01 12:15:07 - INFO - Processing property_id: G88436376
2026-02-01 12:15:07 - INFO - 🔤 Detected Alphanumeric ID G88436376 -> calling process
2026-02-01 12:15:08 - INFO - ✅ Fetched page successfully: 200
2026-02-01 12:15:08 - INFO - ✅ window.__initialData__ extracted successfully
2026-02-01 12:15:08 - INFO - ✅ Property node detected
2026-02-01 12:15:08 - INFO - Sleeping for 2.59 seconds...
2026-02-01 12:15:11 - INFO - Processing property_id: B88452544
2026-02-01 12:15:11 - INFO - 🔤 Detected Alphanumeric ID B88452544 -> calling process
2026-02-01 12:15:13 - INFO - ✅ Fetched page successfully: 200
2026-02-01 12:15:14 - INFO - ✅ window.__initialData__ extracted successfully
2026-02-01 12:15:14 - INFO - ✅ Property node detected
2026-02-01 12:15:14 - INFO - Sleeping for 2.72 seconds...
2026-02-01 12:15:16 - WARNING - 🛑 Rate limit hit (100 requests). Sleeping for 63s...
2026-02-01 12:15:58 - INFO - ▶️ Resuming operations.
2026-02-01 12:15:58 - INFO - Processing property_id: D87964270
2026-02-01 12:15:58 - INFO - 🔤 Detected Alphanumeric ID D87964270 -> calling process
2026-02-01 12:15:59 - INFO - ✅ Fetched page successfully: 200
2026-02-01 12:15:59 - INFO - ✅ window.__initialData__ extracted successfully
2026-02-01 12:15:59 - INFO - ✅ Property node detected
2026-02-01 12:15:59 - INFO - Sleeping for 3.02 seconds...
2026-02-01 12:16:02 - INFO - Processing property_id: G84134880
2026-02-01 12:16:02 - INFO - 🔤 Detected Alphanumeric ID G84134880 -> calling process
2026-02-01 12:16:04 - INFO - ✅ Fetched page successfully: 200
2026-02-01 12:16:04 - INFO - ✅ window.__initialData__ extracted successfully
2026-02-01 12:16:04 - INFO - ✅ Property node detected
2026-02-01 12:16:04 - INFO - Sleeping for 2.57 seconds...
2026-02-01 12:16:07 - INFO - Processing property_id: N88353754
2026-02-01 12:16:07 - INFO - 🔤 Detected Alphanumeric ID N88353754 -> calling process
2026-02-01 12:16:08 - INFO - ✅ Fetched page successfully: 200
2026-02-01 12:16:08 - INFO - ✅ window.__initialData__ extracted successfully
2026-02-01 12:16:08 - INFO - ✅ Property node detected
2026-02-01 12:16:08 - INFO - Sleeping for 2.06 seconds...
2026-02-01 12:16:10 - INFO - Processing property_id: I87959798
2026-02-01 12:16:10 - INFO - 🔤 Detected Alphanumeric ID I87959798 -> calling process
2026-02-01 12:16:11 - INFO - ✅ Fetched page successfully: 200
2026-02-01 12:16:11 - INFO - ✅ window.__initialData__ extracted successfully
2026-02-01 12:16:11 - INFO - ✅ Property node detected
2026-02-01 12:16:11 - INFO - Sleeping for 4.57 seconds...
2026-02-01 12:16:16 - INFO - Processing property_id: D83145390
2026-02-01 12:16:16 - INFO - 🔤 Detected Alphanumeric ID D83145390 -> calling process
2026-02-01 12:16:18 - INFO - ✅ Fetched page successfully: 200
2026-02-01 12:16:18 - INFO - ✅ window.__initialData__ extracted successfully
2026-02-01 12:16:18 - INFO - ✅ Property node detected
2026-02-01 12:16:18 - INFO - Sleeping for 4.16 seconds...
2026-02-01 12:16:19 - INFO - ▶️ Resuming operations.
2026-02-01 12:16:19 - INFO - Processing property_id: F88435484
2026-02-01 12:16:19 - INFO - 🔤 Detected Alphanumeric ID F88435484 -> calling process
2026-02-01 12:16:22 - INFO - Processing property_id: T87275224
2026-02-01 12:16:22 - INFO - 🔤 Detected Alphanumeric ID T87275224 -> calling process
2026-02-01 12:16:23 - INFO - ✅ Fetched page successfully: 200
2026-02-01 12:16:23 - INFO - ✅ window.__initialData__ extracted successfully
2026-02-01 12:16:23 - INFO - ✅ Property node detected
2026-02-01 12:16:23 - INFO - Sleeping for 3.15 seconds...
2026-02-01 12:16:25 - INFO - ✅ Fetched page successfully: 200
2026-02-01 12:16:25 - INFO - ✅ window.__initialData__ extracted successfully
2026-02-01 12:16:25 - INFO - ✅ Property node detected
2026-02-01 12:16:25 - INFO - Sleeping for 4.51 seconds...
2026-02-01 12:16:26 - INFO - Processing property_id: S87274854
2026-02-01 12:16:26 - INFO - 🔤 Detected Alphanumeric ID S87274854 -> calling process
2026-02-01 12:16:28 - INFO - ✅ Fetched page successfully: 200
2026-02-01 12:16:28 - INFO - ✅ window.__initialData__ extracted successfully
2026-02-01 12:16:28 - INFO - ✅ Property node detected
2026-02-01 12:16:28 - INFO - Sleeping for 3.59 seconds...
2026-02-01 12:16:29 - INFO - Processing property_id: D86940244
2026-02-01 12:16:29 - INFO - 🔤 Detected Alphanumeric ID D86940244 -> calling process
2026-02-01 12:16:30 - INFO - ✅ Fetched page successfully: 200
2026-02-01 12:16:30 - INFO - ✅ window.__initialData__ extracted successfully
2026-02-01 12:16:30 - INFO - ✅ Property node detected
2026-02-01 12:16:30 - INFO - Sleeping for 3.56 seconds...
2026-02-01 12:16:32 - INFO - Processing property_id: H88358598
2026-02-01 12:16:32 - INFO - 🔤 Detected Alphanumeric ID H88358598 -> calling process
2026-02-01 12:16:33 - INFO - ✅ Fetched page successfully: 200
2026-02-01 12:16:33 - INFO - ✅ window.__initialData__ extracted successfully
2026-02-01 12:16:33 - INFO - ✅ Property node detected
2026-02-01 12:16:33 - INFO - Sleeping for 4.79 seconds...
2026-02-01 12:16:34 - INFO - Processing property_id: H87033508
2026-02-01 12:16:34 - INFO - 🔤 Detected Alphanumeric ID H87033508 -> calling process
2026-02-01 12:16:36 - INFO - ✅ Fetched page successfully: 200
2026-02-01 12:16:36 - INFO - ✅ window.__initialData__ extracted successfully
2026-02-01 12:16:36 - ERROR - ❌ Property data node not found in extracted JSON
2026-02-01 12:16:36 - INFO - Sleeping for 3.21 seconds...
2026-02-01 12:16:38 - WARNING - 🛑 Rate limit hit (110 requests). Sleeping for 92s...
2026-02-01 12:16:39 - INFO - Processing property_id: T86891626
2026-02-01 12:16:39 - INFO - 🔤 Detected Alphanumeric ID T86891626 -> calling process
2026-02-01 12:16:41 - INFO - ✅ Fetched page successfully: 200
2026-02-01 12:16:41 - INFO - ✅ window.__initialData__ extracted successfully
2026-02-01 12:16:41 - INFO - ✅ Property node detected
2026-02-01 12:16:41 - INFO - Sleeping for 2.94 seconds...
2026-02-01 12:16:44 - INFO - Processing property_id: E86918170
2026-02-01 12:16:44 - INFO - 🔤 Detected Alphanumeric ID E86918170 -> calling process
2026-02-01 12:16:45 - INFO - ✅ Fetched page successfully: 200
2026-02-01 12:16:45 - INFO - ✅ window.__initialData__ extracted successfully
2026-02-01 12:16:45 - INFO - ✅ Property node detected
2026-02-01 12:16:45 - INFO - Sleeping for 4.76 seconds...
2026-02-01 12:16:50 - INFO - Processing property_id: Y88451350
2026-02-01 12:16:50 - INFO - 🔤 Detected Alphanumeric ID Y88451350 -> calling process
2026-02-01 12:16:51 - INFO - ✅ Fetched page successfully: 200
2026-02-01 12:16:51 - INFO - ✅ window.__initialData__ extracted successfully
2026-02-01 12:16:51 - INFO - ✅ Property node detected
2026-02-01 12:16:51 - INFO - Sleeping for 2.08 seconds...
2026-02-01 12:16:54 - INFO - Processing property_id: F88001112
2026-02-01 12:16:54 - INFO - 🔤 Detected Alphanumeric ID F88001112 -> calling process
2026-02-01 12:16:55 - INFO - ✅ Fetched page successfully: 200
2026-02-01 12:16:55 - INFO - ✅ window.__initialData__ extracted successfully
2026-02-01 12:16:55 - INFO - ✅ Property node detected
2026-02-01 12:16:55 - INFO - Sleeping for 2.29 seconds...
2026-02-01 12:16:57 - INFO - Processing property_id: I88000140
2026-02-01 12:16:57 - INFO - 🔤 Detected Alphanumeric ID I88000140 -> calling process
2026-02-01 12:16:59 - INFO - ✅ Fetched page successfully: 200
2026-02-01 12:16:59 - INFO - ✅ window.__initialData__ extracted successfully
2026-02-01 12:16:59 - INFO - ✅ Property node detected
2026-02-01 12:16:59 - INFO - Sleeping for 3.44 seconds...
2026-02-01 12:17:02 - INFO - Processing property_id: Z87716866
2026-02-01 12:17:02 - INFO - 🔤 Detected Alphanumeric ID Z87716866 -> calling process
2026-02-01 12:17:04 - INFO - ✅ Fetched page successfully: 200
2026-02-01 12:17:04 - INFO - ✅ window.__initialData__ extracted successfully
2026-02-01 12:17:04 - INFO - ✅ Property node detected
2026-02-01 12:17:04 - INFO - Sleeping for 2.35 seconds...
2026-02-01 12:17:06 - INFO - Processing property_id: B87612694
2026-02-01 12:17:06 - INFO - 🔤 Detected Alphanumeric ID B87612694 -> calling process
2026-02-01 12:17:08 - INFO - ✅ Fetched page successfully: 200
2026-02-01 12:17:08 - INFO - ✅ window.__initialData__ extracted successfully
2026-02-01 12:17:08 - INFO - ✅ Property node detected
2026-02-01 12:17:08 - INFO - Sleeping for 3.64 seconds...
2026-02-01 12:17:11 - INFO - Processing property_id: V87210492
2026-02-01 12:17:11 - INFO - 🔤 Detected Alphanumeric ID V87210492 -> calling process
2026-02-01 12:17:13 - INFO - ✅ Fetched page successfully: 200
2026-02-01 12:17:13 - INFO - ✅ window.__initialData__ extracted successfully
2026-02-01 12:17:13 - INFO - ✅ Property node detected
2026-02-01 12:17:13 - INFO - Sleeping for 3.74 seconds...
2026-02-01 12:17:17 - INFO - Processing property_id: I86781378
2026-02-01 12:17:17 - INFO - 🔤 Detected Alphanumeric ID I86781378 -> calling process
2026-02-01 12:17:19 - INFO - ✅ Fetched page successfully: 200
2026-02-01 12:17:19 - INFO - ✅ window.__initialData__ extracted successfully
2026-02-01 12:17:19 - INFO - ✅ Property node detected
2026-02-01 12:17:19 - INFO - Sleeping for 3.81 seconds...
2026-02-01 12:17:23 - WARNING - 🛑 Rate limit hit (120 requests). Sleeping for 61s...
2026-02-01 12:18:10 - INFO - ▶️ Resuming operations.
2026-02-01 12:18:10 - INFO - Processing property_id: Z86863734
2026-02-01 12:18:10 - INFO - 🔤 Detected Alphanumeric ID Z86863734 -> calling process
2026-02-01 12:18:12 - INFO - ✅ Fetched page successfully: 200
2026-02-01 12:18:12 - INFO - ✅ window.__initialData__ extracted successfully
2026-02-01 12:18:12 - INFO - ✅ Property node detected
2026-02-01 12:18:12 - INFO - Sleeping for 4.99 seconds...
2026-02-01 12:18:17 - INFO - Processing property_id: O88441364
2026-02-01 12:18:17 - INFO - 🔤 Detected Alphanumeric ID O88441364 -> calling process
2026-02-01 12:18:19 - INFO - ✅ Fetched page successfully: 200
2026-02-01 12:18:19 - INFO - ✅ window.__initialData__ extracted successfully
2026-02-01 12:18:19 - INFO - ✅ Property node detected
2026-02-01 12:18:19 - INFO - Sleeping for 4.07 seconds...
2026-02-01 12:18:23 - INFO - Processing property_id: X88317818
2026-02-01 12:18:23 - INFO - 🔤 Detected Alphanumeric ID X88317818 -> calling process
2026-02-01 12:18:24 - INFO - ▶️ Resuming operations.
2026-02-01 12:18:24 - INFO - Processing property_id: P86597934
2026-02-01 12:18:24 - INFO - 🔤 Detected Alphanumeric ID P86597934 -> calling process
2026-02-01 12:18:24 - INFO - ✅ Fetched page successfully: 200
2026-02-01 12:18:24 - INFO - ✅ window.__initialData__ extracted successfully
2026-02-01 12:18:24 - INFO - ✅ Property node detected
2026-02-01 12:18:24 - INFO - Sleeping for 3.50 seconds...
2026-02-01 12:18:25 - INFO - ✅ Fetched page successfully: 200
2026-02-01 12:18:25 - INFO - ✅ window.__initialData__ extracted successfully
2026-02-01 12:18:25 - INFO - ✅ Property node detected
2026-02-01 12:18:25 - INFO - Sleeping for 4.60 seconds...
2026-02-01 12:18:28 - INFO - Processing property_id: I88317052
2026-02-01 12:18:28 - INFO - 🔤 Detected Alphanumeric ID I88317052 -> calling process
2026-02-01 12:18:29 - INFO - ✅ Fetched page successfully: 200
2026-02-01 12:18:29 - INFO - ✅ window.__initialData__ extracted successfully
2026-02-01 12:18:29 - INFO - ✅ Property node detected
2026-02-01 12:18:29 - INFO - Sleeping for 2.26 seconds...
2026-02-01 12:18:30 - INFO - Processing property_id: H88317286
2026-02-01 12:18:30 - INFO - 🔤 Detected Alphanumeric ID H88317286 -> calling process
2026-02-01 12:18:31 - INFO - ✅ Fetched page successfully: 200
2026-02-01 12:18:31 - INFO - ✅ window.__initialData__ extracted successfully
2026-02-01 12:18:31 - INFO - ✅ Property node detected
2026-02-01 12:18:31 - INFO - Sleeping for 3.22 seconds...
2026-02-01 12:18:32 - INFO - Processing property_id: W81395851
2026-02-01 12:18:32 - INFO - 🔤 Detected Alphanumeric ID W81395851 -> calling process
2026-02-01 12:18:34 - INFO - ✅ Fetched page successfully: 200
2026-02-01 12:18:34 - INFO - ✅ window.__initialData__ extracted successfully
2026-02-01 12:18:34 - INFO - ✅ Property node detected
2026-02-01 12:18:34 - INFO - Sleeping for 4.61 seconds...
2026-02-01 12:18:35 - INFO - Processing property_id: E88320098
2026-02-01 12:18:35 - INFO - 🔤 Detected Alphanumeric ID E88320098 -> calling process
2026-02-01 12:18:36 - INFO - ✅ Fetched page successfully: 200
2026-02-01 12:18:36 - INFO - ✅ window.__initialData__ extracted successfully
2026-02-01 12:18:36 - INFO - ✅ Property node detected
2026-02-01 12:18:36 - INFO - Sleeping for 3.13 seconds...
2026-02-01 12:18:38 - INFO - Processing property_id: X84183558
2026-02-01 12:18:38 - INFO - 🔤 Detected Alphanumeric ID X84183558 -> calling process
2026-02-01 12:18:40 - INFO - Processing property_id: T88383764
2026-02-01 12:18:40 - INFO - 🔤 Detected Alphanumeric ID T88383764 -> calling process
2026-02-01 12:18:41 - INFO - ✅ Fetched page successfully: 200
2026-02-01 12:18:41 - INFO - ✅ window.__initialData__ extracted successfully
2026-02-01 12:18:41 - INFO - ✅ Property node detected
2026-02-01 12:18:41 - INFO - Sleeping for 4.04 seconds...
2026-02-01 12:18:42 - INFO - ✅ Fetched page successfully: 200
2026-02-01 12:18:42 - INFO - ✅ window.__initialData__ extracted successfully
2026-02-01 12:18:42 - INFO - ✅ Property node detected
2026-02-01 12:18:42 - INFO - Sleeping for 2.07 seconds...
2026-02-01 12:18:44 - INFO - Processing property_id: X88370016
2026-02-01 12:18:44 - INFO - 🔤 Detected Alphanumeric ID X88370016 -> calling process
2026-02-01 12:18:45 - WARNING - 🛑 Rate limit hit (130 requests). Sleeping for 107s...
2026-02-01 12:18:45 - INFO - ✅ Fetched page successfully: 200
2026-02-01 12:18:45 - INFO - ✅ window.__initialData__ extracted successfully
2026-02-01 12:18:45 - INFO - ✅ Property node detected
2026-02-01 12:18:45 - INFO - Sleeping for 2.14 seconds...
2026-02-01 12:18:47 - INFO - Processing property_id: U88292676
2026-02-01 12:18:47 - INFO - 🔤 Detected Alphanumeric ID U88292676 -> calling process
2026-02-01 12:18:49 - INFO - ✅ Fetched page successfully: 200
2026-02-01 12:18:49 - INFO - ✅ window.__initialData__ extracted successfully
2026-02-01 12:18:49 - INFO - ✅ Property node detected
2026-02-01 12:18:49 - INFO - Sleeping for 4.13 seconds...
2026-02-01 12:18:53 - INFO - Processing property_id: Z88307046
2026-02-01 12:18:53 - INFO - 🔤 Detected Alphanumeric ID Z88307046 -> calling process
2026-02-01 12:18:55 - INFO - ✅ Fetched page successfully: 200
2026-02-01 12:18:55 - INFO - ✅ window.__initialData__ extracted successfully
2026-02-01 12:18:55 - INFO - ✅ Property node detected
2026-02-01 12:18:55 - INFO - Sleeping for 2.79 seconds...
2026-02-01 12:18:58 - INFO - Processing property_id: U82385390
2026-02-01 12:18:58 - INFO - 🔤 Detected Alphanumeric ID U82385390 -> calling process
2026-02-01 12:18:59 - INFO - ✅ Fetched page successfully: 200
2026-02-01 12:18:59 - INFO - ✅ window.__initialData__ extracted successfully
2026-02-01 12:18:59 - INFO - ✅ Property node detected
2026-02-01 12:18:59 - INFO - Sleeping for 3.04 seconds...
2026-02-01 12:19:02 - INFO - Processing property_id: B88008956
2026-02-01 12:19:02 - INFO - 🔤 Detected Alphanumeric ID B88008956 -> calling process
2026-02-01 12:19:05 - INFO - ✅ Fetched page successfully: 200
2026-02-01 12:19:05 - INFO - ✅ window.__initialData__ extracted successfully
2026-02-01 12:19:05 - INFO - ✅ Property node detected
2026-02-01 12:19:05 - INFO - Sleeping for 4.53 seconds...
2026-02-01 12:19:10 - INFO - Processing property_id: Y88147524
2026-02-01 12:19:10 - INFO - 🔤 Detected Alphanumeric ID Y88147524 -> calling process
2026-02-01 12:19:11 - INFO - ✅ Fetched page successfully: 200
2026-02-01 12:19:11 - INFO - ✅ window.__initialData__ extracted successfully
2026-02-01 12:19:11 - INFO - ✅ Property node detected
2026-02-01 12:19:11 - INFO - Sleeping for 2.01 seconds...
2026-02-01 12:19:13 - INFO - Processing property_id: N87979290
2026-02-01 12:19:13 - INFO - 🔤 Detected Alphanumeric ID N87979290 -> calling process
2026-02-01 12:19:14 - INFO - ✅ Fetched page successfully: 200
2026-02-01 12:19:14 - INFO - ✅ window.__initialData__ extracted successfully
2026-02-01 12:19:14 - INFO - ✅ Property node detected
2026-02-01 12:19:14 - INFO - Sleeping for 4.91 seconds...
2026-02-01 12:19:19 - INFO - Processing property_id: D87928418
2026-02-01 12:19:19 - INFO - 🔤 Detected Alphanumeric ID D87928418 -> calling process
2026-02-01 12:19:21 - INFO - ✅ Fetched page successfully: 200
2026-02-01 12:19:21 - INFO - ✅ window.__initialData__ extracted successfully
2026-02-01 12:19:21 - INFO - ✅ Property node detected
2026-02-01 12:19:21 - INFO - Sleeping for 2.65 seconds...
2026-02-01 12:19:24 - INFO - Processing property_id: N87778652
2026-02-01 12:19:24 - INFO - 🔤 Detected Alphanumeric ID N87778652 -> calling process
2026-02-01 12:19:25 - INFO - ✅ Fetched page successfully: 200
2026-02-01 12:19:25 - INFO - ✅ window.__initialData__ extracted successfully
2026-02-01 12:19:25 - INFO - ✅ Property node detected
2026-02-01 12:19:25 - INFO - Sleeping for 4.00 seconds...
2026-02-01 12:19:29 - INFO - Processing property_id: Z87776788
2026-02-01 12:19:29 - INFO - 🔤 Detected Alphanumeric ID Z87776788 -> calling process
2026-02-01 12:19:31 - INFO - ✅ Fetched page successfully: 200
2026-02-01 12:19:31 - INFO - ✅ window.__initialData__ extracted successfully
2026-02-01 12:19:31 - INFO - ✅ Property node detected
2026-02-01 12:19:31 - INFO - Sleeping for 3.33 seconds...
2026-02-01 12:19:34 - WARNING - 🛑 Rate limit hit (140 requests). Sleeping for 69s...
2026-02-01 12:20:32 - INFO - ▶️ Resuming operations.
2026-02-01 12:20:32 - INFO - Processing property_id: E88275174
2026-02-01 12:20:32 - INFO - 🔤 Detected Alphanumeric ID E88275174 -> calling process
2026-02-01 12:20:34 - INFO - ✅ Fetched page successfully: 200
2026-02-01 12:20:34 - INFO - ✅ window.__initialData__ extracted successfully
2026-02-01 12:20:34 - INFO - ✅ Property node detected
2026-02-01 12:20:34 - INFO - Sleeping for 2.72 seconds...
2026-02-01 12:20:37 - INFO - Processing property_id: O87735538
2026-02-01 12:20:37 - INFO - 🔤 Detected Alphanumeric ID O87735538 -> calling process
2026-02-01 12:20:38 - INFO - ✅ Fetched page successfully: 200
2026-02-01 12:20:38 - INFO - ✅ window.__initialData__ extracted successfully
2026-02-01 12:20:38 - INFO - ✅ Property node detected
2026-02-01 12:20:38 - INFO - Sleeping for 4.29 seconds...
2026-02-01 12:20:42 - INFO - Processing property_id: O77510159
2026-02-01 12:20:42 - INFO - 🔤 Detected Alphanumeric ID O77510159 -> calling process
2026-02-01 12:20:43 - INFO - ▶️ Resuming operations.
2026-02-01 12:20:43 - INFO - Processing property_id: G87740938
2026-02-01 12:20:43 - INFO - 🔤 Detected Alphanumeric ID G87740938 -> calling process
2026-02-01 12:20:45 - INFO - ✅ Fetched page successfully: 200
2026-02-01 12:20:45 - INFO - ✅ Fetched page successfully: 200
2026-02-01 12:20:45 - INFO - ✅ window.__initialData__ extracted successfully
2026-02-01 12:20:45 - INFO - ✅ Property node detected
2026-02-01 12:20:45 - INFO - Sleeping for 2.12 seconds...
2026-02-01 12:20:45 - INFO - ✅ window.__initialData__ extracted successfully
2026-02-01 12:20:45 - INFO - ✅ Property node detected
2026-02-01 12:20:45 - INFO - Sleeping for 2.88 seconds...
2026-02-01 12:20:47 - INFO - Processing property_id: W79708637
2026-02-01 12:20:47 - INFO - 🔤 Detected Alphanumeric ID W79708637 -> calling process
2026-02-01 12:20:48 - INFO - Processing property_id: V87674380
2026-02-01 12:20:48 - INFO - 🔤 Detected Alphanumeric ID V87674380 -> calling process
2026-02-01 12:20:49 - INFO - ✅ Fetched page successfully: 200
2026-02-01 12:20:49 - INFO - ✅ Fetched page successfully: 200
2026-02-01 12:20:49 - INFO - ✅ window.__initialData__ extracted successfully
2026-02-01 12:20:49 - INFO - ✅ Property node detected
2026-02-01 12:20:49 - INFO - Sleeping for 3.34 seconds...
2026-02-01 12:20:49 - INFO - ✅ window.__initialData__ extracted successfully
2026-02-01 12:20:49 - ERROR - ❌ Property data node not found in extracted JSON
2026-02-01 12:20:49 - INFO - Sleeping for 3.57 seconds...
2026-02-01 12:20:53 - INFO - Processing property_id: Q87601070
2026-02-01 12:20:53 - INFO - 🔤 Detected Alphanumeric ID Q87601070 -> calling process
2026-02-01 12:20:53 - INFO - Processing property_id: E84299402
2026-02-01 12:20:53 - INFO - 🔤 Detected Alphanumeric ID E84299402 -> calling process
2026-02-01 12:20:54 - INFO - ✅ Fetched page successfully: 200
2026-02-01 12:20:54 - INFO - ✅ window.__initialData__ extracted successfully
2026-02-01 12:20:54 - INFO - ✅ Property node detected
2026-02-01 12:20:54 - INFO - Sleeping for 2.43 seconds...
2026-02-01 12:20:54 - INFO - ✅ Fetched page successfully: 200
2026-02-01 12:20:55 - INFO - ✅ window.__initialData__ extracted successfully
2026-02-01 12:20:55 - INFO - ✅ Property node detected
2026-02-01 12:20:55 - INFO - Sleeping for 2.66 seconds...
2026-02-01 12:20:56 - INFO - Processing property_id: P86857606
2026-02-01 12:20:56 - INFO - 🔤 Detected Alphanumeric ID P86857606 -> calling process
2026-02-01 12:20:57 - INFO - Processing property_id: V86666560
2026-02-01 12:20:57 - INFO - 🔤 Detected Alphanumeric ID V86666560 -> calling process
2026-02-01 12:20:58 - INFO - ✅ Fetched page successfully: 200
2026-02-01 12:20:58 - INFO - ✅ window.__initialData__ extracted successfully
2026-02-01 12:20:58 - INFO - ✅ Property node detected
2026-02-01 12:20:58 - INFO - Sleeping for 4.84 seconds...
2026-02-01 12:20:59 - INFO - ✅ Fetched page successfully: 200
2026-02-01 12:20:59 - INFO - ✅ window.__initialData__ extracted successfully
2026-02-01 12:20:59 - INFO - ✅ Property node detected
2026-02-01 12:20:59 - INFO - Sleeping for 3.49 seconds...
2026-02-01 12:21:02 - INFO - Processing property_id: L86690580
2026-02-01 12:21:02 - INFO - 🔤 Detected Alphanumeric ID L86690580 -> calling process
2026-02-01 12:21:03 - WARNING - 🛑 Rate limit hit (150 requests). Sleeping for 67s...
2026-02-01 12:21:04 - INFO - ✅ Fetched page successfully: 200
2026-02-01 12:21:04 - INFO - ✅ window.__initialData__ extracted successfully
2026-02-01 12:21:04 - INFO - ✅ Property node detected
2026-02-01 12:21:04 - INFO - Sleeping for 2.02 seconds...
2026-02-01 12:21:06 - INFO - Processing property_id: Y88088054
2026-02-01 12:21:06 - INFO - 🔤 Detected Alphanumeric ID Y88088054 -> calling process
2026-02-01 12:21:08 - INFO - ✅ Fetched page successfully: 200
2026-02-01 12:21:08 - INFO - ✅ window.__initialData__ extracted successfully
2026-02-01 12:21:08 - INFO - ✅ Property node detected
2026-02-01 12:21:08 - INFO - Sleeping for 2.66 seconds...
2026-02-01 12:21:10 - INFO - Processing property_id: O88088896
2026-02-01 12:21:10 - INFO - 🔤 Detected Alphanumeric ID O88088896 -> calling process
2026-02-01 12:21:12 - INFO - ✅ Fetched page successfully: 200
2026-02-01 12:21:12 - INFO - ✅ window.__initialData__ extracted successfully
2026-02-01 12:21:12 - INFO - ✅ Property node detected
2026-02-01 12:21:12 - INFO - Sleeping for 2.73 seconds...
2026-02-01 12:21:15 - INFO - Processing property_id: Q87285744
2026-02-01 12:21:15 - INFO - 🔤 Detected Alphanumeric ID Q87285744 -> calling process
2026-02-01 12:21:16 - INFO - ✅ Fetched page successfully: 200
2026-02-01 12:21:16 - INFO - ✅ window.__initialData__ extracted successfully
2026-02-01 12:21:16 - INFO - ✅ Property node detected
2026-02-01 12:21:16 - INFO - Sleeping for 2.72 seconds...
2026-02-01 12:21:19 - INFO - Processing property_id: J87774114
2026-02-01 12:21:19 - INFO - 🔤 Detected Alphanumeric ID J87774114 -> calling process
2026-02-01 12:21:21 - INFO - ✅ Fetched page successfully: 200
2026-02-01 12:21:21 - INFO - ✅ window.__initialData__ extracted successfully
2026-02-01 12:21:21 - INFO - ✅ Property node detected
2026-02-01 12:21:21 - INFO - Sleeping for 2.21 seconds...
2026-02-01 12:21:23 - INFO - Processing property_id: E87630262
2026-02-01 12:21:23 - INFO - 🔤 Detected Alphanumeric ID E87630262 -> calling process
2026-02-01 12:21:24 - INFO - ✅ Fetched page successfully: 200
2026-02-01 12:21:25 - INFO - ✅ window.__initialData__ extracted successfully
2026-02-01 12:21:25 - INFO - ✅ Property node detected
2026-02-01 12:21:25 - INFO - Sleeping for 4.76 seconds...
2026-02-01 12:21:29 - INFO - Processing property_id: I87036162
2026-02-01 12:21:29 - INFO - 🔤 Detected Alphanumeric ID I87036162 -> calling process
2026-02-01 12:21:31 - INFO - ✅ Fetched page successfully: 200
2026-02-01 12:21:31 - INFO - ✅ window.__initialData__ extracted successfully
2026-02-01 12:21:31 - INFO - ✅ Property node detected
2026-02-01 12:21:31 - INFO - Sleeping for 4.81 seconds...
2026-02-01 12:21:36 - INFO - Processing property_id: F85882156
2026-02-01 12:21:36 - INFO - 🔤 Detected Alphanumeric ID F85882156 -> calling process
2026-02-01 12:21:38 - INFO - ✅ Fetched page successfully: 200
2026-02-01 12:21:38 - INFO - ✅ window.__initialData__ extracted successfully
2026-02-01 12:21:38 - INFO - ✅ Property node detected
2026-02-01 12:21:38 - INFO - Sleeping for 3.45 seconds...
2026-02-01 12:21:41 - INFO - Processing property_id: I86414448
2026-02-01 12:21:41 - INFO - 🔤 Detected Alphanumeric ID I86414448 -> calling process
2026-02-01 12:21:43 - INFO - ✅ Fetched page successfully: 200
2026-02-01 12:21:43 - INFO - ✅ window.__initialData__ extracted successfully
2026-02-01 12:21:43 - INFO - ✅ Property node detected
2026-02-01 12:21:43 - INFO - Sleeping for 3.31 seconds...
2026-02-01 12:21:46 - INFO - Processing property_id: G83118232
2026-02-01 12:21:46 - INFO - 🔤 Detected Alphanumeric ID G83118232 -> calling process
2026-02-01 12:21:48 - INFO - ✅ Fetched page successfully: 200
2026-02-01 12:21:48 - INFO - ✅ window.__initialData__ extracted successfully
2026-02-01 12:21:48 - INFO - ✅ Property node detected
2026-02-01 12:21:48 - INFO - Sleeping for 4.34 seconds...
2026-02-01 12:21:52 - WARNING - 🛑 Rate limit hit (160 requests). Sleeping for 68s...
2026-02-01 12:22:10 - INFO - ▶️ Resuming operations.
2026-02-01 12:22:10 - INFO - Processing property_id: N86564450
2026-02-01 12:22:10 - INFO - 🔤 Detected Alphanumeric ID N86564450 -> calling process
2026-02-01 12:22:12 - INFO - ✅ Fetched page successfully: 200
2026-02-01 12:22:12 - INFO - ✅ window.__initialData__ extracted successfully
2026-02-01 12:22:12 - INFO - ✅ Property node detected
2026-02-01 12:22:12 - INFO - Sleeping for 4.89 seconds...
2026-02-01 12:22:17 - INFO - Processing property_id: B83072586
2026-02-01 12:22:17 - INFO - 🔤 Detected Alphanumeric ID B83072586 -> calling process
2026-02-01 12:22:18 - INFO - ✅ Fetched page successfully: 200
2026-02-01 12:22:18 - INFO - ✅ window.__initialData__ extracted successfully
2026-02-01 12:22:18 - INFO - ✅ Property node detected
2026-02-01 12:22:18 - INFO - Sleeping for 4.52 seconds...
2026-02-01 12:22:23 - INFO - Processing property_id: T84548190
2026-02-01 12:22:23 - INFO - 🔤 Detected Alphanumeric ID T84548190 -> calling process
2026-02-01 12:22:24 - INFO - ✅ Fetched page successfully: 200
2026-02-01 12:22:24 - INFO - ✅ window.__initialData__ extracted successfully
2026-02-01 12:22:24 - INFO - ✅ Property node detected
2026-02-01 12:22:24 - INFO - Sleeping for 3.66 seconds...
2026-02-01 12:22:28 - INFO - Processing property_id: A85882712
2026-02-01 12:22:28 - INFO - 🔤 Detected Alphanumeric ID A85882712 -> calling process
2026-02-01 12:22:30 - INFO - ✅ Fetched page successfully: 200
2026-02-01 12:22:30 - INFO - ✅ window.__initialData__ extracted successfully
2026-02-01 12:22:30 - INFO - ✅ Property node detected
2026-02-01 12:22:30 - INFO - Sleeping for 4.51 seconds...
2026-02-01 12:22:34 - INFO - Processing property_id: X85885304
2026-02-01 12:22:34 - INFO - 🔤 Detected Alphanumeric ID X85885304 -> calling process
2026-02-01 12:22:36 - INFO - ✅ Fetched page successfully: 200
2026-02-01 12:22:36 - INFO - ✅ window.__initialData__ extracted successfully
2026-02-01 12:22:36 - INFO - ✅ Property node detected
2026-02-01 12:22:36 - INFO - Sleeping for 2.12 seconds...
2026-02-01 12:22:38 - INFO - Processing property_id: E87109556
2026-02-01 12:22:38 - INFO - 🔤 Detected Alphanumeric ID E87109556 -> calling process
2026-02-01 12:22:40 - INFO - ✅ Fetched page successfully: 200
2026-02-01 12:22:40 - INFO - ✅ window.__initialData__ extracted successfully
2026-02-01 12:22:40 - INFO - ✅ Property node detected
2026-02-01 12:22:40 - INFO - Sleeping for 2.10 seconds...
2026-02-01 12:22:42 - INFO - Processing property_id: G78106851
2026-02-01 12:22:42 - INFO - 🔤 Detected Alphanumeric ID G78106851 -> calling process
2026-02-01 12:22:43 - INFO - ✅ Fetched page successfully: 200
2026-02-01 12:22:43 - INFO - ✅ window.__initialData__ extracted successfully
2026-02-01 12:22:43 - INFO - ✅ Property node detected
2026-02-01 12:22:43 - INFO - Sleeping for 4.47 seconds...
2026-02-01 12:22:47 - INFO - Processing property_id: O88165722
2026-02-01 12:22:47 - INFO - 🔤 Detected Alphanumeric ID O88165722 -> calling process
2026-02-01 12:22:50 - INFO - ✅ Fetched page successfully: 200
2026-02-01 12:22:50 - INFO - ✅ window.__initialData__ extracted successfully
2026-02-01 12:22:50 - INFO - ✅ Property node detected
2026-02-01 12:22:50 - INFO - Sleeping for 3.05 seconds...
2026-02-01 12:22:53 - INFO - Processing property_id: K87976670
2026-02-01 12:22:53 - INFO - 🔤 Detected Alphanumeric ID K87976670 -> calling process
2026-02-01 12:22:54 - INFO - ✅ Fetched page successfully: 200
2026-02-01 12:22:54 - INFO - ✅ window.__initialData__ extracted successfully
2026-02-01 12:22:54 - INFO - ✅ Property node detected
2026-02-01 12:22:54 - INFO - Sleeping for 4.43 seconds...
2026-02-01 12:22:59 - INFO - Processing property_id: Q87876896
2026-02-01 12:22:59 - INFO - 🔤 Detected Alphanumeric ID Q87876896 -> calling process
2026-02-01 12:23:00 - INFO - ✅ Fetched page successfully: 200
2026-02-01 12:23:00 - INFO - ✅ window.__initialData__ extracted successfully
2026-02-01 12:23:00 - INFO - ✅ Property node detected
2026-02-01 12:23:00 - INFO - Sleeping for 2.43 seconds...
2026-02-01 12:23:00 - INFO - ▶️ Resuming operations.
2026-02-01 12:23:00 - INFO - Processing property_id: R86631356
2026-02-01 12:23:00 - INFO - 🔤 Detected Alphanumeric ID R86631356 -> calling process
2026-02-01 12:23:01 - INFO - ✅ Fetched page successfully: 200
2026-02-01 12:23:01 - INFO - ✅ window.__initialData__ extracted successfully
2026-02-01 12:23:01 - INFO - ✅ Property node detected
2026-02-01 12:23:01 - INFO - Sleeping for 4.26 seconds...
2026-02-01 12:23:02 - WARNING - 🛑 Rate limit hit (170 requests). Sleeping for 110s...
2026-02-01 12:23:06 - INFO - Processing property_id: N86793154
2026-02-01 12:23:06 - INFO - 🔤 Detected Alphanumeric ID N86793154 -> calling process
2026-02-01 12:23:07 - INFO - ✅ Fetched page successfully: 200
2026-02-01 12:23:07 - INFO - ✅ window.__initialData__ extracted successfully
2026-02-01 12:23:07 - INFO - ✅ Property node detected
2026-02-01 12:23:07 - INFO - Sleeping for 2.41 seconds...
2026-02-01 12:23:10 - INFO - Processing property_id: E86444408
2026-02-01 12:23:10 - INFO - 🔤 Detected Alphanumeric ID E86444408 -> calling process
2026-02-01 12:23:11 - INFO - ✅ Fetched page successfully: 200
2026-02-01 12:23:11 - INFO - ✅ window.__initialData__ extracted successfully
2026-02-01 12:23:11 - INFO - ✅ Property node detected
2026-02-01 12:23:11 - INFO - Sleeping for 4.44 seconds...
2026-02-01 12:23:15 - INFO - Processing property_id: B84340912
2026-02-01 12:23:15 - INFO - 🔤 Detected Alphanumeric ID B84340912 -> calling process
2026-02-01 12:23:17 - INFO - ✅ Fetched page successfully: 200
2026-02-01 12:23:17 - INFO - ✅ window.__initialData__ extracted successfully
2026-02-01 12:23:17 - INFO - ✅ Property node detected
2026-02-01 12:23:17 - INFO - Sleeping for 2.53 seconds...
2026-02-01 12:23:19 - INFO - Processing property_id: K86560744
2026-02-01 12:23:19 - INFO - 🔤 Detected Alphanumeric ID K86560744 -> calling process
2026-02-01 12:23:21 - INFO - ✅ Fetched page successfully: 200
2026-02-01 12:23:21 - INFO - ✅ window.__initialData__ extracted successfully
2026-02-01 12:23:21 - INFO - ✅ Property node detected
2026-02-01 12:23:21 - INFO - Sleeping for 4.94 seconds...
2026-02-01 12:23:26 - INFO - Processing property_id: O88438728
2026-02-01 12:23:26 - INFO - 🔤 Detected Alphanumeric ID O88438728 -> calling process
2026-02-01 12:23:28 - INFO - ✅ Fetched page successfully: 200
2026-02-01 12:23:28 - INFO - ✅ window.__initialData__ extracted successfully
2026-02-01 12:23:28 - INFO - ✅ Property node detected
2026-02-01 12:23:28 - INFO - Sleeping for 3.56 seconds...
2026-02-01 12:23:31 - INFO - Processing property_id: W88257206
2026-02-01 12:23:31 - INFO - 🔤 Detected Alphanumeric ID W88257206 -> calling process
2026-02-01 12:23:33 - INFO - ✅ Fetched page successfully: 200
2026-02-01 12:23:33 - INFO - ✅ window.__initialData__ extracted successfully
2026-02-01 12:23:33 - INFO - ✅ Property node detected
2026-02-01 12:23:33 - INFO - Sleeping for 3.11 seconds...
2026-02-01 12:23:36 - INFO - Processing property_id: L87636046
2026-02-01 12:23:36 - INFO - 🔤 Detected Alphanumeric ID L87636046 -> calling process
2026-02-01 12:23:38 - INFO - ✅ Fetched page successfully: 200
2026-02-01 12:23:38 - INFO - ✅ window.__initialData__ extracted successfully
2026-02-01 12:23:38 - INFO - ✅ Property node detected
2026-02-01 12:23:38 - INFO - Sleeping for 4.65 seconds...
2026-02-01 12:23:43 - INFO - Processing property_id: D87973242
2026-02-01 12:23:43 - INFO - 🔤 Detected Alphanumeric ID D87973242 -> calling process
2026-02-01 12:23:45 - INFO - ✅ Fetched page successfully: 200
2026-02-01 12:23:45 - INFO - ✅ window.__initialData__ extracted successfully
2026-02-01 12:23:45 - INFO - ✅ Property node detected
2026-02-01 12:23:45 - INFO - Sleeping for 4.70 seconds...
2026-02-01 12:23:50 - INFO - Processing property_id: F87870078
2026-02-01 12:23:50 - INFO - 🔤 Detected Alphanumeric ID F87870078 -> calling process
2026-02-01 12:23:51 - INFO - ✅ Fetched page successfully: 200
2026-02-01 12:23:51 - INFO - ✅ window.__initialData__ extracted successfully
2026-02-01 12:23:51 - INFO - ✅ Property node detected
2026-02-01 12:23:51 - INFO - Sleeping for 4.19 seconds...
2026-02-01 12:23:56 - WARNING - 🛑 Rate limit hit (180 requests). Sleeping for 66s...
2026-02-01 12:24:52 - INFO - ▶️ Resuming operations.
2026-02-01 12:24:52 - INFO - Processing property_id: A87778360
2026-02-01 12:24:52 - INFO - 🔤 Detected Alphanumeric ID A87778360 -> calling process
2026-02-01 12:24:54 - INFO - ✅ Fetched page successfully: 200
2026-02-01 12:24:54 - INFO - ✅ window.__initialData__ extracted successfully
2026-02-01 12:24:54 - INFO - ✅ Property node detected
2026-02-01 12:24:54 - INFO - Sleeping for 2.84 seconds...
2026-02-01 12:24:57 - INFO - Processing property_id: W87521074
2026-02-01 12:24:57 - INFO - 🔤 Detected Alphanumeric ID W87521074 -> calling process
2026-02-01 12:24:59 - INFO - ✅ Fetched page successfully: 200
2026-02-01 12:24:59 - INFO - ✅ window.__initialData__ extracted successfully
2026-02-01 12:24:59 - INFO - ✅ Property node detected
2026-02-01 12:24:59 - INFO - Sleeping for 4.86 seconds...
2026-02-01 12:25:02 - INFO - ▶️ Resuming operations.
2026-02-01 12:25:02 - INFO - Processing property_id: T87669814
2026-02-01 12:25:02 - INFO - 🔤 Detected Alphanumeric ID T87669814 -> calling process
2026-02-01 12:25:03 - INFO - ✅ Fetched page successfully: 200
2026-02-01 12:25:03 - INFO - ✅ window.__initialData__ extracted successfully
2026-02-01 12:25:03 - INFO - ✅ Property node detected
2026-02-01 12:25:03 - INFO - Sleeping for 3.39 seconds...
2026-02-01 12:25:04 - INFO - Processing property_id: K86503264
2026-02-01 12:25:04 - INFO - 🔤 Detected Alphanumeric ID K86503264 -> calling process
2026-02-01 12:25:06 - INFO - ✅ Fetched page successfully: 200
2026-02-01 12:25:06 - INFO - ✅ window.__initialData__ extracted successfully
2026-02-01 12:25:06 - INFO - ✅ Property node detected
2026-02-01 12:25:06 - INFO - Sleeping for 3.50 seconds...
2026-02-01 12:25:07 - INFO - Processing property_id: M87620742
2026-02-01 12:25:07 - INFO - 🔤 Detected Alphanumeric ID M87620742 -> calling process
2026-02-01 12:25:08 - INFO - ✅ Fetched page successfully: 200
2026-02-01 12:25:08 - INFO - ✅ window.__initialData__ extracted successfully
2026-02-01 12:25:08 - INFO - ✅ Property node detected
2026-02-01 12:25:08 - INFO - Sleeping for 4.21 seconds...
2026-02-01 12:25:09 - INFO - Processing property_id: W88276166
2026-02-01 12:25:09 - INFO - 🔤 Detected Alphanumeric ID W88276166 -> calling process
2026-02-01 12:25:11 - INFO - ✅ Fetched page successfully: 200
2026-02-01 12:25:11 - INFO - ✅ window.__initialData__ extracted successfully
2026-02-01 12:25:11 - INFO - ✅ Property node detected
2026-02-01 12:25:11 - INFO - Sleeping for 4.01 seconds...
2026-02-01 12:25:12 - INFO - Processing property_id: N88236268
2026-02-01 12:25:12 - INFO - 🔤 Detected Alphanumeric ID N88236268 -> calling process
2026-02-01 12:25:14 - INFO - ✅ Fetched page successfully: 200
2026-02-01 12:25:15 - INFO - ✅ window.__initialData__ extracted successfully
2026-02-01 12:25:15 - ERROR - ❌ Property data node not found in extracted JSON
2026-02-01 12:25:15 - INFO - Sleeping for 4.99 seconds...
2026-02-01 12:25:15 - INFO - Processing property_id: N88236748
2026-02-01 12:25:15 - INFO - 🔤 Detected Alphanumeric ID N88236748 -> calling process
2026-02-01 12:25:18 - INFO - ✅ Fetched page successfully: 200
2026-02-01 12:25:18 - INFO - ✅ window.__initialData__ extracted successfully
2026-02-01 12:25:18 - ERROR - ❌ Property data node not found in extracted JSON
2026-02-01 12:25:18 - INFO - Sleeping for 3.21 seconds...
2026-02-01 12:25:20 - INFO - Processing property_id: V87705462
2026-02-01 12:25:20 - INFO - 🔤 Detected Alphanumeric ID V87705462 -> calling process
2026-02-01 12:25:22 - INFO - Processing property_id: I86348176
2026-02-01 12:25:22 - INFO - 🔤 Detected Alphanumeric ID I86348176 -> calling process
2026-02-01 12:25:22 - INFO - ✅ Fetched page successfully: 200
2026-02-01 12:25:22 - INFO - ✅ window.__initialData__ extracted successfully
2026-02-01 12:25:22 - ERROR - ❌ Property data node not found in extracted JSON
2026-02-01 12:25:22 - INFO - Sleeping for 3.76 seconds...
2026-02-01 12:25:23 - INFO - ✅ Fetched page successfully: 200
2026-02-01 12:25:23 - INFO - ✅ window.__initialData__ extracted successfully
2026-02-01 12:25:23 - INFO - ✅ Property node detected
2026-02-01 12:25:23 - INFO - Sleeping for 2.16 seconds...
2026-02-01 12:25:25 - INFO - Processing property_id: A88255442
2026-02-01 12:25:25 - INFO - 🔤 Detected Alphanumeric ID A88255442 -> calling process
2026-02-01 12:25:26 - WARNING - 🛑 Rate limit hit (190 requests). Sleeping for 117s...
2026-02-01 12:25:26 - INFO - ✅ Fetched page successfully: 200
2026-02-01 12:25:27 - INFO - ✅ window.__initialData__ extracted successfully
2026-02-01 12:25:27 - INFO - ✅ Property node detected
2026-02-01 12:25:27 - INFO - Sleeping for 2.81 seconds...
2026-02-01 12:25:29 - INFO - Processing property_id: A87962800
2026-02-01 12:25:29 - INFO - 🔤 Detected Alphanumeric ID A87962800 -> calling process
2026-02-01 12:25:31 - INFO - ✅ Fetched page successfully: 200
2026-02-01 12:25:31 - INFO - ✅ window.__initialData__ extracted successfully
2026-02-01 12:25:31 - INFO - ✅ Property node detected
2026-02-01 12:25:31 - INFO - Sleeping for 3.27 seconds...
2026-02-01 12:25:34 - INFO - Processing property_id: F87712676
2026-02-01 12:25:34 - INFO - 🔤 Detected Alphanumeric ID F87712676 -> calling process
2026-02-01 12:25:36 - INFO - ✅ Fetched page successfully: 200
2026-02-01 12:25:36 - INFO - ✅ window.__initialData__ extracted successfully
2026-02-01 12:25:36 - INFO - ✅ Property node detected
2026-02-01 12:25:36 - INFO - Sleeping for 3.30 seconds...
2026-02-01 12:25:39 - INFO - Processing property_id: Y86547392
2026-02-01 12:25:39 - INFO - 🔤 Detected Alphanumeric ID Y86547392 -> calling process
2026-02-01 12:25:42 - ERROR - ❌ Error fetching page: 404 Client Error: Not Found for url: https://www.99acres.com/undefined
2026-02-01 12:25:42 - INFO - ⚠️ Failed to fetch live URL, checking for local file...
2026-02-01 12:25:42 - WARNING - ❌ No local file found.
2026-02-01 12:25:42 - INFO - Sleeping for 4.36 seconds...
2026-02-01 12:25:47 - INFO - Processing property_id: F88310768
2026-02-01 12:25:47 - INFO - 🔤 Detected Alphanumeric ID F88310768 -> calling process
2026-02-01 12:25:48 - INFO - ✅ Fetched page successfully: 200
2026-02-01 12:25:48 - INFO - ✅ window.__initialData__ extracted successfully
2026-02-01 12:25:48 - INFO - ✅ Property node detected
2026-02-01 12:25:48 - INFO - Sleeping for 3.79 seconds...
2026-02-01 12:25:52 - INFO - Processing property_id: W88337356
2026-02-01 12:25:52 - INFO - 🔤 Detected Alphanumeric ID W88337356 -> calling process
2026-02-01 12:25:53 - INFO - ✅ Fetched page successfully: 200
2026-02-01 12:25:54 - INFO - ✅ window.__initialData__ extracted successfully
2026-02-01 12:25:54 - INFO - ✅ Property node detected
2026-02-01 12:25:54 - INFO - Sleeping for 3.97 seconds...
2026-02-01 12:25:58 - INFO - Processing property_id: Y85244098
2026-02-01 12:25:58 - INFO - 🔤 Detected Alphanumeric ID Y85244098 -> calling process
2026-02-01 12:25:59 - INFO - ✅ Fetched page successfully: 200
2026-02-01 12:25:59 - INFO - ✅ window.__initialData__ extracted successfully
2026-02-01 12:25:59 - INFO - ✅ Property node detected
2026-02-01 12:25:59 - INFO - Sleeping for 2.46 seconds...
2026-02-01 12:26:01 - INFO - Processing property_id: I88265486
2026-02-01 12:26:01 - INFO - 🔤 Detected Alphanumeric ID I88265486 -> calling process
2026-02-01 12:26:04 - INFO - ✅ Fetched page successfully: 200
2026-02-01 12:26:04 - INFO - ✅ window.__initialData__ extracted successfully
2026-02-01 12:26:04 - INFO - ✅ Property node detected
2026-02-01 12:26:04 - INFO - Sleeping for 2.95 seconds...
2026-02-01 12:26:07 - INFO - Processing property_id: I87843774
2026-02-01 12:26:07 - INFO - 🔤 Detected Alphanumeric ID I87843774 -> calling process
2026-02-01 12:26:09 - INFO - ✅ Fetched page successfully: 200
2026-02-01 12:26:09 - INFO - ✅ window.__initialData__ extracted successfully
2026-02-01 12:26:09 - INFO - ✅ Property node detected
2026-02-01 12:26:09 - INFO - Sleeping for 2.01 seconds...
2026-02-01 12:26:11 - INFO - Processing property_id: G87169914
2026-02-01 12:26:11 - INFO - 🔤 Detected Alphanumeric ID G87169914 -> calling process
2026-02-01 12:26:13 - INFO - ✅ Fetched page successfully: 200
2026-02-01 12:26:13 - INFO - ✅ window.__initialData__ extracted successfully
2026-02-01 12:26:13 - INFO - ✅ Property node detected
2026-02-01 12:26:13 - INFO - Sleeping for 2.94 seconds...
2026-02-01 12:26:16 - WARNING - 🛑 Rate limit hit (200 requests). Sleeping for 111s...
2026-02-01 12:27:23 - INFO - ▶️ Resuming operations.
2026-02-01 12:27:23 - INFO - Processing property_id: F87934052
2026-02-01 12:27:23 - INFO - 🔤 Detected Alphanumeric ID F87934052 -> calling process
2026-02-01 12:27:24 - INFO - ✅ Fetched page successfully: 200
2026-02-01 12:27:24 - INFO - ✅ window.__initialData__ extracted successfully
2026-02-01 12:27:24 - INFO - ✅ Property node detected
2026-02-01 12:27:24 - INFO - Sleeping for 2.21 seconds...
2026-02-01 12:27:27 - INFO - Processing property_id: N86336172
2026-02-01 12:27:27 - INFO - 🔤 Detected Alphanumeric ID N86336172 -> calling process
2026-02-01 12:27:29 - INFO - ✅ Fetched page successfully: 200
2026-02-01 12:27:29 - INFO - ✅ window.__initialData__ extracted successfully
2026-02-01 12:27:29 - INFO - ✅ Property node detected
2026-02-01 12:27:29 - INFO - Sleeping for 2.77 seconds...
2026-02-01 12:27:31 - INFO - Processing property_id: E87585848
2026-02-01 12:27:31 - INFO - 🔤 Detected Alphanumeric ID E87585848 -> calling process
2026-02-01 12:27:33 - INFO - ✅ Fetched page successfully: 200
2026-02-01 12:27:33 - INFO - ✅ window.__initialData__ extracted successfully
2026-02-01 12:27:33 - INFO - ✅ Property node detected
2026-02-01 12:27:33 - INFO - Sleeping for 2.13 seconds...
2026-02-01 12:27:35 - INFO - Processing property_id: Q81295605
2026-02-01 12:27:35 - INFO - 🔤 Detected Alphanumeric ID Q81295605 -> calling process
2026-02-01 12:27:37 - INFO - ✅ Fetched page successfully: 200
2026-02-01 12:27:37 - INFO - ✅ window.__initialData__ extracted successfully
2026-02-01 12:27:37 - INFO - ✅ Property node detected
2026-02-01 12:27:37 - INFO - Sleeping for 4.36 seconds...
2026-02-01 12:27:41 - INFO - Processing property_id: Z87673280
2026-02-01 12:27:41 - INFO - 🔤 Detected Alphanumeric ID Z87673280 -> calling process
2026-02-01 12:27:43 - INFO - ✅ Fetched page successfully: 200
2026-02-01 12:27:43 - INFO - ✅ window.__initialData__ extracted successfully
2026-02-01 12:27:43 - INFO - ✅ Property node detected
2026-02-01 12:27:43 - INFO - Sleeping for 3.89 seconds...
2026-02-01 12:27:47 - INFO - Processing property_id: H86763580
2026-02-01 12:27:47 - INFO - 🔤 Detected Alphanumeric ID H86763580 -> calling process
2026-02-01 12:27:48 - INFO - ✅ Fetched page successfully: 200
2026-02-01 12:27:48 - INFO - ✅ window.__initialData__ extracted successfully
2026-02-01 12:27:48 - INFO - ✅ Property node detected
2026-02-01 12:27:48 - INFO - Sleeping for 2.79 seconds...
2026-02-01 12:27:51 - INFO - Processing property_id: J88173458
2026-02-01 12:27:51 - INFO - 🔤 Detected Alphanumeric ID J88173458 -> calling process
2026-02-01 12:27:53 - INFO - ✅ Fetched page successfully: 200
2026-02-01 12:27:53 - INFO - ✅ window.__initialData__ extracted successfully
2026-02-01 12:27:53 - INFO - ✅ Property node detected
2026-02-01 12:27:53 - INFO - Sleeping for 4.04 seconds...
2026-02-01 12:27:57 - INFO - Processing property_id: U83494522
2026-02-01 12:27:57 - INFO - 🔤 Detected Alphanumeric ID U83494522 -> calling process
2026-02-01 12:27:58 - INFO - ✅ Fetched page successfully: 200
2026-02-01 12:27:58 - INFO - ✅ window.__initialData__ extracted successfully
2026-02-01 12:27:58 - INFO - ✅ Property node detected
2026-02-01 12:27:58 - INFO - Sleeping for 2.96 seconds...
2026-02-01 12:28:01 - INFO - Processing property_id: P88417606
2026-02-01 12:28:01 - INFO - 🔤 Detected Alphanumeric ID P88417606 -> calling process
2026-02-01 12:28:03 - INFO - ✅ Fetched page successfully: 200
2026-02-01 12:28:03 - INFO - ✅ window.__initialData__ extracted successfully
2026-02-01 12:28:03 - INFO - ✅ Property node detected
2026-02-01 12:28:03 - INFO - Sleeping for 4.64 seconds...
2026-02-01 12:28:07 - INFO - ▶️ Resuming operations.
2026-02-01 12:28:07 - INFO - Processing property_id: K86441660
2026-02-01 12:28:07 - INFO - 🔤 Detected Alphanumeric ID K86441660 -> calling process
2026-02-01 12:28:08 - INFO - Processing property_id: 434656
2026-02-01 12:28:08 - INFO - 🔢 Detected Numeric ID 434656 -> calling process_single_project
2026-02-01 12:28:08 - INFO - Fetching details for project ID: 434656
2026-02-01 12:28:08 - INFO - ✅ Fetched page successfully: 200
2026-02-01 12:28:08 - INFO - ✅ window.__initialData__ extracted successfully
2026-02-01 12:28:08 - INFO - ✅ Property node detected
2026-02-01 12:28:08 - INFO - Sleeping for 2.36 seconds...
2026-02-01 12:28:08 - INFO - Sleeping for 4.86 seconds...
2026-02-01 12:28:10 - WARNING - 🛑 Rate limit hit (210 requests). Sleeping for 113s...
2026-02-01 12:28:13 - INFO - Processing property_id: B87106746
2026-02-01 12:28:13 - INFO - 🔤 Detected Alphanumeric ID B87106746 -> calling process
2026-02-01 12:28:15 - INFO - ✅ Fetched page successfully: 200
2026-02-01 12:28:15 - INFO - ✅ window.__initialData__ extracted successfully
2026-02-01 12:28:15 - INFO - ✅ Property node detected
2026-02-01 12:28:15 - INFO - Sleeping for 4.30 seconds...
2026-02-01 12:28:19 - INFO - Processing property_id: N85797618
2026-02-01 12:28:19 - INFO - 🔤 Detected Alphanumeric ID N85797618 -> calling process
2026-02-01 12:28:20 - INFO - ✅ Fetched page successfully: 200
2026-02-01 12:28:20 - INFO - ✅ window.__initialData__ extracted successfully
2026-02-01 12:28:20 - INFO - ✅ Property node detected
2026-02-01 12:28:20 - INFO - Sleeping for 4.43 seconds...
2026-02-01 12:28:25 - INFO - Processing property_id: J87277422
2026-02-01 12:28:25 - INFO - 🔤 Detected Alphanumeric ID J87277422 -> calling process
2026-02-01 12:28:26 - INFO - ✅ Fetched page successfully: 200
2026-02-01 12:28:26 - INFO - ✅ window.__initialData__ extracted successfully
2026-02-01 12:28:26 - INFO - ✅ Property node detected
2026-02-01 12:28:26 - INFO - Sleeping for 3.51 seconds...
2026-02-01 12:28:30 - INFO - Processing property_id: A86685136
2026-02-01 12:28:30 - INFO - 🔤 Detected Alphanumeric ID A86685136 -> calling process
2026-02-01 12:28:31 - INFO - ✅ Fetched page successfully: 200
2026-02-01 12:28:31 - INFO - ✅ window.__initialData__ extracted successfully
2026-02-01 12:28:31 - INFO - ✅ Property node detected
2026-02-01 12:28:31 - INFO - Sleeping for 2.92 seconds...
2026-02-01 12:28:34 - INFO - Processing property_id: Y86447322
2026-02-01 12:28:34 - INFO - 🔤 Detected Alphanumeric ID Y86447322 -> calling process
2026-02-01 12:28:36 - INFO - ✅ Fetched page successfully: 200
2026-02-01 12:28:36 - INFO - ✅ window.__initialData__ extracted successfully
2026-02-01 12:28:36 - INFO - ✅ Property node detected
2026-02-01 12:28:36 - INFO - Sleeping for 2.41 seconds...
2026-02-01 12:28:39 - INFO - Processing property_id: N81257369
2026-02-01 12:28:39 - INFO - 🔤 Detected Alphanumeric ID N81257369 -> calling process
2026-02-01 12:28:41 - INFO - ✅ Fetched page successfully: 200
2026-02-01 12:28:41 - INFO - ✅ window.__initialData__ extracted successfully
2026-02-01 12:28:41 - INFO - ✅ Property node detected
2026-02-01 12:28:41 - INFO - Sleeping for 2.31 seconds...
2026-02-01 12:28:44 - INFO - Processing property_id: U87171238
2026-02-01 12:28:44 - INFO - 🔤 Detected Alphanumeric ID U87171238 -> calling process
2026-02-01 12:28:46 - INFO - ✅ Fetched page successfully: 200
2026-02-01 12:28:46 - INFO - ✅ window.__initialData__ extracted successfully
2026-02-01 12:28:46 - INFO - ✅ Property node detected
2026-02-01 12:28:46 - INFO - Sleeping for 4.11 seconds...
2026-02-01 12:28:50 - INFO - Processing property_id: I88419432
2026-02-01 12:28:50 - INFO - 🔤 Detected Alphanumeric ID I88419432 -> calling process
2026-02-01 12:28:51 - INFO - ✅ Fetched page successfully: 200
2026-02-01 12:28:51 - INFO - ✅ window.__initialData__ extracted successfully
2026-02-01 12:28:51 - INFO - ✅ Property node detected
2026-02-01 12:28:51 - INFO - Sleeping for 2.19 seconds...
2026-02-01 12:28:54 - INFO - Processing property_id: H87238710
2026-02-01 12:28:54 - INFO - 🔤 Detected Alphanumeric ID H87238710 -> calling process
2026-02-01 12:28:55 - INFO - ✅ Fetched page successfully: 200
2026-02-01 12:28:55 - INFO - ✅ window.__initialData__ extracted successfully
2026-02-01 12:28:55 - INFO - ✅ Property node detected
2026-02-01 12:28:55 - INFO - Sleeping for 3.78 seconds...
2026-02-01 12:28:59 - WARNING - 🛑 Rate limit hit (220 requests). Sleeping for 76s...
2026-02-01 12:30:03 - INFO - ▶️ Resuming operations.
2026-02-01 12:30:03 - INFO - Processing property_id: K87630680
2026-02-01 12:30:03 - INFO - 🔤 Detected Alphanumeric ID K87630680 -> calling process
2026-02-01 12:30:05 - INFO - ✅ Fetched page successfully: 200
2026-02-01 12:30:05 - INFO - ✅ window.__initialData__ extracted successfully
2026-02-01 12:30:05 - INFO - ✅ Property node detected
2026-02-01 12:30:05 - INFO - Sleeping for 3.12 seconds...
2026-02-01 12:30:08 - INFO - Processing property_id: C83302994
2026-02-01 12:30:08 - INFO - 🔤 Detected Alphanumeric ID C83302994 -> calling process
2026-02-01 12:30:09 - INFO - ✅ Fetched page successfully: 200
2026-02-01 12:30:09 - INFO - ✅ window.__initialData__ extracted successfully
2026-02-01 12:30:09 - INFO - ✅ Property node detected
2026-02-01 12:30:09 - INFO - Sleeping for 2.08 seconds...
2026-02-01 12:30:11 - INFO - Processing property_id: I83303052
2026-02-01 12:30:11 - INFO - 🔤 Detected Alphanumeric ID I83303052 -> calling process
2026-02-01 12:30:13 - INFO - ✅ Fetched page successfully: 200
2026-02-01 12:30:13 - INFO - ✅ window.__initialData__ extracted successfully
2026-02-01 12:30:13 - INFO - ✅ Property node detected
2026-02-01 12:30:13 - INFO - Sleeping for 4.00 seconds...
2026-02-01 12:30:15 - INFO - ▶️ Resuming operations.
2026-02-01 12:30:15 - INFO - Processing property_id: J87106312
2026-02-01 12:30:15 - INFO - 🔤 Detected Alphanumeric ID J87106312 -> calling process
2026-02-01 12:30:16 - INFO - ✅ Fetched page successfully: 200
2026-02-01 12:30:16 - INFO - ✅ window.__initialData__ extracted successfully
2026-02-01 12:30:16 - INFO - ✅ Property node detected
2026-02-01 12:30:16 - INFO - Sleeping for 4.78 seconds...
2026-02-01 12:30:17 - INFO - Processing property_id: C87860672
2026-02-01 12:30:17 - INFO - 🔤 Detected Alphanumeric ID C87860672 -> calling process
2026-02-01 12:30:18 - INFO - ✅ Fetched page successfully: 200
2026-02-01 12:30:18 - INFO - ✅ window.__initialData__ extracted successfully
2026-02-01 12:30:18 - INFO - ✅ Property node detected
2026-02-01 12:30:18 - INFO - Sleeping for 4.02 seconds...
2026-02-01 12:30:21 - INFO - Processing property_id: F87775016
2026-02-01 12:30:21 - INFO - 🔤 Detected Alphanumeric ID F87775016 -> calling process
2026-02-01 12:30:22 - INFO - Processing property_id: 384317
2026-02-01 12:30:22 - INFO - 🔢 Detected Numeric ID 384317 -> calling process_single_project
2026-02-01 12:30:22 - INFO - Fetching details for project ID: 384317
2026-02-01 12:30:23 - INFO - ✅ Fetched page successfully: 200
2026-02-01 12:30:24 - INFO - ✅ window.__initialData__ extracted successfully
2026-02-01 12:30:24 - INFO - ✅ Property node detected
2026-02-01 12:30:24 - INFO - Sleeping for 4.38 seconds...
2026-02-01 12:30:28 - INFO - Processing property_id: E87748634
2026-02-01 12:30:28 - INFO - 🔤 Detected Alphanumeric ID E87748634 -> calling process
2026-02-01 12:30:29 - INFO - ✅ Fetched page successfully: 200
2026-02-01 12:30:29 - INFO - ✅ window.__initialData__ extracted successfully
2026-02-01 12:30:29 - INFO - ✅ Property node detected
2026-02-01 12:30:29 - INFO - Sleeping for 2.50 seconds...
2026-02-01 12:30:32 - INFO - Processing property_id: 428878
2026-02-01 12:30:32 - INFO - 🔢 Detected Numeric ID 428878 -> calling process_single_project
2026-02-01 12:30:32 - INFO - Fetching details for project ID: 428878
2026-02-01 12:30:33 - INFO - Sleeping for 2.08 seconds...
2026-02-01 12:30:35 - INFO - Processing property_id: K87348736
2026-02-01 12:30:35 - INFO - 🔤 Detected Alphanumeric ID K87348736 -> calling process
2026-02-01 12:30:37 - INFO - ✅ Fetched page successfully: 200
2026-02-01 12:30:37 - INFO - ✅ window.__initialData__ extracted successfully
2026-02-01 12:30:37 - INFO - ✅ Property node detected
2026-02-01 12:30:37 - INFO - Sleeping for 3.26 seconds...
2026-02-01 12:30:37 - ERROR - Error fetching project details: HTTPSConnectionPool(host='www.99acres.com', port=443): Read timed out. (read timeout=15)
2026-02-01 12:30:37 - INFO - Sleeping for 2.12 seconds...
2026-02-01 12:30:40 - INFO - Processing property_id: W87152504
2026-02-01 12:30:40 - INFO - 🔤 Detected Alphanumeric ID W87152504 -> calling process
2026-02-01 12:30:40 - WARNING - 🛑 Rate limit hit (230 requests). Sleeping for 76s...
2026-02-01 12:30:41 - INFO - ✅ Fetched page successfully: 200
2026-02-01 12:30:41 - INFO - ✅ window.__initialData__ extracted successfully
2026-02-01 12:30:41 - INFO - ✅ Property node detected
2026-02-01 12:30:41 - INFO - Sleeping for 3.75 seconds...
2026-02-01 12:30:45 - INFO - Processing property_id: P81174289
2026-02-01 12:30:45 - INFO - 🔤 Detected Alphanumeric ID P81174289 -> calling process
2026-02-01 12:30:46 - INFO - ✅ Fetched page successfully: 200
2026-02-01 12:30:46 - INFO - ✅ window.__initialData__ extracted successfully
2026-02-01 12:30:46 - INFO - ✅ Property node detected
2026-02-01 12:30:46 - INFO - Sleeping for 3.94 seconds...
2026-02-01 12:30:50 - INFO - Processing property_id: O87536142
2026-02-01 12:30:50 - INFO - 🔤 Detected Alphanumeric ID O87536142 -> calling process
2026-02-01 12:30:53 - INFO - ✅ Fetched page successfully: 200
2026-02-01 12:30:53 - INFO - ✅ window.__initialData__ extracted successfully
2026-02-01 12:30:53 - INFO - ✅ Property node detected
2026-02-01 12:30:53 - INFO - Sleeping for 4.41 seconds...
2026-02-01 12:30:57 - INFO - Processing property_id: B86765634
2026-02-01 12:30:57 - INFO - 🔤 Detected Alphanumeric ID B86765634 -> calling process
2026-02-01 12:30:58 - INFO - ✅ Fetched page successfully: 200
2026-02-01 12:30:58 - INFO - ✅ window.__initialData__ extracted successfully
2026-02-01 12:30:58 - INFO - ✅ Property node detected
2026-02-01 12:30:58 - INFO - Sleeping for 4.98 seconds...
2026-02-01 12:31:03 - INFO - Processing property_id: S87789442
2026-02-01 12:31:03 - INFO - 🔤 Detected Alphanumeric ID S87789442 -> calling process
2026-02-01 12:31:05 - INFO - ✅ Fetched page successfully: 200
2026-02-01 12:31:06 - INFO - ✅ window.__initialData__ extracted successfully
2026-02-01 12:31:06 - INFO - ✅ Property node detected
2026-02-01 12:31:06 - INFO - Sleeping for 4.66 seconds...
2026-02-01 12:31:10 - INFO - Processing property_id: W87827220
2026-02-01 12:31:10 - INFO - 🔤 Detected Alphanumeric ID W87827220 -> calling process
2026-02-01 12:31:12 - INFO - ✅ Fetched page successfully: 200
2026-02-01 12:31:12 - INFO - ✅ window.__initialData__ extracted successfully
2026-02-01 12:31:12 - INFO - ✅ Property node detected
2026-02-01 12:31:12 - INFO - Sleeping for 2.15 seconds...
2026-02-01 12:31:14 - INFO - Processing property_id: Y87694232
2026-02-01 12:31:14 - INFO - 🔤 Detected Alphanumeric ID Y87694232 -> calling process
2026-02-01 12:31:15 - INFO - ✅ Fetched page successfully: 200
2026-02-01 12:31:15 - INFO - ✅ window.__initialData__ extracted successfully
2026-02-01 12:31:15 - INFO - ✅ Property node detected
2026-02-01 12:31:15 - INFO - Sleeping for 2.82 seconds...
2026-02-01 12:31:18 - INFO - Processing property_id: J80741969
2026-02-01 12:31:18 - INFO - 🔤 Detected Alphanumeric ID J80741969 -> calling process
2026-02-01 12:31:19 - INFO - ✅ Fetched page successfully: 200
2026-02-01 12:31:19 - INFO - ✅ window.__initialData__ extracted successfully
2026-02-01 12:31:19 - INFO - ✅ Property node detected
2026-02-01 12:31:19 - INFO - Sleeping for 2.12 seconds...
2026-02-01 12:31:21 - INFO - Processing property_id: A84892038
2026-02-01 12:31:21 - INFO - 🔤 Detected Alphanumeric ID A84892038 -> calling process
2026-02-01 12:31:23 - INFO - ✅ Fetched page successfully: 200
2026-02-01 12:31:23 - INFO - ✅ window.__initialData__ extracted successfully
2026-02-01 12:31:23 - INFO - ✅ Property node detected
2026-02-01 12:31:23 - INFO - Sleeping for 4.01 seconds...
2026-02-01 12:31:27 - INFO - Processing property_id: J80373025
2026-02-01 12:31:27 - INFO - 🔤 Detected Alphanumeric ID J80373025 -> calling process
2026-02-01 12:31:28 - INFO - ✅ Fetched page successfully: 200
2026-02-01 12:31:28 - INFO - ✅ window.__initialData__ extracted successfully
2026-02-01 12:31:28 - INFO - ✅ Property node detected
2026-02-01 12:31:28 - INFO - Sleeping for 4.53 seconds...
2026-02-01 12:31:32 - WARNING - 🛑 Rate limit hit (240 requests). Sleeping for 70s...
2026-02-01 12:31:56 - INFO - ▶️ Resuming operations.
2026-02-01 12:31:56 - INFO - Processing property_id: R88275288
2026-02-01 12:31:56 - INFO - 🔤 Detected Alphanumeric ID R88275288 -> calling process
2026-02-01 12:31:57 - INFO - ✅ Fetched page successfully: 200
2026-02-01 12:31:57 - INFO - ✅ window.__initialData__ extracted successfully
2026-02-01 12:31:57 - INFO - ✅ Property node detected
2026-02-01 12:31:57 - INFO - Sleeping for 3.30 seconds...
2026-02-01 12:32:01 - INFO - Processing property_id: K87202112
2026-02-01 12:32:01 - INFO - 🔤 Detected Alphanumeric ID K87202112 -> calling process
2026-02-01 12:32:02 - INFO - ✅ Fetched page successfully: 200
2026-02-01 12:32:02 - INFO - ✅ window.__initialData__ extracted successfully
2026-02-01 12:32:02 - INFO - ✅ Property node detected
2026-02-01 12:32:02 - INFO - Sleeping for 3.37 seconds...
2026-02-01 12:32:06 - INFO - Processing property_id: K87316958
2026-02-01 12:32:06 - INFO - 🔤 Detected Alphanumeric ID K87316958 -> calling process
2026-02-01 12:32:08 - INFO - ✅ Fetched page successfully: 200
2026-02-01 12:32:08 - INFO - ✅ window.__initialData__ extracted successfully
2026-02-01 12:32:08 - INFO - ✅ Property node detected
2026-02-01 12:32:08 - INFO - Sleeping for 3.59 seconds...
2026-02-01 12:32:11 - INFO - Processing property_id: D86632896
2026-02-01 12:32:11 - INFO - 🔤 Detected Alphanumeric ID D86632896 -> calling process
2026-02-01 12:32:13 - INFO - ✅ Fetched page successfully: 200
2026-02-01 12:32:13 - INFO - ✅ window.__initialData__ extracted successfully
2026-02-01 12:32:13 - INFO - ✅ Property node detected
2026-02-01 12:32:13 - INFO - Sleeping for 4.80 seconds...
2026-02-01 12:32:18 - INFO - Processing property_id: A87144294
2026-02-01 12:32:18 - INFO - 🔤 Detected Alphanumeric ID A87144294 -> calling process
2026-02-01 12:32:19 - INFO - ✅ Fetched page successfully: 200
2026-02-01 12:32:19 - INFO - ✅ window.__initialData__ extracted successfully
2026-02-01 12:32:19 - INFO - ✅ Property node detected
2026-02-01 12:32:19 - INFO - Sleeping for 4.09 seconds...
2026-02-01 12:32:23 - INFO - Processing property_id: X86902622
2026-02-01 12:32:23 - INFO - 🔤 Detected Alphanumeric ID X86902622 -> calling process
2026-02-01 12:32:25 - INFO - ✅ Fetched page successfully: 200
2026-02-01 12:32:25 - INFO - ✅ window.__initialData__ extracted successfully
2026-02-01 12:32:25 - INFO - ✅ Property node detected
2026-02-01 12:32:25 - INFO - Sleeping for 4.00 seconds...
2026-02-01 12:32:29 - INFO - Processing property_id: U88358472
2026-02-01 12:32:29 - INFO - 🔤 Detected Alphanumeric ID U88358472 -> calling process
2026-02-01 12:32:31 - INFO - ✅ Fetched page successfully: 200
2026-02-01 12:32:31 - INFO - ✅ window.__initialData__ extracted successfully
2026-02-01 12:32:31 - INFO - ✅ Property node detected
2026-02-01 12:32:31 - INFO - Sleeping for 3.06 seconds...
2026-02-01 12:32:34 - INFO - Processing property_id: V88086440
2026-02-01 12:32:34 - INFO - 🔤 Detected Alphanumeric ID V88086440 -> calling process
2026-02-01 12:32:35 - INFO - ✅ Fetched page successfully: 200
2026-02-01 12:32:35 - INFO - ✅ window.__initialData__ extracted successfully
2026-02-01 12:32:35 - INFO - ✅ Property node detected
2026-02-01 12:32:35 - INFO - Sleeping for 4.46 seconds...
2026-02-01 12:32:40 - INFO - Processing property_id: Q87612906
2026-02-01 12:32:40 - INFO - 🔤 Detected Alphanumeric ID Q87612906 -> calling process
2026-02-01 12:32:41 - INFO - ✅ Fetched page successfully: 200
2026-02-01 12:32:41 - INFO - ✅ window.__initialData__ extracted successfully
2026-02-01 12:32:41 - INFO - ✅ Property node detected
2026-02-01 12:32:41 - INFO - Sleeping for 2.07 seconds...
2026-02-01 12:32:42 - INFO - ▶️ Resuming operations.
2026-02-01 12:32:42 - INFO - Processing property_id: M88439906
2026-02-01 12:32:42 - INFO - 🔤 Detected Alphanumeric ID M88439906 -> calling process
2026-02-01 12:32:43 - INFO - Processing property_id: C87054100
2026-02-01 12:32:43 - INFO - 🔤 Detected Alphanumeric ID C87054100 -> calling process
2026-02-01 12:32:44 - INFO - ✅ Fetched page successfully: 200
2026-02-01 12:32:44 - INFO - ✅ window.__initialData__ extracted successfully
2026-02-01 12:32:44 - INFO - ✅ Property node detected
2026-02-01 12:32:44 - INFO - Sleeping for 3.24 seconds...
2026-02-01 12:32:44 - INFO - ✅ Fetched page successfully: 200
2026-02-01 12:32:44 - INFO - ✅ window.__initialData__ extracted successfully
2026-02-01 12:32:44 - INFO - ✅ Property node detected
2026-02-01 12:32:44 - INFO - Sleeping for 2.01 seconds...
2026-02-01 12:32:46 - WARNING - 🛑 Rate limit hit (250 requests). Sleeping for 110s...
2026-02-01 12:32:47 - INFO - Processing property_id: P86865048
2026-02-01 12:32:47 - INFO - 🔤 Detected Alphanumeric ID P86865048 -> calling process
2026-02-01 12:32:49 - INFO - ✅ Fetched page successfully: 200
2026-02-01 12:32:49 - INFO - ✅ window.__initialData__ extracted successfully
2026-02-01 12:32:49 - INFO - ✅ Property node detected
2026-02-01 12:32:49 - INFO - Sleeping for 3.51 seconds...
2026-02-01 12:32:52 - INFO - Processing property_id: L88301554
2026-02-01 12:32:52 - INFO - 🔤 Detected Alphanumeric ID L88301554 -> calling process
2026-02-01 12:32:54 - INFO - ✅ Fetched page successfully: 200
2026-02-01 12:32:54 - INFO - ✅ window.__initialData__ extracted successfully
2026-02-01 12:32:54 - INFO - ✅ Property node detected
2026-02-01 12:32:54 - INFO - Sleeping for 4.04 seconds...
2026-02-01 12:32:58 - INFO - Processing property_id: G85891440
2026-02-01 12:32:58 - INFO - 🔤 Detected Alphanumeric ID G85891440 -> calling process
2026-02-01 12:32:59 - INFO - ✅ Fetched page successfully: 200
2026-02-01 12:32:59 - INFO - ✅ window.__initialData__ extracted successfully
2026-02-01 12:32:59 - INFO - ✅ Property node detected
2026-02-01 12:32:59 - INFO - Sleeping for 3.91 seconds...
2026-02-01 12:33:03 - INFO - Processing property_id: J87833250
2026-02-01 12:33:03 - INFO - 🔤 Detected Alphanumeric ID J87833250 -> calling process
2026-02-01 12:33:05 - INFO - ✅ Fetched page successfully: 200
2026-02-01 12:33:05 - INFO - ✅ window.__initialData__ extracted successfully
2026-02-01 12:33:05 - INFO - ✅ Property node detected
2026-02-01 12:33:05 - INFO - Sleeping for 3.38 seconds...
2026-02-01 12:33:08 - INFO - Processing property_id: W84838116
2026-02-01 12:33:08 - INFO - 🔤 Detected Alphanumeric ID W84838116 -> calling process
2026-02-01 12:33:11 - INFO - ✅ Fetched page successfully: 200
2026-02-01 12:33:11 - INFO - ✅ window.__initialData__ extracted successfully
2026-02-01 12:33:11 - INFO - ✅ Property node detected
2026-02-01 12:33:11 - INFO - Sleeping for 2.74 seconds...
2026-02-01 12:33:14 - INFO - Processing property_id: W87764548
2026-02-01 12:33:14 - INFO - 🔤 Detected Alphanumeric ID W87764548 -> calling process
2026-02-01 12:33:16 - INFO - ✅ Fetched page successfully: 200
2026-02-01 12:33:16 - INFO - ✅ window.__initialData__ extracted successfully
2026-02-01 12:33:16 - INFO - ✅ Property node detected
2026-02-01 12:33:16 - INFO - Sleeping for 4.58 seconds...
2026-02-01 12:33:21 - INFO - Processing property_id: B85882536
2026-02-01 12:33:21 - INFO - 🔤 Detected Alphanumeric ID B85882536 -> calling process
2026-02-01 12:33:22 - INFO - ✅ Fetched page successfully: 200
2026-02-01 12:33:23 - INFO - ✅ window.__initialData__ extracted successfully
2026-02-01 12:33:23 - INFO - ✅ Property node detected
2026-02-01 12:33:23 - INFO - Sleeping for 4.89 seconds...
2026-02-01 12:33:27 - INFO - Processing property_id: Q86185434
2026-02-01 12:33:27 - INFO - 🔤 Detected Alphanumeric ID Q86185434 -> calling process
2026-02-01 12:33:29 - INFO - ✅ Fetched page successfully: 200
2026-02-01 12:33:29 - INFO - ✅ window.__initialData__ extracted successfully
2026-02-01 12:33:29 - INFO - ✅ Property node detected
2026-02-01 12:33:29 - INFO - Sleeping for 3.22 seconds...
2026-02-01 12:33:32 - INFO - Processing property_id: V88112608
2026-02-01 12:33:32 - INFO - 🔤 Detected Alphanumeric ID V88112608 -> calling process
2026-02-01 12:33:33 - INFO - ✅ Fetched page successfully: 200
2026-02-01 12:33:33 - INFO - ✅ window.__initialData__ extracted successfully
2026-02-01 12:33:33 - INFO - ✅ Property node detected
2026-02-01 12:33:33 - INFO - Sleeping for 3.40 seconds...
2026-02-01 12:33:37 - WARNING - 🛑 Rate limit hit (260 requests). Sleeping for 106s...
2026-02-01 12:34:36 - INFO - ▶️ Resuming operations.
2026-02-01 12:34:36 - INFO - Processing property_id: D88007368
2026-02-01 12:34:36 - INFO - 🔤 Detected Alphanumeric ID D88007368 -> calling process
2026-02-01 12:34:38 - INFO - ✅ Fetched page successfully: 200
2026-02-01 12:34:38 - INFO - ✅ window.__initialData__ extracted successfully
2026-02-01 12:34:38 - INFO - ✅ Property node detected
2026-02-01 12:34:38 - INFO - Sleeping for 3.59 seconds...
2026-02-01 12:34:42 - INFO - Processing property_id: E87503928
2026-02-01 12:34:42 - INFO - 🔤 Detected Alphanumeric ID E87503928 -> calling process
2026-02-01 12:34:43 - INFO - ✅ Fetched page successfully: 200
2026-02-01 12:34:43 - INFO - ✅ window.__initialData__ extracted successfully
2026-02-01 12:34:43 - INFO - ✅ Property node detected
2026-02-01 12:34:43 - INFO - Sleeping for 2.82 seconds...
2026-02-01 12:34:46 - INFO - Processing property_id: R87316678
2026-02-01 12:34:46 - INFO - 🔤 Detected Alphanumeric ID R87316678 -> calling process
2026-02-01 12:34:47 - INFO - ✅ Fetched page successfully: 200
2026-02-01 12:34:47 - INFO - ✅ window.__initialData__ extracted successfully
2026-02-01 12:34:47 - INFO - ✅ Property node detected
2026-02-01 12:34:47 - INFO - Sleeping for 4.14 seconds...
2026-02-01 12:34:52 - INFO - Processing property_id: C86937064
2026-02-01 12:34:52 - INFO - 🔤 Detected Alphanumeric ID C86937064 -> calling process
2026-02-01 12:34:53 - INFO - ✅ Fetched page successfully: 200
2026-02-01 12:34:53 - INFO - ✅ window.__initialData__ extracted successfully
2026-02-01 12:34:53 - INFO - ✅ Property node detected
2026-02-01 12:34:53 - INFO - Sleeping for 2.10 seconds...
2026-02-01 12:34:55 - INFO - Processing property_id: I86967042
2026-02-01 12:34:55 - INFO - 🔤 Detected Alphanumeric ID I86967042 -> calling process
2026-02-01 12:34:56 - INFO - ✅ Fetched page successfully: 200
2026-02-01 12:34:56 - INFO - ✅ window.__initialData__ extracted successfully
2026-02-01 12:34:56 - INFO - ✅ Property node detected
2026-02-01 12:34:56 - INFO - Sleeping for 3.15 seconds...
2026-02-01 12:35:00 - INFO - Processing property_id: Z87045274
2026-02-01 12:35:00 - INFO - 🔤 Detected Alphanumeric ID Z87045274 -> calling process
2026-02-01 12:35:01 - INFO - ✅ Fetched page successfully: 200
2026-02-01 12:35:01 - INFO - ✅ window.__initialData__ extracted successfully
2026-02-01 12:35:01 - INFO - ✅ Property node detected
2026-02-01 12:35:01 - INFO - Sleeping for 3.75 seconds...
2026-02-01 12:35:05 - INFO - Processing property_id: R86976660
2026-02-01 12:35:05 - INFO - 🔤 Detected Alphanumeric ID R86976660 -> calling process
2026-02-01 12:35:06 - INFO - ✅ Fetched page successfully: 200
2026-02-01 12:35:06 - INFO - ✅ window.__initialData__ extracted successfully
2026-02-01 12:35:06 - INFO - ✅ Property node detected
2026-02-01 12:35:06 - INFO - Sleeping for 4.07 seconds...
2026-02-01 12:35:10 - INFO - Processing property_id: J86930228
2026-02-01 12:35:10 - INFO - 🔤 Detected Alphanumeric ID J86930228 -> calling process
2026-02-01 12:35:12 - INFO - ✅ Fetched page successfully: 200
2026-02-01 12:35:12 - INFO - ✅ window.__initialData__ extracted successfully
2026-02-01 12:35:12 - INFO - ✅ Property node detected
2026-02-01 12:35:12 - INFO - Sleeping for 2.71 seconds...
2026-02-01 12:35:15 - INFO - Processing property_id: C86966386
2026-02-01 12:35:15 - INFO - 🔤 Detected Alphanumeric ID C86966386 -> calling process
2026-02-01 12:35:16 - INFO - ✅ Fetched page successfully: 200
2026-02-01 12:35:16 - INFO - ✅ window.__initialData__ extracted successfully
2026-02-01 12:35:16 - INFO - ✅ Property node detected
2026-02-01 12:35:16 - INFO - Sleeping for 2.79 seconds...
2026-02-01 12:35:19 - INFO - Processing property_id: I84402676
2026-02-01 12:35:19 - INFO - 🔤 Detected Alphanumeric ID I84402676 -> calling process
2026-02-01 12:35:21 - INFO - ✅ Fetched page successfully: 200
2026-02-01 12:35:22 - INFO - ✅ window.__initialData__ extracted successfully
2026-02-01 12:35:22 - INFO - ✅ Property node detected
2026-02-01 12:35:22 - INFO - Sleeping for 2.63 seconds...
2026-02-01 12:35:23 - INFO - ▶️ Resuming operations.
2026-02-01 12:35:23 - INFO - Processing property_id: R86160916
2026-02-01 12:35:23 - INFO - 🔤 Detected Alphanumeric ID R86160916 -> calling process
2026-02-01 12:35:24 - WARNING - 🛑 Rate limit hit (270 requests). Sleeping for 95s...
2026-02-01 12:35:24 - INFO - ✅ Fetched page successfully: 200
2026-02-01 12:35:24 - INFO - ✅ window.__initialData__ extracted successfully
2026-02-01 12:35:24 - INFO - ✅ Property node detected
2026-02-01 12:35:24 - INFO - Sleeping for 3.98 seconds...
2026-02-01 12:35:28 - INFO - Processing property_id: U87741542
2026-02-01 12:35:28 - INFO - 🔤 Detected Alphanumeric ID U87741542 -> calling process
2026-02-01 12:35:30 - INFO - ✅ Fetched page successfully: 200
2026-02-01 12:35:30 - INFO - ✅ window.__initialData__ extracted successfully
2026-02-01 12:35:30 - INFO - ✅ Property node detected
2026-02-01 12:35:30 - INFO - Sleeping for 3.66 seconds...
2026-02-01 12:35:34 - INFO - Processing property_id: T87742054
2026-02-01 12:35:34 - INFO - 🔤 Detected Alphanumeric ID T87742054 -> calling process
2026-02-01 12:35:35 - INFO - ✅ Fetched page successfully: 200
2026-02-01 12:35:35 - INFO - ✅ window.__initialData__ extracted successfully
2026-02-01 12:35:35 - INFO - ✅ Property node detected
2026-02-01 12:35:35 - INFO - Sleeping for 4.54 seconds...
2026-02-01 12:35:40 - INFO - Processing property_id: Z87685978
2026-02-01 12:35:40 - INFO - 🔤 Detected Alphanumeric ID Z87685978 -> calling process
2026-02-01 12:35:41 - INFO - ✅ Fetched page successfully: 200
2026-02-01 12:35:41 - INFO - ✅ window.__initialData__ extracted successfully
2026-02-01 12:35:41 - INFO - ✅ Property node detected
2026-02-01 12:35:41 - INFO - Sleeping for 4.49 seconds...
2026-02-01 12:35:46 - INFO - Processing property_id: A87686142
2026-02-01 12:35:46 - INFO - 🔤 Detected Alphanumeric ID A87686142 -> calling process
2026-02-01 12:35:47 - INFO - ✅ Fetched page successfully: 200
2026-02-01 12:35:47 - INFO - ✅ window.__initialData__ extracted successfully
2026-02-01 12:35:47 - INFO - ✅ Property node detected
2026-02-01 12:35:47 - INFO - Sleeping for 3.84 seconds...
2026-02-01 12:35:51 - INFO - Processing property_id: M87512570
2026-02-01 12:35:51 - INFO - 🔤 Detected Alphanumeric ID M87512570 -> calling process
2026-02-01 12:35:53 - INFO - ✅ Fetched page successfully: 200
2026-02-01 12:35:53 - INFO - ✅ window.__initialData__ extracted successfully
2026-02-01 12:35:53 - INFO - ✅ Property node detected
2026-02-01 12:35:53 - INFO - Sleeping for 2.54 seconds...
2026-02-01 12:35:55 - INFO - Processing property_id: X87051486
2026-02-01 12:35:55 - INFO - 🔤 Detected Alphanumeric ID X87051486 -> calling process
2026-02-01 12:35:56 - INFO - ✅ Fetched page successfully: 200
2026-02-01 12:35:57 - INFO - ✅ window.__initialData__ extracted successfully
2026-02-01 12:35:57 - INFO - ✅ Property node detected
2026-02-01 12:35:57 - INFO - Sleeping for 4.79 seconds...
2026-02-01 12:36:01 - INFO - Processing property_id: X83222266
2026-02-01 12:36:01 - INFO - 🔤 Detected Alphanumeric ID X83222266 -> calling process
2026-02-01 12:36:03 - INFO - ✅ Fetched page successfully: 200
2026-02-01 12:36:03 - INFO - ✅ window.__initialData__ extracted successfully
2026-02-01 12:36:03 - INFO - ✅ Property node detected
2026-02-01 12:36:03 - INFO - Sleeping for 2.39 seconds...
2026-02-01 12:36:06 - INFO - Processing property_id: E88255478
2026-02-01 12:36:06 - INFO - 🔤 Detected Alphanumeric ID E88255478 -> calling process
2026-02-01 12:36:07 - INFO - ✅ Fetched page successfully: 200
2026-02-01 12:36:07 - INFO - ✅ window.__initialData__ extracted successfully
2026-02-01 12:36:07 - INFO - ✅ Property node detected
2026-02-01 12:36:07 - INFO - Sleeping for 2.62 seconds...
2026-02-01 12:36:10 - INFO - Processing property_id: F88185266
2026-02-01 12:36:10 - INFO - 🔤 Detected Alphanumeric ID F88185266 -> calling process
2026-02-01 12:36:11 - INFO - ✅ Fetched page successfully: 200
2026-02-01 12:36:11 - INFO - ✅ window.__initialData__ extracted successfully
2026-02-01 12:36:11 - INFO - ✅ Property node detected
2026-02-01 12:36:11 - INFO - Sleeping for 2.06 seconds...
2026-02-01 12:36:13 - WARNING - 🛑 Rate limit hit (280 requests). Sleeping for 83s...
2026-02-01 12:36:59 - INFO - ▶️ Resuming operations.
2026-02-01 12:36:59 - INFO - Processing property_id: A87872692
2026-02-01 12:36:59 - INFO - 🔤 Detected Alphanumeric ID A87872692 -> calling process
2026-02-01 12:37:01 - INFO - ✅ Fetched page successfully: 200
2026-02-01 12:37:01 - INFO - ✅ window.__initialData__ extracted successfully
2026-02-01 12:37:01 - INFO - ✅ Property node detected
2026-02-01 12:37:01 - INFO - Sleeping for 4.55 seconds...
2026-02-01 12:37:05 - INFO - Processing property_id: H81429379
2026-02-01 12:37:05 - INFO - 🔤 Detected Alphanumeric ID H81429379 -> calling process
2026-02-01 12:37:07 - INFO - ✅ Fetched page successfully: 200
2026-02-01 12:37:07 - INFO - ✅ window.__initialData__ extracted successfully
2026-02-01 12:37:07 - INFO - ✅ Property node detected
2026-02-01 12:37:07 - INFO - Sleeping for 4.97 seconds...
2026-02-01 12:37:12 - INFO - Processing property_id: I88276564
2026-02-01 12:37:12 - INFO - 🔤 Detected Alphanumeric ID I88276564 -> calling process
2026-02-01 12:37:14 - INFO - ✅ Fetched page successfully: 200
2026-02-01 12:37:14 - INFO - ✅ window.__initialData__ extracted successfully
2026-02-01 12:37:14 - INFO - ✅ Property node detected
2026-02-01 12:37:14 - INFO - Sleeping for 2.15 seconds...
2026-02-01 12:37:16 - INFO - Processing property_id: X87724698
2026-02-01 12:37:16 - INFO - 🔤 Detected Alphanumeric ID X87724698 -> calling process
2026-02-01 12:37:19 - INFO - ✅ Fetched page successfully: 200
2026-02-01 12:37:19 - INFO - ✅ window.__initialData__ extracted successfully
2026-02-01 12:37:19 - INFO - ✅ Property node detected
2026-02-01 12:37:19 - INFO - Sleeping for 4.28 seconds...
2026-02-01 12:37:23 - INFO - Processing property_id: Q87976728
2026-02-01 12:37:23 - INFO - 🔤 Detected Alphanumeric ID Q87976728 -> calling process
2026-02-01 12:37:25 - INFO - ✅ Fetched page successfully: 200
2026-02-01 12:37:25 - INFO - ✅ window.__initialData__ extracted successfully
2026-02-01 12:37:25 - INFO - ✅ Property node detected
2026-02-01 12:37:25 - INFO - Sleeping for 3.52 seconds...
2026-02-01 12:37:28 - INFO - Processing property_id: O87842494
2026-02-01 12:37:28 - INFO - 🔤 Detected Alphanumeric ID O87842494 -> calling process
2026-02-01 12:37:30 - INFO - ✅ Fetched page successfully: 200
2026-02-01 12:37:30 - INFO - ✅ window.__initialData__ extracted successfully
2026-02-01 12:37:30 - INFO - ✅ Property node detected
2026-02-01 12:37:30 - INFO - Sleeping for 2.34 seconds...
2026-02-01 12:37:33 - INFO - Processing property_id: R88362692
2026-02-01 12:37:33 - INFO - 🔤 Detected Alphanumeric ID R88362692 -> calling process
2026-02-01 12:37:35 - INFO - ✅ Fetched page successfully: 200
2026-02-01 12:37:35 - INFO - ✅ window.__initialData__ extracted successfully
2026-02-01 12:37:35 - INFO - ✅ Property node detected
2026-02-01 12:37:35 - INFO - Sleeping for 2.03 seconds...
2026-02-01 12:37:36 - INFO - ▶️ Resuming operations.
2026-02-01 12:37:36 - INFO - Processing property_id: V87640378
2026-02-01 12:37:36 - INFO - 🔤 Detected Alphanumeric ID V87640378 -> calling process
2026-02-01 12:37:37 - INFO - Processing property_id: P88327268
2026-02-01 12:37:37 - INFO - 🔤 Detected Alphanumeric ID P88327268 -> calling process
2026-02-01 12:37:38 - INFO - ✅ Fetched page successfully: 200
2026-02-01 12:37:38 - INFO - ✅ window.__initialData__ extracted successfully
2026-02-01 12:37:38 - INFO - ✅ Property node detected
2026-02-01 12:37:38 - INFO - Sleeping for 2.07 seconds...
2026-02-01 12:37:38 - INFO - ✅ Fetched page successfully: 200
2026-02-01 12:37:38 - INFO - ✅ window.__initialData__ extracted successfully
2026-02-01 12:37:38 - INFO - ✅ Property node detected
2026-02-01 12:37:38 - INFO - Sleeping for 3.66 seconds...
2026-02-01 12:37:40 - INFO - Processing property_id: M87238560
2026-02-01 12:37:40 - INFO - 🔤 Detected Alphanumeric ID M87238560 -> calling process
2026-02-01 12:37:42 - INFO - Processing property_id: I86794970
2026-02-01 12:37:42 - INFO - 🔤 Detected Alphanumeric ID I86794970 -> calling process
2026-02-01 12:37:43 - INFO - ✅ Fetched page successfully: 200
2026-02-01 12:37:43 - INFO - ✅ window.__initialData__ extracted successfully
2026-02-01 12:37:43 - INFO - ✅ Property node detected
2026-02-01 12:37:43 - INFO - Sleeping for 2.09 seconds...
2026-02-01 12:37:44 - INFO - ✅ Fetched page successfully: 200
2026-02-01 12:37:44 - INFO - ✅ window.__initialData__ extracted successfully
2026-02-01 12:37:44 - INFO - ✅ Property node detected
2026-02-01 12:37:44 - INFO - Sleeping for 4.49 seconds...
2026-02-01 12:37:45 - WARNING - 🛑 Rate limit hit (290 requests). Sleeping for 67s...
2026-02-01 12:37:48 - INFO - Processing property_id: M85674190
2026-02-01 12:37:48 - INFO - 🔤 Detected Alphanumeric ID M85674190 -> calling process
2026-02-01 12:37:50 - INFO - ✅ Fetched page successfully: 200
2026-02-01 12:37:50 - INFO - ✅ window.__initialData__ extracted successfully
2026-02-01 12:37:50 - INFO - ✅ Property node detected
2026-02-01 12:37:50 - INFO - Sleeping for 2.03 seconds...
2026-02-01 12:37:52 - INFO - Processing property_id: T86490104
2026-02-01 12:37:52 - INFO - 🔤 Detected Alphanumeric ID T86490104 -> calling process
2026-02-01 12:37:53 - INFO - ✅ Fetched page successfully: 200
2026-02-01 12:37:53 - INFO - ✅ window.__initialData__ extracted successfully
2026-02-01 12:37:53 - INFO - ✅ Property node detected
2026-02-01 12:37:53 - INFO - Sleeping for 2.59 seconds...
2026-02-01 12:37:56 - INFO - Processing property_id: X87752914
2026-02-01 12:37:56 - INFO - 🔤 Detected Alphanumeric ID X87752914 -> calling process
2026-02-01 12:37:58 - INFO - ✅ Fetched page successfully: 200
2026-02-01 12:37:58 - INFO - ✅ window.__initialData__ extracted successfully
2026-02-01 12:37:58 - INFO - ✅ Property node detected
2026-02-01 12:37:58 - INFO - Sleeping for 4.91 seconds...
2026-02-01 12:38:03 - INFO - Processing property_id: D87093834
2026-02-01 12:38:03 - INFO - 🔤 Detected Alphanumeric ID D87093834 -> calling process
2026-02-01 12:38:05 - INFO - ✅ Fetched page successfully: 200
2026-02-01 12:38:06 - INFO - ✅ window.__initialData__ extracted successfully
2026-02-01 12:38:06 - INFO - ✅ Property node detected
2026-02-01 12:38:06 - INFO - Sleeping for 4.07 seconds...
2026-02-01 12:38:10 - INFO - Processing property_id: N87612380
2026-02-01 12:38:10 - INFO - 🔤 Detected Alphanumeric ID N87612380 -> calling process
2026-02-01 12:38:11 - INFO - ✅ Fetched page successfully: 200
2026-02-01 12:38:11 - INFO - ✅ window.__initialData__ extracted successfully
2026-02-01 12:38:11 - INFO - ✅ Property node detected
2026-02-01 12:38:11 - INFO - Sleeping for 4.74 seconds...
2026-02-01 12:38:16 - INFO - Processing property_id: D88159926
2026-02-01 12:38:16 - INFO - 🔤 Detected Alphanumeric ID D88159926 -> calling process
2026-02-01 12:38:17 - INFO - ✅ Fetched page successfully: 200
2026-02-01 12:38:17 - INFO - ✅ window.__initialData__ extracted successfully
2026-02-01 12:38:17 - INFO - ✅ Property node detected
2026-02-01 12:38:17 - INFO - Sleeping for 2.46 seconds...
2026-02-01 12:38:20 - INFO - Processing property_id: P87299462
2026-02-01 12:38:20 - INFO - 🔤 Detected Alphanumeric ID P87299462 -> calling process
2026-02-01 12:38:23 - INFO - ✅ Fetched page successfully: 200
2026-02-01 12:38:23 - INFO - ✅ window.__initialData__ extracted successfully
2026-02-01 12:38:23 - INFO - ✅ Property node detected
2026-02-01 12:38:23 - INFO - Sleeping for 4.54 seconds...
2026-02-01 12:38:27 - INFO - Processing property_id: R87491560
2026-02-01 12:38:27 - INFO - 🔤 Detected Alphanumeric ID R87491560 -> calling process
2026-02-01 12:38:30 - INFO - ✅ Fetched page successfully: 200
2026-02-01 12:38:30 - INFO - ✅ window.__initialData__ extracted successfully
2026-02-01 12:38:30 - INFO - ✅ Property node detected
2026-02-01 12:38:30 - INFO - Sleeping for 2.33 seconds...
2026-02-01 12:38:32 - INFO - Processing property_id: G87270544
2026-02-01 12:38:32 - INFO - 🔤 Detected Alphanumeric ID G87270544 -> calling process
2026-02-01 12:38:34 - INFO - ✅ Fetched page successfully: 200
2026-02-01 12:38:34 - INFO - ✅ window.__initialData__ extracted successfully
2026-02-01 12:38:34 - INFO - ✅ Property node detected
2026-02-01 12:38:34 - INFO - Sleeping for 4.43 seconds...
2026-02-01 12:38:39 - WARNING - 🛑 Rate limit hit (300 requests). Sleeping for 62s...
2026-02-01 12:38:52 - INFO - ▶️ Resuming operations.
2026-02-01 12:38:52 - INFO - Processing property_id: G86268976
2026-02-01 12:38:52 - INFO - 🔤 Detected Alphanumeric ID G86268976 -> calling process
2026-02-01 12:38:55 - INFO - ✅ Fetched page successfully: 200
2026-02-01 12:38:55 - INFO - ✅ window.__initialData__ extracted successfully
2026-02-01 12:38:55 - INFO - ✅ Property node detected
2026-02-01 12:38:55 - INFO - Sleeping for 2.66 seconds...
2026-02-01 12:38:58 - INFO - Processing property_id: V88034824
2026-02-01 12:38:58 - INFO - 🔤 Detected Alphanumeric ID V88034824 -> calling process
2026-02-01 12:39:00 - INFO - ✅ Fetched page successfully: 200
2026-02-01 12:39:00 - INFO - ✅ window.__initialData__ extracted successfully
2026-02-01 12:39:00 - INFO - ✅ Property node detected
2026-02-01 12:39:00 - INFO - Sleeping for 3.80 seconds...
2026-02-01 12:39:04 - INFO - Processing property_id: Q87458540
2026-02-01 12:39:04 - INFO - 🔤 Detected Alphanumeric ID Q87458540 -> calling process
2026-02-01 12:39:07 - INFO - ✅ Fetched page successfully: 200
2026-02-01 12:39:07 - INFO - ✅ window.__initialData__ extracted successfully
2026-02-01 12:39:07 - INFO - ✅ Property node detected
2026-02-01 12:39:07 - INFO - Sleeping for 3.48 seconds...
2026-02-01 12:39:11 - INFO - Processing property_id: C86920632
2026-02-01 12:39:11 - INFO - 🔤 Detected Alphanumeric ID C86920632 -> calling process
2026-02-01 12:39:13 - INFO - ✅ Fetched page successfully: 200
2026-02-01 12:39:13 - INFO - ✅ window.__initialData__ extracted successfully
2026-02-01 12:39:13 - INFO - ✅ Property node detected
2026-02-01 12:39:13 - INFO - Sleeping for 3.61 seconds...
2026-02-01 12:39:17 - INFO - Processing property_id: F87291336
2026-02-01 12:39:17 - INFO - 🔤 Detected Alphanumeric ID F87291336 -> calling process
2026-02-01 12:39:19 - INFO - ✅ Fetched page successfully: 200
2026-02-01 12:39:19 - INFO - ✅ window.__initialData__ extracted successfully
2026-02-01 12:39:19 - INFO - ✅ Property node detected
2026-02-01 12:39:19 - INFO - Sleeping for 4.85 seconds...
2026-02-01 12:39:24 - INFO - Processing property_id: P86381998
2026-02-01 12:39:24 - INFO - 🔤 Detected Alphanumeric ID P86381998 -> calling process
2026-02-01 12:39:26 - INFO - ✅ Fetched page successfully: 200
2026-02-01 12:39:26 - INFO - ✅ window.__initialData__ extracted successfully
2026-02-01 12:39:26 - INFO - ✅ Property node detected
2026-02-01 12:39:26 - INFO - Sleeping for 2.97 seconds...
2026-02-01 12:39:29 - INFO - Processing property_id: R88326722
2026-02-01 12:39:29 - INFO - 🔤 Detected Alphanumeric ID R88326722 -> calling process
2026-02-01 12:39:30 - INFO - ✅ Fetched page successfully: 200
2026-02-01 12:39:31 - INFO - ✅ window.__initialData__ extracted successfully
2026-02-01 12:39:31 - INFO - ✅ Property node detected
2026-02-01 12:39:31 - INFO - Sleeping for 2.05 seconds...
2026-02-01 12:39:33 - INFO - Processing property_id: I88319992
2026-02-01 12:39:33 - INFO - 🔤 Detected Alphanumeric ID I88319992 -> calling process
2026-02-01 12:39:34 - INFO - ✅ Fetched page successfully: 200
2026-02-01 12:39:34 - INFO - ✅ window.__initialData__ extracted successfully
2026-02-01 12:39:34 - INFO - ✅ Property node detected
2026-02-01 12:39:34 - INFO - Sleeping for 2.45 seconds...
2026-02-01 12:39:37 - INFO - Processing property_id: T88317842
2026-02-01 12:39:37 - INFO - 🔤 Detected Alphanumeric ID T88317842 -> calling process
2026-02-01 12:39:38 - INFO - ✅ Fetched page successfully: 200
2026-02-01 12:39:38 - INFO - ✅ window.__initialData__ extracted successfully
2026-02-01 12:39:38 - INFO - ✅ Property node detected
2026-02-01 12:39:38 - INFO - Sleeping for 3.88 seconds...
2026-02-01 12:39:41 - INFO - ▶️ Resuming operations.
2026-02-01 12:39:41 - INFO - Processing property_id: G73399805
2026-02-01 12:39:41 - INFO - 🔤 Detected Alphanumeric ID G73399805 -> calling process
2026-02-01 12:39:42 - INFO - Processing property_id: J88172498
2026-02-01 12:39:42 - INFO - 🔤 Detected Alphanumeric ID J88172498 -> calling process
2026-02-01 12:39:43 - INFO - ✅ Fetched page successfully: 200
2026-02-01 12:39:43 - INFO - ✅ window.__initialData__ extracted successfully
2026-02-01 12:39:43 - INFO - ✅ Property node detected
2026-02-01 12:39:43 - INFO - Sleeping for 4.35 seconds...
2026-02-01 12:39:44 - INFO - ✅ Fetched page successfully: 200
2026-02-01 12:39:44 - INFO - ✅ window.__initialData__ extracted successfully
2026-02-01 12:39:44 - INFO - ✅ Property node detected
2026-02-01 12:39:44 - INFO - Sleeping for 3.46 seconds...
2026-02-01 12:39:47 - WARNING - 🛑 Rate limit hit (310 requests). Sleeping for 89s...
2026-02-01 12:39:47 - INFO - Processing property_id: K87956018
2026-02-01 12:39:47 - INFO - 🔤 Detected Alphanumeric ID K87956018 -> calling process
2026-02-01 12:39:48 - INFO - ✅ Fetched page successfully: 200
2026-02-01 12:39:48 - INFO - ✅ window.__initialData__ extracted successfully
2026-02-01 12:39:48 - INFO - ✅ Property node detected
2026-02-01 12:39:48 - INFO - Sleeping for 4.53 seconds...
2026-02-01 12:39:53 - INFO - Processing property_id: K87090182
2026-02-01 12:39:53 - INFO - 🔤 Detected Alphanumeric ID K87090182 -> calling process
2026-02-01 12:39:54 - INFO - ✅ Fetched page successfully: 200
2026-02-01 12:39:54 - INFO - ✅ window.__initialData__ extracted successfully
2026-02-01 12:39:54 - INFO - ✅ Property node detected
2026-02-01 12:39:54 - INFO - Sleeping for 3.68 seconds...
2026-02-01 12:39:58 - INFO - Processing property_id: M86506436
2026-02-01 12:39:58 - INFO - 🔤 Detected Alphanumeric ID M86506436 -> calling process
2026-02-01 12:39:59 - INFO - ✅ Fetched page successfully: 200
2026-02-01 12:40:00 - INFO - ✅ window.__initialData__ extracted successfully
2026-02-01 12:40:00 - INFO - ✅ Property node detected
2026-02-01 12:40:00 - INFO - Sleeping for 4.99 seconds...
2026-02-01 12:40:05 - INFO - Processing property_id: A86412768
2026-02-01 12:40:05 - INFO - 🔤 Detected Alphanumeric ID A86412768 -> calling process
2026-02-01 12:40:06 - INFO - ✅ Fetched page successfully: 200
2026-02-01 12:40:06 - INFO - ✅ window.__initialData__ extracted successfully
2026-02-01 12:40:06 - INFO - ✅ Property node detected
2026-02-01 12:40:06 - INFO - Sleeping for 3.81 seconds...
2026-02-01 12:40:10 - INFO - Processing property_id: B86661184
2026-02-01 12:40:10 - INFO - 🔤 Detected Alphanumeric ID B86661184 -> calling process
2026-02-01 12:40:13 - INFO - ✅ Fetched page successfully: 200
2026-02-01 12:40:13 - INFO - ✅ window.__initialData__ extracted successfully
2026-02-01 12:40:13 - INFO - ✅ Property node detected
2026-02-01 12:40:13 - INFO - Sleeping for 3.19 seconds...
2026-02-01 12:40:16 - INFO - Processing property_id: I79009045
2026-02-01 12:40:16 - INFO - 🔤 Detected Alphanumeric ID I79009045 -> calling process
2026-02-01 12:40:20 - INFO - ✅ Fetched page successfully: 200
2026-02-01 12:40:20 - INFO - ✅ window.__initialData__ extracted successfully
2026-02-01 12:40:20 - INFO - ✅ Property node detected
2026-02-01 12:40:20 - INFO - Sleeping for 4.76 seconds...
2026-02-01 12:40:25 - INFO - Processing property_id: Z87862720
2026-02-01 12:40:25 - INFO - 🔤 Detected Alphanumeric ID Z87862720 -> calling process
2026-02-01 12:40:27 - INFO - ✅ Fetched page successfully: 200
2026-02-01 12:40:27 - INFO - ✅ window.__initialData__ extracted successfully
2026-02-01 12:40:27 - INFO - ✅ Property node detected
2026-02-01 12:40:27 - INFO - Sleeping for 3.73 seconds...
2026-02-01 12:40:31 - INFO - Processing property_id: S87716630
2026-02-01 12:40:31 - INFO - 🔤 Detected Alphanumeric ID S87716630 -> calling process
2026-02-01 12:40:32 - INFO - ✅ Fetched page successfully: 200
2026-02-01 12:40:33 - INFO - ✅ window.__initialData__ extracted successfully
2026-02-01 12:40:33 - INFO - ✅ Property node detected
2026-02-01 12:40:33 - INFO - Sleeping for 4.17 seconds...
2026-02-01 12:40:37 - INFO - Processing property_id: I82207816
2026-02-01 12:40:37 - INFO - 🔤 Detected Alphanumeric ID I82207816 -> calling process
2026-02-01 12:40:38 - INFO - ✅ Fetched page successfully: 200
2026-02-01 12:40:38 - INFO - ✅ window.__initialData__ extracted successfully
2026-02-01 12:40:38 - INFO - ✅ Property node detected
2026-02-01 12:40:38 - INFO - Sleeping for 3.12 seconds...
2026-02-01 12:40:41 - WARNING - 🛑 Rate limit hit (320 requests). Sleeping for 111s...
2026-02-01 12:41:16 - INFO - ▶️ Resuming operations.
2026-02-01 12:41:16 - INFO - Processing property_id: N87827736
2026-02-01 12:41:16 - INFO - 🔤 Detected Alphanumeric ID N87827736 -> calling process
2026-02-01 12:41:18 - INFO - ✅ Fetched page successfully: 200
2026-02-01 12:41:18 - INFO - ✅ window.__initialData__ extracted successfully
2026-02-01 12:41:18 - INFO - ✅ Property node detected
2026-02-01 12:41:18 - INFO - Sleeping for 3.59 seconds...
2026-02-01 12:41:22 - INFO - Processing property_id: I87358034
2026-02-01 12:41:22 - INFO - 🔤 Detected Alphanumeric ID I87358034 -> calling process
2026-02-01 12:41:23 - INFO - ✅ Fetched page successfully: 200
2026-02-01 12:41:23 - INFO - ✅ window.__initialData__ extracted successfully
2026-02-01 12:41:23 - INFO - ✅ Property node detected
2026-02-01 12:41:23 - INFO - Sleeping for 2.26 seconds...
2026-02-01 12:41:25 - INFO - Processing property_id: V70062912
2026-02-01 12:41:25 - INFO - 🔤 Detected Alphanumeric ID V70062912 -> calling process
2026-02-01 12:41:27 - INFO - ✅ Fetched page successfully: 200
2026-02-01 12:41:27 - INFO - ✅ window.__initialData__ extracted successfully
2026-02-01 12:41:27 - INFO - ✅ Property node detected
2026-02-01 12:41:27 - INFO - Sleeping for 4.27 seconds...
2026-02-01 12:41:31 - INFO - Processing property_id: B87499198
2026-02-01 12:41:31 - INFO - 🔤 Detected Alphanumeric ID B87499198 -> calling process
2026-02-01 12:41:33 - INFO - ✅ Fetched page successfully: 200
2026-02-01 12:41:33 - INFO - ✅ window.__initialData__ extracted successfully
2026-02-01 12:41:33 - INFO - ✅ Property node detected
2026-02-01 12:41:33 - INFO - Sleeping for 3.98 seconds...
2026-02-01 12:41:37 - INFO - Processing property_id: V85846924
2026-02-01 12:41:37 - INFO - 🔤 Detected Alphanumeric ID V85846924 -> calling process
2026-02-01 12:41:38 - INFO - ✅ Fetched page successfully: 200
2026-02-01 12:41:39 - INFO - ✅ window.__initialData__ extracted successfully
2026-02-01 12:41:39 - INFO - ✅ Property node detected
2026-02-01 12:41:39 - INFO - Sleeping for 4.12 seconds...
2026-02-01 12:41:43 - INFO - Processing property_id: Y85831316
2026-02-01 12:41:43 - INFO - 🔤 Detected Alphanumeric ID Y85831316 -> calling process
2026-02-01 12:41:44 - INFO - ✅ Fetched page successfully: 200
2026-02-01 12:41:44 - INFO - ✅ window.__initialData__ extracted successfully
2026-02-01 12:41:44 - INFO - ✅ Property node detected
2026-02-01 12:41:44 - INFO - Sleeping for 2.94 seconds...
2026-02-01 12:41:47 - INFO - Processing property_id: A84315734
2026-02-01 12:41:47 - INFO - 🔤 Detected Alphanumeric ID A84315734 -> calling process
2026-02-01 12:41:50 - INFO - ✅ Fetched page successfully: 200
2026-02-01 12:41:50 - INFO - ✅ window.__initialData__ extracted successfully
2026-02-01 12:41:50 - INFO - ✅ Property node detected
2026-02-01 12:41:50 - INFO - Sleeping for 3.29 seconds...
2026-02-01 12:41:53 - INFO - Processing property_id: K87308576
2026-02-01 12:41:53 - INFO - 🔤 Detected Alphanumeric ID K87308576 -> calling process
2026-02-01 12:41:55 - INFO - ✅ Fetched page successfully: 200
2026-02-01 12:41:55 - INFO - ✅ window.__initialData__ extracted successfully
2026-02-01 12:41:55 - INFO - ✅ Property node detected
2026-02-01 12:41:55 - INFO - Sleeping for 3.25 seconds...
2026-02-01 12:41:58 - INFO - Processing property_id: H87974762
2026-02-01 12:41:58 - INFO - 🔤 Detected Alphanumeric ID H87974762 -> calling process
2026-02-01 12:42:01 - INFO - ✅ Fetched page successfully: 200
2026-02-01 12:42:01 - INFO - ✅ window.__initialData__ extracted successfully
2026-02-01 12:42:01 - INFO - ✅ Property node detected
2026-02-01 12:42:01 - INFO - Sleeping for 3.73 seconds...
2026-02-01 12:42:05 - INFO - Processing property_id: W86828850
2026-02-01 12:42:05 - INFO - 🔤 Detected Alphanumeric ID W86828850 -> calling process
2026-02-01 12:42:07 - INFO - ✅ Fetched page successfully: 200
2026-02-01 12:42:07 - INFO - ✅ window.__initialData__ extracted successfully
2026-02-01 12:42:07 - INFO - ✅ Property node detected
2026-02-01 12:42:07 - INFO - Sleeping for 3.33 seconds...
2026-02-01 12:42:10 - WARNING - 🛑 Rate limit hit (330 requests). Sleeping for 104s...
2026-02-01 12:42:32 - INFO - ▶️ Resuming operations.
2026-02-01 12:42:32 - INFO - Processing property_id: I87573278
2026-02-01 12:42:32 - INFO - 🔤 Detected Alphanumeric ID I87573278 -> calling process
2026-02-01 12:42:38 - INFO - ✅ Fetched page successfully: 200
2026-02-01 12:42:38 - INFO - ✅ window.__initialData__ extracted successfully
2026-02-01 12:42:38 - INFO - ✅ Property node detected
2026-02-01 12:42:38 - INFO - Sleeping for 2.22 seconds...
2026-02-01 12:42:40 - INFO - Processing property_id: D87925502
2026-02-01 12:42:40 - INFO - 🔤 Detected Alphanumeric ID D87925502 -> calling process
2026-02-01 12:42:42 - INFO - ✅ Fetched page successfully: 200
2026-02-01 12:42:42 - INFO - ✅ window.__initialData__ extracted successfully
2026-02-01 12:42:42 - INFO - ✅ Property node detected
2026-02-01 12:42:42 - INFO - Sleeping for 4.60 seconds...
2026-02-01 12:42:46 - INFO - Processing property_id: O88317528
2026-02-01 12:42:46 - INFO - 🔤 Detected Alphanumeric ID O88317528 -> calling process
2026-02-01 12:42:48 - INFO - ✅ Fetched page successfully: 200
2026-02-01 12:42:48 - INFO - ✅ window.__initialData__ extracted successfully
2026-02-01 12:42:48 - INFO - ✅ Property node detected
2026-02-01 12:42:48 - INFO - Sleeping for 4.62 seconds...
2026-02-01 12:42:53 - INFO - Processing property_id: K88229650
2026-02-01 12:42:53 - INFO - 🔤 Detected Alphanumeric ID K88229650 -> calling process
2026-02-01 12:42:55 - INFO - ✅ Fetched page successfully: 200
2026-02-01 12:42:55 - INFO - ✅ window.__initialData__ extracted successfully
2026-02-01 12:42:55 - INFO - ✅ Property node detected
2026-02-01 12:42:55 - INFO - Sleeping for 2.54 seconds...
2026-02-01 12:42:57 - INFO - Processing property_id: G87389478
2026-02-01 12:42:57 - INFO - 🔤 Detected Alphanumeric ID G87389478 -> calling process
2026-02-01 12:42:59 - INFO - ✅ Fetched page successfully: 200
2026-02-01 12:42:59 - INFO - ✅ window.__initialData__ extracted successfully
2026-02-01 12:42:59 - INFO - ✅ Property node detected
2026-02-01 12:42:59 - INFO - Sleeping for 2.98 seconds...
2026-02-01 12:43:02 - INFO - Processing property_id: X86463546
2026-02-01 12:43:02 - INFO - 🔤 Detected Alphanumeric ID X86463546 -> calling process
2026-02-01 12:43:04 - INFO - ✅ Fetched page successfully: 200
2026-02-01 12:43:04 - INFO - ✅ window.__initialData__ extracted successfully
2026-02-01 12:43:04 - INFO - ✅ Property node detected
2026-02-01 12:43:04 - INFO - Sleeping for 4.16 seconds...
2026-02-01 12:43:08 - INFO - Processing property_id: U86588204
2026-02-01 12:43:08 - INFO - 🔤 Detected Alphanumeric ID U86588204 -> calling process
2026-02-01 12:43:10 - INFO - ✅ Fetched page successfully: 200
2026-02-01 12:43:10 - INFO - ✅ window.__initialData__ extracted successfully
2026-02-01 12:43:10 - INFO - ✅ Property node detected
2026-02-01 12:43:10 - INFO - Sleeping for 3.04 seconds...
2026-02-01 12:43:14 - INFO - Processing property_id: L84300208
2026-02-01 12:43:14 - INFO - 🔤 Detected Alphanumeric ID L84300208 -> calling process
2026-02-01 12:43:15 - INFO - ✅ Fetched page successfully: 200
2026-02-01 12:43:15 - INFO - ✅ window.__initialData__ extracted successfully
2026-02-01 12:43:15 - INFO - ✅ Property node detected
2026-02-01 12:43:15 - INFO - Sleeping for 2.80 seconds...
2026-02-01 12:43:18 - INFO - Processing property_id: V87413654
2026-02-01 12:43:18 - INFO - 🔤 Detected Alphanumeric ID V87413654 -> calling process
2026-02-01 12:43:20 - INFO - ✅ Fetched page successfully: 200
2026-02-01 12:43:20 - INFO - ✅ window.__initialData__ extracted successfully
2026-02-01 12:43:20 - INFO - ✅ Property node detected
2026-02-01 12:43:20 - INFO - Sleeping for 2.20 seconds...
2026-02-01 12:43:23 - INFO - Processing property_id: K87649940
2026-02-01 12:43:23 - INFO - 🔤 Detected Alphanumeric ID K87649940 -> calling process
2026-02-01 12:43:24 - INFO - ✅ Fetched page successfully: 200
2026-02-01 12:43:25 - INFO - ✅ window.__initialData__ extracted successfully
2026-02-01 12:43:25 - INFO - ✅ Property node detected
2026-02-01 12:43:25 - INFO - Sleeping for 4.04 seconds...
2026-02-01 12:43:29 - WARNING - 🛑 Rate limit hit (340 requests). Sleeping for 76s...
2026-02-01 12:43:54 - INFO - ▶️ Resuming operations.
2026-02-01 12:43:54 - INFO - Processing property_id: P86822048
2026-02-01 12:43:54 - INFO - 🔤 Detected Alphanumeric ID P86822048 -> calling process
2026-02-01 12:43:55 - INFO - ✅ Fetched page successfully: 200
2026-02-01 12:43:56 - INFO - ✅ window.__initialData__ extracted successfully
2026-02-01 12:43:56 - INFO - ✅ Property node detected
2026-02-01 12:43:56 - INFO - Sleeping for 4.39 seconds...
2026-02-01 12:44:00 - INFO - Processing property_id: R86459560
2026-02-01 12:44:00 - INFO - 🔤 Detected Alphanumeric ID R86459560 -> calling process
2026-02-01 12:44:03 - INFO - ✅ Fetched page successfully: 200
2026-02-01 12:44:03 - INFO - ✅ window.__initialData__ extracted successfully
2026-02-01 12:44:03 - INFO - ✅ Property node detected
2026-02-01 12:44:03 - INFO - Sleeping for 3.22 seconds...
2026-02-01 12:44:06 - INFO - Processing property_id: J87745368
2026-02-01 12:44:06 - INFO - 🔤 Detected Alphanumeric ID J87745368 -> calling process
2026-02-01 12:44:08 - INFO - ✅ Fetched page successfully: 200
2026-02-01 12:44:08 - INFO - ✅ window.__initialData__ extracted successfully
2026-02-01 12:44:08 - INFO - ✅ Property node detected
2026-02-01 12:44:08 - INFO - Sleeping for 4.95 seconds...
2026-02-01 12:44:13 - INFO - Processing property_id: Q86966436
2026-02-01 12:44:13 - INFO - 🔤 Detected Alphanumeric ID Q86966436 -> calling process
2026-02-01 12:44:15 - INFO - ✅ Fetched page successfully: 200
2026-02-01 12:44:15 - INFO - ✅ window.__initialData__ extracted successfully
2026-02-01 12:44:15 - INFO - ✅ Property node detected
2026-02-01 12:44:15 - INFO - Sleeping for 4.12 seconds...
2026-02-01 12:44:19 - INFO - Processing property_id: E87975044
2026-02-01 12:44:19 - INFO - 🔤 Detected Alphanumeric ID E87975044 -> calling process
2026-02-01 12:44:20 - INFO - ✅ Fetched page successfully: 200
2026-02-01 12:44:20 - INFO - ✅ window.__initialData__ extracted successfully
2026-02-01 12:44:20 - INFO - ✅ Property node detected
2026-02-01 12:44:20 - INFO - Sleeping for 4.95 seconds...
2026-02-01 12:44:25 - INFO - Processing property_id: E88089260
2026-02-01 12:44:25 - INFO - 🔤 Detected Alphanumeric ID E88089260 -> calling process
2026-02-01 12:44:27 - INFO - ✅ Fetched page successfully: 200
2026-02-01 12:44:27 - INFO - ✅ window.__initialData__ extracted successfully
2026-02-01 12:44:27 - INFO - ✅ Property node detected
2026-02-01 12:44:27 - INFO - Sleeping for 3.03 seconds...
2026-02-01 12:44:30 - INFO - Processing property_id: D84876536
2026-02-01 12:44:30 - INFO - 🔤 Detected Alphanumeric ID D84876536 -> calling process
2026-02-01 12:44:32 - INFO - ✅ Fetched page successfully: 200
2026-02-01 12:44:33 - INFO - ✅ window.__initialData__ extracted successfully
2026-02-01 12:44:33 - INFO - ✅ Property node detected
2026-02-01 12:44:33 - INFO - Sleeping for 4.77 seconds...
2026-02-01 12:44:37 - INFO - Processing property_id: X87582512
2026-02-01 12:44:37 - INFO - 🔤 Detected Alphanumeric ID X87582512 -> calling process
2026-02-01 12:44:40 - INFO - ✅ Fetched page successfully: 200
2026-02-01 12:44:40 - INFO - ✅ window.__initialData__ extracted successfully
2026-02-01 12:44:40 - INFO - ✅ Property node detected
2026-02-01 12:44:40 - INFO - Sleeping for 3.91 seconds...
2026-02-01 12:44:44 - INFO - Processing property_id: V87261544
2026-02-01 12:44:44 - INFO - 🔤 Detected Alphanumeric ID V87261544 -> calling process
2026-02-01 12:44:45 - INFO - ▶️ Resuming operations.
2026-02-01 12:44:45 - INFO - Processing property_id: M87249216
2026-02-01 12:44:45 - INFO - 🔤 Detected Alphanumeric ID M87249216 -> calling process
2026-02-01 12:44:45 - INFO - ✅ Fetched page successfully: 200
2026-02-01 12:44:45 - INFO - ✅ window.__initialData__ extracted successfully
2026-02-01 12:44:45 - INFO - ✅ Property node detected
2026-02-01 12:44:45 - INFO - Sleeping for 3.94 seconds...
2026-02-01 12:44:46 - INFO - ✅ Fetched page successfully: 200
2026-02-01 12:44:46 - INFO - ✅ window.__initialData__ extracted successfully
2026-02-01 12:44:46 - INFO - ✅ Property node detected
2026-02-01 12:44:46 - INFO - Sleeping for 4.51 seconds...
2026-02-01 12:44:49 - INFO - Processing property_id: M87205904
2026-02-01 12:44:49 - INFO - 🔤 Detected Alphanumeric ID M87205904 -> calling process
2026-02-01 12:44:51 - WARNING - 🛑 Rate limit hit (350 requests). Sleeping for 76s...
2026-02-01 12:44:51 - INFO - ✅ Fetched page successfully: 200
2026-02-01 12:44:51 - INFO - ✅ window.__initialData__ extracted successfully
2026-02-01 12:44:51 - INFO - ✅ Property node detected
2026-02-01 12:44:51 - INFO - Sleeping for 2.85 seconds...
2026-02-01 12:44:54 - INFO - Processing property_id: B85741706
2026-02-01 12:44:54 - INFO - 🔤 Detected Alphanumeric ID B85741706 -> calling process
2026-02-01 12:44:55 - INFO - ✅ Fetched page successfully: 200
2026-02-01 12:44:55 - INFO - ✅ window.__initialData__ extracted successfully
2026-02-01 12:44:55 - INFO - ✅ Property node detected
2026-02-01 12:44:55 - INFO - Sleeping for 3.83 seconds...
2026-02-01 12:44:59 - INFO - Processing property_id: X87825672
2026-02-01 12:44:59 - INFO - 🔤 Detected Alphanumeric ID X87825672 -> calling process
2026-02-01 12:45:00 - INFO - ✅ Fetched page successfully: 200
2026-02-01 12:45:00 - INFO - ✅ window.__initialData__ extracted successfully
2026-02-01 12:45:00 - INFO - ✅ Property node detected
2026-02-01 12:45:00 - INFO - Sleeping for 2.10 seconds...
2026-02-01 12:45:02 - INFO - Processing property_id: L87735090
2026-02-01 12:45:02 - INFO - 🔤 Detected Alphanumeric ID L87735090 -> calling process
2026-02-01 12:45:05 - INFO - ✅ Fetched page successfully: 200
2026-02-01 12:45:05 - INFO - ✅ window.__initialData__ extracted successfully
2026-02-01 12:45:05 - ERROR - ❌ Property data node not found in extracted JSON
2026-02-01 12:45:05 - INFO - Sleeping for 4.00 seconds...
2026-02-01 12:45:09 - INFO - Processing property_id: Y87617666
2026-02-01 12:45:09 - INFO - 🔤 Detected Alphanumeric ID Y87617666 -> calling process
2026-02-01 12:45:11 - INFO - ✅ Fetched page successfully: 200
2026-02-01 12:45:11 - INFO - ✅ window.__initialData__ extracted successfully
2026-02-01 12:45:11 - INFO - ✅ Property node detected
2026-02-01 12:45:11 - INFO - Sleeping for 4.69 seconds...
2026-02-01 12:45:16 - INFO - Processing property_id: D87585068
2026-02-01 12:45:16 - INFO - 🔤 Detected Alphanumeric ID D87585068 -> calling process
2026-02-01 12:45:18 - INFO - ✅ Fetched page successfully: 200
2026-02-01 12:45:18 - INFO - ✅ window.__initialData__ extracted successfully
2026-02-01 12:45:18 - INFO - ✅ Property node detected
2026-02-01 12:45:18 - INFO - Sleeping for 3.12 seconds...
2026-02-01 12:45:21 - INFO - Processing property_id: Y87151170
2026-02-01 12:45:21 - INFO - 🔤 Detected Alphanumeric ID Y87151170 -> calling process
2026-02-01 12:45:23 - INFO - ✅ Fetched page successfully: 200
2026-02-01 12:45:23 - INFO - ✅ window.__initialData__ extracted successfully
2026-02-01 12:45:23 - INFO - ✅ Property node detected
2026-02-01 12:45:23 - INFO - Sleeping for 2.25 seconds...
2026-02-01 12:45:26 - INFO - Processing property_id: O86519732
2026-02-01 12:45:26 - INFO - 🔤 Detected Alphanumeric ID O86519732 -> calling process
2026-02-01 12:45:27 - INFO - ✅ Fetched page successfully: 200
2026-02-01 12:45:27 - INFO - ✅ window.__initialData__ extracted successfully
2026-02-01 12:45:27 - INFO - ✅ Property node detected
2026-02-01 12:45:27 - INFO - Sleeping for 2.32 seconds...
2026-02-01 12:45:30 - INFO - Processing property_id: 426383
2026-02-01 12:45:30 - INFO - 🔢 Detected Numeric ID 426383 -> calling process_single_project
2026-02-01 12:45:30 - INFO - Fetching details for project ID: 426383
2026-02-01 12:45:30 - INFO - Sleeping for 3.64 seconds...
2026-02-01 12:45:34 - INFO - Processing property_id: B86112596
2026-02-01 12:45:34 - INFO - 🔤 Detected Alphanumeric ID B86112596 -> calling process
2026-02-01 12:45:35 - INFO - ✅ Fetched page successfully: 200
2026-02-01 12:45:35 - INFO - ✅ window.__initialData__ extracted successfully
2026-02-01 12:45:35 - INFO - ✅ Property node detected
2026-02-01 12:45:35 - INFO - Sleeping for 2.94 seconds...
2026-02-01 12:45:38 - WARNING - 🛑 Rate limit hit (360 requests). Sleeping for 109s...
2026-02-01 12:46:07 - INFO - ▶️ Resuming operations.
2026-02-01 12:46:07 - INFO - Processing property_id: U86600506
2026-02-01 12:46:07 - INFO - 🔤 Detected Alphanumeric ID U86600506 -> calling process
2026-02-01 12:46:08 - INFO - ✅ Fetched page successfully: 200
2026-02-01 12:46:09 - INFO - ✅ window.__initialData__ extracted successfully
2026-02-01 12:46:09 - INFO - ✅ Property node detected
2026-02-01 12:46:09 - INFO - Sleeping for 2.65 seconds...
2026-02-01 12:46:11 - INFO - Processing property_id: H87745364
2026-02-01 12:46:11 - INFO - 🔤 Detected Alphanumeric ID H87745364 -> calling process
2026-02-01 12:46:13 - INFO - ✅ Fetched page successfully: 200
2026-02-01 12:46:13 - INFO - ✅ window.__initialData__ extracted successfully
2026-02-01 12:46:13 - INFO - ✅ Property node detected
2026-02-01 12:46:13 - INFO - Sleeping for 2.43 seconds...
2026-02-01 12:46:15 - INFO - Processing property_id: I86181270
2026-02-01 12:46:15 - INFO - 🔤 Detected Alphanumeric ID I86181270 -> calling process
2026-02-01 12:46:17 - INFO - ✅ Fetched page successfully: 200
2026-02-01 12:46:17 - INFO - ✅ window.__initialData__ extracted successfully
2026-02-01 12:46:17 - INFO - ✅ Property node detected
2026-02-01 12:46:17 - INFO - Sleeping for 3.53 seconds...
2026-02-01 12:46:21 - INFO - Processing property_id: O87328420
2026-02-01 12:46:21 - INFO - 🔤 Detected Alphanumeric ID O87328420 -> calling process
2026-02-01 12:46:22 - INFO - ✅ Fetched page successfully: 200
2026-02-01 12:46:22 - INFO - ✅ window.__initialData__ extracted successfully
2026-02-01 12:46:22 - INFO - ✅ Property node detected
2026-02-01 12:46:22 - INFO - Sleeping for 4.28 seconds...
2026-02-01 12:46:26 - INFO - Processing property_id: Y87813782
2026-02-01 12:46:26 - INFO - 🔤 Detected Alphanumeric ID Y87813782 -> calling process
2026-02-01 12:46:28 - INFO - ✅ Fetched page successfully: 200
2026-02-01 12:46:28 - INFO - ✅ window.__initialData__ extracted successfully
2026-02-01 12:46:28 - INFO - ✅ Property node detected
2026-02-01 12:46:28 - INFO - Sleeping for 4.37 seconds...
2026-02-01 12:46:33 - INFO - Processing property_id: M86701006
2026-02-01 12:46:33 - INFO - 🔤 Detected Alphanumeric ID M86701006 -> calling process
2026-02-01 12:46:34 - INFO - ✅ Fetched page successfully: 200
2026-02-01 12:46:34 - INFO - ✅ window.__initialData__ extracted successfully
2026-02-01 12:46:34 - INFO - ✅ Property node detected
2026-02-01 12:46:34 - INFO - Sleeping for 3.16 seconds...
2026-02-01 12:46:38 - INFO - Processing property_id: O86540840
2026-02-01 12:46:38 - INFO - 🔤 Detected Alphanumeric ID O86540840 -> calling process
2026-02-01 12:46:39 - INFO - ✅ Fetched page successfully: 200
2026-02-01 12:46:39 - INFO - ✅ window.__initialData__ extracted successfully
2026-02-01 12:46:39 - INFO - ✅ Property node detected
2026-02-01 12:46:39 - INFO - Sleeping for 3.30 seconds...
2026-02-01 12:46:43 - INFO - Processing property_id: D86609488
2026-02-01 12:46:43 - INFO - 🔤 Detected Alphanumeric ID D86609488 -> calling process
2026-02-01 12:46:44 - INFO - ✅ Fetched page successfully: 200
2026-02-01 12:46:44 - INFO - ✅ window.__initialData__ extracted successfully
2026-02-01 12:46:44 - INFO - ✅ Property node detected
2026-02-01 12:46:44 - INFO - Sleeping for 3.76 seconds...
2026-02-01 12:46:48 - INFO - Processing property_id: Y86649678
2026-02-01 12:46:48 - INFO - 🔤 Detected Alphanumeric ID Y86649678 -> calling process
2026-02-01 12:46:49 - INFO - ✅ Fetched page successfully: 200
2026-02-01 12:46:50 - INFO - ✅ window.__initialData__ extracted successfully
2026-02-01 12:46:50 - INFO - ✅ Property node detected
2026-02-01 12:46:50 - INFO - Sleeping for 3.59 seconds...
2026-02-01 12:46:53 - INFO - Processing property_id: X87222798
2026-02-01 12:46:53 - INFO - 🔤 Detected Alphanumeric ID X87222798 -> calling process
2026-02-01 12:46:54 - INFO - ✅ Fetched page successfully: 200
2026-02-01 12:46:54 - INFO - ✅ window.__initialData__ extracted successfully
2026-02-01 12:46:54 - INFO - ✅ Property node detected
2026-02-01 12:46:54 - INFO - Sleeping for 4.22 seconds...
2026-02-01 12:46:59 - WARNING - 🛑 Rate limit hit (370 requests). Sleeping for 108s...
2026-02-01 12:47:27 - INFO - ▶️ Resuming operations.
2026-02-01 12:47:27 - INFO - Processing property_id: I85669678
2026-02-01 12:47:27 - INFO - 🔤 Detected Alphanumeric ID I85669678 -> calling process
2026-02-01 12:47:31 - INFO - ✅ Fetched page successfully: 200
2026-02-01 12:47:31 - INFO - ✅ window.__initialData__ extracted successfully
2026-02-01 12:47:31 - ERROR - ❌ Property data node not found in extracted JSON
2026-02-01 12:47:31 - INFO - Sleeping for 2.12 seconds...
2026-02-01 12:47:33 - INFO - Processing property_id: I83358088
2026-02-01 12:47:33 - INFO - 🔤 Detected Alphanumeric ID I83358088 -> calling process
2026-02-01 12:47:34 - INFO - ✅ Fetched page successfully: 200
2026-02-01 12:47:34 - INFO - ✅ window.__initialData__ extracted successfully
2026-02-01 12:47:34 - INFO - ✅ Property node detected
2026-02-01 12:47:34 - INFO - Sleeping for 3.56 seconds...
2026-02-01 12:47:38 - INFO - Processing property_id: P87736056
2026-02-01 12:47:38 - INFO - 🔤 Detected Alphanumeric ID P87736056 -> calling process
2026-02-01 12:47:39 - INFO - ✅ Fetched page successfully: 200
2026-02-01 12:47:39 - INFO - ✅ window.__initialData__ extracted successfully
2026-02-01 12:47:39 - INFO - ✅ Property node detected
2026-02-01 12:47:39 - INFO - Sleeping for 4.15 seconds...
2026-02-01 12:47:43 - INFO - Processing property_id: G85329166
2026-02-01 12:47:43 - INFO - 🔤 Detected Alphanumeric ID G85329166 -> calling process
2026-02-01 12:47:44 - INFO - ✅ Fetched page successfully: 200
2026-02-01 12:47:45 - INFO - ✅ window.__initialData__ extracted successfully
2026-02-01 12:47:45 - INFO - ✅ Property node detected
2026-02-01 12:47:45 - INFO - Sleeping for 3.73 seconds...
2026-02-01 12:47:48 - INFO - Processing property_id: E87552146
2026-02-01 12:47:48 - INFO - 🔤 Detected Alphanumeric ID E87552146 -> calling process
2026-02-01 12:47:50 - INFO - ✅ Fetched page successfully: 200
2026-02-01 12:47:50 - INFO - ✅ window.__initialData__ extracted successfully
2026-02-01 12:47:50 - INFO - ✅ Property node detected
2026-02-01 12:47:50 - INFO - Sleeping for 2.13 seconds...
2026-02-01 12:47:52 - INFO - Processing property_id: B87775854
2026-02-01 12:47:52 - INFO - 🔤 Detected Alphanumeric ID B87775854 -> calling process
2026-02-01 12:47:53 - INFO - ✅ Fetched page successfully: 200
2026-02-01 12:47:53 - INFO - ✅ window.__initialData__ extracted successfully
2026-02-01 12:47:53 - INFO - ✅ Property node detected
2026-02-01 12:47:53 - INFO - Sleeping for 4.68 seconds...
2026-02-01 12:47:58 - INFO - Processing property_id: H87345592
2026-02-01 12:47:58 - INFO - 🔤 Detected Alphanumeric ID H87345592 -> calling process
2026-02-01 12:47:59 - INFO - ✅ Fetched page successfully: 200
2026-02-01 12:47:59 - INFO - ✅ window.__initialData__ extracted successfully
2026-02-01 12:47:59 - INFO - ✅ Property node detected
2026-02-01 12:47:59 - INFO - Sleeping for 3.26 seconds...
2026-02-01 12:48:03 - INFO - Processing property_id: T85718704
2026-02-01 12:48:03 - INFO - 🔤 Detected Alphanumeric ID T85718704 -> calling process
2026-02-01 12:48:05 - INFO - ✅ Fetched page successfully: 200
2026-02-01 12:48:05 - INFO - ✅ window.__initialData__ extracted successfully
2026-02-01 12:48:05 - ERROR - ❌ Property data node not found in extracted JSON
2026-02-01 12:48:05 - INFO - Sleeping for 3.40 seconds...
2026-02-01 12:48:08 - INFO - Processing property_id: 86005
2026-02-01 12:48:08 - INFO - 🔢 Detected Numeric ID 86005 -> calling process_single_project
2026-02-01 12:48:08 - INFO - Fetching details for project ID: 86005
2026-02-01 12:48:09 - INFO - Sleeping for 2.75 seconds...
2026-02-01 12:48:12 - INFO - Processing property_id: N84575764
2026-02-01 12:48:12 - INFO - 🔤 Detected Alphanumeric ID N84575764 -> calling process
2026-02-01 12:48:13 - INFO - ✅ Fetched page successfully: 200
2026-02-01 12:48:13 - INFO - ✅ window.__initialData__ extracted successfully
2026-02-01 12:48:13 - INFO - ✅ Property node detected
2026-02-01 12:48:13 - INFO - Sleeping for 3.01 seconds...
2026-02-01 12:48:16 - WARNING - 🛑 Rate limit hit (380 requests). Sleeping for 89s...
2026-02-01 12:48:47 - INFO - ▶️ Resuming operations.
2026-02-01 12:48:47 - INFO - Processing property_id: H86020800
2026-02-01 12:48:47 - INFO - 🔤 Detected Alphanumeric ID H86020800 -> calling process
2026-02-01 12:48:48 - INFO - ✅ Fetched page successfully: 200
2026-02-01 12:48:48 - INFO - ✅ window.__initialData__ extracted successfully
2026-02-01 12:48:48 - INFO - ✅ Property node detected
2026-02-01 12:48:48 - INFO - Sleeping for 2.65 seconds...
2026-02-01 12:48:51 - INFO - Processing property_id: V86822722
2026-02-01 12:48:51 - INFO - 🔤 Detected Alphanumeric ID V86822722 -> calling process
2026-02-01 12:48:53 - INFO - ✅ Fetched page successfully: 200
2026-02-01 12:48:54 - INFO - ✅ window.__initialData__ extracted successfully
2026-02-01 12:48:54 - INFO - ✅ Property node detected
2026-02-01 12:48:54 - INFO - Sleeping for 3.09 seconds...
2026-02-01 12:48:57 - INFO - Processing property_id: D82522840
2026-02-01 12:48:57 - INFO - 🔤 Detected Alphanumeric ID D82522840 -> calling process
2026-02-01 12:48:58 - INFO - ✅ Fetched page successfully: 200
2026-02-01 12:48:59 - INFO - ✅ window.__initialData__ extracted successfully
2026-02-01 12:48:59 - INFO - ✅ Property node detected
2026-02-01 12:48:59 - INFO - Sleeping for 2.74 seconds...
2026-02-01 12:49:01 - INFO - Processing property_id: Y87827522
2026-02-01 12:49:01 - INFO - 🔤 Detected Alphanumeric ID Y87827522 -> calling process
2026-02-01 12:49:04 - INFO - ✅ Fetched page successfully: 200
2026-02-01 12:49:04 - INFO - ✅ window.__initialData__ extracted successfully
2026-02-01 12:49:04 - INFO - ✅ Property node detected
2026-02-01 12:49:04 - INFO - Sleeping for 3.27 seconds...
2026-02-01 12:49:07 - INFO - Processing property_id: C88242832
2026-02-01 12:49:07 - INFO - 🔤 Detected Alphanumeric ID C88242832 -> calling process
2026-02-01 12:49:09 - INFO - ✅ Fetched page successfully: 200
2026-02-01 12:49:09 - INFO - ✅ window.__initialData__ extracted successfully
2026-02-01 12:49:09 - INFO - ✅ Property node detected
2026-02-01 12:49:09 - INFO - Sleeping for 3.55 seconds...
2026-02-01 12:49:13 - INFO - Processing property_id: U88092214
2026-02-01 12:49:13 - INFO - 🔤 Detected Alphanumeric ID U88092214 -> calling process
2026-02-01 12:49:14 - INFO - ✅ Fetched page successfully: 200
2026-02-01 12:49:14 - INFO - ✅ window.__initialData__ extracted successfully
2026-02-01 12:49:14 - INFO - ✅ Property node detected
2026-02-01 12:49:14 - INFO - Sleeping for 2.92 seconds...
2026-02-01 12:49:17 - INFO - Processing property_id: M87944136
2026-02-01 12:49:17 - INFO - 🔤 Detected Alphanumeric ID M87944136 -> calling process
2026-02-01 12:49:19 - INFO - ✅ Fetched page successfully: 200
2026-02-01 12:49:19 - INFO - ✅ window.__initialData__ extracted successfully
2026-02-01 12:49:19 - INFO - ✅ Property node detected
2026-02-01 12:49:19 - INFO - Sleeping for 2.97 seconds...
2026-02-01 12:49:22 - INFO - Processing property_id: W87665162
2026-02-01 12:49:22 - INFO - 🔤 Detected Alphanumeric ID W87665162 -> calling process
2026-02-01 12:49:24 - INFO - ✅ Fetched page successfully: 200
2026-02-01 12:49:24 - INFO - ✅ window.__initialData__ extracted successfully
2026-02-01 12:49:24 - ERROR - ❌ Property data node not found in extracted JSON
2026-02-01 12:49:24 - INFO - Sleeping for 4.14 seconds...
2026-02-01 12:49:28 - INFO - Processing property_id: L87561208
2026-02-01 12:49:28 - INFO - 🔤 Detected Alphanumeric ID L87561208 -> calling process
2026-02-01 12:49:30 - INFO - ✅ Fetched page successfully: 200
2026-02-01 12:49:30 - INFO - ✅ window.__initialData__ extracted successfully
2026-02-01 12:49:30 - INFO - ✅ Property node detected
2026-02-01 12:49:30 - INFO - Sleeping for 2.44 seconds...
2026-02-01 12:49:32 - INFO - Processing property_id: U87402928
2026-02-01 12:49:32 - INFO - 🔤 Detected Alphanumeric ID U87402928 -> calling process
2026-02-01 12:49:34 - INFO - ✅ Fetched page successfully: 200
2026-02-01 12:49:34 - INFO - ✅ window.__initialData__ extracted successfully
2026-02-01 12:49:34 - INFO - ✅ Property node detected
2026-02-01 12:49:34 - INFO - Sleeping for 3.10 seconds...
2026-02-01 12:49:37 - WARNING - 🛑 Rate limit hit (390 requests). Sleeping for 70s...
2026-02-01 12:49:45 - INFO - ▶️ Resuming operations.
2026-02-01 12:49:45 - INFO - Processing property_id: 255847
2026-02-01 12:49:45 - INFO - 🔢 Detected Numeric ID 255847 -> calling process_single_project
2026-02-01 12:49:45 - INFO - Fetching details for project ID: 255847
2026-02-01 12:49:46 - INFO - Sleeping for 4.16 seconds...
2026-02-01 12:49:50 - INFO - Processing property_id: O87161478
2026-02-01 12:49:50 - INFO - 🔤 Detected Alphanumeric ID O87161478 -> calling process
2026-02-01 12:49:51 - INFO - ✅ Fetched page successfully: 200
2026-02-01 12:49:51 - INFO - ✅ window.__initialData__ extracted successfully
2026-02-01 12:49:51 - INFO - ✅ Property node detected
2026-02-01 12:49:51 - INFO - Sleeping for 3.93 seconds...
2026-02-01 12:49:55 - INFO - Processing property_id: I87032846
2026-02-01 12:49:55 - INFO - 🔤 Detected Alphanumeric ID I87032846 -> calling process
2026-02-01 12:49:57 - INFO - ✅ Fetched page successfully: 200
2026-02-01 12:49:57 - INFO - ✅ window.__initialData__ extracted successfully
2026-02-01 12:49:57 - ERROR - ❌ Property data node not found in extracted JSON
2026-02-01 12:49:57 - INFO - Sleeping for 2.13 seconds...
2026-02-01 12:49:59 - INFO - Processing property_id: W85240016
2026-02-01 12:49:59 - INFO - 🔤 Detected Alphanumeric ID W85240016 -> calling process
2026-02-01 12:50:01 - INFO - ✅ Fetched page successfully: 200
2026-02-01 12:50:01 - INFO - ✅ window.__initialData__ extracted successfully
2026-02-01 12:50:01 - INFO - ✅ Property node detected
2026-02-01 12:50:01 - INFO - Sleeping for 4.41 seconds...
2026-02-01 12:50:05 - INFO - Processing property_id: F88465316
2026-02-01 12:50:05 - INFO - 🔤 Detected Alphanumeric ID F88465316 -> calling process
2026-02-01 12:50:08 - INFO - ✅ Fetched page successfully: 200
2026-02-01 12:50:08 - INFO - ✅ window.__initialData__ extracted successfully
2026-02-01 12:50:08 - INFO - ✅ Property node detected
2026-02-01 12:50:08 - INFO - Sleeping for 3.25 seconds...
2026-02-01 12:50:11 - INFO - Processing property_id: Z84410156
2026-02-01 12:50:11 - INFO - 🔤 Detected Alphanumeric ID Z84410156 -> calling process
2026-02-01 12:50:13 - INFO - ✅ Fetched page successfully: 200
2026-02-01 12:50:13 - INFO - ✅ window.__initialData__ extracted successfully
2026-02-01 12:50:13 - INFO - ✅ Property node detected
2026-02-01 12:50:13 - INFO - Sleeping for 4.13 seconds...
2026-02-01 12:50:17 - INFO - Processing property_id: N88462868
2026-02-01 12:50:17 - INFO - 🔤 Detected Alphanumeric ID N88462868 -> calling process
2026-02-01 12:50:18 - INFO - ✅ Fetched page successfully: 200
2026-02-01 12:50:18 - INFO - ✅ window.__initialData__ extracted successfully
2026-02-01 12:50:18 - INFO - ✅ Property node detected
2026-02-01 12:50:18 - INFO - Sleeping for 2.44 seconds...
2026-02-01 12:50:21 - INFO - Processing property_id: E84200850
2026-02-01 12:50:21 - INFO - 🔤 Detected Alphanumeric ID E84200850 -> calling process
2026-02-01 12:50:22 - INFO - ✅ Fetched page successfully: 200
2026-02-01 12:50:22 - INFO - ✅ window.__initialData__ extracted successfully
2026-02-01 12:50:22 - INFO - ✅ Property node detected
2026-02-01 12:50:22 - INFO - Sleeping for 2.32 seconds...
2026-02-01 12:50:25 - INFO - Processing property_id: W88368340
2026-02-01 12:50:25 - INFO - 🔤 Detected Alphanumeric ID W88368340 -> calling process
2026-02-01 12:50:26 - INFO - ✅ Fetched page successfully: 200
2026-02-01 12:50:27 - INFO - ✅ window.__initialData__ extracted successfully
2026-02-01 12:50:27 - INFO - ✅ Property node detected
2026-02-01 12:50:27 - INFO - Sleeping for 4.35 seconds...
2026-02-01 12:50:31 - INFO - Processing property_id: C85411932
2026-02-01 12:50:31 - INFO - 🔤 Detected Alphanumeric ID C85411932 -> calling process
2026-02-01 12:50:33 - INFO - ✅ Fetched page successfully: 200
2026-02-01 12:50:33 - INFO - ✅ window.__initialData__ extracted successfully
2026-02-01 12:50:33 - INFO - ✅ Property node detected
2026-02-01 12:50:33 - INFO - Sleeping for 3.47 seconds...
2026-02-01 12:50:36 - WARNING - 🛑 Rate limit hit (400 requests). Sleeping for 81s...
2026-02-01 12:50:47 - INFO - ▶️ Resuming operations.
2026-02-01 12:50:47 - INFO - Processing property_id: X87380188
2026-02-01 12:50:47 - INFO - 🔤 Detected Alphanumeric ID X87380188 -> calling process
2026-02-01 12:50:48 - INFO - ✅ Fetched page successfully: 200
2026-02-01 12:50:48 - INFO - ✅ window.__initialData__ extracted successfully
2026-02-01 12:50:48 - INFO - ✅ Property node detected
2026-02-01 12:50:48 - INFO - Sleeping for 3.77 seconds...
2026-02-01 12:50:52 - INFO - Processing property_id: S88384612
2026-02-01 12:50:52 - INFO - 🔤 Detected Alphanumeric ID S88384612 -> calling process
2026-02-01 12:50:54 - INFO - ✅ Fetched page successfully: 200
2026-02-01 12:50:54 - INFO - ✅ window.__initialData__ extracted successfully
2026-02-01 12:50:54 - INFO - ✅ Property node detected
2026-02-01 12:50:54 - INFO - Sleeping for 4.72 seconds...
2026-02-01 12:50:58 - INFO - Processing property_id: V88459374
2026-02-01 12:50:58 - INFO - 🔤 Detected Alphanumeric ID V88459374 -> calling process
2026-02-01 12:51:00 - INFO - ✅ Fetched page successfully: 200
2026-02-01 12:51:00 - INFO - ✅ window.__initialData__ extracted successfully
2026-02-01 12:51:00 - INFO - ✅ Property node detected
2026-02-01 12:51:00 - INFO - Sleeping for 4.63 seconds...
2026-02-01 12:51:05 - INFO - Processing property_id: W57526554
2026-02-01 12:51:05 - INFO - 🔤 Detected Alphanumeric ID W57526554 -> calling process
2026-02-01 12:51:06 - INFO - ✅ Fetched page successfully: 200
2026-02-01 12:51:06 - INFO - ✅ window.__initialData__ extracted successfully
2026-02-01 12:51:06 - INFO - ✅ Property node detected
2026-02-01 12:51:06 - INFO - Sleeping for 3.38 seconds...
2026-02-01 12:51:10 - INFO - Processing property_id: D88458808
2026-02-01 12:51:10 - INFO - 🔤 Detected Alphanumeric ID D88458808 -> calling process
2026-02-01 12:51:11 - INFO - ✅ Fetched page successfully: 200
2026-02-01 12:51:11 - INFO - ✅ window.__initialData__ extracted successfully
2026-02-01 12:51:11 - INFO - ✅ Property node detected
2026-02-01 12:51:11 - INFO - Sleeping for 3.62 seconds...
2026-02-01 12:51:15 - INFO - Processing property_id: V88458452
2026-02-01 12:51:15 - INFO - 🔤 Detected Alphanumeric ID V88458452 -> calling process
2026-02-01 12:51:16 - INFO - ✅ Fetched page successfully: 200
2026-02-01 12:51:16 - INFO - ✅ window.__initialData__ extracted successfully
2026-02-01 12:51:16 - INFO - ✅ Property node detected
2026-02-01 12:51:16 - INFO - Sleeping for 4.18 seconds...
2026-02-01 12:51:20 - INFO - Processing property_id: S76717357
2026-02-01 12:51:20 - INFO - 🔤 Detected Alphanumeric ID S76717357 -> calling process
2026-02-01 12:51:21 - INFO - ✅ Fetched page successfully: 200
2026-02-01 12:51:21 - INFO - ✅ window.__initialData__ extracted successfully
2026-02-01 12:51:21 - INFO - ✅ Property node detected
2026-02-01 12:51:21 - INFO - Sleeping for 4.10 seconds...
2026-02-01 12:51:26 - INFO - Processing property_id: C88456834
2026-02-01 12:51:26 - INFO - 🔤 Detected Alphanumeric ID C88456834 -> calling process
2026-02-01 12:51:27 - INFO - ✅ Fetched page successfully: 200
2026-02-01 12:51:27 - INFO - ✅ window.__initialData__ extracted successfully
2026-02-01 12:51:27 - INFO - ✅ Property node detected
2026-02-01 12:51:27 - INFO - Sleeping for 3.58 seconds...
2026-02-01 12:51:31 - INFO - Processing property_id: L88456748
2026-02-01 12:51:31 - INFO - 🔤 Detected Alphanumeric ID L88456748 -> calling process
2026-02-01 12:51:32 - INFO - ✅ Fetched page successfully: 200
2026-02-01 12:51:32 - INFO - ✅ window.__initialData__ extracted successfully
2026-02-01 12:51:32 - INFO - ✅ Property node detected
2026-02-01 12:51:32 - INFO - Sleeping for 2.74 seconds...
2026-02-01 12:51:35 - INFO - Processing property_id: M49312501
2026-02-01 12:51:35 - INFO - 🔤 Detected Alphanumeric ID M49312501 -> calling process
2026-02-01 12:51:36 - INFO - ✅ Fetched page successfully: 200
2026-02-01 12:51:36 - INFO - ✅ window.__initialData__ extracted successfully
2026-02-01 12:51:36 - INFO - ✅ Property node detected
2026-02-01 12:51:36 - INFO - Sleeping for 3.88 seconds...
2026-02-01 12:51:40 - WARNING - 🛑 Rate limit hit (410 requests). Sleeping for 65s...
2026-02-01 12:51:57 - INFO - ▶️ Resuming operations.
2026-02-01 12:51:57 - INFO - Processing property_id: Q88460682
2026-02-01 12:51:57 - INFO - 🔤 Detected Alphanumeric ID Q88460682 -> calling process
2026-02-01 12:51:58 - INFO - ✅ Fetched page successfully: 200
2026-02-01 12:51:59 - INFO - ✅ window.__initialData__ extracted successfully
2026-02-01 12:51:59 - INFO - ✅ Property node detected
2026-02-01 12:51:59 - INFO - Sleeping for 2.35 seconds...
2026-02-01 12:52:01 - INFO - Processing property_id: E88455352
2026-02-01 12:52:01 - INFO - 🔤 Detected Alphanumeric ID E88455352 -> calling process
2026-02-01 12:52:02 - INFO - ✅ Fetched page successfully: 200
2026-02-01 12:52:02 - INFO - ✅ window.__initialData__ extracted successfully
2026-02-01 12:52:02 - INFO - ✅ Property node detected
2026-02-01 12:52:02 - INFO - Sleeping for 4.48 seconds...
2026-02-01 12:52:07 - INFO - Processing property_id: J88454530
2026-02-01 12:52:07 - INFO - 🔤 Detected Alphanumeric ID J88454530 -> calling process
2026-02-01 12:52:08 - INFO - ✅ Fetched page successfully: 200
2026-02-01 12:52:08 - INFO - ✅ window.__initialData__ extracted successfully
2026-02-01 12:52:08 - INFO - ✅ Property node detected
2026-02-01 12:52:08 - INFO - Sleeping for 4.95 seconds...
2026-02-01 12:52:13 - INFO - Processing property_id: C88454258
2026-02-01 12:52:13 - INFO - 🔤 Detected Alphanumeric ID C88454258 -> calling process
2026-02-01 12:52:14 - INFO - ✅ Fetched page successfully: 200
2026-02-01 12:52:15 - INFO - ✅ window.__initialData__ extracted successfully
2026-02-01 12:52:15 - INFO - ✅ Property node detected
2026-02-01 12:52:15 - INFO - Sleeping for 4.24 seconds...
2026-02-01 12:52:19 - INFO - Processing property_id: T75569931
2026-02-01 12:52:19 - INFO - 🔤 Detected Alphanumeric ID T75569931 -> calling process
2026-02-01 12:52:20 - INFO - ✅ Fetched page successfully: 200
2026-02-01 12:52:20 - INFO - ✅ window.__initialData__ extracted successfully
2026-02-01 12:52:20 - INFO - ✅ Property node detected
2026-02-01 12:52:20 - INFO - Sleeping for 2.73 seconds...
2026-02-01 12:52:23 - INFO - Processing property_id: S88453246
2026-02-01 12:52:23 - INFO - 🔤 Detected Alphanumeric ID S88453246 -> calling process
2026-02-01 12:52:24 - INFO - ✅ Fetched page successfully: 200
2026-02-01 12:52:24 - INFO - ✅ window.__initialData__ extracted successfully
2026-02-01 12:52:24 - INFO - ✅ Property node detected
2026-02-01 12:52:24 - INFO - Sleeping for 3.68 seconds...
2026-02-01 12:52:28 - INFO - Processing property_id: X88452108
2026-02-01 12:52:28 - INFO - 🔤 Detected Alphanumeric ID X88452108 -> calling process
2026-02-01 12:52:29 - INFO - ✅ Fetched page successfully: 200
2026-02-01 12:52:29 - INFO - ✅ window.__initialData__ extracted successfully
2026-02-01 12:52:29 - INFO - ✅ Property node detected
2026-02-01 12:52:29 - INFO - Sleeping for 4.26 seconds...
2026-02-01 12:52:34 - INFO - Processing property_id: U46990413
2026-02-01 12:52:34 - INFO - 🔤 Detected Alphanumeric ID U46990413 -> calling process
2026-02-01 12:52:35 - INFO - ✅ Fetched page successfully: 200
2026-02-01 12:52:35 - INFO - ✅ window.__initialData__ extracted successfully
2026-02-01 12:52:35 - INFO - ✅ Property node detected
2026-02-01 12:52:35 - INFO - Sleeping for 3.77 seconds...
2026-02-01 12:52:39 - INFO - Processing property_id: V88390274
2026-02-01 12:52:39 - INFO - 🔤 Detected Alphanumeric ID V88390274 -> calling process
2026-02-01 12:52:40 - INFO - ✅ Fetched page successfully: 200
2026-02-01 12:52:40 - INFO - ✅ window.__initialData__ extracted successfully
2026-02-01 12:52:40 - INFO - ✅ Property node detected
2026-02-01 12:52:40 - INFO - Sleeping for 3.03 seconds...
2026-02-01 12:52:43 - INFO - Processing property_id: E88450556
2026-02-01 12:52:43 - INFO - 🔤 Detected Alphanumeric ID E88450556 -> calling process
2026-02-01 12:52:44 - INFO - ✅ Fetched page successfully: 200
2026-02-01 12:52:44 - INFO - ✅ window.__initialData__ extracted successfully
2026-02-01 12:52:44 - INFO - ✅ Property node detected
2026-02-01 12:52:44 - INFO - Sleeping for 2.33 seconds...
2026-02-01 12:52:45 - INFO - ▶️ Resuming operations.
2026-02-01 12:52:45 - INFO - Processing property_id: P88455406
2026-02-01 12:52:45 - INFO - 🔤 Detected Alphanumeric ID P88455406 -> calling process
2026-02-01 12:52:46 - WARNING - 🛑 Rate limit hit (420 requests). Sleeping for 94s...
2026-02-01 12:52:46 - INFO - ✅ Fetched page successfully: 200
2026-02-01 12:52:47 - INFO - ✅ window.__initialData__ extracted successfully
2026-02-01 12:52:47 - INFO - ✅ Property node detected
2026-02-01 12:52:47 - INFO - Sleeping for 3.93 seconds...
2026-02-01 12:52:50 - INFO - Processing property_id: O88448296
2026-02-01 12:52:50 - INFO - 🔤 Detected Alphanumeric ID O88448296 -> calling process
2026-02-01 12:52:53 - INFO - ✅ Fetched page successfully: 200
2026-02-01 12:52:53 - INFO - ✅ window.__initialData__ extracted successfully
2026-02-01 12:52:53 - INFO - ✅ Property node detected
2026-02-01 12:52:53 - INFO - Sleeping for 3.10 seconds...
2026-02-01 12:52:56 - INFO - Processing property_id: J88419136
2026-02-01 12:52:56 - INFO - 🔤 Detected Alphanumeric ID J88419136 -> calling process
2026-02-01 12:52:58 - INFO - ✅ Fetched page successfully: 200
2026-02-01 12:52:58 - INFO - ✅ window.__initialData__ extracted successfully
2026-02-01 12:52:58 - INFO - ✅ Property node detected
2026-02-01 12:52:58 - INFO - Sleeping for 4.97 seconds...
2026-02-01 12:53:03 - INFO - Processing property_id: J88419136
2026-02-01 12:53:03 - INFO - 🔤 Detected Alphanumeric ID J88419136 -> calling process
2026-02-01 12:53:04 - INFO - ✅ Fetched page successfully: 200
2026-02-01 12:53:04 - INFO - ✅ window.__initialData__ extracted successfully
2026-02-01 12:53:04 - INFO - ✅ Property node detected
2026-02-01 12:53:04 - INFO - Sleeping for 3.75 seconds...
2026-02-01 12:53:08 - INFO - Processing property_id: S88446738
2026-02-01 12:53:08 - INFO - 🔤 Detected Alphanumeric ID S88446738 -> calling process
2026-02-01 12:53:10 - INFO - ✅ Fetched page successfully: 200
2026-02-01 12:53:10 - INFO - ✅ window.__initialData__ extracted successfully
2026-02-01 12:53:10 - ERROR - ❌ Property data node not found in extracted JSON
2026-02-01 12:53:10 - INFO - Sleeping for 2.46 seconds...
2026-02-01 12:53:12 - INFO - Processing property_id: H55614682
2026-02-01 12:53:12 - INFO - 🔤 Detected Alphanumeric ID H55614682 -> calling process
2026-02-01 12:53:14 - INFO - ✅ Fetched page successfully: 200
2026-02-01 12:53:14 - INFO - ✅ window.__initialData__ extracted successfully
2026-02-01 12:53:14 - INFO - ✅ Property node detected
2026-02-01 12:53:14 - INFO - Sleeping for 4.00 seconds...
2026-02-01 12:53:18 - INFO - Processing property_id: N86917182
2026-02-01 12:53:18 - INFO - 🔤 Detected Alphanumeric ID N86917182 -> calling process
2026-02-01 12:53:19 - INFO - ✅ Fetched page successfully: 200
2026-02-01 12:53:19 - INFO - ✅ window.__initialData__ extracted successfully
2026-02-01 12:53:19 - INFO - ✅ Property node detected
2026-02-01 12:53:19 - INFO - Sleeping for 3.88 seconds...
2026-02-01 12:53:23 - INFO - Processing property_id: X88441772
2026-02-01 12:53:23 - INFO - 🔤 Detected Alphanumeric ID X88441772 -> calling process
2026-02-01 12:53:24 - INFO - ✅ Fetched page successfully: 200
2026-02-01 12:53:25 - INFO - ✅ window.__initialData__ extracted successfully
2026-02-01 12:53:25 - INFO - ✅ Property node detected
2026-02-01 12:53:25 - INFO - Sleeping for 3.70 seconds...
2026-02-01 12:53:28 - INFO - Processing property_id: R88403154
2026-02-01 12:53:28 - INFO - 🔤 Detected Alphanumeric ID R88403154 -> calling process
2026-02-01 12:53:29 - INFO - ✅ Fetched page successfully: 200
2026-02-01 12:53:29 - INFO - ✅ window.__initialData__ extracted successfully
2026-02-01 12:53:29 - INFO - ✅ Property node detected
2026-02-01 12:53:29 - INFO - Sleeping for 3.58 seconds...
2026-02-01 12:53:33 - INFO - Processing property_id: E88399708
2026-02-01 12:53:33 - INFO - 🔤 Detected Alphanumeric ID E88399708 -> calling process
2026-02-01 12:53:34 - INFO - ✅ Fetched page successfully: 200
2026-02-01 12:53:34 - INFO - ✅ window.__initialData__ extracted successfully
2026-02-01 12:53:34 - INFO - ✅ Property node detected
2026-02-01 12:53:34 - INFO - Sleeping for 3.66 seconds...
2026-02-01 12:53:38 - WARNING - 🛑 Rate limit hit (430 requests). Sleeping for 118s...
2026-02-01 12:54:20 - INFO - ▶️ Resuming operations.
2026-02-01 12:54:20 - INFO - Processing property_id: D88448400
2026-02-01 12:54:20 - INFO - 🔤 Detected Alphanumeric ID D88448400 -> calling process
2026-02-01 12:54:22 - INFO - ✅ Fetched page successfully: 200
2026-02-01 12:54:22 - INFO - ✅ window.__initialData__ extracted successfully
2026-02-01 12:54:22 - INFO - ✅ Property node detected
2026-02-01 12:54:22 - INFO - Sleeping for 3.70 seconds...
2026-02-01 12:54:25 - INFO - Processing property_id: Q87431604
2026-02-01 12:54:25 - INFO - 🔤 Detected Alphanumeric ID Q87431604 -> calling process
2026-02-01 12:54:28 - INFO - ✅ Fetched page successfully: 200
2026-02-01 12:54:28 - INFO - ✅ window.__initialData__ extracted successfully
2026-02-01 12:54:28 - INFO - ✅ Property node detected
2026-02-01 12:54:28 - INFO - Sleeping for 4.29 seconds...
2026-02-01 12:54:32 - INFO - Processing property_id: Y88394604
2026-02-01 12:54:32 - INFO - 🔤 Detected Alphanumeric ID Y88394604 -> calling process
2026-02-01 12:54:34 - INFO - ✅ Fetched page successfully: 200
2026-02-01 12:54:34 - INFO - ✅ window.__initialData__ extracted successfully
2026-02-01 12:54:34 - INFO - ✅ Property node detected
2026-02-01 12:54:34 - INFO - Sleeping for 2.11 seconds...
2026-02-01 12:54:36 - INFO - Processing property_id: F88435792
2026-02-01 12:54:36 - INFO - 🔤 Detected Alphanumeric ID F88435792 -> calling process
2026-02-01 12:54:37 - INFO - ✅ Fetched page successfully: 200
2026-02-01 12:54:37 - INFO - ✅ window.__initialData__ extracted successfully
2026-02-01 12:54:37 - INFO - ✅ Property node detected
2026-02-01 12:54:37 - INFO - Sleeping for 3.84 seconds...
2026-02-01 12:54:41 - INFO - Processing property_id: T88434742
2026-02-01 12:54:41 - INFO - 🔤 Detected Alphanumeric ID T88434742 -> calling process
2026-02-01 12:54:42 - INFO - ✅ Fetched page successfully: 200
2026-02-01 12:54:42 - INFO - ✅ window.__initialData__ extracted successfully
2026-02-01 12:54:42 - INFO - ✅ Property node detected
2026-02-01 12:54:42 - INFO - Sleeping for 4.07 seconds...
2026-02-01 12:54:46 - INFO - Processing property_id: E88345788
2026-02-01 12:54:46 - INFO - 🔤 Detected Alphanumeric ID E88345788 -> calling process
2026-02-01 12:54:47 - INFO - ✅ Fetched page successfully: 200
2026-02-01 12:54:48 - INFO - ✅ window.__initialData__ extracted successfully
2026-02-01 12:54:48 - INFO - ✅ Property node detected
2026-02-01 12:54:48 - INFO - Sleeping for 3.31 seconds...
2026-02-01 12:54:51 - INFO - Processing property_id: L88432526
2026-02-01 12:54:51 - INFO - 🔤 Detected Alphanumeric ID L88432526 -> calling process
2026-02-01 12:54:52 - INFO - ✅ Fetched page successfully: 200
2026-02-01 12:54:52 - INFO - ✅ window.__initialData__ extracted successfully
2026-02-01 12:54:52 - INFO - ✅ Property node detected
2026-02-01 12:54:52 - INFO - Sleeping for 2.81 seconds...
2026-02-01 12:54:55 - INFO - Processing property_id: I85402388
2026-02-01 12:54:55 - INFO - 🔤 Detected Alphanumeric ID I85402388 -> calling process
2026-02-01 12:54:56 - INFO - ✅ Fetched page successfully: 200
2026-02-01 12:54:56 - INFO - ✅ window.__initialData__ extracted successfully
2026-02-01 12:54:56 - INFO - ✅ Property node detected
2026-02-01 12:54:56 - INFO - Sleeping for 4.21 seconds...
2026-02-01 12:55:00 - INFO - Processing property_id: X81619685
2026-02-01 12:55:00 - INFO - 🔤 Detected Alphanumeric ID X81619685 -> calling process
2026-02-01 12:55:02 - INFO - ✅ Fetched page successfully: 200
2026-02-01 12:55:02 - INFO - ✅ window.__initialData__ extracted successfully
2026-02-01 12:55:02 - INFO - ✅ Property node detected
2026-02-01 12:55:02 - INFO - Sleeping for 4.33 seconds...
2026-02-01 12:55:06 - INFO - Processing property_id: F88431130
2026-02-01 12:55:06 - INFO - 🔤 Detected Alphanumeric ID F88431130 -> calling process
2026-02-01 12:55:08 - INFO - ✅ Fetched page successfully: 200
2026-02-01 12:55:09 - INFO - ✅ window.__initialData__ extracted successfully
2026-02-01 12:55:09 - INFO - ✅ Property node detected
2026-02-01 12:55:09 - INFO - Sleeping for 2.56 seconds...
2026-02-01 12:55:11 - WARNING - 🛑 Rate limit hit (440 requests). Sleeping for 108s...
2026-02-01 12:55:36 - INFO - ▶️ Resuming operations.
2026-02-01 12:55:36 - INFO - Processing property_id: P88391284
2026-02-01 12:55:36 - INFO - 🔤 Detected Alphanumeric ID P88391284 -> calling process
2026-02-01 12:55:38 - INFO - ✅ Fetched page successfully: 200
2026-02-01 12:55:38 - INFO - ✅ window.__initialData__ extracted successfully
2026-02-01 12:55:38 - INFO - ✅ Property node detected
2026-02-01 12:55:38 - INFO - Sleeping for 4.11 seconds...
2026-02-01 12:55:42 - INFO - Processing property_id: H88429306
2026-02-01 12:55:42 - INFO - 🔤 Detected Alphanumeric ID H88429306 -> calling process
2026-02-01 12:55:43 - INFO - ✅ Fetched page successfully: 200
2026-02-01 12:55:43 - INFO - ✅ window.__initialData__ extracted successfully
2026-02-01 12:55:43 - INFO - ✅ Property node detected
2026-02-01 12:55:43 - INFO - Sleeping for 3.74 seconds...
2026-02-01 12:55:47 - INFO - Processing property_id: P88400482
2026-02-01 12:55:47 - INFO - 🔤 Detected Alphanumeric ID P88400482 -> calling process
2026-02-01 12:55:48 - INFO - ✅ Fetched page successfully: 200
2026-02-01 12:55:48 - INFO - ✅ window.__initialData__ extracted successfully
2026-02-01 12:55:48 - INFO - ✅ Property node detected
2026-02-01 12:55:48 - INFO - Sleeping for 3.51 seconds...
2026-02-01 12:55:51 - INFO - Processing property_id: U88427508
2026-02-01 12:55:51 - INFO - 🔤 Detected Alphanumeric ID U88427508 -> calling process
2026-02-01 12:55:53 - INFO - ✅ Fetched page successfully: 200
2026-02-01 12:55:53 - INFO - ✅ window.__initialData__ extracted successfully
2026-02-01 12:55:53 - INFO - ✅ Property node detected
2026-02-01 12:55:53 - INFO - Sleeping for 4.67 seconds...
2026-02-01 12:55:57 - INFO - Processing property_id: B88426548
2026-02-01 12:55:57 - INFO - 🔤 Detected Alphanumeric ID B88426548 -> calling process
2026-02-01 12:55:59 - INFO - ✅ Fetched page successfully: 200
2026-02-01 12:55:59 - INFO - ✅ window.__initialData__ extracted successfully
2026-02-01 12:55:59 - INFO - ✅ Property node detected
2026-02-01 12:55:59 - INFO - Sleeping for 4.49 seconds...
2026-02-01 12:56:04 - INFO - Processing property_id: R88426130
2026-02-01 12:56:04 - INFO - 🔤 Detected Alphanumeric ID R88426130 -> calling process
2026-02-01 12:56:05 - INFO - ✅ Fetched page successfully: 200
2026-02-01 12:56:05 - INFO - ✅ window.__initialData__ extracted successfully
2026-02-01 12:56:05 - INFO - ✅ Property node detected
2026-02-01 12:56:05 - INFO - Sleeping for 3.75 seconds...
2026-02-01 12:56:09 - INFO - Processing property_id: Q88425994
2026-02-01 12:56:09 - INFO - 🔤 Detected Alphanumeric ID Q88425994 -> calling process
2026-02-01 12:56:10 - INFO - ✅ Fetched page successfully: 200
2026-02-01 12:56:10 - INFO - ✅ window.__initialData__ extracted successfully
2026-02-01 12:56:10 - INFO - ✅ Property node detected
2026-02-01 12:56:10 - INFO - Sleeping for 2.90 seconds...
2026-02-01 12:56:13 - INFO - Processing property_id: O88424398
2026-02-01 12:56:13 - INFO - 🔤 Detected Alphanumeric ID O88424398 -> calling process
2026-02-01 12:56:15 - INFO - ✅ Fetched page successfully: 200
2026-02-01 12:56:16 - INFO - ✅ window.__initialData__ extracted successfully
2026-02-01 12:56:16 - INFO - ✅ Property node detected
2026-02-01 12:56:16 - INFO - Sleeping for 3.81 seconds...
2026-02-01 12:56:19 - INFO - Processing property_id: I88422414
2026-02-01 12:56:19 - INFO - 🔤 Detected Alphanumeric ID I88422414 -> calling process
2026-02-01 12:56:21 - INFO - ✅ Fetched page successfully: 200
2026-02-01 12:56:21 - INFO - ✅ window.__initialData__ extracted successfully
2026-02-01 12:56:21 - INFO - ✅ Property node detected
2026-02-01 12:56:21 - INFO - Sleeping for 3.48 seconds...
2026-02-01 12:56:24 - INFO - Processing property_id: D83501022
2026-02-01 12:56:24 - INFO - 🔤 Detected Alphanumeric ID D83501022 -> calling process
2026-02-01 12:56:26 - INFO - ✅ Fetched page successfully: 200
2026-02-01 12:56:26 - INFO - ✅ window.__initialData__ extracted successfully
2026-02-01 12:56:26 - INFO - ✅ Property node detected
2026-02-01 12:56:26 - INFO - Sleeping for 4.42 seconds...
2026-02-01 12:56:30 - WARNING - 🛑 Rate limit hit (450 requests). Sleeping for 114s...
2026-02-01 12:56:59 - INFO - ▶️ Resuming operations.
2026-02-01 12:56:59 - INFO - Processing property_id: U88431008
2026-02-01 12:56:59 - INFO - 🔤 Detected Alphanumeric ID U88431008 -> calling process
2026-02-01 12:57:01 - INFO - ✅ Fetched page successfully: 200
2026-02-01 12:57:01 - INFO - ✅ window.__initialData__ extracted successfully
2026-02-01 12:57:01 - INFO - ✅ Property node detected
2026-02-01 12:57:01 - INFO - Sleeping for 2.99 seconds...
2026-02-01 12:57:04 - INFO - Processing property_id: F88161548
2026-02-01 12:57:04 - INFO - 🔤 Detected Alphanumeric ID F88161548 -> calling process
2026-02-01 12:57:05 - INFO - ✅ Fetched page successfully: 200
2026-02-01 12:57:05 - INFO - ✅ window.__initialData__ extracted successfully
2026-02-01 12:57:05 - INFO - ✅ Property node detected
2026-02-01 12:57:05 - INFO - Sleeping for 2.08 seconds...
2026-02-01 12:57:08 - INFO - Processing property_id: R88368132
2026-02-01 12:57:08 - INFO - 🔤 Detected Alphanumeric ID R88368132 -> calling process
2026-02-01 12:57:09 - INFO - ✅ Fetched page successfully: 200
2026-02-01 12:57:09 - INFO - ✅ window.__initialData__ extracted successfully
2026-02-01 12:57:09 - INFO - ✅ Property node detected
2026-02-01 12:57:09 - INFO - Sleeping for 2.30 seconds...
2026-02-01 12:57:12 - INFO - Processing property_id: X88339474
2026-02-01 12:57:12 - INFO - 🔤 Detected Alphanumeric ID X88339474 -> calling process
2026-02-01 12:57:13 - INFO - ✅ Fetched page successfully: 200
2026-02-01 12:57:13 - INFO - ✅ window.__initialData__ extracted successfully
2026-02-01 12:57:13 - INFO - ✅ Property node detected
2026-02-01 12:57:13 - INFO - Sleeping for 4.75 seconds...
2026-02-01 12:57:18 - INFO - Processing property_id: I88371320
2026-02-01 12:57:18 - INFO - 🔤 Detected Alphanumeric ID I88371320 -> calling process
2026-02-01 12:57:20 - INFO - ✅ Fetched page successfully: 200
2026-02-01 12:57:20 - INFO - ✅ window.__initialData__ extracted successfully
2026-02-01 12:57:20 - INFO - ✅ Property node detected
2026-02-01 12:57:20 - INFO - Sleeping for 3.82 seconds...
2026-02-01 12:57:23 - INFO - Processing property_id: X88336056
2026-02-01 12:57:23 - INFO - 🔤 Detected Alphanumeric ID X88336056 -> calling process
2026-02-01 12:57:25 - INFO - ✅ Fetched page successfully: 200
2026-02-01 12:57:25 - INFO - ✅ window.__initialData__ extracted successfully
2026-02-01 12:57:25 - INFO - ✅ Property node detected
2026-02-01 12:57:25 - INFO - Sleeping for 2.71 seconds...
2026-02-01 12:57:28 - INFO - Processing property_id: K88413746
2026-02-01 12:57:28 - INFO - 🔤 Detected Alphanumeric ID K88413746 -> calling process
2026-02-01 12:57:29 - INFO - ✅ Fetched page successfully: 200
2026-02-01 12:57:29 - INFO - ✅ window.__initialData__ extracted successfully
2026-02-01 12:57:29 - INFO - ✅ Property node detected
2026-02-01 12:57:29 - INFO - Sleeping for 4.44 seconds...
2026-02-01 12:57:33 - INFO - Processing property_id: B88413680
2026-02-01 12:57:33 - INFO - 🔤 Detected Alphanumeric ID B88413680 -> calling process
2026-02-01 12:57:35 - INFO - ✅ Fetched page successfully: 200
2026-02-01 12:57:35 - INFO - ✅ window.__initialData__ extracted successfully
2026-02-01 12:57:35 - INFO - ✅ Property node detected
2026-02-01 12:57:35 - INFO - Sleeping for 3.89 seconds...
2026-02-01 12:57:39 - INFO - Processing property_id: Q88413578
2026-02-01 12:57:39 - INFO - 🔤 Detected Alphanumeric ID Q88413578 -> calling process
2026-02-01 12:57:40 - INFO - ✅ Fetched page successfully: 200
2026-02-01 12:57:40 - INFO - ✅ window.__initialData__ extracted successfully
2026-02-01 12:57:40 - INFO - ✅ Property node detected
2026-02-01 12:57:40 - INFO - Sleeping for 2.15 seconds...
2026-02-01 12:57:42 - INFO - Processing property_id: F88413312
2026-02-01 12:57:42 - INFO - 🔤 Detected Alphanumeric ID F88413312 -> calling process
2026-02-01 12:57:43 - INFO - ✅ Fetched page successfully: 200
2026-02-01 12:57:43 - INFO - ✅ window.__initialData__ extracted successfully
2026-02-01 12:57:43 - INFO - ✅ Property node detected
2026-02-01 12:57:43 - INFO - Sleeping for 4.11 seconds...
2026-02-01 12:57:47 - WARNING - 🛑 Rate limit hit (460 requests). Sleeping for 76s...
2026-02-01 12:58:24 - INFO - ▶️ Resuming operations.
2026-02-01 12:58:24 - INFO - Processing property_id: G88419220
2026-02-01 12:58:24 - INFO - 🔤 Detected Alphanumeric ID G88419220 -> calling process
2026-02-01 12:58:26 - INFO - ✅ Fetched page successfully: 200
2026-02-01 12:58:26 - INFO - ✅ window.__initialData__ extracted successfully
2026-02-01 12:58:26 - INFO - ✅ Property node detected
2026-02-01 12:58:26 - INFO - Sleeping for 3.83 seconds...
2026-02-01 12:58:29 - INFO - Processing property_id: S88410100
2026-02-01 12:58:29 - INFO - 🔤 Detected Alphanumeric ID S88410100 -> calling process
2026-02-01 12:58:31 - INFO - ✅ Fetched page successfully: 200
2026-02-01 12:58:31 - INFO - ✅ window.__initialData__ extracted successfully
2026-02-01 12:58:31 - INFO - ✅ Property node detected
2026-02-01 12:58:31 - INFO - Sleeping for 4.25 seconds...
2026-02-01 12:58:35 - INFO - Processing property_id: C88408474
2026-02-01 12:58:35 - INFO - 🔤 Detected Alphanumeric ID C88408474 -> calling process
2026-02-01 12:58:37 - INFO - ✅ Fetched page successfully: 200
2026-02-01 12:58:37 - INFO - ✅ window.__initialData__ extracted successfully
2026-02-01 12:58:37 - INFO - ✅ Property node detected
2026-02-01 12:58:37 - INFO - Sleeping for 3.00 seconds...
2026-02-01 12:58:40 - INFO - Processing property_id: T88408016
2026-02-01 12:58:40 - INFO - 🔤 Detected Alphanumeric ID T88408016 -> calling process
2026-02-01 12:58:42 - INFO - ✅ Fetched page successfully: 200
2026-02-01 12:58:42 - INFO - ✅ window.__initialData__ extracted successfully
2026-02-01 12:58:42 - INFO - ✅ Property node detected
2026-02-01 12:58:42 - INFO - Sleeping for 4.54 seconds...
2026-02-01 12:58:46 - INFO - Processing property_id: J88406852
2026-02-01 12:58:46 - INFO - 🔤 Detected Alphanumeric ID J88406852 -> calling process
2026-02-01 12:58:48 - INFO - ✅ Fetched page successfully: 200
2026-02-01 12:58:48 - INFO - ✅ window.__initialData__ extracted successfully
2026-02-01 12:58:48 - INFO - ✅ Property node detected
2026-02-01 12:58:48 - INFO - Sleeping for 2.41 seconds...
2026-02-01 12:58:50 - INFO - Processing property_id: X88403060
2026-02-01 12:58:50 - INFO - 🔤 Detected Alphanumeric ID X88403060 -> calling process
2026-02-01 12:58:52 - INFO - ✅ Fetched page successfully: 200
2026-02-01 12:58:52 - INFO - ✅ window.__initialData__ extracted successfully
2026-02-01 12:58:52 - INFO - ✅ Property node detected
2026-02-01 12:58:52 - INFO - Sleeping for 2.55 seconds...
2026-02-01 12:58:55 - INFO - Processing property_id: N88401962
2026-02-01 12:58:55 - INFO - 🔤 Detected Alphanumeric ID N88401962 -> calling process
2026-02-01 12:58:56 - INFO - ✅ Fetched page successfully: 200
2026-02-01 12:58:56 - INFO - ✅ window.__initialData__ extracted successfully
2026-02-01 12:58:56 - INFO - ✅ Property node detected
2026-02-01 12:58:56 - INFO - Sleeping for 4.50 seconds...
2026-02-01 12:59:01 - INFO - Processing property_id: Q88401530
2026-02-01 12:59:01 - INFO - 🔤 Detected Alphanumeric ID Q88401530 -> calling process
2026-02-01 12:59:02 - INFO - ✅ Fetched page successfully: 200
2026-02-01 12:59:02 - INFO - ✅ window.__initialData__ extracted successfully
2026-02-01 12:59:02 - INFO - ✅ Property node detected
2026-02-01 12:59:02 - INFO - Sleeping for 2.31 seconds...
2026-02-01 12:59:03 - INFO - ▶️ Resuming operations.
2026-02-01 12:59:03 - INFO - Processing property_id: J88317432
2026-02-01 12:59:03 - INFO - 🔤 Detected Alphanumeric ID J88317432 -> calling process
2026-02-01 12:59:05 - INFO - Processing property_id: K88399874
2026-02-01 12:59:05 - INFO - 🔤 Detected Alphanumeric ID K88399874 -> calling process
2026-02-01 12:59:05 - INFO - ✅ Fetched page successfully: 200
2026-02-01 12:59:05 - INFO - ✅ window.__initialData__ extracted successfully
2026-02-01 12:59:05 - INFO - ✅ Property node detected
2026-02-01 12:59:05 - INFO - Sleeping for 4.66 seconds...
2026-02-01 12:59:07 - INFO - ✅ Fetched page successfully: 200
2026-02-01 12:59:07 - INFO - ✅ window.__initialData__ extracted successfully
2026-02-01 12:59:07 - INFO - ✅ Property node detected
2026-02-01 12:59:07 - INFO - Sleeping for 3.58 seconds...
2026-02-01 12:59:10 - INFO - Processing property_id: K88399678
2026-02-01 12:59:10 - INFO - 🔤 Detected Alphanumeric ID K88399678 -> calling process
2026-02-01 12:59:11 - WARNING - 🛑 Rate limit hit (470 requests). Sleeping for 118s...
2026-02-01 12:59:11 - INFO - ✅ Fetched page successfully: 200
2026-02-01 12:59:12 - INFO - ✅ window.__initialData__ extracted successfully
2026-02-01 12:59:12 - INFO - ✅ Property node detected
2026-02-01 12:59:12 - INFO - Sleeping for 3.79 seconds...
2026-02-01 12:59:15 - INFO - Processing property_id: K88399612
2026-02-01 12:59:15 - INFO - 🔤 Detected Alphanumeric ID K88399612 -> calling process
2026-02-01 12:59:17 - INFO - ✅ Fetched page successfully: 200
2026-02-01 12:59:17 - INFO - ✅ window.__initialData__ extracted successfully
2026-02-01 12:59:17 - INFO - ✅ Property node detected
2026-02-01 12:59:17 - INFO - Sleeping for 4.18 seconds...
2026-02-01 12:59:21 - INFO - Processing property_id: M88398712
2026-02-01 12:59:21 - INFO - 🔤 Detected Alphanumeric ID M88398712 -> calling process
2026-02-01 12:59:23 - INFO - ✅ Fetched page successfully: 200
2026-02-01 12:59:23 - INFO - ✅ window.__initialData__ extracted successfully
2026-02-01 12:59:23 - INFO - ✅ Property node detected
2026-02-01 12:59:23 - INFO - Sleeping for 2.72 seconds...
2026-02-01 12:59:25 - INFO - Processing property_id: Y88397302
2026-02-01 12:59:25 - INFO - 🔤 Detected Alphanumeric ID Y88397302 -> calling process
2026-02-01 12:59:28 - INFO - ✅ Fetched page successfully: 200
2026-02-01 12:59:28 - INFO - ✅ window.__initialData__ extracted successfully
2026-02-01 12:59:28 - INFO - ✅ Property node detected
2026-02-01 12:59:28 - INFO - Sleeping for 2.15 seconds...
2026-02-01 12:59:30 - INFO - Processing property_id: P88396844
2026-02-01 12:59:30 - INFO - 🔤 Detected Alphanumeric ID P88396844 -> calling process
2026-02-01 12:59:32 - INFO - ✅ Fetched page successfully: 200
2026-02-01 12:59:32 - INFO - ✅ window.__initialData__ extracted successfully
2026-02-01 12:59:32 - INFO - ✅ Property node detected
2026-02-01 12:59:32 - INFO - Sleeping for 2.46 seconds...
2026-02-01 12:59:34 - INFO - Processing property_id: G77912587
2026-02-01 12:59:34 - INFO - 🔤 Detected Alphanumeric ID G77912587 -> calling process
2026-02-01 12:59:36 - INFO - ✅ Fetched page successfully: 200
2026-02-01 12:59:36 - INFO - ✅ window.__initialData__ extracted successfully
2026-02-01 12:59:36 - INFO - ✅ Property node detected
2026-02-01 12:59:36 - INFO - Sleeping for 3.33 seconds...
2026-02-01 12:59:39 - INFO - Processing property_id: J85580274
2026-02-01 12:59:39 - INFO - 🔤 Detected Alphanumeric ID J85580274 -> calling process
2026-02-01 12:59:40 - INFO - ✅ Fetched page successfully: 200
2026-02-01 12:59:40 - INFO - ✅ window.__initialData__ extracted successfully
2026-02-01 12:59:40 - INFO - ✅ Property node detected
2026-02-01 12:59:40 - INFO - Sleeping for 3.82 seconds...
2026-02-01 12:59:44 - INFO - Processing property_id: V87681828
2026-02-01 12:59:44 - INFO - 🔤 Detected Alphanumeric ID V87681828 -> calling process
2026-02-01 12:59:46 - INFO - ✅ Fetched page successfully: 200
2026-02-01 12:59:46 - INFO - ✅ window.__initialData__ extracted successfully
2026-02-01 12:59:46 - INFO - ✅ Property node detected
2026-02-01 12:59:46 - INFO - Sleeping for 3.77 seconds...
2026-02-01 12:59:50 - INFO - Processing property_id: N88393576
2026-02-01 12:59:50 - INFO - 🔤 Detected Alphanumeric ID N88393576 -> calling process
2026-02-01 12:59:53 - INFO - ✅ Fetched page successfully: 200
2026-02-01 12:59:53 - INFO - ✅ window.__initialData__ extracted successfully
2026-02-01 12:59:53 - ERROR - ❌ Property data node not found in extracted JSON
2026-02-01 12:59:53 - INFO - Sleeping for 2.30 seconds...
2026-02-01 12:59:55 - INFO - Processing property_id: S88392748
2026-02-01 12:59:55 - INFO - 🔤 Detected Alphanumeric ID S88392748 -> calling process
2026-02-01 12:59:57 - INFO - ✅ Fetched page successfully: 200
2026-02-01 12:59:57 - INFO - ✅ window.__initialData__ extracted successfully
2026-02-01 12:59:57 - INFO - ✅ Property node detected
2026-02-01 12:59:57 - INFO - Sleeping for 2.61 seconds...
2026-02-01 13:00:00 - WARNING - 🛑 Rate limit hit (480 requests). Sleeping for 63s...
2026-02-01 13:01:03 - INFO - ▶️ Resuming operations.
2026-02-01 13:01:03 - INFO - Processing property_id: C88086460
2026-02-01 13:01:03 - INFO - 🔤 Detected Alphanumeric ID C88086460 -> calling process
2026-02-01 13:01:05 - INFO - ✅ Fetched page successfully: 200
2026-02-01 13:01:05 - INFO - ✅ window.__initialData__ extracted successfully
2026-02-01 13:01:05 - INFO - ✅ Property node detected
2026-02-01 13:01:05 - INFO - Sleeping for 4.95 seconds...
2026-02-01 13:01:09 - INFO - ▶️ Resuming operations.
2026-02-01 13:01:09 - INFO - Processing property_id: Y88399640
2026-02-01 13:01:09 - INFO - 🔤 Detected Alphanumeric ID Y88399640 -> calling process
2026-02-01 13:01:10 - INFO - Processing property_id: Z88390378
2026-02-01 13:01:10 - INFO - 🔤 Detected Alphanumeric ID Z88390378 -> calling process
2026-02-01 13:01:11 - INFO - ✅ Fetched page successfully: 200
2026-02-01 13:01:11 - INFO - ✅ window.__initialData__ extracted successfully
2026-02-01 13:01:11 - INFO - ✅ Property node detected
2026-02-01 13:01:11 - INFO - Sleeping for 4.46 seconds...
2026-02-01 13:01:11 - INFO - ✅ Fetched page successfully: 200
2026-02-01 13:01:11 - INFO - ✅ window.__initialData__ extracted successfully
2026-02-01 13:01:11 - INFO - ✅ Property node detected
2026-02-01 13:01:11 - INFO - Sleeping for 3.77 seconds...
2026-02-01 13:01:15 - INFO - Processing property_id: G88331054
2026-02-01 13:01:15 - INFO - 🔤 Detected Alphanumeric ID G88331054 -> calling process
2026-02-01 13:01:15 - INFO - Processing property_id: J88389340
2026-02-01 13:01:15 - INFO - 🔤 Detected Alphanumeric ID J88389340 -> calling process
2026-02-01 13:01:17 - INFO - ✅ Fetched page successfully: 200
2026-02-01 13:01:17 - INFO - ✅ window.__initialData__ extracted successfully
2026-02-01 13:01:17 - INFO - ✅ Property node detected
2026-02-01 13:01:17 - INFO - Sleeping for 3.51 seconds...
2026-02-01 13:01:17 - INFO - ✅ Fetched page successfully: 200
2026-02-01 13:01:17 - INFO - ✅ window.__initialData__ extracted successfully
2026-02-01 13:01:17 - INFO - ✅ Property node detected
2026-02-01 13:01:17 - INFO - Sleeping for 4.02 seconds...
2026-02-01 13:01:20 - INFO - Processing property_id: Z88259746
2026-02-01 13:01:20 - INFO - 🔤 Detected Alphanumeric ID Z88259746 -> calling process
2026-02-01 13:01:21 - INFO - Processing property_id: T88389048
2026-02-01 13:01:21 - INFO - 🔤 Detected Alphanumeric ID T88389048 -> calling process
2026-02-01 13:01:22 - INFO - ✅ Fetched page successfully: 200
2026-02-01 13:01:22 - INFO - ✅ window.__initialData__ extracted successfully
2026-02-01 13:01:22 - INFO - ✅ Property node detected
2026-02-01 13:01:22 - INFO - Sleeping for 4.73 seconds...
2026-02-01 13:01:23 - INFO - ✅ Fetched page successfully: 200
2026-02-01 13:01:23 - INFO - ✅ window.__initialData__ extracted successfully
2026-02-01 13:01:23 - INFO - ✅ Property node detected
2026-02-01 13:01:23 - INFO - Sleeping for 4.82 seconds...
2026-02-01 13:01:27 - INFO - Processing property_id: B88387046
2026-02-01 13:01:27 - INFO - 🔤 Detected Alphanumeric ID B88387046 -> calling process
2026-02-01 13:01:28 - INFO - Processing property_id: Q88121142
2026-02-01 13:01:28 - INFO - 🔤 Detected Alphanumeric ID Q88121142 -> calling process
2026-02-01 13:01:28 - INFO - ✅ Fetched page successfully: 200
2026-02-01 13:01:28 - INFO - ✅ window.__initialData__ extracted successfully
2026-02-01 13:01:28 - INFO - ✅ Property node detected
2026-02-01 13:01:28 - INFO - Sleeping for 3.59 seconds...
2026-02-01 13:01:30 - INFO - ✅ Fetched page successfully: 200
2026-02-01 13:01:30 - INFO - ✅ window.__initialData__ extracted successfully
2026-02-01 13:01:30 - INFO - ✅ Property node detected
2026-02-01 13:01:30 - INFO - Sleeping for 4.84 seconds...
2026-02-01 13:01:32 - INFO - Processing property_id: F88168830
2026-02-01 13:01:32 - INFO - 🔤 Detected Alphanumeric ID F88168830 -> calling process
2026-02-01 13:01:33 - INFO - ✅ Fetched page successfully: 200
2026-02-01 13:01:33 - INFO - ✅ window.__initialData__ extracted successfully
2026-02-01 13:01:33 - INFO - ✅ Property node detected
2026-02-01 13:01:33 - INFO - Sleeping for 4.95 seconds...
2026-02-01 13:01:34 - INFO - Processing property_id: A88339196
2026-02-01 13:01:34 - INFO - 🔤 Detected Alphanumeric ID A88339196 -> calling process
2026-02-01 13:01:36 - INFO - ✅ Fetched page successfully: 200
2026-02-01 13:01:36 - INFO - ✅ window.__initialData__ extracted successfully
2026-02-01 13:01:36 - INFO - ✅ Property node detected
2026-02-01 13:01:36 - INFO - Sleeping for 4.55 seconds...
2026-02-01 13:01:38 - WARNING - 🛑 Rate limit hit (490 requests). Sleeping for 64s...
2026-02-01 13:01:41 - INFO - Processing property_id: G88314972
2026-02-01 13:01:41 - INFO - 🔤 Detected Alphanumeric ID G88314972 -> calling process
2026-02-01 13:01:42 - INFO - ✅ Fetched page successfully: 200
2026-02-01 13:01:42 - INFO - ✅ window.__initialData__ extracted successfully
2026-02-01 13:01:42 - INFO - ✅ Property node detected
2026-02-01 13:01:42 - INFO - Sleeping for 4.22 seconds...
2026-02-01 13:01:46 - INFO - Processing property_id: C88382160
2026-02-01 13:01:46 - INFO - 🔤 Detected Alphanumeric ID C88382160 -> calling process
2026-02-01 13:01:48 - INFO - ✅ Fetched page successfully: 200
2026-02-01 13:01:48 - INFO - ✅ window.__initialData__ extracted successfully
2026-02-01 13:01:48 - INFO - ✅ Property node detected
2026-02-01 13:01:48 - INFO - Sleeping for 2.03 seconds...
2026-02-01 13:01:50 - INFO - Processing property_id: B63309674
2026-02-01 13:01:50 - INFO - 🔤 Detected Alphanumeric ID B63309674 -> calling process
2026-02-01 13:01:52 - INFO - ✅ Fetched page successfully: 200
2026-02-01 13:01:52 - INFO - ✅ window.__initialData__ extracted successfully
2026-02-01 13:01:52 - INFO - ✅ Property node detected
2026-02-01 13:01:52 - INFO - Sleeping for 3.86 seconds...
2026-02-01 13:01:56 - INFO - Processing property_id: T88381014
2026-02-01 13:01:56 - INFO - 🔤 Detected Alphanumeric ID T88381014 -> calling process
2026-02-01 13:01:58 - INFO - ✅ Fetched page successfully: 200
2026-02-01 13:01:58 - INFO - ✅ window.__initialData__ extracted successfully
2026-02-01 13:01:58 - INFO - ✅ Property node detected
2026-02-01 13:01:58 - INFO - Sleeping for 2.44 seconds...
2026-02-01 13:02:00 - INFO - Processing property_id: Q88379072
2026-02-01 13:02:00 - INFO - 🔤 Detected Alphanumeric ID Q88379072 -> calling process
2026-02-01 13:02:02 - INFO - ✅ Fetched page successfully: 200
2026-02-01 13:02:02 - INFO - ✅ window.__initialData__ extracted successfully
2026-02-01 13:02:02 - INFO - ✅ Property node detected
2026-02-01 13:02:02 - INFO - Sleeping for 3.04 seconds...
2026-02-01 13:02:05 - INFO - Processing property_id: P88228138
2026-02-01 13:02:05 - INFO - 🔤 Detected Alphanumeric ID P88228138 -> calling process
2026-02-01 13:02:07 - INFO - ✅ Fetched page successfully: 200
2026-02-01 13:02:07 - INFO - ✅ window.__initialData__ extracted successfully
2026-02-01 13:02:07 - INFO - ✅ Property node detected
2026-02-01 13:02:07 - INFO - Sleeping for 2.91 seconds...
2026-02-01 13:02:10 - INFO - Processing property_id: I88377062
2026-02-01 13:02:10 - INFO - 🔤 Detected Alphanumeric ID I88377062 -> calling process
2026-02-01 13:02:11 - INFO - ✅ Fetched page successfully: 200
2026-02-01 13:02:11 - INFO - ✅ window.__initialData__ extracted successfully
2026-02-01 13:02:11 - INFO - ✅ Property node detected
2026-02-01 13:02:11 - INFO - Sleeping for 4.01 seconds...
2026-02-01 13:02:15 - INFO - Processing property_id: I88377062
2026-02-01 13:02:15 - INFO - 🔤 Detected Alphanumeric ID I88377062 -> calling process
2026-02-01 13:02:16 - INFO - ✅ Fetched page successfully: 200
2026-02-01 13:02:16 - INFO - ✅ window.__initialData__ extracted successfully
2026-02-01 13:02:16 - INFO - ✅ Property node detected
2026-02-01 13:02:16 - INFO - Sleeping for 2.28 seconds...
2026-02-01 13:02:19 - INFO - Processing property_id: Y88030150
2026-02-01 13:02:19 - INFO - 🔤 Detected Alphanumeric ID Y88030150 -> calling process
2026-02-01 13:02:20 - INFO - ✅ Fetched page successfully: 200
2026-02-01 13:02:20 - INFO - ✅ window.__initialData__ extracted successfully
2026-02-01 13:02:20 - INFO - ✅ Property node detected
2026-02-01 13:02:20 - INFO - Sleeping for 3.29 seconds...
2026-02-01 13:02:24 - WARNING - 🛑 Rate limit hit (500 requests). Sleeping for 64s...
2026-02-01 13:02:42 - INFO - ▶️ Resuming operations.
2026-02-01 13:02:42 - INFO - Processing property_id: L85580344
2026-02-01 13:02:42 - INFO - 🔤 Detected Alphanumeric ID L85580344 -> calling process
2026-02-01 13:02:43 - INFO - ✅ Fetched page successfully: 200
2026-02-01 13:02:44 - INFO - ✅ window.__initialData__ extracted successfully
2026-02-01 13:02:44 - INFO - ✅ Property node detected
2026-02-01 13:02:44 - INFO - Sleeping for 4.17 seconds...
2026-02-01 13:02:48 - INFO - Processing property_id: N88374838
2026-02-01 13:02:48 - INFO - 🔤 Detected Alphanumeric ID N88374838 -> calling process
2026-02-01 13:02:49 - INFO - ✅ Fetched page successfully: 200
2026-02-01 13:02:49 - INFO - ✅ window.__initialData__ extracted successfully
2026-02-01 13:02:49 - INFO - ✅ Property node detected
2026-02-01 13:02:49 - INFO - Sleeping for 4.57 seconds...
2026-02-01 13:02:54 - INFO - Processing property_id: S88372192
2026-02-01 13:02:54 - INFO - 🔤 Detected Alphanumeric ID S88372192 -> calling process
2026-02-01 13:02:55 - INFO - ✅ Fetched page successfully: 200
2026-02-01 13:02:55 - INFO - ✅ window.__initialData__ extracted successfully
2026-02-01 13:02:55 - INFO - ✅ Property node detected
2026-02-01 13:02:56 - INFO - Sleeping for 4.60 seconds...
2026-02-01 13:03:00 - INFO - Processing property_id: A88371828
2026-02-01 13:03:00 - INFO - 🔤 Detected Alphanumeric ID A88371828 -> calling process
2026-02-01 13:03:02 - INFO - ✅ Fetched page successfully: 200
2026-02-01 13:03:02 - INFO - ✅ window.__initialData__ extracted successfully
2026-02-01 13:03:02 - INFO - ✅ Property node detected
2026-02-01 13:03:02 - INFO - Sleeping for 2.70 seconds...
2026-02-01 13:03:04 - INFO - Processing property_id: A88371806
2026-02-01 13:03:04 - INFO - 🔤 Detected Alphanumeric ID A88371806 -> calling process
2026-02-01 13:03:06 - INFO - ✅ Fetched page successfully: 200
2026-02-01 13:03:06 - INFO - ✅ window.__initialData__ extracted successfully
2026-02-01 13:03:06 - INFO - ✅ Property node detected
2026-02-01 13:03:06 - INFO - Sleeping for 3.85 seconds...
2026-02-01 13:03:10 - INFO - Processing property_id: F77329401
2026-02-01 13:03:10 - INFO - 🔤 Detected Alphanumeric ID F77329401 -> calling process
2026-02-01 13:03:12 - INFO - ✅ Fetched page successfully: 200
2026-02-01 13:03:12 - INFO - ✅ window.__initialData__ extracted successfully
2026-02-01 13:03:12 - INFO - ✅ Property node detected
2026-02-01 13:03:12 - INFO - Sleeping for 3.19 seconds...
2026-02-01 13:03:15 - INFO - Processing property_id: N77202869
2026-02-01 13:03:15 - INFO - 🔤 Detected Alphanumeric ID N77202869 -> calling process
2026-02-01 13:03:16 - INFO - ✅ Fetched page successfully: 200
2026-02-01 13:03:16 - INFO - ✅ window.__initialData__ extracted successfully
2026-02-01 13:03:16 - INFO - ✅ Property node detected
2026-02-01 13:03:16 - INFO - Sleeping for 4.74 seconds...
2026-02-01 13:03:21 - INFO - Processing property_id: P88369682
2026-02-01 13:03:21 - INFO - 🔤 Detected Alphanumeric ID P88369682 -> calling process
2026-02-01 13:03:22 - INFO - ✅ Fetched page successfully: 200
2026-02-01 13:03:22 - INFO - ✅ window.__initialData__ extracted successfully
2026-02-01 13:03:22 - INFO - ✅ Property node detected
2026-02-01 13:03:22 - INFO - Sleeping for 2.19 seconds...
2026-02-01 13:03:25 - INFO - Processing property_id: E88369590
2026-02-01 13:03:25 - INFO - 🔤 Detected Alphanumeric ID E88369590 -> calling process
2026-02-01 13:03:26 - INFO - ✅ Fetched page successfully: 200
2026-02-01 13:03:26 - INFO - ✅ window.__initialData__ extracted successfully
2026-02-01 13:03:26 - INFO - ✅ Property node detected
2026-02-01 13:03:26 - INFO - Sleeping for 3.87 seconds...
2026-02-01 13:03:28 - INFO - ▶️ Resuming operations.
2026-02-01 13:03:28 - INFO - Processing property_id: D88374876
2026-02-01 13:03:28 - INFO - 🔤 Detected Alphanumeric ID D88374876 -> calling process
2026-02-01 13:03:29 - INFO - ✅ Fetched page successfully: 200
2026-02-01 13:03:30 - INFO - ✅ window.__initialData__ extracted successfully
2026-02-01 13:03:30 - INFO - ✅ Property node detected
2026-02-01 13:03:30 - INFO - Sleeping for 4.81 seconds...
2026-02-01 13:03:30 - INFO - Processing property_id: G88369546
2026-02-01 13:03:30 - INFO - 🔤 Detected Alphanumeric ID G88369546 -> calling process
2026-02-01 13:03:32 - INFO - ✅ Fetched page successfully: 200
2026-02-01 13:03:32 - INFO - ✅ window.__initialData__ extracted successfully
2026-02-01 13:03:32 - INFO - ✅ Property node detected
2026-02-01 13:03:32 - INFO - Sleeping for 3.47 seconds...
2026-02-01 13:03:34 - WARNING - 🛑 Rate limit hit (510 requests). Sleeping for 69s...
2026-02-01 13:03:35 - INFO - Processing property_id: C72569988
2026-02-01 13:03:35 - INFO - 🔤 Detected Alphanumeric ID C72569988 -> calling process
2026-02-01 13:03:38 - INFO - ✅ Fetched page successfully: 200
2026-02-01 13:03:38 - INFO - ✅ window.__initialData__ extracted successfully
2026-02-01 13:03:38 - INFO - ✅ Property node detected
2026-02-01 13:03:38 - INFO - Sleeping for 4.39 seconds...
2026-02-01 13:03:42 - INFO - Processing property_id: M88367068
2026-02-01 13:03:42 - INFO - 🔤 Detected Alphanumeric ID M88367068 -> calling process
2026-02-01 13:03:43 - INFO - ✅ Fetched page successfully: 200
2026-02-01 13:03:44 - INFO - ✅ window.__initialData__ extracted successfully
2026-02-01 13:03:44 - INFO - ✅ Property node detected
2026-02-01 13:03:44 - INFO - Sleeping for 2.90 seconds...
2026-02-01 13:03:46 - INFO - Processing property_id: M88256902
2026-02-01 13:03:46 - INFO - 🔤 Detected Alphanumeric ID M88256902 -> calling process
2026-02-01 13:03:49 - INFO - ✅ Fetched page successfully: 200
2026-02-01 13:03:49 - INFO - ✅ window.__initialData__ extracted successfully
2026-02-01 13:03:49 - INFO - ✅ Property node detected
2026-02-01 13:03:49 - INFO - Sleeping for 4.78 seconds...
2026-02-01 13:03:54 - INFO - Processing property_id: J88365378
2026-02-01 13:03:54 - INFO - 🔤 Detected Alphanumeric ID J88365378 -> calling process
2026-02-01 13:03:55 - INFO - ✅ Fetched page successfully: 200
2026-02-01 13:03:55 - INFO - ✅ window.__initialData__ extracted successfully
2026-02-01 13:03:55 - INFO - ✅ Property node detected
2026-02-01 13:03:55 - INFO - Sleeping for 4.25 seconds...
2026-02-01 13:03:59 - INFO - Processing property_id: D62225038
2026-02-01 13:03:59 - INFO - 🔤 Detected Alphanumeric ID D62225038 -> calling process
2026-02-01 13:04:01 - INFO - ✅ Fetched page successfully: 200
2026-02-01 13:04:01 - INFO - ✅ window.__initialData__ extracted successfully
2026-02-01 13:04:01 - INFO - ✅ Property node detected
2026-02-01 13:04:01 - INFO - Sleeping for 4.91 seconds...
2026-02-01 13:04:06 - INFO - Processing property_id: G88364888
2026-02-01 13:04:06 - INFO - 🔤 Detected Alphanumeric ID G88364888 -> calling process
2026-02-01 13:04:07 - INFO - ✅ Fetched page successfully: 200
2026-02-01 13:04:07 - INFO - ✅ window.__initialData__ extracted successfully
2026-02-01 13:04:07 - INFO - ✅ Property node detected
2026-02-01 13:04:07 - INFO - Sleeping for 2.75 seconds...
2026-02-01 13:04:10 - INFO - Processing property_id: E88364834
2026-02-01 13:04:10 - INFO - 🔤 Detected Alphanumeric ID E88364834 -> calling process
2026-02-01 13:04:11 - INFO - ✅ Fetched page successfully: 200
2026-02-01 13:04:11 - INFO - ✅ window.__initialData__ extracted successfully
2026-02-01 13:04:11 - INFO - ✅ Property node detected
2026-02-01 13:04:11 - INFO - Sleeping for 4.79 seconds...
2026-02-01 13:04:16 - INFO - Processing property_id: R87953704
2026-02-01 13:04:16 - INFO - 🔤 Detected Alphanumeric ID R87953704 -> calling process
2026-02-01 13:04:18 - INFO - ✅ Fetched page successfully: 200
2026-02-01 13:04:18 - INFO - ✅ window.__initialData__ extracted successfully
2026-02-01 13:04:18 - INFO - ✅ Property node detected
2026-02-01 13:04:18 - INFO - Sleeping for 4.40 seconds...
2026-02-01 13:04:22 - INFO - Processing property_id: N88286420
2026-02-01 13:04:22 - INFO - 🔤 Detected Alphanumeric ID N88286420 -> calling process
2026-02-01 13:04:25 - INFO - ✅ Fetched page successfully: 200
2026-02-01 13:04:25 - INFO - ✅ window.__initialData__ extracted successfully
2026-02-01 13:04:25 - INFO - ✅ Property node detected
2026-02-01 13:04:25 - INFO - Sleeping for 3.48 seconds...
2026-02-01 13:04:28 - WARNING - 🛑 Rate limit hit (520 requests). Sleeping for 89s...
2026-02-01 13:04:43 - INFO - ▶️ Resuming operations.
2026-02-01 13:04:43 - INFO - Processing property_id: V77683599
2026-02-01 13:04:43 - INFO - 🔤 Detected Alphanumeric ID V77683599 -> calling process
2026-02-01 13:04:45 - INFO - ✅ Fetched page successfully: 200
2026-02-01 13:04:46 - INFO - ✅ window.__initialData__ extracted successfully
2026-02-01 13:04:46 - INFO - ✅ Property node detected
2026-02-01 13:04:46 - INFO - Sleeping for 4.63 seconds...
2026-02-01 13:04:50 - INFO - Processing property_id: V86275248
2026-02-01 13:04:50 - INFO - 🔤 Detected Alphanumeric ID V86275248 -> calling process
2026-02-01 13:04:51 - INFO - ✅ Fetched page successfully: 200
2026-02-01 13:04:51 - INFO - ✅ window.__initialData__ extracted successfully
2026-02-01 13:04:51 - INFO - ✅ Property node detected
2026-02-01 13:04:51 - INFO - Sleeping for 2.04 seconds...
2026-02-01 13:04:53 - INFO - Processing property_id: O88362228
2026-02-01 13:04:53 - INFO - 🔤 Detected Alphanumeric ID O88362228 -> calling process
2026-02-01 13:04:55 - INFO - ✅ Fetched page successfully: 200
2026-02-01 13:04:55 - INFO - ✅ window.__initialData__ extracted successfully
2026-02-01 13:04:55 - INFO - ✅ Property node detected
2026-02-01 13:04:55 - INFO - Sleeping for 2.54 seconds...
2026-02-01 13:04:57 - INFO - Processing property_id: H88359452
2026-02-01 13:04:57 - INFO - 🔤 Detected Alphanumeric ID H88359452 -> calling process
2026-02-01 13:04:59 - INFO - ✅ Fetched page successfully: 200
2026-02-01 13:04:59 - INFO - ✅ window.__initialData__ extracted successfully
2026-02-01 13:04:59 - INFO - ✅ Property node detected
2026-02-01 13:04:59 - INFO - Sleeping for 3.82 seconds...
2026-02-01 13:05:03 - INFO - Processing property_id: R88359382
2026-02-01 13:05:03 - INFO - 🔤 Detected Alphanumeric ID R88359382 -> calling process
2026-02-01 13:05:04 - INFO - ✅ Fetched page successfully: 200
2026-02-01 13:05:04 - INFO - ✅ window.__initialData__ extracted successfully
2026-02-01 13:05:04 - INFO - ✅ Property node detected
2026-02-01 13:05:04 - INFO - Sleeping for 4.43 seconds...
2026-02-01 13:05:08 - INFO - Processing property_id: C88357784
2026-02-01 13:05:08 - INFO - 🔤 Detected Alphanumeric ID C88357784 -> calling process
2026-02-01 13:05:11 - INFO - ✅ Fetched page successfully: 200
2026-02-01 13:05:11 - INFO - ✅ window.__initialData__ extracted successfully
2026-02-01 13:05:11 - INFO - ✅ Property node detected
2026-02-01 13:05:11 - INFO - Sleeping for 2.30 seconds...
2026-02-01 13:05:13 - INFO - Processing property_id: W88357308
2026-02-01 13:05:13 - INFO - 🔤 Detected Alphanumeric ID W88357308 -> calling process
2026-02-01 13:05:15 - INFO - ✅ Fetched page successfully: 200
2026-02-01 13:05:15 - INFO - ✅ window.__initialData__ extracted successfully
2026-02-01 13:05:15 - INFO - ✅ Property node detected
2026-02-01 13:05:15 - INFO - Sleeping for 4.54 seconds...
2026-02-01 13:05:19 - INFO - Processing property_id: X88357058
2026-02-01 13:05:19 - INFO - 🔤 Detected Alphanumeric ID X88357058 -> calling process
2026-02-01 13:05:21 - INFO - ✅ Fetched page successfully: 200
2026-02-01 13:05:21 - INFO - ✅ window.__initialData__ extracted successfully
2026-02-01 13:05:21 - INFO - ✅ Property node detected
2026-02-01 13:05:21 - INFO - Sleeping for 4.37 seconds...
2026-02-01 13:05:25 - INFO - Processing property_id: B88356238
2026-02-01 13:05:25 - INFO - 🔤 Detected Alphanumeric ID B88356238 -> calling process
2026-02-01 13:05:27 - INFO - ✅ Fetched page successfully: 200
2026-02-01 13:05:27 - INFO - ✅ window.__initialData__ extracted successfully
2026-02-01 13:05:27 - INFO - ✅ Property node detected
2026-02-01 13:05:27 - INFO - Sleeping for 4.04 seconds...
2026-02-01 13:05:31 - INFO - Processing property_id: L88354528
2026-02-01 13:05:31 - INFO - 🔤 Detected Alphanumeric ID L88354528 -> calling process
2026-02-01 13:05:33 - INFO - ✅ Fetched page successfully: 200
2026-02-01 13:05:33 - INFO - ✅ window.__initialData__ extracted successfully
2026-02-01 13:05:33 - INFO - ✅ Property node detected
2026-02-01 13:05:33 - INFO - Sleeping for 2.20 seconds...
2026-02-01 13:05:36 - WARNING - 🛑 Rate limit hit (530 requests). Sleeping for 107s...
2026-02-01 13:05:57 - INFO - ▶️ Resuming operations.
2026-02-01 13:05:57 - INFO - Processing property_id: F88363262
2026-02-01 13:05:57 - INFO - 🔤 Detected Alphanumeric ID F88363262 -> calling process
2026-02-01 13:05:59 - INFO - ✅ Fetched page successfully: 200
2026-02-01 13:05:59 - INFO - ✅ window.__initialData__ extracted successfully
2026-02-01 13:05:59 - ERROR - ❌ Property data node not found in extracted JSON
2026-02-01 13:05:59 - INFO - Sleeping for 3.20 seconds...
2026-02-01 13:06:03 - INFO - Processing property_id: M88350914
2026-02-01 13:06:03 - INFO - 🔤 Detected Alphanumeric ID M88350914 -> calling process
2026-02-01 13:06:03 - INFO - ✅ Fetched page successfully: 200
2026-02-01 13:06:03 - INFO - ✅ window.__initialData__ extracted successfully
2026-02-01 13:06:03 - ERROR - ❌ Property data node not found in extracted JSON
2026-02-01 13:06:03 - INFO - Sleeping for 4.18 seconds...
2026-02-01 13:06:08 - INFO - Processing property_id: X88350884
2026-02-01 13:06:08 - INFO - 🔤 Detected Alphanumeric ID X88350884 -> calling process
2026-02-01 13:06:08 - INFO - ✅ Fetched page successfully: 200
2026-02-01 13:06:08 - INFO - ✅ window.__initialData__ extracted successfully
2026-02-01 13:06:08 - ERROR - ❌ Property data node not found in extracted JSON
2026-02-01 13:06:08 - INFO - Sleeping for 4.95 seconds...
2026-02-01 13:06:13 - INFO - Processing property_id: E88350854
2026-02-01 13:06:13 - INFO - 🔤 Detected Alphanumeric ID E88350854 -> calling process
2026-02-01 13:06:14 - INFO - ✅ Fetched page successfully: 200
2026-02-01 13:06:14 - INFO - ✅ window.__initialData__ extracted successfully
2026-02-01 13:06:14 - ERROR - ❌ Property data node not found in extracted JSON
2026-02-01 13:06:14 - INFO - Sleeping for 2.36 seconds...
2026-02-01 13:06:16 - INFO - Processing property_id: F88350784
2026-02-01 13:06:16 - INFO - 🔤 Detected Alphanumeric ID F88350784 -> calling process
2026-02-01 13:06:17 - INFO - ✅ Fetched page successfully: 200
2026-02-01 13:06:17 - INFO - ✅ window.__initialData__ extracted successfully
2026-02-01 13:06:17 - ERROR - ❌ Property data node not found in extracted JSON
2026-02-01 13:06:17 - INFO - Sleeping for 2.80 seconds...
2026-02-01 13:06:20 - INFO - Processing property_id: Y88350740
2026-02-01 13:06:20 - INFO - 🔤 Detected Alphanumeric ID Y88350740 -> calling process
2026-02-01 13:06:21 - INFO - ✅ Fetched page successfully: 200
2026-02-01 13:06:21 - INFO - ✅ window.__initialData__ extracted successfully
2026-02-01 13:06:21 - ERROR - ❌ Property data node not found in extracted JSON
2026-02-01 13:06:21 - INFO - Sleeping for 2.36 seconds...
2026-02-01 13:06:23 - INFO - Processing property_id: S76835691
2026-02-01 13:06:23 - INFO - 🔤 Detected Alphanumeric ID S76835691 -> calling process
2026-02-01 13:06:24 - INFO - ✅ Fetched page successfully: 200
2026-02-01 13:06:24 - INFO - ✅ window.__initialData__ extracted successfully
2026-02-01 13:06:24 - ERROR - ❌ Property data node not found in extracted JSON
2026-02-01 13:06:24 - INFO - Sleeping for 4.93 seconds...
2026-02-01 13:06:29 - INFO - Processing property_id: Z88349904
2026-02-01 13:06:29 - INFO - 🔤 Detected Alphanumeric ID Z88349904 -> calling process
2026-02-01 13:06:30 - INFO - ✅ Fetched page successfully: 200
2026-02-01 13:06:30 - INFO - ✅ window.__initialData__ extracted successfully
2026-02-01 13:06:30 - ERROR - ❌ Property data node not found in extracted JSON
2026-02-01 13:06:30 - INFO - Sleeping for 2.75 seconds...
2026-02-01 13:06:32 - INFO - Processing property_id: J82332914
2026-02-01 13:06:32 - INFO - 🔤 Detected Alphanumeric ID J82332914 -> calling process
2026-02-01 13:06:34 - INFO - ✅ Fetched page successfully: 200
2026-02-01 13:06:34 - INFO - ✅ window.__initialData__ extracted successfully
2026-02-01 13:06:34 - ERROR - ❌ Property data node not found in extracted JSON
2026-02-01 13:06:34 - INFO - Sleeping for 4.29 seconds...
2026-02-01 13:06:38 - INFO - Processing property_id: A88349682
2026-02-01 13:06:38 - INFO - 🔤 Detected Alphanumeric ID A88349682 -> calling process
2026-02-01 13:06:39 - INFO - ✅ Fetched page successfully: 200
2026-02-01 13:06:39 - INFO - ✅ window.__initialData__ extracted successfully
2026-02-01 13:06:39 - ERROR - ❌ Property data node not found in extracted JSON
2026-02-01 13:06:39 - INFO - Sleeping for 3.44 seconds...
2026-02-01 13:06:42 - WARNING - 🛑 Rate limit hit (540 requests). Sleeping for 77s...
2026-02-01 13:08:28 - INFO - Successfully read 1627 listing IDs
2026-02-01 13:08:28 - INFO - Total: 1627 | Done: 1259 | New: 366
2026-02-01 13:08:28 - INFO - 🚀 Starting multithreaded extraction for 366 projects with 2 workers...
2026-02-01 13:08:28 - INFO - Processing property_id: O87392528
2026-02-01 13:08:28 - INFO - 🔤 Detected Alphanumeric ID O87392528 -> calling process
2026-02-01 13:08:28 - INFO - Processing property_id: C86307236
2026-02-01 13:08:28 - INFO - 🔤 Detected Alphanumeric ID C86307236 -> calling process
2026-02-01 13:08:30 - INFO - ✅ Fetched page successfully: 200
2026-02-01 13:08:30 - INFO - ✅ window.__initialData__ extracted successfully
2026-02-01 13:08:30 - ERROR - ❌ Property data node not found in extracted JSON
2026-02-01 13:08:30 - INFO - Sleeping for 4.32 seconds...
2026-02-01 13:08:30 - INFO - ✅ Fetched page successfully: 200
2026-02-01 13:08:30 - INFO - ✅ window.__initialData__ extracted successfully
2026-02-01 13:08:30 - ERROR - ❌ Property data node not found in extracted JSON
2026-02-01 13:08:30 - INFO - Sleeping for 4.44 seconds...
2026-02-01 13:08:34 - INFO - Processing property_id: S86314112
2026-02-01 13:08:34 - INFO - 🔤 Detected Alphanumeric ID S86314112 -> calling process
2026-02-01 13:08:35 - INFO - ✅ Fetched page successfully: 200
2026-02-01 13:08:35 - INFO - ✅ window.__initialData__ extracted successfully
2026-02-01 13:08:35 - ERROR - ❌ Property data node not found in extracted JSON
2026-02-01 13:08:35 - INFO - Sleeping for 2.22 seconds...
2026-02-01 13:08:35 - INFO - Processing property_id: 402372
2026-02-01 13:08:35 - INFO - 🔢 Detected Numeric ID 402372 -> calling process_single_project
2026-02-01 13:08:35 - INFO - Fetching details for project ID: 402372
2026-02-01 13:08:37 - INFO - Processing property_id: N86412070
2026-02-01 13:08:37 - INFO - 🔤 Detected Alphanumeric ID N86412070 -> calling process
2026-02-01 13:08:38 - INFO - ✅ Fetched page successfully: 200
2026-02-01 13:08:38 - INFO - ✅ window.__initialData__ extracted successfully
2026-02-01 13:08:38 - ERROR - ❌ Property data node not found in extracted JSON
2026-02-01 13:08:38 - INFO - Sleeping for 4.41 seconds...
2026-02-01 13:08:42 - INFO - Processing property_id: K86402970
2026-02-01 13:08:42 - INFO - 🔤 Detected Alphanumeric ID K86402970 -> calling process
2026-02-01 13:08:43 - INFO - ✅ Fetched page successfully: 200
2026-02-01 13:08:43 - INFO - ✅ window.__initialData__ extracted successfully
2026-02-01 13:08:43 - ERROR - ❌ Property data node not found in extracted JSON
2026-02-01 13:08:43 - INFO - Sleeping for 2.53 seconds...
2026-02-01 13:08:46 - INFO - Processing property_id: I85984342
2026-02-01 13:08:46 - INFO - 🔤 Detected Alphanumeric ID I85984342 -> calling process
2026-02-01 13:08:46 - INFO - ✅ Fetched page successfully: 200
2026-02-01 13:08:46 - INFO - ✅ window.__initialData__ extracted successfully
2026-02-01 13:08:46 - ERROR - ❌ Property data node not found in extracted JSON
2026-02-01 13:08:46 - INFO - Sleeping for 4.46 seconds...
2026-02-01 13:08:50 - ERROR - Error fetching project details: HTTPSConnectionPool(host='www.99acres.com', port=443): Read timed out. (read timeout=15)
2026-02-01 13:08:50 - INFO - Sleeping for 3.57 seconds...
2026-02-01 13:08:51 - INFO - Processing property_id: C87188628
2026-02-01 13:08:51 - INFO - 🔤 Detected Alphanumeric ID C87188628 -> calling process
2026-02-01 13:08:51 - INFO - ✅ Fetched page successfully: 200
2026-02-01 13:08:51 - INFO - ✅ window.__initialData__ extracted successfully
2026-02-01 13:08:51 - ERROR - ❌ Property data node not found in extracted JSON
2026-02-01 13:08:51 - INFO - Sleeping for 4.19 seconds...
2026-02-01 13:08:54 - INFO - Processing property_id: H87033508
2026-02-01 13:08:54 - INFO - 🔤 Detected Alphanumeric ID H87033508 -> calling process
2026-02-01 13:08:55 - INFO - ✅ Fetched page successfully: 200
2026-02-01 13:08:55 - INFO - ✅ window.__initialData__ extracted successfully
2026-02-01 13:08:55 - ERROR - ❌ Property data node not found in extracted JSON
2026-02-01 13:08:55 - INFO - Sleeping for 4.66 seconds...
2026-02-01 13:08:55 - WARNING - 🛑 Rate limit hit (10 requests). Sleeping for 63s...
2026-02-01 13:09:00 - INFO - Processing property_id: N88236268
2026-02-01 13:09:00 - INFO - 🔤 Detected Alphanumeric ID N88236268 -> calling process
2026-02-01 13:09:01 - INFO - ✅ Fetched page successfully: 200
2026-02-01 13:09:01 - INFO - ✅ window.__initialData__ extracted successfully
2026-02-01 13:09:01 - ERROR - ❌ Property data node not found in extracted JSON
2026-02-01 13:09:01 - INFO - Sleeping for 2.10 seconds...
2026-02-01 13:09:03 - INFO - Processing property_id: N88236748
2026-02-01 13:09:03 - INFO - 🔤 Detected Alphanumeric ID N88236748 -> calling process
2026-02-01 13:09:04 - INFO - ✅ Fetched page successfully: 200
2026-02-01 13:09:04 - INFO - ✅ window.__initialData__ extracted successfully
2026-02-01 13:09:04 - ERROR - ❌ Property data node not found in extracted JSON
2026-02-01 13:09:04 - INFO - Sleeping for 2.13 seconds...
2026-02-01 13:09:06 - INFO - Processing property_id: V87705462
2026-02-01 13:09:06 - INFO - 🔤 Detected Alphanumeric ID V87705462 -> calling process
2026-02-01 13:09:07 - INFO - ✅ Fetched page successfully: 200
2026-02-01 13:09:07 - INFO - ✅ window.__initialData__ extracted successfully
2026-02-01 13:09:07 - ERROR - ❌ Property data node not found in extracted JSON
2026-02-01 13:09:07 - INFO - Sleeping for 4.20 seconds...
2026-02-01 13:09:11 - INFO - Processing property_id: Y86547392
2026-02-01 13:09:11 - INFO - 🔤 Detected Alphanumeric ID Y86547392 -> calling process
2026-02-01 13:09:12 - INFO - ✅ Fetched page successfully: 200
2026-02-01 13:09:12 - INFO - ✅ window.__initialData__ extracted successfully
2026-02-01 13:09:12 - ERROR - ❌ Property data node not found in extracted JSON
2026-02-01 13:09:12 - INFO - Sleeping for 3.94 seconds...
2026-02-01 13:09:16 - INFO - Processing property_id: 384317
2026-02-01 13:09:16 - INFO - 🔢 Detected Numeric ID 384317 -> calling process_single_project
2026-02-01 13:09:16 - INFO - Fetching details for project ID: 384317
2026-02-01 13:09:31 - ERROR - Error fetching project details: HTTPSConnectionPool(host='www.99acres.com', port=443): Read timed out. (read timeout=15)
2026-02-01 13:09:31 - INFO - Sleeping for 3.35 seconds...
2026-02-01 13:09:34 - INFO - Processing property_id: L87735090
2026-02-01 13:09:34 - INFO - 🔤 Detected Alphanumeric ID L87735090 -> calling process
2026-02-01 13:09:35 - INFO - ✅ Fetched page successfully: 200
2026-02-01 13:09:35 - INFO - ✅ window.__initialData__ extracted successfully
2026-02-01 13:09:35 - ERROR - ❌ Property data node not found in extracted JSON
2026-02-01 13:09:35 - INFO - Sleeping for 3.18 seconds...
2026-02-01 13:09:39 - INFO - Processing property_id: I85669678
2026-02-01 13:09:39 - INFO - 🔤 Detected Alphanumeric ID I85669678 -> calling process
2026-02-01 13:09:40 - INFO - ✅ Fetched page successfully: 200
2026-02-01 13:09:40 - INFO - ✅ window.__initialData__ extracted successfully
2026-02-01 13:09:40 - ERROR - ❌ Property data node not found in extracted JSON
2026-02-01 13:09:40 - INFO - Sleeping for 2.95 seconds...
2026-02-01 13:09:43 - INFO - Processing property_id: T85718704
2026-02-01 13:09:43 - INFO - 🔤 Detected Alphanumeric ID T85718704 -> calling process
2026-02-01 13:09:43 - INFO - ✅ Fetched page successfully: 200
2026-02-01 13:09:43 - INFO - ✅ window.__initialData__ extracted successfully
2026-02-01 13:09:43 - ERROR - ❌ Property data node not found in extracted JSON
2026-02-01 13:09:43 - INFO - Sleeping for 3.63 seconds...
2026-02-01 13:09:47 - INFO - Processing property_id: W87665162
2026-02-01 13:09:47 - INFO - 🔤 Detected Alphanumeric ID W87665162 -> calling process
2026-02-01 13:09:48 - INFO - ✅ Fetched page successfully: 200
2026-02-01 13:09:48 - INFO - ✅ window.__initialData__ extracted successfully
2026-02-01 13:09:48 - ERROR - ❌ Property data node not found in extracted JSON
2026-02-01 13:09:48 - INFO - Sleeping for 3.65 seconds...
2026-02-01 13:09:51 - WARNING - 🛑 Rate limit hit (20 requests). Sleeping for 99s...
2026-02-01 13:09:58 - INFO - ▶️ Resuming operations.
2026-02-01 13:09:58 - INFO - Processing property_id: V87674380
2026-02-01 13:09:58 - INFO - 🔤 Detected Alphanumeric ID V87674380 -> calling process
2026-02-01 13:09:59 - INFO - ✅ Fetched page successfully: 200
2026-02-01 13:09:59 - INFO - ✅ window.__initialData__ extracted successfully
2026-02-01 13:09:59 - ERROR - ❌ Property data node not found in extracted JSON
2026-02-01 13:09:59 - INFO - Sleeping for 3.28 seconds...
2026-02-01 13:10:02 - INFO - Processing property_id: S88446738
2026-02-01 13:10:02 - INFO - 🔤 Detected Alphanumeric ID S88446738 -> calling process
2026-02-01 13:10:03 - INFO - ✅ Fetched page successfully: 200
2026-02-01 13:10:03 - INFO - ✅ window.__initialData__ extracted successfully
2026-02-01 13:10:03 - ERROR - ❌ Property data node not found in extracted JSON
2026-02-01 13:10:03 - INFO - Sleeping for 2.93 seconds...
2026-02-01 13:10:06 - INFO - Processing property_id: N88393576
2026-02-01 13:10:06 - INFO - 🔤 Detected Alphanumeric ID N88393576 -> calling process
2026-02-01 13:10:07 - INFO - ✅ Fetched page successfully: 200
2026-02-01 13:10:07 - INFO - ✅ window.__initialData__ extracted successfully
2026-02-01 13:10:07 - ERROR - ❌ Property data node not found in extracted JSON
2026-02-01 13:10:07 - INFO - Sleeping for 3.75 seconds...
2026-02-01 13:10:11 - INFO - Processing property_id: F88363262
2026-02-01 13:10:11 - INFO - 🔤 Detected Alphanumeric ID F88363262 -> calling process
2026-02-01 13:10:11 - INFO - ✅ Fetched page successfully: 200
2026-02-01 13:10:11 - INFO - ✅ window.__initialData__ extracted successfully
2026-02-01 13:10:11 - ERROR - ❌ Property data node not found in extracted JSON
2026-02-01 13:10:11 - INFO - Sleeping for 2.53 seconds...
2026-02-01 13:10:14 - INFO - Processing property_id: M88352658
2026-02-01 13:10:14 - INFO - 🔤 Detected Alphanumeric ID M88352658 -> calling process
2026-02-01 13:10:15 - INFO - ✅ Fetched page successfully: 200
2026-02-01 13:10:15 - INFO - ✅ window.__initialData__ extracted successfully
2026-02-01 13:10:15 - ERROR - ❌ Property data node not found in extracted JSON
2026-02-01 13:10:15 - INFO - Sleeping for 3.56 seconds...
2026-02-01 13:10:18 - INFO - Processing property_id: M88350914
2026-02-01 13:10:18 - INFO - 🔤 Detected Alphanumeric ID M88350914 -> calling process
2026-02-01 13:10:19 - INFO - ✅ Fetched page successfully: 200
2026-02-01 13:10:19 - INFO - ✅ window.__initialData__ extracted successfully
2026-02-01 13:10:19 - ERROR - ❌ Property data node not found in extracted JSON
2026-02-01 13:10:19 - INFO - Sleeping for 3.00 seconds...
2026-02-01 13:10:22 - INFO - Processing property_id: X88350884
2026-02-01 13:10:22 - INFO - 🔤 Detected Alphanumeric ID X88350884 -> calling process
2026-02-01 13:10:23 - INFO - ✅ Fetched page successfully: 200
2026-02-01 13:10:23 - INFO - ✅ window.__initialData__ extracted successfully
2026-02-01 13:10:23 - ERROR - ❌ Property data node not found in extracted JSON
2026-02-01 13:10:23 - INFO - Sleeping for 3.82 seconds...
2026-02-01 13:10:27 - INFO - Processing property_id: E88350854
2026-02-01 13:10:27 - INFO - 🔤 Detected Alphanumeric ID E88350854 -> calling process
2026-02-01 13:10:28 - INFO - ✅ Fetched page successfully: 200
2026-02-01 13:10:28 - INFO - ✅ window.__initialData__ extracted successfully
2026-02-01 13:10:28 - ERROR - ❌ Property data node not found in extracted JSON
2026-02-01 13:10:28 - INFO - Sleeping for 4.07 seconds...
2026-02-01 13:10:32 - INFO - Processing property_id: F88350784
2026-02-01 13:10:32 - INFO - 🔤 Detected Alphanumeric ID F88350784 -> calling process
2026-02-01 13:10:33 - INFO - ✅ Fetched page successfully: 200
2026-02-01 13:10:33 - INFO - ✅ window.__initialData__ extracted successfully
2026-02-01 13:10:33 - ERROR - ❌ Property data node not found in extracted JSON
2026-02-01 13:10:33 - INFO - Sleeping for 2.70 seconds...
2026-02-01 13:10:35 - INFO - Processing property_id: Y88350740
2026-02-01 13:10:35 - INFO - 🔤 Detected Alphanumeric ID Y88350740 -> calling process
2026-02-01 13:10:36 - INFO - ✅ Fetched page successfully: 200
2026-02-01 13:10:36 - INFO - ✅ window.__initialData__ extracted successfully
2026-02-01 13:10:36 - ERROR - ❌ Property data node not found in extracted JSON
2026-02-01 13:10:36 - INFO - Sleeping for 4.74 seconds...
2026-02-01 13:10:41 - WARNING - 🛑 Rate limit hit (30 requests). Sleeping for 102s...
2026-02-01 13:11:30 - INFO - ▶️ Resuming operations.
2026-02-01 13:11:30 - INFO - Processing property_id: I87032846
2026-02-01 13:11:30 - INFO - 🔤 Detected Alphanumeric ID I87032846 -> calling process
2026-02-01 13:11:32 - INFO - ✅ Fetched page successfully: 200
2026-02-01 13:11:32 - INFO - ✅ window.__initialData__ extracted successfully
2026-02-01 13:11:32 - ERROR - ❌ Property data node not found in extracted JSON
2026-02-01 13:11:32 - INFO - Sleeping for 4.24 seconds...
2026-02-01 13:11:36 - INFO - Processing property_id: Z88349904
2026-02-01 13:11:36 - INFO - 🔤 Detected Alphanumeric ID Z88349904 -> calling process
2026-02-01 13:11:37 - INFO - ✅ Fetched page successfully: 200
2026-02-01 13:11:37 - INFO - ✅ window.__initialData__ extracted successfully
2026-02-01 13:11:37 - ERROR - ❌ Property data node not found in extracted JSON
2026-02-01 13:11:37 - INFO - Sleeping for 3.99 seconds...
2026-02-01 13:11:41 - INFO - Processing property_id: J82332914
2026-02-01 13:11:41 - INFO - 🔤 Detected Alphanumeric ID J82332914 -> calling process
2026-02-01 13:11:42 - INFO - ✅ Fetched page successfully: 200
2026-02-01 13:11:42 - INFO - ✅ window.__initialData__ extracted successfully
2026-02-01 13:11:42 - ERROR - ❌ Property data node not found in extracted JSON
2026-02-01 13:11:42 - INFO - Sleeping for 4.43 seconds...
2026-02-01 13:11:46 - INFO - Processing property_id: A88349682
2026-02-01 13:11:46 - INFO - 🔤 Detected Alphanumeric ID A88349682 -> calling process
2026-02-01 13:11:47 - INFO - ✅ Fetched page successfully: 200
2026-02-01 13:11:47 - INFO - ✅ window.__initialData__ extracted successfully
2026-02-01 13:11:47 - ERROR - ❌ Property data node not found in extracted JSON
2026-02-01 13:11:47 - INFO - Sleeping for 4.16 seconds...
2026-02-01 13:11:51 - INFO - Processing property_id: F88349554
2026-02-01 13:11:51 - INFO - 🔤 Detected Alphanumeric ID F88349554 -> calling process
2026-02-01 13:11:52 - INFO - ✅ Fetched page successfully: 200
2026-02-01 13:11:52 - INFO - ✅ window.__initialData__ extracted successfully
2026-02-01 13:11:52 - ERROR - ❌ Property data node not found in extracted JSON
2026-02-01 13:11:52 - INFO - Sleeping for 3.68 seconds...
2026-02-01 13:11:56 - INFO - Processing property_id: L88348356
2026-02-01 13:11:56 - INFO - 🔤 Detected Alphanumeric ID L88348356 -> calling process
2026-02-01 13:11:57 - INFO - ✅ Fetched page successfully: 200
2026-02-01 13:11:57 - INFO - ✅ window.__initialData__ extracted successfully
2026-02-01 13:11:57 - ERROR - ❌ Property data node not found in extracted JSON
2026-02-01 13:11:57 - INFO - Sleeping for 3.27 seconds...
2026-02-01 13:12:01 - INFO - Processing property_id: H40892985
2026-02-01 13:12:01 - INFO - 🔤 Detected Alphanumeric ID H40892985 -> calling process
2026-02-01 13:12:01 - INFO - ✅ Fetched page successfully: 200
2026-02-01 13:12:01 - INFO - ✅ window.__initialData__ extracted successfully
2026-02-01 13:12:01 - ERROR - ❌ Property data node not found in extracted JSON
2026-02-01 13:12:01 - INFO - Sleeping for 3.96 seconds...
2026-02-01 13:12:05 - INFO - Processing property_id: L88347020
2026-02-01 13:12:05 - INFO - 🔤 Detected Alphanumeric ID L88347020 -> calling process
2026-02-01 13:12:06 - INFO - ✅ Fetched page successfully: 200
2026-02-01 13:12:06 - INFO - ✅ window.__initialData__ extracted successfully
2026-02-01 13:12:06 - ERROR - ❌ Property data node not found in extracted JSON
2026-02-01 13:12:06 - INFO - Sleeping for 2.34 seconds...
2026-02-01 13:12:08 - INFO - Processing property_id: Z88345542
2026-02-01 13:12:08 - INFO - 🔤 Detected Alphanumeric ID Z88345542 -> calling process
2026-02-01 13:12:09 - INFO - ✅ Fetched page successfully: 200
2026-02-01 13:12:09 - INFO - ✅ window.__initialData__ extracted successfully
2026-02-01 13:12:09 - ERROR - ❌ Property data node not found in extracted JSON
2026-02-01 13:12:09 - INFO - Sleeping for 4.25 seconds...
2026-02-01 13:12:14 - INFO - Processing property_id: O88345414
2026-02-01 13:12:14 - INFO - 🔤 Detected Alphanumeric ID O88345414 -> calling process
2026-02-01 13:12:14 - INFO - ✅ Fetched page successfully: 200
2026-02-01 13:12:14 - INFO - ✅ window.__initialData__ extracted successfully
2026-02-01 13:12:14 - ERROR - ❌ Property data node not found in extracted JSON
2026-02-01 13:12:14 - INFO - Sleeping for 2.45 seconds...
2026-02-01 13:12:17 - WARNING - 🛑 Rate limit hit (40 requests). Sleeping for 72s...
2026-02-01 13:12:23 - INFO - ▶️ Resuming operations.
2026-02-01 13:12:23 - INFO - Processing property_id: S76835691
2026-02-01 13:12:23 - INFO - 🔤 Detected Alphanumeric ID S76835691 -> calling process
2026-02-01 13:12:24 - INFO - ✅ Fetched page successfully: 200
2026-02-01 13:12:24 - INFO - ✅ window.__initialData__ extracted successfully
2026-02-01 13:12:24 - ERROR - ❌ Property data node not found in extracted JSON
2026-02-01 13:12:24 - INFO - Sleeping for 3.28 seconds...
2026-02-01 13:12:27 - INFO - Processing property_id: E88344688
2026-02-01 13:12:27 - INFO - 🔤 Detected Alphanumeric ID E88344688 -> calling process
2026-02-01 13:12:28 - INFO - ✅ Fetched page successfully: 200
2026-02-01 13:12:28 - INFO - ✅ window.__initialData__ extracted successfully
2026-02-01 13:12:28 - ERROR - ❌ Property data node not found in extracted JSON
2026-02-01 13:12:28 - INFO - Sleeping for 3.89 seconds...
2026-02-01 13:12:32 - INFO - Processing property_id: E88344688
2026-02-01 13:12:32 - INFO - 🔤 Detected Alphanumeric ID E88344688 -> calling process
2026-02-01 13:12:33 - INFO - ✅ Fetched page successfully: 200
2026-02-01 13:12:33 - INFO - ✅ window.__initialData__ extracted successfully
2026-02-01 13:12:33 - ERROR - ❌ Property data node not found in extracted JSON
2026-02-01 13:12:33 - INFO - Sleeping for 2.19 seconds...
2026-02-01 13:12:35 - INFO - Processing property_id: Y88343536
2026-02-01 13:12:35 - INFO - 🔤 Detected Alphanumeric ID Y88343536 -> calling process
2026-02-01 13:12:35 - INFO - ✅ Fetched page successfully: 200
2026-02-01 13:12:35 - INFO - ✅ window.__initialData__ extracted successfully
2026-02-01 13:12:35 - ERROR - ❌ Property data node not found in extracted JSON
2026-02-01 13:12:35 - INFO - Sleeping for 3.20 seconds...
2026-02-01 13:12:39 - INFO - Processing property_id: W88343458
2026-02-01 13:12:39 - INFO - 🔤 Detected Alphanumeric ID W88343458 -> calling process
2026-02-01 13:12:39 - INFO - ✅ Fetched page successfully: 200
2026-02-01 13:12:39 - INFO - ✅ window.__initialData__ extracted successfully
2026-02-01 13:12:39 - ERROR - ❌ Property data node not found in extracted JSON
2026-02-01 13:12:39 - INFO - Sleeping for 3.32 seconds...
2026-02-01 13:12:43 - INFO - Processing property_id: N87432436
2026-02-01 13:12:43 - INFO - 🔤 Detected Alphanumeric ID N87432436 -> calling process
2026-02-01 13:12:44 - INFO - ✅ Fetched page successfully: 200
2026-02-01 13:12:44 - INFO - ✅ window.__initialData__ extracted successfully
2026-02-01 13:12:44 - ERROR - ❌ Property data node not found in extracted JSON
2026-02-01 13:12:44 - INFO - Sleeping for 3.33 seconds...
2026-02-01 13:12:47 - INFO - Processing property_id: P71201890
2026-02-01 13:12:47 - INFO - 🔤 Detected Alphanumeric ID P71201890 -> calling process
2026-02-01 13:12:48 - INFO - ✅ Fetched page successfully: 200
2026-02-01 13:12:48 - INFO - ✅ window.__initialData__ extracted successfully
2026-02-01 13:12:48 - ERROR - ❌ Property data node not found in extracted JSON
2026-02-01 13:12:48 - INFO - Sleeping for 2.39 seconds...
2026-02-01 13:12:51 - INFO - Processing property_id: Y88342176
2026-02-01 13:12:51 - INFO - 🔤 Detected Alphanumeric ID Y88342176 -> calling process
2026-02-01 13:12:52 - INFO - ✅ Fetched page successfully: 200
2026-02-01 13:12:52 - INFO - ✅ window.__initialData__ extracted successfully
2026-02-01 13:12:52 - ERROR - ❌ Property data node not found in extracted JSON
2026-02-01 13:12:52 - INFO - Sleeping for 4.22 seconds...
2026-02-01 13:12:56 - INFO - Processing property_id: Z27293861
2026-02-01 13:12:56 - INFO - 🔤 Detected Alphanumeric ID Z27293861 -> calling process
2026-02-01 13:12:57 - INFO - ✅ Fetched page successfully: 200
2026-02-01 13:12:57 - INFO - ✅ window.__initialData__ extracted successfully
2026-02-01 13:12:57 - ERROR - ❌ Property data node not found in extracted JSON
2026-02-01 13:12:57 - INFO - Sleeping for 3.56 seconds...
2026-02-01 13:13:00 - INFO - Processing property_id: K88342052
2026-02-01 13:13:00 - INFO - 🔤 Detected Alphanumeric ID K88342052 -> calling process
2026-02-01 13:13:01 - INFO - ✅ Fetched page successfully: 200
2026-02-01 13:13:01 - INFO - ✅ window.__initialData__ extracted successfully
2026-02-01 13:13:01 - ERROR - ❌ Property data node not found in extracted JSON
2026-02-01 13:13:01 - INFO - Sleeping for 2.19 seconds...
2026-02-01 13:13:04 - WARNING - 🛑 Rate limit hit (50 requests). Sleeping for 70s...
2026-02-01 13:13:29 - INFO - ▶️ Resuming operations.
2026-02-01 13:13:29 - INFO - Processing property_id: E88345340
2026-02-01 13:13:29 - INFO - 🔤 Detected Alphanumeric ID E88345340 -> calling process
2026-02-01 13:13:30 - INFO - ✅ Fetched page successfully: 200
2026-02-01 13:13:30 - INFO - ✅ window.__initialData__ extracted successfully
2026-02-01 13:13:30 - ERROR - ❌ Property data node not found in extracted JSON
2026-02-01 13:13:30 - INFO - Sleeping for 3.91 seconds...
2026-02-01 13:13:34 - INFO - Processing property_id: W88340670
2026-02-01 13:13:34 - INFO - 🔤 Detected Alphanumeric ID W88340670 -> calling process
2026-02-01 13:13:35 - INFO - ✅ Fetched page successfully: 200
2026-02-01 13:13:35 - INFO - ✅ window.__initialData__ extracted successfully
2026-02-01 13:13:35 - ERROR - ❌ Property data node not found in extracted JSON
2026-02-01 13:13:35 - INFO - Sleeping for 4.35 seconds...
2026-02-01 13:13:40 - INFO - Processing property_id: A77682035
2026-02-01 13:13:40 - INFO - 🔤 Detected Alphanumeric ID A77682035 -> calling process
2026-02-01 13:13:42 - INFO - ✅ Fetched page successfully: 200
2026-02-01 13:13:42 - INFO - ✅ window.__initialData__ extracted successfully
2026-02-01 13:13:42 - ERROR - ❌ Property data node not found in extracted JSON
2026-02-01 13:13:42 - INFO - Sleeping for 4.29 seconds...
2026-02-01 13:13:46 - INFO - Processing property_id: K87926202
2026-02-01 13:13:46 - INFO - 🔤 Detected Alphanumeric ID K87926202 -> calling process
2026-02-01 13:13:47 - INFO - ✅ Fetched page successfully: 200
2026-02-01 13:13:47 - INFO - ✅ window.__initialData__ extracted successfully
2026-02-01 13:13:47 - ERROR - ❌ Property data node not found in extracted JSON
2026-02-01 13:13:47 - INFO - Sleeping for 4.21 seconds...
2026-02-01 13:13:51 - INFO - Processing property_id: K88338062
2026-02-01 13:13:51 - INFO - 🔤 Detected Alphanumeric ID K88338062 -> calling process
2026-02-01 13:13:53 - INFO - ✅ Fetched page successfully: 200
2026-02-01 13:13:53 - INFO - ✅ window.__initialData__ extracted successfully
2026-02-01 13:13:53 - ERROR - ❌ Property data node not found in extracted JSON
2026-02-01 13:13:53 - INFO - Sleeping for 2.35 seconds...
2026-02-01 13:13:55 - INFO - Processing property_id: A88337932
2026-02-01 13:13:55 - INFO - 🔤 Detected Alphanumeric ID A88337932 -> calling process
2026-02-01 13:13:59 - INFO - ✅ Fetched page successfully: 200
2026-02-01 13:13:59 - INFO - ✅ window.__initialData__ extracted successfully
2026-02-01 13:13:59 - ERROR - ❌ Property data node not found in extracted JSON
2026-02-01 13:13:59 - INFO - Sleeping for 4.42 seconds...
2026-02-01 13:14:03 - INFO - Processing property_id: D88337496
2026-02-01 13:14:03 - INFO - 🔤 Detected Alphanumeric ID D88337496 -> calling process
2026-02-01 13:14:04 - INFO - ✅ Fetched page successfully: 200
2026-02-01 13:14:04 - INFO - ✅ window.__initialData__ extracted successfully
2026-02-01 13:14:04 - ERROR - ❌ Property data node not found in extracted JSON
2026-02-01 13:14:04 - INFO - Sleeping for 2.19 seconds...
2026-02-01 13:14:06 - INFO - Processing property_id: T88337390
2026-02-01 13:14:06 - INFO - 🔤 Detected Alphanumeric ID T88337390 -> calling process
2026-02-01 13:14:07 - INFO - ✅ Fetched page successfully: 200
2026-02-01 13:14:07 - INFO - ✅ window.__initialData__ extracted successfully
2026-02-01 13:14:07 - ERROR - ❌ Property data node not found in extracted JSON
2026-02-01 13:14:07 - INFO - Sleeping for 2.98 seconds...
2026-02-01 13:14:10 - INFO - Processing property_id: G88337324
2026-02-01 13:14:10 - INFO - 🔤 Detected Alphanumeric ID G88337324 -> calling process
2026-02-01 13:14:11 - INFO - ✅ Fetched page successfully: 200
2026-02-01 13:14:11 - INFO - ✅ window.__initialData__ extracted successfully
2026-02-01 13:14:11 - ERROR - ❌ Property data node not found in extracted JSON
2026-02-01 13:14:11 - INFO - Sleeping for 2.78 seconds...
2026-02-01 13:14:14 - INFO - ▶️ Resuming operations.
2026-02-01 13:14:14 - INFO - Processing property_id: K88341736
2026-02-01 13:14:14 - INFO - 🔤 Detected Alphanumeric ID K88341736 -> calling process
2026-02-01 13:14:14 - INFO - Processing property_id: D88336968
2026-02-01 13:14:14 - INFO - 🔤 Detected Alphanumeric ID D88336968 -> calling process
2026-02-01 13:14:15 - INFO - ✅ Fetched page successfully: 200
2026-02-01 13:14:15 - INFO - ✅ window.__initialData__ extracted successfully
2026-02-01 13:14:15 - ERROR - ❌ Property data node not found in extracted JSON
2026-02-01 13:14:15 - INFO - Sleeping for 4.66 seconds...
2026-02-01 13:14:15 - INFO - ✅ Fetched page successfully: 200
2026-02-01 13:14:15 - INFO - ✅ window.__initialData__ extracted successfully
2026-02-01 13:14:15 - ERROR - ❌ Property data node not found in extracted JSON
2026-02-01 13:14:15 - INFO - Sleeping for 2.24 seconds...
2026-02-01 13:14:18 - WARNING - 🛑 Rate limit hit (60 requests). Sleeping for 77s...
2026-02-01 13:14:20 - INFO - Processing property_id: G88336218
2026-02-01 13:14:20 - INFO - 🔤 Detected Alphanumeric ID G88336218 -> calling process
2026-02-01 13:14:20 - INFO - ✅ Fetched page successfully: 200
2026-02-01 13:14:20 - INFO - ✅ window.__initialData__ extracted successfully
2026-02-01 13:14:20 - ERROR - ❌ Property data node not found in extracted JSON
2026-02-01 13:14:20 - INFO - Sleeping for 3.56 seconds...
2026-02-01 13:14:24 - INFO - Processing property_id: Y88335214
2026-02-01 13:14:24 - INFO - 🔤 Detected Alphanumeric ID Y88335214 -> calling process
2026-02-01 13:14:25 - INFO - ✅ Fetched page successfully: 200
2026-02-01 13:14:25 - INFO - ✅ window.__initialData__ extracted successfully
2026-02-01 13:14:25 - ERROR - ❌ Property data node not found in extracted JSON
2026-02-01 13:14:25 - INFO - Sleeping for 2.26 seconds...
2026-02-01 13:14:27 - INFO - Processing property_id: U88335200
2026-02-01 13:14:27 - INFO - 🔤 Detected Alphanumeric ID U88335200 -> calling process
2026-02-01 13:14:28 - INFO - ✅ Fetched page successfully: 200
2026-02-01 13:14:28 - INFO - ✅ window.__initialData__ extracted successfully
2026-02-01 13:14:28 - ERROR - ❌ Property data node not found in extracted JSON
2026-02-01 13:14:28 - INFO - Sleeping for 4.52 seconds...
2026-02-01 13:14:32 - INFO - Processing property_id: X88334856
2026-02-01 13:14:32 - INFO - 🔤 Detected Alphanumeric ID X88334856 -> calling process
2026-02-01 13:14:34 - INFO - ✅ Fetched page successfully: 200
2026-02-01 13:14:34 - INFO - ✅ window.__initialData__ extracted successfully
2026-02-01 13:14:34 - ERROR - ❌ Property data node not found in extracted JSON
2026-02-01 13:14:34 - INFO - Sleeping for 4.04 seconds...
2026-02-01 13:14:38 - INFO - Processing property_id: M88334780
2026-02-01 13:14:38 - INFO - 🔤 Detected Alphanumeric ID M88334780 -> calling process
2026-02-01 13:14:39 - INFO - ✅ Fetched page successfully: 200
2026-02-01 13:14:39 - INFO - ✅ window.__initialData__ extracted successfully
2026-02-01 13:14:39 - ERROR - ❌ Property data node not found in extracted JSON
2026-02-01 13:14:39 - INFO - Sleeping for 3.56 seconds...
2026-02-01 13:14:43 - INFO - Processing property_id: Y88333212
2026-02-01 13:14:43 - INFO - 🔤 Detected Alphanumeric ID Y88333212 -> calling process
2026-02-01 13:14:45 - INFO - ✅ Fetched page successfully: 200
2026-02-01 13:14:45 - INFO - ✅ window.__initialData__ extracted successfully
2026-02-01 13:14:45 - ERROR - ❌ Property data node not found in extracted JSON
2026-02-01 13:14:45 - INFO - Sleeping for 3.52 seconds...
2026-02-01 13:14:48 - INFO - Processing property_id: R77650217
2026-02-01 13:14:48 - INFO - 🔤 Detected Alphanumeric ID R77650217 -> calling process
2026-02-01 13:14:50 - INFO - ✅ Fetched page successfully: 200
2026-02-01 13:14:50 - INFO - ✅ window.__initialData__ extracted successfully
2026-02-01 13:14:50 - INFO - ✅ Property node detected
2026-02-01 13:14:50 - INFO - Sleeping for 4.43 seconds...
2026-02-01 13:14:55 - INFO - Processing property_id: E88331296
2026-02-01 13:14:55 - INFO - 🔤 Detected Alphanumeric ID E88331296 -> calling process
2026-02-01 13:14:56 - INFO - ✅ Fetched page successfully: 200
2026-02-01 13:14:57 - INFO - ✅ window.__initialData__ extracted successfully
2026-02-01 13:14:57 - INFO - ✅ Property node detected
2026-02-01 13:14:57 - INFO - Sleeping for 3.81 seconds...
2026-02-01 13:15:01 - INFO - Processing property_id: Y81971434
2026-02-01 13:15:01 - INFO - 🔤 Detected Alphanumeric ID Y81971434 -> calling process
2026-02-01 13:15:03 - INFO - ✅ Fetched page successfully: 200
2026-02-01 13:15:03 - INFO - ✅ window.__initialData__ extracted successfully
2026-02-01 13:15:03 - INFO - ✅ Property node detected
2026-02-01 13:15:03 - INFO - Sleeping for 2.36 seconds...
2026-02-01 13:15:05 - WARNING - 🛑 Rate limit hit (70 requests). Sleeping for 60s...
2026-02-01 13:15:35 - INFO - ▶️ Resuming operations.
2026-02-01 13:15:35 - INFO - Processing property_id: W88336584
2026-02-01 13:15:35 - INFO - 🔤 Detected Alphanumeric ID W88336584 -> calling process
2026-02-01 13:15:37 - ERROR - ❌ Error fetching page: 404 Client Error: Not Found for url: https://www.99acres.com/undefined
2026-02-01 13:15:37 - INFO - ⚠️ Failed to fetch live URL, checking for local file...
2026-02-01 13:15:37 - WARNING - ❌ No local file found.
2026-02-01 13:15:37 - INFO - Sleeping for 2.04 seconds...
2026-02-01 13:15:39 - INFO - Processing property_id: F88330662
2026-02-01 13:15:39 - INFO - 🔤 Detected Alphanumeric ID F88330662 -> calling process
2026-02-01 13:15:41 - INFO - ✅ Fetched page successfully: 200
2026-02-01 13:15:41 - INFO - ✅ window.__initialData__ extracted successfully
2026-02-01 13:15:41 - INFO - ✅ Property node detected
2026-02-01 13:15:41 - INFO - Sleeping for 4.70 seconds...
2026-02-01 13:15:46 - INFO - Processing property_id: F88330126
2026-02-01 13:15:46 - INFO - 🔤 Detected Alphanumeric ID F88330126 -> calling process
2026-02-01 13:15:47 - INFO - ✅ Fetched page successfully: 200
2026-02-01 13:15:47 - INFO - ✅ window.__initialData__ extracted successfully
2026-02-01 13:15:47 - INFO - ✅ Property node detected
2026-02-01 13:15:47 - INFO - Sleeping for 2.70 seconds...
2026-02-01 13:15:50 - INFO - Processing property_id: E88329886
2026-02-01 13:15:50 - INFO - 🔤 Detected Alphanumeric ID E88329886 -> calling process
2026-02-01 13:15:51 - INFO - ✅ Fetched page successfully: 200
2026-02-01 13:15:51 - INFO - ✅ window.__initialData__ extracted successfully
2026-02-01 13:15:51 - INFO - ✅ Property node detected
2026-02-01 13:15:51 - INFO - Sleeping for 2.93 seconds...
2026-02-01 13:15:54 - INFO - Processing property_id: H88329064
2026-02-01 13:15:54 - INFO - 🔤 Detected Alphanumeric ID H88329064 -> calling process
2026-02-01 13:15:56 - INFO - ✅ Fetched page successfully: 200
2026-02-01 13:15:56 - INFO - ✅ window.__initialData__ extracted successfully
2026-02-01 13:15:56 - INFO - ✅ Property node detected
2026-02-01 13:15:56 - INFO - Sleeping for 4.22 seconds...
2026-02-01 13:16:00 - INFO - Processing property_id: W81277269
2026-02-01 13:16:00 - INFO - 🔤 Detected Alphanumeric ID W81277269 -> calling process
2026-02-01 13:16:01 - INFO - ✅ Fetched page successfully: 200
2026-02-01 13:16:01 - INFO - ✅ window.__initialData__ extracted successfully
2026-02-01 13:16:01 - INFO - ✅ Property node detected
2026-02-01 13:16:01 - INFO - Sleeping for 2.90 seconds...
2026-02-01 13:16:04 - INFO - Processing property_id: J88328770
2026-02-01 13:16:04 - INFO - 🔤 Detected Alphanumeric ID J88328770 -> calling process
2026-02-01 13:16:05 - INFO - ▶️ Resuming operations.
2026-02-01 13:16:05 - INFO - Processing property_id: H88330684
2026-02-01 13:16:05 - INFO - 🔤 Detected Alphanumeric ID H88330684 -> calling process
2026-02-01 13:16:05 - INFO - ✅ Fetched page successfully: 200
2026-02-01 13:16:06 - INFO - ✅ window.__initialData__ extracted successfully
2026-02-01 13:16:06 - INFO - ✅ Property node detected
2026-02-01 13:16:06 - INFO - Sleeping for 4.37 seconds...
2026-02-01 13:16:06 - INFO - ✅ Fetched page successfully: 200
2026-02-01 13:16:07 - INFO - ✅ window.__initialData__ extracted successfully
2026-02-01 13:16:07 - INFO - ✅ Property node detected
2026-02-01 13:16:07 - INFO - Sleeping for 4.27 seconds...
2026-02-01 13:16:10 - INFO - Processing property_id: K88327010
2026-02-01 13:16:10 - INFO - 🔤 Detected Alphanumeric ID K88327010 -> calling process
2026-02-01 13:16:11 - INFO - ✅ Fetched page successfully: 200
2026-02-01 13:16:11 - INFO - ✅ window.__initialData__ extracted successfully
2026-02-01 13:16:11 - INFO - ✅ Property node detected
2026-02-01 13:16:11 - INFO - Sleeping for 2.22 seconds...
2026-02-01 13:16:11 - INFO - Processing property_id: F88326934
2026-02-01 13:16:11 - INFO - 🔤 Detected Alphanumeric ID F88326934 -> calling process
2026-02-01 13:16:12 - INFO - ✅ Fetched page successfully: 200
2026-02-01 13:16:13 - INFO - ✅ window.__initialData__ extracted successfully
2026-02-01 13:16:13 - INFO - ✅ Property node detected
2026-02-01 13:16:13 - INFO - Sleeping for 2.38 seconds...
2026-02-01 13:16:13 - INFO - Processing property_id: D88324100
2026-02-01 13:16:13 - INFO - 🔤 Detected Alphanumeric ID D88324100 -> calling process
2026-02-01 13:16:14 - INFO - ✅ Fetched page successfully: 200
2026-02-01 13:16:14 - INFO - ✅ window.__initialData__ extracted successfully
2026-02-01 13:16:14 - INFO - ✅ Property node detected
2026-02-01 13:16:14 - INFO - Sleeping for 4.16 seconds...
2026-02-01 13:16:15 - WARNING - 🛑 Rate limit hit (80 requests). Sleeping for 65s...
2026-02-01 13:16:18 - INFO - Processing property_id: N88322194
2026-02-01 13:16:18 - INFO - 🔤 Detected Alphanumeric ID N88322194 -> calling process
2026-02-01 13:16:19 - INFO - ✅ Fetched page successfully: 200
2026-02-01 13:16:19 - INFO - ✅ window.__initialData__ extracted successfully
2026-02-01 13:16:19 - INFO - ✅ Property node detected
2026-02-01 13:16:19 - INFO - Sleeping for 2.14 seconds...
2026-02-01 13:16:22 - INFO - Processing property_id: K88319798
2026-02-01 13:16:22 - INFO - 🔤 Detected Alphanumeric ID K88319798 -> calling process
2026-02-01 13:16:23 - INFO - ✅ Fetched page successfully: 200
2026-02-01 13:16:23 - INFO - ✅ window.__initialData__ extracted successfully
2026-02-01 13:16:23 - INFO - ✅ Property node detected
2026-02-01 13:16:23 - INFO - Sleeping for 2.24 seconds...
2026-02-01 13:16:25 - INFO - Processing property_id: X85485096
2026-02-01 13:16:25 - INFO - 🔤 Detected Alphanumeric ID X85485096 -> calling process
2026-02-01 13:16:26 - INFO - ✅ Fetched page successfully: 200
2026-02-01 13:16:26 - INFO - ✅ window.__initialData__ extracted successfully
2026-02-01 13:16:26 - INFO - ✅ Property node detected
2026-02-01 13:16:26 - INFO - Sleeping for 3.57 seconds...
2026-02-01 13:16:30 - INFO - Processing property_id: L76579637
2026-02-01 13:16:30 - INFO - 🔤 Detected Alphanumeric ID L76579637 -> calling process
2026-02-01 13:16:31 - INFO - ✅ Fetched page successfully: 200
2026-02-01 13:16:31 - INFO - ✅ window.__initialData__ extracted successfully
2026-02-01 13:16:31 - INFO - ✅ Property node detected
2026-02-01 13:16:31 - INFO - Sleeping for 4.39 seconds...
2026-02-01 13:16:35 - INFO - Processing property_id: T88316188
2026-02-01 13:16:35 - INFO - 🔤 Detected Alphanumeric ID T88316188 -> calling process
2026-02-01 13:16:36 - INFO - ✅ Fetched page successfully: 200
2026-02-01 13:16:36 - INFO - ✅ window.__initialData__ extracted successfully
2026-02-01 13:16:36 - INFO - ✅ Property node detected
2026-02-01 13:16:36 - INFO - Sleeping for 4.26 seconds...
2026-02-01 13:16:41 - INFO - Processing property_id: X88315532
2026-02-01 13:16:41 - INFO - 🔤 Detected Alphanumeric ID X88315532 -> calling process
2026-02-01 13:16:42 - INFO - ✅ Fetched page successfully: 200
2026-02-01 13:16:42 - INFO - ✅ window.__initialData__ extracted successfully
2026-02-01 13:16:42 - INFO - ✅ Property node detected
2026-02-01 13:16:42 - INFO - Sleeping for 4.28 seconds...
2026-02-01 13:16:46 - INFO - Processing property_id: X88315496
2026-02-01 13:16:46 - INFO - 🔤 Detected Alphanumeric ID X88315496 -> calling process
2026-02-01 13:16:47 - INFO - ✅ Fetched page successfully: 200
2026-02-01 13:16:47 - INFO - ✅ window.__initialData__ extracted successfully
2026-02-01 13:16:47 - INFO - ✅ Property node detected
2026-02-01 13:16:47 - INFO - Sleeping for 4.34 seconds...
2026-02-01 13:16:52 - INFO - Processing property_id: D88315446
2026-02-01 13:16:52 - INFO - 🔤 Detected Alphanumeric ID D88315446 -> calling process
2026-02-01 13:16:53 - INFO - ✅ Fetched page successfully: 200
2026-02-01 13:16:53 - INFO - ✅ window.__initialData__ extracted successfully
2026-02-01 13:16:53 - INFO - ✅ Property node detected
2026-02-01 13:16:53 - INFO - Sleeping for 4.64 seconds...
2026-02-01 13:16:58 - INFO - Processing property_id: G88315350
2026-02-01 13:16:58 - INFO - 🔤 Detected Alphanumeric ID G88315350 -> calling process
2026-02-01 13:16:59 - INFO - ✅ Fetched page successfully: 200
2026-02-01 13:16:59 - INFO - ✅ window.__initialData__ extracted successfully
2026-02-01 13:16:59 - INFO - ✅ Property node detected
2026-02-01 13:16:59 - INFO - Sleeping for 3.86 seconds...
2026-02-01 13:17:03 - WARNING - 🛑 Rate limit hit (90 requests). Sleeping for 67s...
2026-02-01 13:17:20 - INFO - ▶️ Resuming operations.
2026-02-01 13:17:20 - INFO - Processing property_id: C70633506
2026-02-01 13:17:20 - INFO - 🔤 Detected Alphanumeric ID C70633506 -> calling process
2026-02-01 13:17:21 - INFO - ✅ Fetched page successfully: 200
2026-02-01 13:17:21 - INFO - ✅ window.__initialData__ extracted successfully
2026-02-01 13:17:21 - INFO - ✅ Property node detected
2026-02-01 13:17:21 - INFO - Sleeping for 4.11 seconds...
2026-02-01 13:17:25 - INFO - Processing property_id: V88314948
2026-02-01 13:17:25 - INFO - 🔤 Detected Alphanumeric ID V88314948 -> calling process
2026-02-01 13:17:28 - INFO - ✅ Fetched page successfully: 200
2026-02-01 13:17:28 - INFO - ✅ window.__initialData__ extracted successfully
2026-02-01 13:17:28 - INFO - ✅ Property node detected
2026-02-01 13:17:28 - INFO - Sleeping for 3.30 seconds...
2026-02-01 13:17:31 - INFO - Processing property_id: D88313048
2026-02-01 13:17:31 - INFO - 🔤 Detected Alphanumeric ID D88313048 -> calling process
2026-02-01 13:17:32 - INFO - ✅ Fetched page successfully: 200
2026-02-01 13:17:32 - INFO - ✅ window.__initialData__ extracted successfully
2026-02-01 13:17:32 - INFO - ✅ Property node detected
2026-02-01 13:17:32 - INFO - Sleeping for 2.53 seconds...
2026-02-01 13:17:35 - INFO - Processing property_id: C88312288
2026-02-01 13:17:35 - INFO - 🔤 Detected Alphanumeric ID C88312288 -> calling process
2026-02-01 13:17:36 - INFO - ✅ Fetched page successfully: 200
2026-02-01 13:17:36 - INFO - ✅ window.__initialData__ extracted successfully
2026-02-01 13:17:36 - INFO - ✅ Property node detected
2026-02-01 13:17:36 - INFO - Sleeping for 3.71 seconds...
2026-02-01 13:17:40 - INFO - Processing property_id: B88311876
2026-02-01 13:17:40 - INFO - 🔤 Detected Alphanumeric ID B88311876 -> calling process
2026-02-01 13:17:41 - INFO - ✅ Fetched page successfully: 200
2026-02-01 13:17:41 - INFO - ✅ window.__initialData__ extracted successfully
2026-02-01 13:17:41 - INFO - ✅ Property node detected
2026-02-01 13:17:41 - INFO - Sleeping for 3.94 seconds...
2026-02-01 13:17:45 - INFO - Processing property_id: O88311776
2026-02-01 13:17:45 - INFO - 🔤 Detected Alphanumeric ID O88311776 -> calling process
2026-02-01 13:17:46 - INFO - ✅ Fetched page successfully: 200
2026-02-01 13:17:46 - INFO - ✅ window.__initialData__ extracted successfully
2026-02-01 13:17:46 - INFO - ✅ Property node detected
2026-02-01 13:17:46 - INFO - Sleeping for 3.61 seconds...
2026-02-01 13:17:50 - INFO - Processing property_id: Q88310754
2026-02-01 13:17:50 - INFO - 🔤 Detected Alphanumeric ID Q88310754 -> calling process
2026-02-01 13:17:51 - INFO - ✅ Fetched page successfully: 200
2026-02-01 13:17:51 - INFO - ✅ window.__initialData__ extracted successfully
2026-02-01 13:17:51 - INFO - ✅ Property node detected
2026-02-01 13:17:51 - INFO - Sleeping for 3.04 seconds...
2026-02-01 13:17:54 - INFO - Processing property_id: L88308688
2026-02-01 13:17:54 - INFO - 🔤 Detected Alphanumeric ID L88308688 -> calling process
2026-02-01 13:17:56 - INFO - ✅ Fetched page successfully: 200
2026-02-01 13:17:56 - INFO - ✅ window.__initialData__ extracted successfully
2026-02-01 13:17:56 - INFO - ✅ Property node detected
2026-02-01 13:17:56 - INFO - Sleeping for 4.19 seconds...
2026-02-01 13:18:00 - INFO - Processing property_id: J88308592
2026-02-01 13:18:00 - INFO - 🔤 Detected Alphanumeric ID J88308592 -> calling process
2026-02-01 13:18:02 - INFO - ✅ Fetched page successfully: 200
2026-02-01 13:18:02 - INFO - ✅ window.__initialData__ extracted successfully
2026-02-01 13:18:02 - INFO - ✅ Property node detected
2026-02-01 13:18:02 - INFO - Sleeping for 2.87 seconds...
2026-02-01 13:18:05 - INFO - Processing property_id: Z88306326
2026-02-01 13:18:05 - INFO - 🔤 Detected Alphanumeric ID Z88306326 -> calling process
2026-02-01 13:18:07 - INFO - ✅ Fetched page successfully: 200
2026-02-01 13:18:07 - INFO - ✅ window.__initialData__ extracted successfully
2026-02-01 13:18:07 - INFO - ✅ Property node detected
2026-02-01 13:18:07 - INFO - Sleeping for 2.02 seconds...
2026-02-01 13:18:09 - WARNING - 🛑 Rate limit hit (100 requests). Sleeping for 90s...
2026-02-01 13:18:10 - INFO - ▶️ Resuming operations.
2026-02-01 13:18:10 - INFO - Processing property_id: U77021697
2026-02-01 13:18:10 - INFO - 🔤 Detected Alphanumeric ID U77021697 -> calling process
2026-02-01 13:18:11 - INFO - ✅ Fetched page successfully: 200
2026-02-01 13:18:12 - INFO - ✅ window.__initialData__ extracted successfully
2026-02-01 13:18:12 - INFO - ✅ Property node detected
2026-02-01 13:18:12 - INFO - Sleeping for 4.83 seconds...
2026-02-01 13:18:16 - INFO - Processing property_id: I80128001
2026-02-01 13:18:16 - INFO - 🔤 Detected Alphanumeric ID I80128001 -> calling process
2026-02-01 13:18:18 - INFO - ✅ Fetched page successfully: 200
2026-02-01 13:18:18 - INFO - ✅ window.__initialData__ extracted successfully
2026-02-01 13:18:18 - INFO - ✅ Property node detected
2026-02-01 13:18:18 - INFO - Sleeping for 4.63 seconds...
2026-02-01 13:18:22 - INFO - Processing property_id: M88304346
2026-02-01 13:18:22 - INFO - 🔤 Detected Alphanumeric ID M88304346 -> calling process
2026-02-01 13:18:24 - INFO - ✅ Fetched page successfully: 200
2026-02-01 13:18:24 - INFO - ✅ window.__initialData__ extracted successfully
2026-02-01 13:18:24 - INFO - ✅ Property node detected
2026-02-01 13:18:24 - INFO - Sleeping for 2.28 seconds...
2026-02-01 13:18:26 - INFO - Processing property_id: T88301600
2026-02-01 13:18:26 - INFO - 🔤 Detected Alphanumeric ID T88301600 -> calling process
2026-02-01 13:18:27 - INFO - ✅ Fetched page successfully: 200
2026-02-01 13:18:27 - INFO - ✅ window.__initialData__ extracted successfully
2026-02-01 13:18:27 - INFO - ✅ Property node detected
2026-02-01 13:18:27 - INFO - Sleeping for 4.00 seconds...
2026-02-01 13:18:31 - INFO - Processing property_id: U88299420
2026-02-01 13:18:31 - INFO - 🔤 Detected Alphanumeric ID U88299420 -> calling process
2026-02-01 13:18:32 - INFO - ✅ Fetched page successfully: 200
2026-02-01 13:18:33 - INFO - ✅ window.__initialData__ extracted successfully
2026-02-01 13:18:33 - INFO - ✅ Property node detected
2026-02-01 13:18:33 - INFO - Sleeping for 2.51 seconds...
2026-02-01 13:18:35 - INFO - Processing property_id: F88299234
2026-02-01 13:18:35 - INFO - 🔤 Detected Alphanumeric ID F88299234 -> calling process
2026-02-01 13:18:36 - INFO - ✅ Fetched page successfully: 200
2026-02-01 13:18:36 - INFO - ✅ window.__initialData__ extracted successfully
2026-02-01 13:18:36 - INFO - ✅ Property node detected
2026-02-01 13:18:36 - INFO - Sleeping for 3.15 seconds...
2026-02-01 13:18:40 - INFO - Processing property_id: K84709154
2026-02-01 13:18:40 - INFO - 🔤 Detected Alphanumeric ID K84709154 -> calling process
2026-02-01 13:18:41 - INFO - ✅ Fetched page successfully: 200
2026-02-01 13:18:41 - INFO - ✅ window.__initialData__ extracted successfully
2026-02-01 13:18:41 - INFO - ✅ Property node detected
2026-02-01 13:18:41 - INFO - Sleeping for 3.33 seconds...
2026-02-01 13:18:44 - INFO - Processing property_id: Q87293972
2026-02-01 13:18:44 - INFO - 🔤 Detected Alphanumeric ID Q87293972 -> calling process
2026-02-01 13:18:45 - INFO - ✅ Fetched page successfully: 200
2026-02-01 13:18:45 - INFO - ✅ window.__initialData__ extracted successfully
2026-02-01 13:18:45 - INFO - ✅ Property node detected
2026-02-01 13:18:45 - INFO - Sleeping for 2.45 seconds...
2026-02-01 13:18:48 - INFO - Processing property_id: G88296218
2026-02-01 13:18:48 - INFO - 🔤 Detected Alphanumeric ID G88296218 -> calling process
2026-02-01 13:18:49 - INFO - ✅ Fetched page successfully: 200
2026-02-01 13:18:49 - INFO - ✅ window.__initialData__ extracted successfully
2026-02-01 13:18:49 - INFO - ✅ Property node detected
2026-02-01 13:18:49 - INFO - Sleeping for 4.06 seconds...
2026-02-01 13:18:53 - INFO - Processing property_id: O88238476
2026-02-01 13:18:53 - INFO - 🔤 Detected Alphanumeric ID O88238476 -> calling process
2026-02-01 13:18:54 - INFO - ✅ Fetched page successfully: 200
2026-02-01 13:18:54 - INFO - ✅ window.__initialData__ extracted successfully
2026-02-01 13:18:54 - INFO - ✅ Property node detected
2026-02-01 13:18:54 - INFO - Sleeping for 4.07 seconds...
2026-02-01 13:18:59 - WARNING - 🛑 Rate limit hit (110 requests). Sleeping for 83s...
2026-02-01 13:19:39 - INFO - ▶️ Resuming operations.
2026-02-01 13:19:39 - INFO - Processing property_id: O88304982
2026-02-01 13:19:39 - INFO - 🔤 Detected Alphanumeric ID O88304982 -> calling process
2026-02-01 13:19:40 - INFO - ✅ Fetched page successfully: 200
2026-02-01 13:19:40 - INFO - ✅ window.__initialData__ extracted successfully
2026-02-01 13:19:40 - INFO - ✅ Property node detected
2026-02-01 13:19:40 - INFO - Sleeping for 2.74 seconds...
2026-02-01 13:19:43 - INFO - Processing property_id: G88291656
2026-02-01 13:19:43 - INFO - 🔤 Detected Alphanumeric ID G88291656 -> calling process
2026-02-01 13:19:44 - INFO - ✅ Fetched page successfully: 200
2026-02-01 13:19:44 - INFO - ✅ window.__initialData__ extracted successfully
2026-02-01 13:19:44 - INFO - ✅ Property node detected
2026-02-01 13:19:44 - INFO - Sleeping for 3.32 seconds...
2026-02-01 13:19:47 - INFO - Processing property_id: D88291416
2026-02-01 13:19:47 - INFO - 🔤 Detected Alphanumeric ID D88291416 -> calling process
2026-02-01 13:19:48 - INFO - ✅ Fetched page successfully: 200
2026-02-01 13:19:49 - INFO - ✅ window.__initialData__ extracted successfully
2026-02-01 13:19:49 - INFO - ✅ Property node detected
2026-02-01 13:19:49 - INFO - Sleeping for 2.37 seconds...
2026-02-01 13:19:51 - INFO - Processing property_id: P78310193
2026-02-01 13:19:51 - INFO - 🔤 Detected Alphanumeric ID P78310193 -> calling process
2026-02-01 13:19:53 - INFO - ✅ Fetched page successfully: 200
2026-02-01 13:19:53 - INFO - ✅ window.__initialData__ extracted successfully
2026-02-01 13:19:53 - INFO - ✅ Property node detected
2026-02-01 13:19:53 - INFO - Sleeping for 3.20 seconds...
2026-02-01 13:19:56 - INFO - Processing property_id: C88286756
2026-02-01 13:19:56 - INFO - 🔤 Detected Alphanumeric ID C88286756 -> calling process
2026-02-01 13:19:57 - INFO - ✅ Fetched page successfully: 200
2026-02-01 13:19:57 - INFO - ✅ window.__initialData__ extracted successfully
2026-02-01 13:19:57 - INFO - ✅ Property node detected
2026-02-01 13:19:57 - INFO - Sleeping for 3.39 seconds...
2026-02-01 13:20:01 - INFO - Processing property_id: L88286164
2026-02-01 13:20:01 - INFO - 🔤 Detected Alphanumeric ID L88286164 -> calling process
2026-02-01 13:20:02 - INFO - ✅ Fetched page successfully: 200
2026-02-01 13:20:02 - INFO - ✅ window.__initialData__ extracted successfully
2026-02-01 13:20:02 - INFO - ✅ Property node detected
2026-02-01 13:20:02 - INFO - Sleeping for 2.98 seconds...
2026-02-01 13:20:05 - INFO - Processing property_id: W88285734
2026-02-01 13:20:05 - INFO - 🔤 Detected Alphanumeric ID W88285734 -> calling process
2026-02-01 13:20:06 - INFO - ✅ Fetched page successfully: 200
2026-02-01 13:20:06 - INFO - ✅ window.__initialData__ extracted successfully
2026-02-01 13:20:06 - INFO - ✅ Property node detected
2026-02-01 13:20:06 - INFO - Sleeping for 3.06 seconds...
2026-02-01 13:20:09 - INFO - Processing property_id: G87620456
2026-02-01 13:20:09 - INFO - 🔤 Detected Alphanumeric ID G87620456 -> calling process
2026-02-01 13:20:10 - INFO - ✅ Fetched page successfully: 200
2026-02-01 13:20:10 - INFO - ✅ window.__initialData__ extracted successfully
2026-02-01 13:20:10 - INFO - ✅ Property node detected
2026-02-01 13:20:10 - INFO - Sleeping for 2.07 seconds...
2026-02-01 13:20:12 - INFO - Processing property_id: W88282850
2026-02-01 13:20:12 - INFO - 🔤 Detected Alphanumeric ID W88282850 -> calling process
2026-02-01 13:20:13 - INFO - ✅ Fetched page successfully: 200
2026-02-01 13:20:13 - INFO - ✅ window.__initialData__ extracted successfully
2026-02-01 13:20:13 - INFO - ✅ Property node detected
2026-02-01 13:20:13 - INFO - Sleeping for 3.25 seconds...
2026-02-01 13:20:17 - INFO - Processing property_id: A87604228
2026-02-01 13:20:17 - INFO - 🔤 Detected Alphanumeric ID A87604228 -> calling process
2026-02-01 13:20:18 - INFO - ✅ Fetched page successfully: 200
2026-02-01 13:20:18 - INFO - ✅ window.__initialData__ extracted successfully
2026-02-01 13:20:18 - INFO - ✅ Property node detected
2026-02-01 13:20:18 - INFO - Sleeping for 3.19 seconds...
2026-02-01 13:20:21 - WARNING - 🛑 Rate limit hit (120 requests). Sleeping for 103s...
2026-02-01 13:20:22 - INFO - ▶️ Resuming operations.
2026-02-01 13:20:22 - INFO - Processing property_id: O70495704
2026-02-01 13:20:22 - INFO - 🔤 Detected Alphanumeric ID O70495704 -> calling process
2026-02-01 13:20:23 - INFO - ✅ Fetched page successfully: 200
2026-02-01 13:20:23 - INFO - ✅ window.__initialData__ extracted successfully
2026-02-01 13:20:23 - INFO - ✅ Property node detected
2026-02-01 13:20:23 - INFO - Sleeping for 2.67 seconds...
2026-02-01 13:20:26 - INFO - Processing property_id: D88280542
2026-02-01 13:20:26 - INFO - 🔤 Detected Alphanumeric ID D88280542 -> calling process
2026-02-01 13:20:26 - INFO - ✅ Fetched page successfully: 200
2026-02-01 13:20:26 - INFO - ✅ window.__initialData__ extracted successfully
2026-02-01 13:20:26 - INFO - ✅ Property node detected
2026-02-01 13:20:26 - INFO - Sleeping for 3.65 seconds...
2026-02-01 13:20:30 - INFO - Processing property_id: H57930222
2026-02-01 13:20:30 - INFO - 🔤 Detected Alphanumeric ID H57930222 -> calling process
2026-02-01 13:20:31 - INFO - ✅ Fetched page successfully: 200
2026-02-01 13:20:31 - INFO - ✅ window.__initialData__ extracted successfully
2026-02-01 13:20:31 - INFO - ✅ Property node detected
2026-02-01 13:20:31 - INFO - Sleeping for 4.70 seconds...
2026-02-01 13:20:36 - INFO - Processing property_id: S88279398
2026-02-01 13:20:36 - INFO - 🔤 Detected Alphanumeric ID S88279398 -> calling process
2026-02-01 13:20:37 - INFO - ✅ Fetched page successfully: 200
2026-02-01 13:20:37 - INFO - ✅ window.__initialData__ extracted successfully
2026-02-01 13:20:37 - INFO - ✅ Property node detected
2026-02-01 13:20:37 - INFO - Sleeping for 3.14 seconds...
2026-02-01 13:20:40 - INFO - Processing property_id: A87835188
2026-02-01 13:20:40 - INFO - 🔤 Detected Alphanumeric ID A87835188 -> calling process
2026-02-01 13:20:41 - INFO - ✅ Fetched page successfully: 200
2026-02-01 13:20:41 - INFO - ✅ window.__initialData__ extracted successfully
2026-02-01 13:20:41 - INFO - ✅ Property node detected
2026-02-01 13:20:41 - INFO - Sleeping for 3.95 seconds...
2026-02-01 13:20:45 - INFO - Processing property_id: D88258890
2026-02-01 13:20:45 - INFO - 🔤 Detected Alphanumeric ID D88258890 -> calling process
2026-02-01 13:20:46 - INFO - ✅ Fetched page successfully: 200
2026-02-01 13:20:46 - INFO - ✅ window.__initialData__ extracted successfully
2026-02-01 13:20:46 - INFO - ✅ Property node detected
2026-02-01 13:20:46 - INFO - Sleeping for 2.50 seconds...
2026-02-01 13:20:48 - INFO - Processing property_id: Z88243456
2026-02-01 13:20:48 - INFO - 🔤 Detected Alphanumeric ID Z88243456 -> calling process
2026-02-01 13:20:49 - INFO - ✅ Fetched page successfully: 200
2026-02-01 13:20:50 - INFO - ✅ window.__initialData__ extracted successfully
2026-02-01 13:20:50 - INFO - ✅ Property node detected
2026-02-01 13:20:50 - INFO - Sleeping for 3.05 seconds...
2026-02-01 13:20:53 - INFO - Processing property_id: J88216624
2026-02-01 13:20:53 - INFO - 🔤 Detected Alphanumeric ID J88216624 -> calling process
2026-02-01 13:20:54 - INFO - ✅ Fetched page successfully: 200
2026-02-01 13:20:54 - INFO - ✅ window.__initialData__ extracted successfully
2026-02-01 13:20:54 - INFO - ✅ Property node detected
2026-02-01 13:20:54 - INFO - Sleeping for 2.27 seconds...
2026-02-01 13:20:56 - INFO - Processing property_id: C88271812
2026-02-01 13:20:56 - INFO - 🔤 Detected Alphanumeric ID C88271812 -> calling process
2026-02-01 13:20:57 - INFO - ✅ Fetched page successfully: 200
2026-02-01 13:20:57 - INFO - ✅ window.__initialData__ extracted successfully
2026-02-01 13:20:57 - INFO - ✅ Property node detected
2026-02-01 13:20:57 - INFO - Sleeping for 4.20 seconds...
2026-02-01 13:21:01 - INFO - Processing property_id: G84841656
2026-02-01 13:21:01 - INFO - 🔤 Detected Alphanumeric ID G84841656 -> calling process
2026-02-01 13:21:02 - INFO - ✅ Fetched page successfully: 200
2026-02-01 13:21:02 - INFO - ✅ window.__initialData__ extracted successfully
2026-02-01 13:21:02 - INFO - ✅ Property node detected
2026-02-01 13:21:02 - INFO - Sleeping for 2.52 seconds...
2026-02-01 13:21:05 - WARNING - 🛑 Rate limit hit (130 requests). Sleeping for 118s...
2026-02-01 13:22:04 - INFO - ▶️ Resuming operations.
2026-02-01 13:22:04 - INFO - Processing property_id: V88281884
2026-02-01 13:22:04 - INFO - 🔤 Detected Alphanumeric ID V88281884 -> calling process
2026-02-01 13:22:05 - INFO - ✅ Fetched page successfully: 200
2026-02-01 13:22:06 - INFO - ✅ window.__initialData__ extracted successfully
2026-02-01 13:22:06 - INFO - ✅ Property node detected
2026-02-01 13:22:06 - INFO - Sleeping for 4.02 seconds...
2026-02-01 13:22:10 - INFO - Processing property_id: Z52594582
2026-02-01 13:22:10 - INFO - 🔤 Detected Alphanumeric ID Z52594582 -> calling process
2026-02-01 13:22:11 - INFO - ✅ Fetched page successfully: 200
2026-02-01 13:22:11 - INFO - ✅ window.__initialData__ extracted successfully
2026-02-01 13:22:11 - INFO - ✅ Property node detected
2026-02-01 13:22:11 - INFO - Sleeping for 2.06 seconds...
2026-02-01 13:22:13 - INFO - Processing property_id: N68756898
2026-02-01 13:22:13 - INFO - 🔤 Detected Alphanumeric ID N68756898 -> calling process
2026-02-01 13:22:14 - INFO - ✅ Fetched page successfully: 200
2026-02-01 13:22:14 - INFO - ✅ window.__initialData__ extracted successfully
2026-02-01 13:22:14 - INFO - ✅ Property node detected
2026-02-01 13:22:14 - INFO - Sleeping for 4.36 seconds...
2026-02-01 13:22:18 - INFO - Processing property_id: Y88269336
2026-02-01 13:22:18 - INFO - 🔤 Detected Alphanumeric ID Y88269336 -> calling process
2026-02-01 13:22:20 - INFO - ✅ Fetched page successfully: 200
2026-02-01 13:22:20 - INFO - ✅ window.__initialData__ extracted successfully
2026-02-01 13:22:20 - INFO - ✅ Property node detected
2026-02-01 13:22:20 - INFO - Sleeping for 4.05 seconds...
2026-02-01 13:22:24 - INFO - Processing property_id: D88267486
2026-02-01 13:22:24 - INFO - 🔤 Detected Alphanumeric ID D88267486 -> calling process
2026-02-01 13:22:25 - INFO - ✅ Fetched page successfully: 200
2026-02-01 13:22:25 - INFO - ✅ window.__initialData__ extracted successfully
2026-02-01 13:22:25 - INFO - ✅ Property node detected
2026-02-01 13:22:25 - INFO - Sleeping for 2.20 seconds...
2026-02-01 13:22:28 - INFO - Processing property_id: N87439378
2026-02-01 13:22:28 - INFO - 🔤 Detected Alphanumeric ID N87439378 -> calling process
2026-02-01 13:22:29 - INFO - ✅ Fetched page successfully: 200
2026-02-01 13:22:29 - INFO - ✅ window.__initialData__ extracted successfully
2026-02-01 13:22:29 - INFO - ✅ Property node detected
2026-02-01 13:22:29 - INFO - Sleeping for 4.24 seconds...
2026-02-01 13:22:33 - INFO - Processing property_id: K88264898
2026-02-01 13:22:33 - INFO - 🔤 Detected Alphanumeric ID K88264898 -> calling process
2026-02-01 13:22:34 - INFO - ✅ Fetched page successfully: 200
2026-02-01 13:22:34 - INFO - ✅ window.__initialData__ extracted successfully
2026-02-01 13:22:34 - INFO - ✅ Property node detected
2026-02-01 13:22:34 - INFO - Sleeping for 3.76 seconds...
2026-02-01 13:22:38 - INFO - Processing property_id: Z88264562
2026-02-01 13:22:38 - INFO - 🔤 Detected Alphanumeric ID Z88264562 -> calling process
2026-02-01 13:22:39 - INFO - ✅ Fetched page successfully: 200
2026-02-01 13:22:39 - INFO - ✅ window.__initialData__ extracted successfully
2026-02-01 13:22:39 - INFO - ✅ Property node detected
2026-02-01 13:22:39 - INFO - Sleeping for 2.37 seconds...
2026-02-01 13:22:41 - INFO - Processing property_id: R88264512
2026-02-01 13:22:41 - INFO - 🔤 Detected Alphanumeric ID R88264512 -> calling process
2026-02-01 13:22:43 - INFO - ✅ Fetched page successfully: 200
2026-02-01 13:22:43 - INFO - ✅ window.__initialData__ extracted successfully
2026-02-01 13:22:43 - INFO - ✅ Property node detected
2026-02-01 13:22:43 - INFO - Sleeping for 3.37 seconds...
2026-02-01 13:22:46 - INFO - Processing property_id: G88264152
2026-02-01 13:22:46 - INFO - 🔤 Detected Alphanumeric ID G88264152 -> calling process
2026-02-01 13:22:47 - INFO - ✅ Fetched page successfully: 200
2026-02-01 13:22:47 - INFO - ✅ window.__initialData__ extracted successfully
2026-02-01 13:22:47 - INFO - ✅ Property node detected
2026-02-01 13:22:47 - INFO - Sleeping for 3.92 seconds...
2026-02-01 13:22:51 - WARNING - 🛑 Rate limit hit (140 requests). Sleeping for 84s...
2026-02-01 13:23:03 - INFO - ▶️ Resuming operations.
2026-02-01 13:23:03 - INFO - Processing property_id: M88270796
2026-02-01 13:23:03 - INFO - 🔤 Detected Alphanumeric ID M88270796 -> calling process
2026-02-01 13:23:04 - INFO - ✅ Fetched page successfully: 200
2026-02-01 13:23:04 - INFO - ✅ window.__initialData__ extracted successfully
2026-02-01 13:23:04 - INFO - ✅ Property node detected
2026-02-01 13:23:04 - INFO - Sleeping for 2.70 seconds...
2026-02-01 13:23:07 - INFO - Processing property_id: Y88264030
2026-02-01 13:23:07 - INFO - 🔤 Detected Alphanumeric ID Y88264030 -> calling process
2026-02-01 13:23:08 - INFO - ✅ Fetched page successfully: 200
2026-02-01 13:23:08 - INFO - ✅ window.__initialData__ extracted successfully
2026-02-01 13:23:08 - INFO - ✅ Property node detected
2026-02-01 13:23:08 - INFO - Sleeping for 3.69 seconds...
2026-02-01 13:23:12 - INFO - Processing property_id: O88264028
2026-02-01 13:23:12 - INFO - 🔤 Detected Alphanumeric ID O88264028 -> calling process
2026-02-01 13:23:13 - INFO - ✅ Fetched page successfully: 200
2026-02-01 13:23:13 - INFO - ✅ window.__initialData__ extracted successfully
2026-02-01 13:23:13 - INFO - ✅ Property node detected
2026-02-01 13:23:13 - INFO - Sleeping for 4.46 seconds...
2026-02-01 13:23:18 - INFO - Processing property_id: I88263778
2026-02-01 13:23:18 - INFO - 🔤 Detected Alphanumeric ID I88263778 -> calling process
2026-02-01 13:23:19 - INFO - ✅ Fetched page successfully: 200
2026-02-01 13:23:19 - INFO - ✅ window.__initialData__ extracted successfully
2026-02-01 13:23:19 - INFO - ✅ Property node detected
2026-02-01 13:23:19 - INFO - Sleeping for 4.21 seconds...
2026-02-01 13:23:23 - INFO - Processing property_id: A88263752
2026-02-01 13:23:23 - INFO - 🔤 Detected Alphanumeric ID A88263752 -> calling process
2026-02-01 13:23:25 - INFO - ✅ Fetched page successfully: 200
2026-02-01 13:23:25 - INFO - ✅ window.__initialData__ extracted successfully
2026-02-01 13:23:25 - INFO - ✅ Property node detected
2026-02-01 13:23:25 - INFO - Sleeping for 2.21 seconds...
2026-02-01 13:23:27 - INFO - Processing property_id: H88262298
2026-02-01 13:23:27 - INFO - 🔤 Detected Alphanumeric ID H88262298 -> calling process
2026-02-01 13:23:29 - INFO - ✅ Fetched page successfully: 200
2026-02-01 13:23:29 - INFO - ✅ window.__initialData__ extracted successfully
2026-02-01 13:23:29 - INFO - ✅ Property node detected
2026-02-01 13:23:29 - INFO - Sleeping for 3.73 seconds...
2026-02-01 13:23:33 - INFO - Processing property_id: B88262220
2026-02-01 13:23:33 - INFO - 🔤 Detected Alphanumeric ID B88262220 -> calling process
2026-02-01 13:23:34 - INFO - ✅ Fetched page successfully: 200
2026-02-01 13:23:34 - INFO - ✅ window.__initialData__ extracted successfully
2026-02-01 13:23:34 - INFO - ✅ Property node detected
2026-02-01 13:23:34 - INFO - Sleeping for 3.82 seconds...
2026-02-01 13:23:38 - INFO - Processing property_id: R88261790
2026-02-01 13:23:38 - INFO - 🔤 Detected Alphanumeric ID R88261790 -> calling process
2026-02-01 13:23:39 - INFO - ✅ Fetched page successfully: 200
2026-02-01 13:23:39 - INFO - ✅ window.__initialData__ extracted successfully
2026-02-01 13:23:39 - INFO - ✅ Property node detected
2026-02-01 13:23:39 - INFO - Sleeping for 3.29 seconds...
2026-02-01 13:23:43 - INFO - Processing property_id: S88261302
2026-02-01 13:23:43 - INFO - 🔤 Detected Alphanumeric ID S88261302 -> calling process
2026-02-01 13:23:44 - INFO - ✅ Fetched page successfully: 200
2026-02-01 13:23:44 - INFO - ✅ window.__initialData__ extracted successfully
2026-02-01 13:23:44 - INFO - ✅ Property node detected
2026-02-01 13:23:44 - INFO - Sleeping for 2.55 seconds...
2026-02-01 13:23:47 - INFO - Processing property_id: E86063142
2026-02-01 13:23:47 - INFO - 🔤 Detected Alphanumeric ID E86063142 -> calling process
2026-02-01 13:23:47 - INFO - ✅ Fetched page successfully: 200
2026-02-01 13:23:48 - INFO - ✅ window.__initialData__ extracted successfully
2026-02-01 13:23:48 - INFO - ✅ Property node detected
2026-02-01 13:23:48 - INFO - Sleeping for 2.35 seconds...
2026-02-01 13:23:50 - WARNING - 🛑 Rate limit hit (150 requests). Sleeping for 60s...
2026-02-01 13:24:15 - INFO - ▶️ Resuming operations.
2026-02-01 13:24:15 - INFO - Processing property_id: K88264102
2026-02-01 13:24:15 - INFO - 🔤 Detected Alphanumeric ID K88264102 -> calling process
2026-02-01 13:24:17 - INFO - ✅ Fetched page successfully: 200
2026-02-01 13:24:17 - INFO - ✅ window.__initialData__ extracted successfully
2026-02-01 13:24:17 - INFO - ✅ Property node detected
2026-02-01 13:24:17 - INFO - Sleeping for 3.23 seconds...
2026-02-01 13:24:20 - INFO - Processing property_id: I88259670
2026-02-01 13:24:20 - INFO - 🔤 Detected Alphanumeric ID I88259670 -> calling process
2026-02-01 13:24:21 - INFO - ✅ Fetched page successfully: 200
2026-02-01 13:24:21 - INFO - ✅ window.__initialData__ extracted successfully
2026-02-01 13:24:21 - INFO - ✅ Property node detected
2026-02-01 13:24:21 - INFO - Sleeping for 3.09 seconds...
2026-02-01 13:24:24 - INFO - Processing property_id: C79660215
2026-02-01 13:24:24 - INFO - 🔤 Detected Alphanumeric ID C79660215 -> calling process
2026-02-01 13:24:26 - INFO - ✅ Fetched page successfully: 200
2026-02-01 13:24:26 - INFO - ✅ window.__initialData__ extracted successfully
2026-02-01 13:24:26 - INFO - ✅ Property node detected
2026-02-01 13:24:26 - INFO - Sleeping for 3.63 seconds...
2026-02-01 13:24:29 - INFO - Processing property_id: X88214994
2026-02-01 13:24:29 - INFO - 🔤 Detected Alphanumeric ID X88214994 -> calling process
2026-02-01 13:24:30 - INFO - ✅ Fetched page successfully: 200
2026-02-01 13:24:30 - INFO - ✅ window.__initialData__ extracted successfully
2026-02-01 13:24:30 - INFO - ✅ Property node detected
2026-02-01 13:24:30 - INFO - Sleeping for 3.02 seconds...
2026-02-01 13:24:34 - INFO - Processing property_id: B81208733
2026-02-01 13:24:34 - INFO - 🔤 Detected Alphanumeric ID B81208733 -> calling process
2026-02-01 13:24:35 - INFO - ✅ Fetched page successfully: 200
2026-02-01 13:24:35 - INFO - ✅ window.__initialData__ extracted successfully
2026-02-01 13:24:35 - INFO - ✅ Property node detected
2026-02-01 13:24:35 - INFO - Sleeping for 3.90 seconds...
2026-02-01 13:24:39 - INFO - Processing property_id: G88253956
2026-02-01 13:24:39 - INFO - 🔤 Detected Alphanumeric ID G88253956 -> calling process
2026-02-01 13:24:40 - INFO - ✅ Fetched page successfully: 200
2026-02-01 13:24:40 - INFO - ✅ window.__initialData__ extracted successfully
2026-02-01 13:24:40 - INFO - ✅ Property node detected
2026-02-01 13:24:40 - INFO - Sleeping for 4.05 seconds...
2026-02-01 13:24:44 - INFO - Processing property_id: U85740680
2026-02-01 13:24:44 - INFO - 🔤 Detected Alphanumeric ID U85740680 -> calling process
2026-02-01 13:24:45 - INFO - ✅ Fetched page successfully: 200
2026-02-01 13:24:45 - INFO - ✅ window.__initialData__ extracted successfully
2026-02-01 13:24:45 - INFO - ✅ Property node detected
2026-02-01 13:24:45 - INFO - Sleeping for 2.58 seconds...
2026-02-01 13:24:48 - INFO - Processing property_id: I88251800
2026-02-01 13:24:48 - INFO - 🔤 Detected Alphanumeric ID I88251800 -> calling process
2026-02-01 13:24:50 - INFO - ▶️ Resuming operations.
2026-02-01 13:24:50 - INFO - Processing property_id: X88260296
2026-02-01 13:24:50 - INFO - 🔤 Detected Alphanumeric ID X88260296 -> calling process
2026-02-01 13:24:50 - INFO - ✅ Fetched page successfully: 200
2026-02-01 13:24:50 - INFO - ✅ window.__initialData__ extracted successfully
2026-02-01 13:24:50 - INFO - ✅ Property node detected
2026-02-01 13:24:50 - INFO - Sleeping for 3.11 seconds...
2026-02-01 13:24:51 - INFO - ✅ Fetched page successfully: 200
2026-02-01 13:24:51 - INFO - ✅ window.__initialData__ extracted successfully
2026-02-01 13:24:51 - INFO - ✅ Property node detected
2026-02-01 13:24:51 - INFO - Sleeping for 2.50 seconds...
2026-02-01 13:24:53 - INFO - Processing property_id: N78544717
2026-02-01 13:24:53 - INFO - 🔤 Detected Alphanumeric ID N78544717 -> calling process
2026-02-01 13:24:54 - INFO - Processing property_id: S82095966
2026-02-01 13:24:54 - INFO - 🔤 Detected Alphanumeric ID S82095966 -> calling process
2026-02-01 13:24:55 - INFO - ✅ Fetched page successfully: 200
2026-02-01 13:24:55 - INFO - ✅ window.__initialData__ extracted successfully
2026-02-01 13:24:55 - INFO - ✅ Property node detected
2026-02-01 13:24:55 - INFO - Sleeping for 3.88 seconds...
2026-02-01 13:24:55 - INFO - ✅ Fetched page successfully: 200
2026-02-01 13:24:55 - INFO - ✅ window.__initialData__ extracted successfully
2026-02-01 13:24:55 - INFO - ✅ Property node detected
2026-02-01 13:24:55 - INFO - Sleeping for 3.74 seconds...
2026-02-01 13:24:59 - WARNING - 🛑 Rate limit hit (160 requests). Sleeping for 93s...
2026-02-01 13:24:59 - INFO - Processing property_id: N88246718
2026-02-01 13:24:59 - INFO - 🔤 Detected Alphanumeric ID N88246718 -> calling process
2026-02-01 13:25:00 - INFO - ✅ Fetched page successfully: 200
2026-02-01 13:25:00 - INFO - ✅ window.__initialData__ extracted successfully
2026-02-01 13:25:00 - INFO - ✅ Property node detected
2026-02-01 13:25:00 - INFO - Sleeping for 4.95 seconds...
2026-02-01 13:25:05 - INFO - Processing property_id: X88245764
2026-02-01 13:25:05 - INFO - 🔤 Detected Alphanumeric ID X88245764 -> calling process
2026-02-01 13:25:06 - INFO - ✅ Fetched page successfully: 200
2026-02-01 13:25:06 - INFO - ✅ window.__initialData__ extracted successfully
2026-02-01 13:25:06 - INFO - ✅ Property node detected
2026-02-01 13:25:06 - INFO - Sleeping for 4.07 seconds...
2026-02-01 13:25:10 - INFO - Processing property_id: H88244728
2026-02-01 13:25:10 - INFO - 🔤 Detected Alphanumeric ID H88244728 -> calling process
2026-02-01 13:25:11 - INFO - ✅ Fetched page successfully: 200
2026-02-01 13:25:12 - INFO - ✅ window.__initialData__ extracted successfully
2026-02-01 13:25:12 - INFO - ✅ Property node detected
2026-02-01 13:25:12 - INFO - Sleeping for 2.39 seconds...
2026-02-01 13:25:14 - INFO - Processing property_id: K88242460
2026-02-01 13:25:14 - INFO - 🔤 Detected Alphanumeric ID K88242460 -> calling process
2026-02-01 13:25:15 - INFO - ✅ Fetched page successfully: 200
2026-02-01 13:25:15 - INFO - ✅ window.__initialData__ extracted successfully
2026-02-01 13:25:15 - INFO - ✅ Property node detected
2026-02-01 13:25:15 - INFO - Sleeping for 3.27 seconds...
2026-02-01 13:25:19 - INFO - Processing property_id: M88242288
2026-02-01 13:25:19 - INFO - 🔤 Detected Alphanumeric ID M88242288 -> calling process
2026-02-01 13:25:20 - INFO - ✅ Fetched page successfully: 200
2026-02-01 13:25:20 - INFO - ✅ window.__initialData__ extracted successfully
2026-02-01 13:25:20 - INFO - ✅ Property node detected
2026-02-01 13:25:20 - INFO - Sleeping for 3.03 seconds...
2026-02-01 13:25:23 - INFO - Processing property_id: C88240390
2026-02-01 13:25:23 - INFO - 🔤 Detected Alphanumeric ID C88240390 -> calling process
2026-02-01 13:25:24 - INFO - ✅ Fetched page successfully: 200
2026-02-01 13:25:24 - INFO - ✅ window.__initialData__ extracted successfully
2026-02-01 13:25:24 - INFO - ✅ Property node detected
2026-02-01 13:25:24 - INFO - Sleeping for 2.98 seconds...
2026-02-01 13:25:27 - INFO - Processing property_id: T88237008
2026-02-01 13:25:27 - INFO - 🔤 Detected Alphanumeric ID T88237008 -> calling process
2026-02-01 13:25:28 - INFO - ✅ Fetched page successfully: 200
2026-02-01 13:25:28 - INFO - ✅ window.__initialData__ extracted successfully
2026-02-01 13:25:28 - INFO - ✅ Property node detected
2026-02-01 13:25:28 - INFO - Sleeping for 3.92 seconds...
2026-02-01 13:25:32 - INFO - Processing property_id: I86013676
2026-02-01 13:25:32 - INFO - 🔤 Detected Alphanumeric ID I86013676 -> calling process
2026-02-01 13:25:33 - INFO - ✅ Fetched page successfully: 200
2026-02-01 13:25:33 - INFO - ✅ window.__initialData__ extracted successfully
2026-02-01 13:25:33 - INFO - ✅ Property node detected
2026-02-01 13:25:33 - INFO - Sleeping for 3.66 seconds...
2026-02-01 13:25:37 - INFO - Processing property_id: Q88234914
2026-02-01 13:25:37 - INFO - 🔤 Detected Alphanumeric ID Q88234914 -> calling process
2026-02-01 13:25:38 - INFO - ✅ Fetched page successfully: 200
2026-02-01 13:25:38 - INFO - ✅ window.__initialData__ extracted successfully
2026-02-01 13:25:38 - INFO - ✅ Property node detected
2026-02-01 13:25:38 - INFO - Sleeping for 3.24 seconds...
2026-02-01 13:25:41 - WARNING - 🛑 Rate limit hit (170 requests). Sleeping for 72s...
2026-02-01 13:26:32 - INFO - ▶️ Resuming operations.
2026-02-01 13:26:32 - INFO - Processing property_id: N88247780
2026-02-01 13:26:32 - INFO - 🔤 Detected Alphanumeric ID N88247780 -> calling process
2026-02-01 13:26:34 - INFO - ✅ Fetched page successfully: 200
2026-02-01 13:26:34 - INFO - ✅ window.__initialData__ extracted successfully
2026-02-01 13:26:34 - INFO - ✅ Property node detected
2026-02-01 13:26:34 - INFO - Sleeping for 4.64 seconds...
2026-02-01 13:26:39 - INFO - Processing property_id: Y88233074
2026-02-01 13:26:39 - INFO - 🔤 Detected Alphanumeric ID Y88233074 -> calling process
2026-02-01 13:26:40 - INFO - ✅ Fetched page successfully: 200
2026-02-01 13:26:41 - INFO - ✅ window.__initialData__ extracted successfully
2026-02-01 13:26:41 - INFO - ✅ Property node detected
2026-02-01 13:26:41 - INFO - Sleeping for 4.78 seconds...
2026-02-01 13:26:45 - INFO - Processing property_id: C88114006
2026-02-01 13:26:45 - INFO - 🔤 Detected Alphanumeric ID C88114006 -> calling process
2026-02-01 13:26:47 - INFO - ✅ Fetched page successfully: 200
2026-02-01 13:26:47 - INFO - ✅ window.__initialData__ extracted successfully
2026-02-01 13:26:47 - INFO - ✅ Property node detected
2026-02-01 13:26:47 - INFO - Sleeping for 2.19 seconds...
2026-02-01 13:26:49 - INFO - Processing property_id: R88232220
2026-02-01 13:26:49 - INFO - 🔤 Detected Alphanumeric ID R88232220 -> calling process
2026-02-01 13:26:50 - INFO - ✅ Fetched page successfully: 200
2026-02-01 13:26:50 - INFO - ✅ window.__initialData__ extracted successfully
2026-02-01 13:26:50 - INFO - ✅ Property node detected
2026-02-01 13:26:50 - INFO - Sleeping for 3.12 seconds...
2026-02-01 13:26:53 - INFO - Processing property_id: M88230170
2026-02-01 13:26:53 - INFO - 🔤 Detected Alphanumeric ID M88230170 -> calling process
2026-02-01 13:26:53 - INFO - ▶️ Resuming operations.
2026-02-01 13:26:53 - INFO - Processing property_id: I88234778
2026-02-01 13:26:53 - INFO - 🔤 Detected Alphanumeric ID I88234778 -> calling process
2026-02-01 13:26:54 - INFO - ✅ Fetched page successfully: 200
2026-02-01 13:26:54 - INFO - ✅ window.__initialData__ extracted successfully
2026-02-01 13:26:54 - INFO - ✅ Property node detected
2026-02-01 13:26:54 - INFO - Sleeping for 3.89 seconds...
2026-02-01 13:26:54 - INFO - ✅ Fetched page successfully: 200
2026-02-01 13:26:54 - INFO - ✅ window.__initialData__ extracted successfully
2026-02-01 13:26:54 - INFO - ✅ Property node detected
2026-02-01 13:26:54 - INFO - Sleeping for 2.53 seconds...
2026-02-01 13:26:57 - INFO - Processing property_id: V88214896
2026-02-01 13:26:57 - INFO - 🔤 Detected Alphanumeric ID V88214896 -> calling process
2026-02-01 13:26:58 - INFO - Processing property_id: Z52869644
2026-02-01 13:26:58 - INFO - 🔤 Detected Alphanumeric ID Z52869644 -> calling process
2026-02-01 13:26:58 - INFO - ✅ Fetched page successfully: 200
2026-02-01 13:26:58 - INFO - ✅ window.__initialData__ extracted successfully
2026-02-01 13:26:58 - INFO - ✅ Property node detected
2026-02-01 13:26:58 - INFO - Sleeping for 2.61 seconds...
2026-02-01 13:26:59 - INFO - ✅ Fetched page successfully: 200
2026-02-01 13:26:59 - INFO - ✅ window.__initialData__ extracted successfully
2026-02-01 13:26:59 - INFO - ✅ Property node detected
2026-02-01 13:26:59 - INFO - Sleeping for 3.51 seconds...
2026-02-01 13:27:01 - INFO - Processing property_id: E88227786
2026-02-01 13:27:01 - INFO - 🔤 Detected Alphanumeric ID E88227786 -> calling process
2026-02-01 13:27:02 - INFO - ✅ Fetched page successfully: 200
2026-02-01 13:27:02 - INFO - ✅ window.__initialData__ extracted successfully
2026-02-01 13:27:02 - INFO - ✅ Property node detected
2026-02-01 13:27:02 - INFO - Sleeping for 3.99 seconds...
2026-02-01 13:27:03 - INFO - Processing property_id: Y88225504
2026-02-01 13:27:03 - INFO - 🔤 Detected Alphanumeric ID Y88225504 -> calling process
2026-02-01 13:27:04 - INFO - ✅ Fetched page successfully: 200
2026-02-01 13:27:04 - INFO - ✅ window.__initialData__ extracted successfully
2026-02-01 13:27:04 - INFO - ✅ Property node detected
2026-02-01 13:27:04 - INFO - Sleeping for 4.86 seconds...
2026-02-01 13:27:06 - INFO - Processing property_id: A88222138
2026-02-01 13:27:06 - INFO - 🔤 Detected Alphanumeric ID A88222138 -> calling process
2026-02-01 13:27:07 - INFO - ✅ Fetched page successfully: 200
2026-02-01 13:27:07 - INFO - ✅ window.__initialData__ extracted successfully
2026-02-01 13:27:07 - INFO - ✅ Property node detected
2026-02-01 13:27:07 - INFO - Sleeping for 2.25 seconds...
2026-02-01 13:27:09 - WARNING - 🛑 Rate limit hit (180 requests). Sleeping for 67s...
2026-02-01 13:27:10 - INFO - Processing property_id: R88220804
2026-02-01 13:27:10 - INFO - 🔤 Detected Alphanumeric ID R88220804 -> calling process
2026-02-01 13:27:11 - INFO - ✅ Fetched page successfully: 200
2026-02-01 13:27:11 - INFO - ✅ window.__initialData__ extracted successfully
2026-02-01 13:27:11 - INFO - ✅ Property node detected
2026-02-01 13:27:11 - INFO - Sleeping for 3.26 seconds...
2026-02-01 13:27:14 - INFO - Processing property_id: I88173246
2026-02-01 13:27:14 - INFO - 🔤 Detected Alphanumeric ID I88173246 -> calling process
2026-02-01 13:27:16 - INFO - ✅ Fetched page successfully: 200
2026-02-01 13:27:16 - INFO - ✅ window.__initialData__ extracted successfully
2026-02-01 13:27:16 - INFO - ✅ Property node detected
2026-02-01 13:27:16 - INFO - Sleeping for 4.22 seconds...
2026-02-01 13:27:21 - INFO - Processing property_id: Y68829680
2026-02-01 13:27:21 - INFO - 🔤 Detected Alphanumeric ID Y68829680 -> calling process
2026-02-01 13:27:23 - INFO - ✅ Fetched page successfully: 200
2026-02-01 13:27:23 - INFO - ✅ window.__initialData__ extracted successfully
2026-02-01 13:27:23 - INFO - ✅ Property node detected
2026-02-01 13:27:23 - INFO - Sleeping for 4.21 seconds...
2026-02-01 13:27:27 - INFO - Processing property_id: C83523588
2026-02-01 13:27:27 - INFO - 🔤 Detected Alphanumeric ID C83523588 -> calling process
2026-02-01 13:27:28 - INFO - ✅ Fetched page successfully: 200
2026-02-01 13:27:28 - INFO - ✅ window.__initialData__ extracted successfully
2026-02-01 13:27:28 - INFO - ✅ Property node detected
2026-02-01 13:27:28 - INFO - Sleeping for 4.53 seconds...
2026-02-01 13:27:33 - INFO - Processing property_id: X88214038
2026-02-01 13:27:33 - INFO - 🔤 Detected Alphanumeric ID X88214038 -> calling process
2026-02-01 13:27:34 - INFO - ✅ Fetched page successfully: 200
2026-02-01 13:27:34 - INFO - ✅ window.__initialData__ extracted successfully
2026-02-01 13:27:34 - INFO - ✅ Property node detected
2026-02-01 13:27:34 - INFO - Sleeping for 4.51 seconds...
2026-02-01 13:27:39 - INFO - Processing property_id: I88213594
2026-02-01 13:27:39 - INFO - 🔤 Detected Alphanumeric ID I88213594 -> calling process
2026-02-01 13:27:40 - INFO - ✅ Fetched page successfully: 200
2026-02-01 13:27:40 - INFO - ✅ window.__initialData__ extracted successfully
2026-02-01 13:27:40 - INFO - ✅ Property node detected
2026-02-01 13:27:40 - INFO - Sleeping for 2.77 seconds...
2026-02-01 13:27:43 - INFO - Processing property_id: N88213520
2026-02-01 13:27:43 - INFO - 🔤 Detected Alphanumeric ID N88213520 -> calling process
2026-02-01 13:27:44 - INFO - ✅ Fetched page successfully: 200
2026-02-01 13:27:44 - INFO - ✅ window.__initialData__ extracted successfully
2026-02-01 13:27:44 - INFO - ✅ Property node detected
2026-02-01 13:27:44 - INFO - Sleeping for 2.21 seconds...
2026-02-01 13:27:46 - INFO - Processing property_id: P88212916
2026-02-01 13:27:46 - INFO - 🔤 Detected Alphanumeric ID P88212916 -> calling process
2026-02-01 13:27:49 - INFO - ✅ Fetched page successfully: 200
2026-02-01 13:27:49 - INFO - ✅ window.__initialData__ extracted successfully
2026-02-01 13:27:49 - INFO - ✅ Property node detected
2026-02-01 13:27:49 - INFO - Sleeping for 3.46 seconds...
2026-02-01 13:27:52 - INFO - Processing property_id: V88211790
2026-02-01 13:27:52 - INFO - 🔤 Detected Alphanumeric ID V88211790 -> calling process
2026-02-01 13:27:53 - INFO - ✅ Fetched page successfully: 200
2026-02-01 13:27:53 - INFO - ✅ window.__initialData__ extracted successfully
2026-02-01 13:27:53 - INFO - ✅ Property node detected
2026-02-01 13:27:53 - INFO - Sleeping for 3.61 seconds...
2026-02-01 13:27:57 - WARNING - 🛑 Rate limit hit (190 requests). Sleeping for 98s...
2026-02-01 13:28:16 - INFO - ▶️ Resuming operations.
2026-02-01 13:28:16 - INFO - Processing property_id: C88165942
2026-02-01 13:28:16 - INFO - 🔤 Detected Alphanumeric ID C88165942 -> calling process
2026-02-01 13:28:17 - INFO - ✅ Fetched page successfully: 200
2026-02-01 13:28:17 - INFO - ✅ window.__initialData__ extracted successfully
2026-02-01 13:28:17 - INFO - ✅ Property node detected
2026-02-01 13:28:17 - INFO - Sleeping for 2.07 seconds...
2026-02-01 13:28:19 - INFO - Processing property_id: I88210942
2026-02-01 13:28:19 - INFO - 🔤 Detected Alphanumeric ID I88210942 -> calling process
2026-02-01 13:28:20 - INFO - ✅ Fetched page successfully: 200
2026-02-01 13:28:20 - INFO - ✅ window.__initialData__ extracted successfully
2026-02-01 13:28:20 - INFO - ✅ Property node detected
2026-02-01 13:28:20 - INFO - Sleeping for 4.77 seconds...
2026-02-01 13:28:25 - INFO - Processing property_id: E88210632
2026-02-01 13:28:25 - INFO - 🔤 Detected Alphanumeric ID E88210632 -> calling process
2026-02-01 13:28:26 - INFO - ✅ Fetched page successfully: 200
2026-02-01 13:28:26 - INFO - ✅ window.__initialData__ extracted successfully
2026-02-01 13:28:26 - INFO - ✅ Property node detected
2026-02-01 13:28:26 - INFO - Sleeping for 2.16 seconds...
2026-02-01 13:28:28 - INFO - Processing property_id: G88209538
2026-02-01 13:28:28 - INFO - 🔤 Detected Alphanumeric ID G88209538 -> calling process
2026-02-01 13:28:29 - INFO - ✅ Fetched page successfully: 200
2026-02-01 13:28:29 - INFO - ✅ window.__initialData__ extracted successfully
2026-02-01 13:28:29 - INFO - ✅ Property node detected
2026-02-01 13:28:29 - INFO - Sleeping for 3.24 seconds...
2026-02-01 13:28:33 - INFO - Processing property_id: X88209170
2026-02-01 13:28:33 - INFO - 🔤 Detected Alphanumeric ID X88209170 -> calling process
2026-02-01 13:28:34 - INFO - ✅ Fetched page successfully: 200
2026-02-01 13:28:34 - INFO - ✅ window.__initialData__ extracted successfully
2026-02-01 13:28:34 - INFO - ✅ Property node detected
2026-02-01 13:28:34 - INFO - Sleeping for 3.57 seconds...
2026-02-01 13:28:37 - INFO - Processing property_id: B88208282
2026-02-01 13:28:37 - INFO - 🔤 Detected Alphanumeric ID B88208282 -> calling process
2026-02-01 13:28:38 - INFO - ✅ Fetched page successfully: 200
2026-02-01 13:28:38 - INFO - ✅ window.__initialData__ extracted successfully
2026-02-01 13:28:38 - INFO - ✅ Property node detected
2026-02-01 13:28:38 - INFO - Sleeping for 3.33 seconds...
2026-02-01 13:28:42 - INFO - Processing property_id: W88207946
2026-02-01 13:28:42 - INFO - 🔤 Detected Alphanumeric ID W88207946 -> calling process
2026-02-01 13:28:43 - INFO - ✅ Fetched page successfully: 200
2026-02-01 13:28:43 - INFO - ✅ window.__initialData__ extracted successfully
2026-02-01 13:28:43 - INFO - ✅ Property node detected
2026-02-01 13:28:43 - INFO - Sleeping for 4.37 seconds...
2026-02-01 13:28:47 - INFO - Processing property_id: A46556013
2026-02-01 13:28:47 - INFO - 🔤 Detected Alphanumeric ID A46556013 -> calling process
2026-02-01 13:28:48 - INFO - ✅ Fetched page successfully: 200
2026-02-01 13:28:48 - INFO - ✅ window.__initialData__ extracted successfully
2026-02-01 13:28:48 - INFO - ✅ Property node detected
2026-02-01 13:28:48 - INFO - Sleeping for 4.91 seconds...
2026-02-01 13:28:53 - INFO - Processing property_id: B88205860
2026-02-01 13:28:53 - INFO - 🔤 Detected Alphanumeric ID B88205860 -> calling process
2026-02-01 13:28:55 - INFO - ✅ Fetched page successfully: 200
2026-02-01 13:28:55 - INFO - ✅ window.__initialData__ extracted successfully
2026-02-01 13:28:55 - INFO - ✅ Property node detected
2026-02-01 13:28:55 - INFO - Sleeping for 2.30 seconds...
2026-02-01 13:28:57 - INFO - Processing property_id: E40294537
2026-02-01 13:28:57 - INFO - 🔤 Detected Alphanumeric ID E40294537 -> calling process
2026-02-01 13:28:59 - INFO - ✅ Fetched page successfully: 200
2026-02-01 13:28:59 - INFO - ✅ window.__initialData__ extracted successfully
2026-02-01 13:28:59 - INFO - ✅ Property node detected
2026-02-01 13:28:59 - INFO - Sleeping for 2.82 seconds...
2026-02-01 13:29:02 - WARNING - 🛑 Rate limit hit (200 requests). Sleeping for 114s...
2026-02-01 13:29:35 - INFO - ▶️ Resuming operations.
2026-02-01 13:29:35 - INFO - Processing property_id: H88211620
2026-02-01 13:29:35 - INFO - 🔤 Detected Alphanumeric ID H88211620 -> calling process
2026-02-01 13:29:36 - INFO - ✅ Fetched page successfully: 200
2026-02-01 13:29:36 - INFO - ✅ window.__initialData__ extracted successfully
2026-02-01 13:29:36 - INFO - ✅ Property node detected
2026-02-01 13:29:36 - INFO - Sleeping for 4.05 seconds...
2026-02-01 13:29:40 - INFO - Processing property_id: Q61487480
2026-02-01 13:29:40 - INFO - 🔤 Detected Alphanumeric ID Q61487480 -> calling process
2026-02-01 13:29:42 - INFO - ✅ Fetched page successfully: 200
2026-02-01 13:29:42 - INFO - ✅ window.__initialData__ extracted successfully
2026-02-01 13:29:42 - INFO - ✅ Property node detected
2026-02-01 13:29:42 - INFO - Sleeping for 4.38 seconds...
2026-02-01 13:29:46 - INFO - Processing property_id: T88204232
2026-02-01 13:29:46 - INFO - 🔤 Detected Alphanumeric ID T88204232 -> calling process
2026-02-01 13:29:47 - INFO - ✅ Fetched page successfully: 200
2026-02-01 13:29:48 - INFO - ✅ window.__initialData__ extracted successfully
2026-02-01 13:29:48 - INFO - ✅ Property node detected
2026-02-01 13:29:48 - INFO - Sleeping for 3.28 seconds...
2026-02-01 13:29:51 - INFO - Processing property_id: X88203850
2026-02-01 13:29:51 - INFO - 🔤 Detected Alphanumeric ID X88203850 -> calling process
2026-02-01 13:29:52 - INFO - ✅ Fetched page successfully: 200
2026-02-01 13:29:52 - INFO - ✅ window.__initialData__ extracted successfully
2026-02-01 13:29:52 - INFO - ✅ Property node detected
2026-02-01 13:29:52 - INFO - Sleeping for 2.72 seconds...
2026-02-01 13:29:54 - INFO - Processing property_id: B67964648
2026-02-01 13:29:54 - INFO - 🔤 Detected Alphanumeric ID B67964648 -> calling process
2026-02-01 13:29:55 - INFO - ✅ Fetched page successfully: 200
2026-02-01 13:29:55 - INFO - ✅ window.__initialData__ extracted successfully
2026-02-01 13:29:55 - INFO - ✅ Property node detected
2026-02-01 13:29:55 - INFO - Sleeping for 3.55 seconds...
2026-02-01 13:29:59 - INFO - Processing property_id: C88203182
2026-02-01 13:29:59 - INFO - 🔤 Detected Alphanumeric ID C88203182 -> calling process
2026-02-01 13:30:00 - INFO - ✅ Fetched page successfully: 200
2026-02-01 13:30:00 - INFO - ✅ window.__initialData__ extracted successfully
2026-02-01 13:30:00 - INFO - ✅ Property node detected
2026-02-01 13:30:00 - INFO - Sleeping for 3.14 seconds...
2026-02-01 13:30:03 - INFO - Processing property_id: L88202912
2026-02-01 13:30:03 - INFO - 🔤 Detected Alphanumeric ID L88202912 -> calling process
2026-02-01 13:30:04 - INFO - ✅ Fetched page successfully: 200
2026-02-01 13:30:05 - INFO - ✅ window.__initialData__ extracted successfully
2026-02-01 13:30:05 - INFO - ✅ Property node detected
2026-02-01 13:30:05 - INFO - Sleeping for 3.45 seconds...
2026-02-01 13:30:08 - INFO - Processing property_id: X88198224
2026-02-01 13:30:08 - INFO - 🔤 Detected Alphanumeric ID X88198224 -> calling process
2026-02-01 13:30:10 - INFO - ✅ Fetched page successfully: 200
2026-02-01 13:30:10 - INFO - ✅ window.__initialData__ extracted successfully
2026-02-01 13:30:10 - INFO - ✅ Property node detected
2026-02-01 13:30:10 - INFO - Sleeping for 2.70 seconds...
2026-02-01 13:30:13 - INFO - Processing property_id: S81158759
2026-02-01 13:30:13 - INFO - 🔤 Detected Alphanumeric ID S81158759 -> calling process
2026-02-01 13:30:14 - INFO - ✅ Fetched page successfully: 200
2026-02-01 13:30:14 - INFO - ✅ window.__initialData__ extracted successfully
2026-02-01 13:30:14 - INFO - ✅ Property node detected
2026-02-01 13:30:14 - INFO - Sleeping for 3.84 seconds...
2026-02-01 13:30:17 - INFO - Processing property_id: B88156016
2026-02-01 13:30:17 - INFO - 🔤 Detected Alphanumeric ID B88156016 -> calling process
2026-02-01 13:30:20 - INFO - ✅ Fetched page successfully: 200
2026-02-01 13:30:20 - INFO - ✅ window.__initialData__ extracted successfully
2026-02-01 13:30:20 - ERROR - ❌ Property data node not found in extracted JSON
2026-02-01 13:30:20 - INFO - Sleeping for 4.98 seconds...
2026-02-01 13:30:25 - WARNING - 🛑 Rate limit hit (210 requests). Sleeping for 70s...
2026-02-01 13:30:56 - INFO - ▶️ Resuming operations.
2026-02-01 13:30:56 - INFO - Processing property_id: G88205530
2026-02-01 13:30:56 - INFO - 🔤 Detected Alphanumeric ID G88205530 -> calling process
2026-02-01 13:30:57 - INFO - ✅ Fetched page successfully: 200
2026-02-01 13:30:57 - INFO - ✅ window.__initialData__ extracted successfully
2026-02-01 13:30:57 - INFO - ✅ Property node detected
2026-02-01 13:30:57 - INFO - Sleeping for 4.66 seconds...
2026-02-01 13:31:02 - INFO - Processing property_id: Y73378385
2026-02-01 13:31:02 - INFO - 🔤 Detected Alphanumeric ID Y73378385 -> calling process
2026-02-01 13:31:03 - INFO - ✅ Fetched page successfully: 200
2026-02-01 13:31:03 - INFO - ✅ window.__initialData__ extracted successfully
2026-02-01 13:31:03 - INFO - ✅ Property node detected
2026-02-01 13:31:03 - INFO - Sleeping for 4.81 seconds...
2026-02-01 13:31:08 - INFO - Processing property_id: Q76596257
2026-02-01 13:31:08 - INFO - 🔤 Detected Alphanumeric ID Q76596257 -> calling process
2026-02-01 13:31:09 - INFO - ✅ Fetched page successfully: 200
2026-02-01 13:31:09 - INFO - ✅ window.__initialData__ extracted successfully
2026-02-01 13:31:09 - INFO - ✅ Property node detected
2026-02-01 13:31:09 - INFO - Sleeping for 4.63 seconds...
2026-02-01 13:31:13 - INFO - Processing property_id: F88192212
2026-02-01 13:31:13 - INFO - 🔤 Detected Alphanumeric ID F88192212 -> calling process
2026-02-01 13:31:15 - INFO - ✅ Fetched page successfully: 200
2026-02-01 13:31:15 - INFO - ✅ window.__initialData__ extracted successfully
2026-02-01 13:31:15 - INFO - ✅ Property node detected
2026-02-01 13:31:15 - INFO - Sleeping for 3.01 seconds...
2026-02-01 13:31:18 - INFO - Processing property_id: Z88191842
2026-02-01 13:31:18 - INFO - 🔤 Detected Alphanumeric ID Z88191842 -> calling process
2026-02-01 13:31:19 - INFO - ✅ Fetched page successfully: 200
2026-02-01 13:31:19 - INFO - ✅ window.__initialData__ extracted successfully
2026-02-01 13:31:19 - INFO - ✅ Property node detected
2026-02-01 13:31:19 - INFO - Sleeping for 2.82 seconds...
2026-02-01 13:31:22 - INFO - Processing property_id: O88191150
2026-02-01 13:31:22 - INFO - 🔤 Detected Alphanumeric ID O88191150 -> calling process
2026-02-01 13:31:23 - INFO - ✅ Fetched page successfully: 200
2026-02-01 13:31:23 - INFO - ✅ window.__initialData__ extracted successfully
2026-02-01 13:31:23 - INFO - ✅ Property node detected
2026-02-01 13:31:23 - INFO - Sleeping for 2.01 seconds...
2026-02-01 13:31:25 - INFO - Processing property_id: I88190100
2026-02-01 13:31:25 - INFO - 🔤 Detected Alphanumeric ID I88190100 -> calling process
2026-02-01 13:31:26 - INFO - ✅ Fetched page successfully: 200
2026-02-01 13:31:26 - INFO - ✅ window.__initialData__ extracted successfully
2026-02-01 13:31:26 - INFO - ✅ Property node detected
2026-02-01 13:31:26 - INFO - Sleeping for 3.36 seconds...
2026-02-01 13:31:30 - INFO - Processing property_id: Q88186390
2026-02-01 13:31:30 - INFO - 🔤 Detected Alphanumeric ID Q88186390 -> calling process
2026-02-01 13:31:31 - INFO - ✅ Fetched page successfully: 200
2026-02-01 13:31:31 - INFO - ✅ window.__initialData__ extracted successfully
2026-02-01 13:31:31 - INFO - ✅ Property node detected
2026-02-01 13:31:31 - INFO - Sleeping for 3.96 seconds...
2026-02-01 13:31:35 - INFO - Processing property_id: W88168102
2026-02-01 13:31:35 - INFO - 🔤 Detected Alphanumeric ID W88168102 -> calling process
2026-02-01 13:31:35 - INFO - ▶️ Resuming operations.
2026-02-01 13:31:35 - INFO - Processing property_id: C76092259
2026-02-01 13:31:35 - INFO - 🔤 Detected Alphanumeric ID C76092259 -> calling process
2026-02-01 13:31:36 - INFO - ✅ Fetched page successfully: 200
2026-02-01 13:31:36 - INFO - ✅ window.__initialData__ extracted successfully
2026-02-01 13:31:36 - INFO - ✅ Property node detected
2026-02-01 13:31:36 - INFO - Sleeping for 2.95 seconds...
2026-02-01 13:31:37 - INFO - ✅ Fetched page successfully: 200
2026-02-01 13:31:37 - INFO - ✅ window.__initialData__ extracted successfully
2026-02-01 13:31:37 - INFO - ✅ Property node detected
2026-02-01 13:31:37 - INFO - Sleeping for 4.18 seconds...
2026-02-01 13:31:39 - INFO - Processing property_id: Q87791530
2026-02-01 13:31:39 - INFO - 🔤 Detected Alphanumeric ID Q87791530 -> calling process
2026-02-01 13:31:40 - INFO - ✅ Fetched page successfully: 200
2026-02-01 13:31:40 - INFO - ✅ window.__initialData__ extracted successfully
2026-02-01 13:31:40 - INFO - ✅ Property node detected
2026-02-01 13:31:40 - INFO - Sleeping for 2.25 seconds...
2026-02-01 13:31:41 - WARNING - 🛑 Rate limit hit (220 requests). Sleeping for 62s...
2026-02-01 13:31:42 - INFO - Processing property_id: N88181558
2026-02-01 13:31:42 - INFO - 🔤 Detected Alphanumeric ID N88181558 -> calling process
2026-02-01 13:31:44 - INFO - ✅ Fetched page successfully: 200
2026-02-01 13:31:44 - INFO - ✅ window.__initialData__ extracted successfully
2026-02-01 13:31:44 - INFO - ✅ Property node detected
2026-02-01 13:31:44 - INFO - Sleeping for 3.74 seconds...
2026-02-01 13:31:47 - INFO - Processing property_id: I64576000
2026-02-01 13:31:47 - INFO - 🔤 Detected Alphanumeric ID I64576000 -> calling process
2026-02-01 13:31:48 - INFO - ✅ Fetched page successfully: 200
2026-02-01 13:31:49 - INFO - ✅ window.__initialData__ extracted successfully
2026-02-01 13:31:49 - INFO - ✅ Property node detected
2026-02-01 13:31:49 - INFO - Sleeping for 3.16 seconds...
2026-02-01 13:31:52 - INFO - Processing property_id: B88177758
2026-02-01 13:31:52 - INFO - 🔤 Detected Alphanumeric ID B88177758 -> calling process
2026-02-01 13:31:53 - INFO - ✅ Fetched page successfully: 200
2026-02-01 13:31:53 - INFO - ✅ window.__initialData__ extracted successfully
2026-02-01 13:31:53 - INFO - ✅ Property node detected
2026-02-01 13:31:53 - INFO - Sleeping for 3.27 seconds...
2026-02-01 13:31:56 - INFO - Processing property_id: H88177182
2026-02-01 13:31:56 - INFO - 🔤 Detected Alphanumeric ID H88177182 -> calling process
2026-02-01 13:31:57 - INFO - ✅ Fetched page successfully: 200
2026-02-01 13:31:58 - INFO - ✅ window.__initialData__ extracted successfully
2026-02-01 13:31:58 - INFO - ✅ Property node detected
2026-02-01 13:31:58 - INFO - Sleeping for 4.70 seconds...
2026-02-01 13:32:02 - INFO - Processing property_id: E88177030
2026-02-01 13:32:02 - INFO - 🔤 Detected Alphanumeric ID E88177030 -> calling process
2026-02-01 13:32:04 - INFO - ✅ Fetched page successfully: 200
2026-02-01 13:32:04 - INFO - ✅ window.__initialData__ extracted successfully
2026-02-01 13:32:04 - INFO - ✅ Property node detected
2026-02-01 13:32:04 - INFO - Sleeping for 3.60 seconds...
2026-02-01 13:32:07 - INFO - Processing property_id: V87479468
2026-02-01 13:32:07 - INFO - 🔤 Detected Alphanumeric ID V87479468 -> calling process
2026-02-01 13:32:08 - INFO - ✅ Fetched page successfully: 200
2026-02-01 13:32:08 - INFO - ✅ window.__initialData__ extracted successfully
2026-02-01 13:32:08 - INFO - ✅ Property node detected
2026-02-01 13:32:08 - INFO - Sleeping for 4.87 seconds...
2026-02-01 13:32:13 - INFO - Processing property_id: I26695491
2026-02-01 13:32:13 - INFO - 🔤 Detected Alphanumeric ID I26695491 -> calling process
2026-02-01 13:32:15 - INFO - ✅ Fetched page successfully: 200
2026-02-01 13:32:15 - INFO - ✅ window.__initialData__ extracted successfully
2026-02-01 13:32:15 - INFO - ✅ Property node detected
2026-02-01 13:32:15 - INFO - Sleeping for 2.17 seconds...
2026-02-01 13:32:17 - INFO - Processing property_id: Z88176116
2026-02-01 13:32:17 - INFO - 🔤 Detected Alphanumeric ID Z88176116 -> calling process
2026-02-01 13:32:18 - INFO - ✅ Fetched page successfully: 200
2026-02-01 13:32:18 - INFO - ✅ window.__initialData__ extracted successfully
2026-02-01 13:32:18 - INFO - ✅ Property node detected
2026-02-01 13:32:18 - INFO - Sleeping for 4.67 seconds...
2026-02-01 13:32:23 - INFO - Processing property_id: T88175886
2026-02-01 13:32:23 - INFO - 🔤 Detected Alphanumeric ID T88175886 -> calling process
2026-02-01 13:32:24 - INFO - ✅ Fetched page successfully: 200
2026-02-01 13:32:24 - INFO - ✅ window.__initialData__ extracted successfully
2026-02-01 13:32:24 - INFO - ✅ Property node detected
2026-02-01 13:32:24 - INFO - Sleeping for 2.07 seconds...
2026-02-01 13:32:26 - WARNING - 🛑 Rate limit hit (230 requests). Sleeping for 97s...
2026-02-01 13:32:43 - INFO - ▶️ Resuming operations.
2026-02-01 13:32:43 - INFO - Processing property_id: 458615
2026-02-01 13:32:43 - INFO - 🔢 Detected Numeric ID 458615 -> calling process_single_project
2026-02-01 13:32:43 - INFO - Fetching details for project ID: 458615
2026-02-01 13:32:58 - ERROR - Error fetching project details: HTTPSConnectionPool(host='www.99acres.com', port=443): Read timed out. (read timeout=15)
2026-02-01 13:32:58 - INFO - Sleeping for 2.04 seconds...
2026-02-01 13:33:00 - INFO - Processing property_id: W87060092
2026-02-01 13:33:00 - INFO - 🔤 Detected Alphanumeric ID W87060092 -> calling process
2026-02-01 13:33:01 - INFO - ✅ Fetched page successfully: 200
2026-02-01 13:33:02 - INFO - ✅ window.__initialData__ extracted successfully
2026-02-01 13:33:02 - INFO - ✅ Property node detected
2026-02-01 13:33:02 - INFO - Sleeping for 3.53 seconds...
2026-02-01 13:33:05 - INFO - Processing property_id: W29187797
2026-02-01 13:33:05 - INFO - 🔤 Detected Alphanumeric ID W29187797 -> calling process
2026-02-01 13:33:06 - INFO - ✅ Fetched page successfully: 200
2026-02-01 13:33:06 - INFO - ✅ window.__initialData__ extracted successfully
2026-02-01 13:33:06 - INFO - ✅ Property node detected
2026-02-01 13:33:06 - INFO - Sleeping for 3.65 seconds...
2026-02-01 13:33:10 - INFO - Processing property_id: E88174804
2026-02-01 13:33:10 - INFO - 🔤 Detected Alphanumeric ID E88174804 -> calling process
2026-02-01 13:33:11 - INFO - ✅ Fetched page successfully: 200
2026-02-01 13:33:11 - INFO - ✅ window.__initialData__ extracted successfully
2026-02-01 13:33:11 - INFO - ✅ Property node detected
2026-02-01 13:33:11 - INFO - Sleeping for 2.87 seconds...
2026-02-01 13:33:14 - INFO - Processing property_id: T75173793
2026-02-01 13:33:14 - INFO - 🔤 Detected Alphanumeric ID T75173793 -> calling process
2026-02-01 13:33:15 - INFO - ✅ Fetched page successfully: 200
2026-02-01 13:33:15 - INFO - ✅ window.__initialData__ extracted successfully
2026-02-01 13:33:15 - INFO - ✅ Property node detected
2026-02-01 13:33:15 - INFO - Sleeping for 4.37 seconds...
2026-02-01 13:33:19 - INFO - Processing property_id: F88172348
2026-02-01 13:33:19 - INFO - 🔤 Detected Alphanumeric ID F88172348 -> calling process
2026-02-01 13:33:21 - INFO - ✅ Fetched page successfully: 200
2026-02-01 13:33:21 - INFO - ✅ window.__initialData__ extracted successfully
2026-02-01 13:33:21 - INFO - ✅ Property node detected
2026-02-01 13:33:21 - INFO - Sleeping for 3.75 seconds...
2026-02-01 13:33:25 - INFO - Processing property_id: Y88172292
2026-02-01 13:33:25 - INFO - 🔤 Detected Alphanumeric ID Y88172292 -> calling process
2026-02-01 13:33:26 - INFO - ✅ Fetched page successfully: 200
2026-02-01 13:33:26 - INFO - ✅ window.__initialData__ extracted successfully
2026-02-01 13:33:26 - INFO - ✅ Property node detected
2026-02-01 13:33:26 - INFO - Sleeping for 3.42 seconds...
2026-02-01 13:33:30 - INFO - Processing property_id: Z71451206
2026-02-01 13:33:30 - INFO - 🔤 Detected Alphanumeric ID Z71451206 -> calling process
2026-02-01 13:33:31 - INFO - ✅ Fetched page successfully: 200
2026-02-01 13:33:31 - INFO - ✅ window.__initialData__ extracted successfully
2026-02-01 13:33:31 - INFO - ✅ Property node detected
2026-02-01 13:33:31 - INFO - Sleeping for 4.58 seconds...
2026-02-01 13:33:36 - INFO - Processing property_id: F88171112
2026-02-01 13:33:36 - INFO - 🔤 Detected Alphanumeric ID F88171112 -> calling process
2026-02-01 13:33:37 - INFO - ✅ Fetched page successfully: 200
2026-02-01 13:33:37 - INFO - ✅ window.__initialData__ extracted successfully
2026-02-01 13:33:37 - INFO - ✅ Property node detected
2026-02-01 13:33:37 - INFO - Sleeping for 3.98 seconds...
2026-02-01 13:33:41 - INFO - Processing property_id: M80311807
2026-02-01 13:33:41 - INFO - 🔤 Detected Alphanumeric ID M80311807 -> calling process
2026-02-01 13:33:42 - INFO - ✅ Fetched page successfully: 200
2026-02-01 13:33:42 - INFO - ✅ window.__initialData__ extracted successfully
2026-02-01 13:33:42 - INFO - ✅ Property node detected
2026-02-01 13:33:42 - INFO - Sleeping for 2.76 seconds...
2026-02-01 13:33:45 - WARNING - 🛑 Rate limit hit (240 requests). Sleeping for 102s...
2026-02-01 13:34:03 - INFO - ▶️ Resuming operations.
2026-02-01 13:34:03 - INFO - Processing property_id: X88159038
2026-02-01 13:34:03 - INFO - 🔤 Detected Alphanumeric ID X88159038 -> calling process
2026-02-01 13:34:04 - INFO - ✅ Fetched page successfully: 200
2026-02-01 13:34:04 - INFO - ✅ window.__initialData__ extracted successfully
2026-02-01 13:34:04 - INFO - ✅ Property node detected
2026-02-01 13:34:04 - INFO - Sleeping for 4.80 seconds...
2026-02-01 13:34:09 - INFO - Processing property_id: H88169266
2026-02-01 13:34:09 - INFO - 🔤 Detected Alphanumeric ID H88169266 -> calling process
2026-02-01 13:34:10 - INFO - ✅ Fetched page successfully: 200
2026-02-01 13:34:10 - INFO - ✅ window.__initialData__ extracted successfully
2026-02-01 13:34:10 - INFO - ✅ Property node detected
2026-02-01 13:34:10 - INFO - Sleeping for 4.00 seconds...
2026-02-01 13:34:14 - INFO - Processing property_id: R87709550
2026-02-01 13:34:14 - INFO - 🔤 Detected Alphanumeric ID R87709550 -> calling process
2026-02-01 13:34:15 - INFO - ✅ Fetched page successfully: 200
2026-02-01 13:34:15 - INFO - ✅ window.__initialData__ extracted successfully
2026-02-01 13:34:15 - INFO - ✅ Property node detected
2026-02-01 13:34:15 - INFO - Sleeping for 4.07 seconds...
2026-02-01 13:34:19 - INFO - Processing property_id: G88168354
2026-02-01 13:34:19 - INFO - 🔤 Detected Alphanumeric ID G88168354 -> calling process
2026-02-01 13:34:20 - INFO - ✅ Fetched page successfully: 200
2026-02-01 13:34:21 - INFO - ✅ window.__initialData__ extracted successfully
2026-02-01 13:34:21 - INFO - ✅ Property node detected
2026-02-01 13:34:21 - INFO - Sleeping for 4.19 seconds...
2026-02-01 13:34:25 - INFO - Processing property_id: V88139252
2026-02-01 13:34:25 - INFO - 🔤 Detected Alphanumeric ID V88139252 -> calling process
2026-02-01 13:34:27 - INFO - ✅ Fetched page successfully: 200
2026-02-01 13:34:27 - INFO - ✅ window.__initialData__ extracted successfully
2026-02-01 13:34:27 - INFO - ✅ Property node detected
2026-02-01 13:34:27 - INFO - Sleeping for 4.40 seconds...
2026-02-01 13:34:31 - INFO - Processing property_id: S85644268
2026-02-01 13:34:31 - INFO - 🔤 Detected Alphanumeric ID S85644268 -> calling process
2026-02-01 13:34:32 - INFO - ✅ Fetched page successfully: 200
2026-02-01 13:34:33 - INFO - ✅ window.__initialData__ extracted successfully
2026-02-01 13:34:33 - INFO - ✅ Property node detected
2026-02-01 13:34:33 - INFO - Sleeping for 4.24 seconds...
2026-02-01 13:34:37 - INFO - Processing property_id: Q85541100
2026-02-01 13:34:37 - INFO - 🔤 Detected Alphanumeric ID Q85541100 -> calling process
2026-02-01 13:34:38 - INFO - ✅ Fetched page successfully: 200
2026-02-01 13:34:38 - INFO - ✅ window.__initialData__ extracted successfully
2026-02-01 13:34:38 - INFO - ✅ Property node detected
2026-02-01 13:34:38 - INFO - Sleeping for 3.33 seconds...
2026-02-01 13:34:41 - INFO - Processing property_id: D88166484
2026-02-01 13:34:41 - INFO - 🔤 Detected Alphanumeric ID D88166484 -> calling process
2026-02-01 13:34:42 - INFO - ✅ Fetched page successfully: 200
2026-02-01 13:34:42 - INFO - ✅ window.__initialData__ extracted successfully
2026-02-01 13:34:42 - INFO - ✅ Property node detected
2026-02-01 13:34:42 - INFO - Sleeping for 3.02 seconds...
2026-02-01 13:34:45 - INFO - Processing property_id: Y86725162
2026-02-01 13:34:45 - INFO - 🔤 Detected Alphanumeric ID Y86725162 -> calling process
2026-02-01 13:34:47 - INFO - ✅ Fetched page successfully: 200
2026-02-01 13:34:47 - INFO - ✅ window.__initialData__ extracted successfully
2026-02-01 13:34:47 - INFO - ✅ Property node detected
2026-02-01 13:34:47 - INFO - Sleeping for 2.14 seconds...
2026-02-01 13:34:49 - INFO - Processing property_id: D88006218
2026-02-01 13:34:49 - INFO - 🔤 Detected Alphanumeric ID D88006218 -> calling process
2026-02-01 13:34:50 - INFO - ✅ Fetched page successfully: 200
2026-02-01 13:34:50 - INFO - ✅ window.__initialData__ extracted successfully
2026-02-01 13:34:50 - INFO - ✅ Property node detected
2026-02-01 13:34:50 - INFO - Sleeping for 4.67 seconds...
2026-02-01 13:34:55 - WARNING - 🛑 Rate limit hit (250 requests). Sleeping for 62s...
2026-02-01 13:35:27 - INFO - ▶️ Resuming operations.
2026-02-01 13:35:27 - INFO - Processing property_id: D74108065
2026-02-01 13:35:27 - INFO - 🔤 Detected Alphanumeric ID D74108065 -> calling process
2026-02-01 13:35:28 - INFO - ✅ Fetched page successfully: 200
2026-02-01 13:35:28 - INFO - ✅ window.__initialData__ extracted successfully
2026-02-01 13:35:28 - INFO - ✅ Property node detected
2026-02-01 13:35:28 - INFO - Sleeping for 2.73 seconds...
2026-02-01 13:35:31 - INFO - Processing property_id: N88164204
2026-02-01 13:35:31 - INFO - 🔤 Detected Alphanumeric ID N88164204 -> calling process
2026-02-01 13:35:31 - INFO - ✅ Fetched page successfully: 200
2026-02-01 13:35:31 - INFO - ✅ window.__initialData__ extracted successfully
2026-02-01 13:35:31 - ERROR - ❌ Property data node not found in extracted JSON
2026-02-01 13:35:31 - INFO - Sleeping for 2.09 seconds...
2026-02-01 13:35:33 - INFO - Processing property_id: U88164148
2026-02-01 13:35:33 - INFO - 🔤 Detected Alphanumeric ID U88164148 -> calling process
2026-02-01 13:35:34 - INFO - ✅ Fetched page successfully: 200
2026-02-01 13:35:34 - INFO - ✅ window.__initialData__ extracted successfully
2026-02-01 13:35:34 - ERROR - ❌ Property data node not found in extracted JSON
2026-02-01 13:35:34 - INFO - Sleeping for 4.79 seconds...
2026-02-01 13:35:39 - INFO - Processing property_id: L88163984
2026-02-01 13:35:39 - INFO - 🔤 Detected Alphanumeric ID L88163984 -> calling process
2026-02-01 13:35:40 - INFO - ✅ Fetched page successfully: 200
2026-02-01 13:35:40 - INFO - ✅ window.__initialData__ extracted successfully
2026-02-01 13:35:40 - ERROR - ❌ Property data node not found in extracted JSON
2026-02-01 13:35:40 - INFO - Sleeping for 4.56 seconds...
2026-02-01 13:35:44 - INFO - Processing property_id: D88163228
2026-02-01 13:35:44 - INFO - 🔤 Detected Alphanumeric ID D88163228 -> calling process
2026-02-01 13:35:45 - INFO - ✅ Fetched page successfully: 200
2026-02-01 13:35:45 - INFO - ✅ window.__initialData__ extracted successfully
2026-02-01 13:35:45 - ERROR - ❌ Property data node not found in extracted JSON
2026-02-01 13:35:45 - INFO - Sleeping for 3.83 seconds...
2026-02-01 13:35:49 - INFO - Processing property_id: K88160432
2026-02-01 13:35:49 - INFO - 🔤 Detected Alphanumeric ID K88160432 -> calling process
2026-02-01 13:35:51 - INFO - ✅ Fetched page successfully: 200
2026-02-01 13:35:51 - INFO - ✅ window.__initialData__ extracted successfully
2026-02-01 13:35:51 - ERROR - ❌ Property data node not found in extracted JSON
2026-02-01 13:35:51 - INFO - Sleeping for 4.58 seconds...
2026-02-01 13:35:55 - INFO - Processing property_id: G88158574
2026-02-01 13:35:55 - INFO - 🔤 Detected Alphanumeric ID G88158574 -> calling process
2026-02-01 13:35:56 - INFO - ✅ Fetched page successfully: 200
2026-02-01 13:35:56 - INFO - ✅ window.__initialData__ extracted successfully
2026-02-01 13:35:56 - ERROR - ❌ Property data node not found in extracted JSON
2026-02-01 13:35:56 - INFO - Sleeping for 4.79 seconds...
2026-02-01 13:35:57 - INFO - ▶️ Resuming operations.
2026-02-01 13:35:57 - INFO - Processing property_id: B88120960
2026-02-01 13:35:57 - INFO - 🔤 Detected Alphanumeric ID B88120960 -> calling process
2026-02-01 13:35:57 - INFO - ✅ Fetched page successfully: 200
2026-02-01 13:35:57 - INFO - ✅ window.__initialData__ extracted successfully
2026-02-01 13:35:57 - ERROR - ❌ Property data node not found in extracted JSON
2026-02-01 13:35:57 - INFO - Sleeping for 4.61 seconds...
2026-02-01 13:36:00 - INFO - Processing property_id: D88157702
2026-02-01 13:36:00 - INFO - 🔤 Detected Alphanumeric ID D88157702 -> calling process
2026-02-01 13:36:01 - INFO - ✅ Fetched page successfully: 200
2026-02-01 13:36:01 - INFO - ✅ window.__initialData__ extracted successfully
2026-02-01 13:36:01 - ERROR - ❌ Property data node not found in extracted JSON
2026-02-01 13:36:01 - INFO - Sleeping for 2.08 seconds...
2026-02-01 13:36:02 - INFO - Processing property_id: C88156590
2026-02-01 13:36:02 - INFO - 🔤 Detected Alphanumeric ID C88156590 -> calling process
2026-02-01 13:36:03 - INFO - ✅ Fetched page successfully: 200
2026-02-01 13:36:03 - INFO - ✅ window.__initialData__ extracted successfully
2026-02-01 13:36:03 - ERROR - ❌ Property data node not found in extracted JSON
2026-02-01 13:36:03 - INFO - Sleeping for 2.45 seconds...
2026-02-01 13:36:03 - INFO - Processing property_id: S88156584
2026-02-01 13:36:03 - INFO - 🔤 Detected Alphanumeric ID S88156584 -> calling process
2026-02-01 13:36:04 - INFO - ✅ Fetched page successfully: 200
2026-02-01 13:36:04 - INFO - ✅ window.__initialData__ extracted successfully
2026-02-01 13:36:04 - ERROR - ❌ Property data node not found in extracted JSON
2026-02-01 13:36:04 - INFO - Sleeping for 4.08 seconds...
2026-02-01 13:36:05 - WARNING - 🛑 Rate limit hit (260 requests). Sleeping for 103s...
2026-02-01 13:36:08 - INFO - Processing property_id: V88152050
2026-02-01 13:36:08 - INFO - 🔤 Detected Alphanumeric ID V88152050 -> calling process
2026-02-01 13:36:09 - INFO - ✅ Fetched page successfully: 200
2026-02-01 13:36:09 - INFO - ✅ window.__initialData__ extracted successfully
2026-02-01 13:36:09 - ERROR - ❌ Property data node not found in extracted JSON
2026-02-01 13:36:09 - INFO - Sleeping for 4.76 seconds...
2026-02-01 13:36:14 - INFO - Processing property_id: M88151170
2026-02-01 13:36:14 - INFO - 🔤 Detected Alphanumeric ID M88151170 -> calling process
2026-02-01 13:36:14 - INFO - ✅ Fetched page successfully: 200
2026-02-01 13:36:14 - INFO - ✅ window.__initialData__ extracted successfully
2026-02-01 13:36:14 - ERROR - ❌ Property data node not found in extracted JSON
2026-02-01 13:36:14 - INFO - Sleeping for 2.31 seconds...
2026-02-01 13:36:17 - INFO - Processing property_id: I88150668
2026-02-01 13:36:17 - INFO - 🔤 Detected Alphanumeric ID I88150668 -> calling process
2026-02-01 13:36:17 - INFO - ✅ Fetched page successfully: 200
2026-02-01 13:36:17 - INFO - ✅ window.__initialData__ extracted successfully
2026-02-01 13:36:17 - ERROR - ❌ Property data node not found in extracted JSON
2026-02-01 13:36:17 - INFO - Sleeping for 2.62 seconds...
