2026-01-31 00:01:10 - INFO - Script started at 2026-01-31 00:01:10
2026-01-31 00:01:10 - INFO - ====== WebDriver manager ======
2026-01-31 00:01:11 - INFO - Get LATEST chromedriver version for google-chrome
2026-01-31 00:01:11 - INFO - Get LATEST chromedriver version for google-chrome
2026-01-31 00:01:12 - INFO - Get LATEST chromedriver version for google-chrome
2026-01-31 00:01:12 - INFO - WebDriver version 144.0.7559.109 selected
2026-01-31 00:01:12 - INFO - Modern chrome version https://storage.googleapis.com/chrome-for-testing-public/144.0.7559.109/win32/chromedriver-win32.zip
2026-01-31 00:01:12 - INFO - About to download new driver from https://storage.googleapis.com/chrome-for-testing-public/144.0.7559.109/win32/chromedriver-win32.zip
2026-01-31 00:01:13 - INFO - Driver downloading response is 200
2026-01-31 00:01:17 - INFO - Get LATEST chromedriver version for google-chrome
2026-01-31 00:01:18 - INFO - Driver has been saved in cache [C:\Users\jaykishan PATEL\.wdm\drivers\chromedriver\win64\144.0.7559.109]
2026-01-31 00:01:22 - INFO - Navigating to 99acres...
2026-01-31 00:01:25 - INFO - Successfully loaded: www.99acres.com
2026-01-31 00:01:46 - ERROR - Error during search: Message: 
Stacktrace:
Symbols not available. Dumping unresolved backtrace:
	0x1288543
	0x1288584
	0x107b4e0
	0x10c594a
	0x10c5beb
	0x1107bb2
	0x10e8264
	0x11053a1
	0x10e7fb6
	0x10b96f9
	0x10ba4b4
	0x14dd034
	0x14d82c9
	0x14f6460
	0x12a1a68
	0x12a988d
	0x1290df8
	0x1290fc2
	0x127ab3a
	0x757c5d49
	0x76ead5db
	0x76ead561

2026-01-31 00:01:52 - INFO - 
--- Processing Page 1 ---
2026-01-31 00:01:52 - INFO - Scrolling 1/6...
2026-01-31 00:01:57 - INFO - No more content to load. Trying Next Page...
2026-01-31 00:01:57 - INFO - Looking for Next Page button...
2026-01-31 00:02:05 - WARNING - Next Page button not found.
2026-01-31 00:02:05 - INFO - Next Page button not found. End of pages.
2026-01-31 00:02:25 - ERROR - Error finding listings: Message: 
Stacktrace:
Symbols not available. Dumping unresolved backtrace:
	0x1288543
	0x1288584
	0x107b4e0
	0x10c594a
	0x10c5beb
	0x1107bb2
	0x10e8264
	0x11053a1
	0x10e7fb6
	0x10b96f9
	0x10ba4b4
	0x14dd034
	0x14d82c9
	0x14f6460
	0x12a1a68
	0x12a988d
	0x1290df8
	0x1290fc2
	0x127ab3a
	0x757c5d49
	0x76ead5db
	0x76ead561

2026-01-31 00:02:25 - WARNING - No listings found on page 1.
2026-01-31 00:02:25 - INFO - Looking for Next Page button...
2026-01-31 00:02:34 - WARNING - Next Page button not found.
2026-01-31 00:02:34 - INFO - No more pages available. Stopping.
2026-01-31 00:02:34 - INFO - Last page processed: 1
2026-01-31 00:02:34 - INFO - Script ended at 2026-01-31 00:02:34
2026-01-31 00:02:34 - INFO - Total execution time: 83.29 seconds
2026-01-31 00:04:18 - INFO - Script started at 2026-01-31 00:04:18
2026-01-31 00:04:18 - INFO - ====== WebDriver manager ======
2026-01-31 00:04:19 - INFO - Get LATEST chromedriver version for google-chrome
2026-01-31 00:04:19 - INFO - Get LATEST chromedriver version for google-chrome
2026-01-31 00:04:20 - INFO - Driver [C:\Users\jaykishan PATEL\.wdm\drivers\chromedriver\win64\144.0.7559.109\chromedriver-win32/chromedriver.exe] found in cache
2026-01-31 00:04:21 - INFO - Navigating to 99acres...
2026-01-31 00:04:26 - INFO - Successfully loaded: India Real Estate Property Site - Buy Sell Rent Properties Portal - 99acres.com
2026-01-31 00:04:30 - INFO - Search wrapper clicked.
2026-01-31 00:04:30 - INFO - Typed city: Ahmedabad
2026-01-31 00:04:32 - INFO - Search for Ahmedabad executed successfully.
2026-01-31 00:04:38 - INFO - 
--- Processing Page 1 ---
2026-01-31 00:04:38 - INFO - Scrolling 1/6...
2026-01-31 00:04:41 - INFO - Scrolling 2/6...
2026-01-31 00:04:46 - INFO - Scrolling 3/6...
2026-01-31 00:04:50 - INFO - No more content to load. Trying Next Page...
2026-01-31 00:04:50 - INFO - Looking for Next Page button...
2026-01-31 00:04:52 - INFO - Clicked Next Page (normal click)
2026-01-31 00:04:57 - INFO - Found 58 listings
2026-01-31 00:04:57 - INFO - Starting multithreaded extraction for 14 projects...
2026-01-31 00:04:57 - INFO - Fetching details for project ID: 429129
2026-01-31 00:04:57 - INFO - Fetching details for project ID: 392363
2026-01-31 00:04:57 - INFO - Fetching details for project ID: 428567
2026-01-31 00:04:57 - INFO - Fetching details for project ID: 399881
2026-01-31 00:04:57 - INFO - Fetching details for project ID: 404274
2026-01-31 00:05:00 - INFO - Fetching details for project ID: 431984
2026-01-31 00:05:00 - INFO - Fetching details for project ID: 428546
2026-01-31 00:05:00 - INFO - Fetching details for project ID: 384222
2026-01-31 00:05:01 - INFO - Fetching details for project ID: 449709
2026-01-31 00:05:01 - INFO - Fetching details for project ID: 402982
2026-01-31 00:05:01 - INFO - Fetching details for project ID: 393896
2026-01-31 00:05:02 - INFO - Fetching details for project ID: 430025
2026-01-31 00:05:03 - INFO - Fetching details for project ID: 450275
2026-01-31 00:05:03 - INFO - Fetching details for project ID: 449527
2026-01-31 00:05:16 - ERROR - Error fetching project details: HTTPSConnectionPool(host='www.99acres.com', port=443): Read timed out. (read timeout=15)
2026-01-31 00:05:18 - ERROR - Error fetching project details: HTTPSConnectionPool(host='www.99acres.com', port=443): Read timed out. (read timeout=15)
2026-01-31 00:05:18 - INFO - Multithreaded processing complete.
2026-01-31 00:05:18 - INFO - Page 1 listings found: 14
2026-01-31 00:05:18 - INFO - Looking for Next Page button...
2026-01-31 00:05:21 - INFO - Clicked Next Page (normal click)
2026-01-31 00:05:25 - INFO - 
--- Processing Page 2 ---
2026-01-31 00:05:25 - INFO - Scrolling 1/6...
2026-01-31 00:05:29 - INFO - No more content to load. Trying Next Page...
2026-01-31 00:05:29 - INFO - Looking for Next Page button...
2026-01-31 00:05:37 - WARNING - Next Page button not found.
2026-01-31 00:05:37 - INFO - Next Page button not found. End of pages.
2026-01-31 00:05:37 - INFO - Found 0 listings
2026-01-31 00:05:37 - WARNING - No listings found on page 2.
2026-01-31 00:05:37 - INFO - Looking for Next Page button...
2026-01-31 00:05:46 - WARNING - Next Page button not found.
2026-01-31 00:05:46 - INFO - No more pages available. Stopping.
2026-01-31 00:05:46 - INFO - Last page processed: 2
2026-01-31 00:05:46 - INFO - Script ended at 2026-01-31 00:05:46
2026-01-31 00:05:46 - INFO - Total execution time: 87.87 seconds
2026-01-31 00:07:47 - INFO - Script started at 2026-01-31 00:07:47
2026-01-31 00:07:47 - INFO - ====== WebDriver manager ======
2026-01-31 00:07:49 - INFO - Get LATEST chromedriver version for google-chrome
2026-01-31 00:07:49 - INFO - Get LATEST chromedriver version for google-chrome
2026-01-31 00:07:49 - INFO - Driver [C:\Users\jaykishan PATEL\.wdm\drivers\chromedriver\win64\144.0.7559.109\chromedriver-win32/chromedriver.exe] found in cache
2026-01-31 00:07:51 - INFO - Navigating to 99acres...
2026-01-31 00:07:57 - INFO - Successfully loaded: India Real Estate Property Site - Buy Sell Rent Properties Portal - 99acres.com
2026-01-31 00:08:02 - INFO - Search wrapper clicked.
2026-01-31 00:08:03 - INFO - Typed city: Ahmedabad
2026-01-31 00:08:05 - INFO - Search for Ahmedabad executed successfully.
2026-01-31 00:08:11 - INFO - 
--- Processing Page 1 ---
2026-01-31 00:08:11 - INFO - Scrolling 1/6...
2026-01-31 00:08:14 - INFO - Scrolling 2/6...
2026-01-31 00:08:18 - INFO - Scrolling 3/6...
2026-01-31 00:08:23 - INFO - No more content to load. Trying Next Page...
2026-01-31 00:08:23 - INFO - Looking for Next Page button...
2026-01-31 00:08:25 - INFO - Clicked Next Page (normal click)
2026-01-31 00:08:30 - INFO - Found 85 listings
2026-01-31 00:08:30 - INFO - Starting multithreaded extraction for 14 projects...
2026-01-31 00:08:30 - INFO - Fetching details for project ID: 429129
2026-01-31 00:08:30 - INFO - Fetching details for project ID: 392363
2026-01-31 00:08:30 - INFO - Fetching details for project ID: 428567
2026-01-31 00:08:30 - INFO - Fetching details for project ID: 399881
2026-01-31 00:08:30 - INFO - Fetching details for project ID: 404274
2026-01-31 00:08:34 - INFO - Fetching details for project ID: 431984
2026-01-31 00:08:34 - INFO - Fetching details for project ID: 428546
2026-01-31 00:08:34 - INFO - Fetching details for project ID: 384222
2026-01-31 00:08:34 - INFO - Fetching details for project ID: 449709
2026-01-31 00:08:34 - INFO - Fetching details for project ID: 402982
2026-01-31 00:08:36 - INFO - Fetching details for project ID: 393896
2026-01-31 00:08:36 - INFO - Fetching details for project ID: 430025
2026-01-31 00:08:36 - INFO - Fetching details for project ID: 450275
2026-01-31 00:08:36 - INFO - Fetching details for project ID: 449527
2026-01-31 00:08:50 - ERROR - Error fetching project details: HTTPSConnectionPool(host='www.99acres.com', port=443): Read timed out. (read timeout=15)
2026-01-31 00:08:52 - ERROR - Error fetching project details: HTTPSConnectionPool(host='www.99acres.com', port=443): Read timed out. (read timeout=15)
2026-01-31 00:08:52 - INFO - Multithreaded processing complete.
2026-01-31 00:08:52 - INFO - Page 1 listings found: 14
2026-01-31 00:08:52 - INFO - Looking for Next Page button...
2026-01-31 00:08:55 - INFO - Clicked Next Page (normal click)
2026-01-31 00:09:00 - INFO - 
--- Processing Page 2 ---
2026-01-31 00:09:00 - INFO - Scrolling 1/6...
2026-01-31 00:09:04 - INFO - No more content to load. Trying Next Page...
2026-01-31 00:09:04 - INFO - Looking for Next Page button...
2026-01-31 00:09:12 - WARNING - Next Page button not found.
2026-01-31 00:09:12 - INFO - Next Page button not found. End of pages.
2026-01-31 00:09:12 - INFO - Found 0 listings
2026-01-31 00:09:12 - WARNING - No listings found on page 2.
2026-01-31 00:09:12 - INFO - Looking for Next Page button...
2026-01-31 00:09:20 - WARNING - Next Page button not found.
2026-01-31 00:09:20 - INFO - No more pages available. Stopping.
2026-01-31 00:09:20 - INFO - Last page processed: 2
2026-01-31 00:09:20 - INFO - Script ended at 2026-01-31 00:09:20
2026-01-31 00:09:20 - INFO - Total execution time: 93.25 seconds
2026-01-31 00:12:56 - INFO - Script started at 2026-01-31 00:12:56
2026-01-31 00:12:56 - INFO - ====== WebDriver manager ======
2026-01-31 00:13:01 - INFO - Get LATEST geckodriver version for 147.0 firefox
2026-01-31 00:13:01 - INFO - Get LATEST geckodriver version for 147.0 firefox
2026-01-31 00:13:01 - INFO - There is no [win64] geckodriver "v0.36.0" for browser firefox "147.0" in cache
2026-01-31 00:13:01 - INFO - Get LATEST geckodriver version for 147.0 firefox
2026-01-31 00:13:02 - INFO - Getting latest mozilla release info for v0.36.0
2026-01-31 00:13:02 - INFO - About to download new driver from https://github.com/mozilla/geckodriver/releases/download/v0.36.0/geckodriver-v0.36.0-win64.zip
2026-01-31 00:13:03 - INFO - Driver downloading response is 200
2026-01-31 00:13:04 - INFO - Get LATEST geckodriver version for 147.0 firefox
2026-01-31 00:13:05 - INFO - Driver has been saved in cache [C:\Users\jaykishan PATEL\.wdm\drivers\geckodriver\win64\v0.36.0]
2026-01-31 00:13:15 - INFO - Navigating to 99acres using Firefox...
2026-01-31 00:13:21 - INFO - Successfully loaded: 
2026-01-31 00:13:41 - ERROR - Error during search: Message: 
Stacktrace:
RemoteError@chrome://remote/content/shared/RemoteError.sys.mjs:8:8
WebDriverError@chrome://remote/content/shared/webdriver/Errors.sys.mjs:202:5
NoSuchElementError@chrome://remote/content/shared/webdriver/Errors.sys.mjs:555:5
dom.find/</<@chrome://remote/content/shared/DOM.sys.mjs:136:16

2026-01-31 00:13:47 - INFO - 
--- Processing Page 1 ---
2026-01-31 00:13:47 - INFO - Scrolling 1/6...
2026-01-31 00:13:51 - INFO - No more content to load. Trying Next Page...
2026-01-31 00:13:51 - INFO - Looking for Next Page button...
2026-01-31 00:13:59 - WARNING - Next Page button not found.
2026-01-31 00:13:59 - INFO - Next Page button not found. End of pages.
2026-01-31 00:14:04 - ERROR - Error finding listings: Message: WebDriver session does not exist, or is not active
Stacktrace:
RemoteError@chrome://remote/content/shared/RemoteError.sys.mjs:8:8
WebDriverError@chrome://remote/content/shared/webdriver/Errors.sys.mjs:202:5
InvalidSessionIDError@chrome://remote/content/shared/webdriver/Errors.sys.mjs:472:5
assert.that/<@chrome://remote/content/shared/webdriver/Assert.sys.mjs:581:13
assert.session@chrome://remote/content/shared/webdriver/Assert.sys.mjs:38:4
dispatch@chrome://remote/content/marionette/server.sys.mjs:315:19
execute@chrome://remote/content/marionette/server.sys.mjs:289:16
onPacket/<@chrome://remote/content/marionette/server.sys.mjs:262:20
onPacket@chrome://remote/content/marionette/server.sys.mjs:263:9
_onJSONObjectReady/<@chrome://remote/content/marionette/transport.sys.mjs:494:20

2026-01-31 00:14:04 - WARNING - No listings found on page 1.
2026-01-31 00:14:04 - INFO - Looking for Next Page button...
2026-01-31 00:14:04 - INFO - Last page processed: 1
2026-01-31 00:14:04 - INFO - Script ended at 2026-01-31 00:14:04
2026-01-31 00:14:04 - INFO - Total execution time: 68.29 seconds
2026-01-31 00:14:09 - INFO - Script started at 2026-01-31 00:14:09
2026-01-31 00:14:09 - INFO - ====== WebDriver manager ======
2026-01-31 00:14:11 - INFO - Get LATEST geckodriver version for 147.0 firefox
2026-01-31 00:14:12 - INFO - Get LATEST geckodriver version for 147.0 firefox
2026-01-31 00:14:12 - INFO - Driver [C:\Users\jaykishan PATEL\.wdm\drivers\geckodriver\win64\v0.36.0\geckodriver.exe] found in cache
2026-01-31 00:14:19 - INFO - Navigating to 99acres using Firefox...
2026-01-31 00:14:25 - INFO - Successfully loaded: 
2026-01-31 00:14:45 - ERROR - Error during search: Message: 
Stacktrace:
RemoteError@chrome://remote/content/shared/RemoteError.sys.mjs:8:8
WebDriverError@chrome://remote/content/shared/webdriver/Errors.sys.mjs:202:5
NoSuchElementError@chrome://remote/content/shared/webdriver/Errors.sys.mjs:555:5
dom.find/</<@chrome://remote/content/shared/DOM.sys.mjs:136:16

2026-01-31 00:14:51 - INFO - 
--- Processing Page 1 ---
2026-01-31 00:14:51 - INFO - Scrolling 1/6...
2026-01-31 00:14:56 - INFO - No more content to load. Trying Next Page...
2026-01-31 00:14:56 - INFO - Looking for Next Page button...
2026-01-31 00:15:04 - WARNING - Next Page button not found.
2026-01-31 00:15:04 - INFO - Next Page button not found. End of pages.
2026-01-31 00:15:24 - ERROR - Error finding listings: Message: 
Stacktrace:
RemoteError@chrome://remote/content/shared/RemoteError.sys.mjs:8:8
WebDriverError@chrome://remote/content/shared/webdriver/Errors.sys.mjs:202:5
NoSuchElementError@chrome://remote/content/shared/webdriver/Errors.sys.mjs:555:5
dom.find/</<@chrome://remote/content/shared/DOM.sys.mjs:136:16

2026-01-31 00:15:24 - WARNING - No listings found on page 1.
2026-01-31 00:15:24 - INFO - Looking for Next Page button...
2026-01-31 00:15:32 - WARNING - Next Page button not found.
2026-01-31 00:15:32 - INFO - No more pages available. Stopping.
2026-01-31 00:15:32 - INFO - Last page processed: 1
2026-01-31 00:15:32 - INFO - Script ended at 2026-01-31 00:15:32
2026-01-31 00:15:32 - INFO - Total execution time: 83.57 seconds
2026-01-31 00:18:31 - INFO - Script started at 2026-01-31 00:18:31
2026-01-31 00:21:49 - INFO - Script started at 2026-01-31 00:21:49
2026-01-31 00:22:08 - INFO - Script started at 2026-01-31 00:22:08
2026-01-31 00:22:08 - INFO - ====== WebDriver manager ======
2026-01-31 00:22:09 - INFO - Get LATEST chromedriver version for google-chrome
2026-01-31 00:22:10 - INFO - Get LATEST chromedriver version for google-chrome
2026-01-31 00:22:10 - INFO - Driver [C:\Users\jaykishan PATEL\.wdm\drivers\chromedriver\win64\144.0.7559.109\chromedriver-win32/chromedriver.exe] found in cache
2026-01-31 00:22:12 - ERROR - Failed to open browser: Message: Service C:\Users\jaykishan PATEL\.wdm\drivers\chromedriver\win64\144.0.7559.109\chromedriver-win32/chromedriver.exe unexpectedly exited. Status code was: 1

2026-01-31 00:22:12 - INFO - Last page processed: 1
2026-01-31 00:22:12 - INFO - Script ended at 2026-01-31 00:22:12
2026-01-31 00:22:12 - INFO - Total execution time: 3.71 seconds
2026-01-31 00:22:25 - INFO - Script started at 2026-01-31 00:22:25
2026-01-31 00:22:25 - INFO - ====== WebDriver manager ======
2026-01-31 00:22:26 - INFO - Get LATEST chromedriver version for google-chrome
2026-01-31 00:22:27 - INFO - Get LATEST chromedriver version for google-chrome
2026-01-31 00:22:27 - INFO - Driver [C:\Users\jaykishan PATEL\.wdm\drivers\chromedriver\win64\144.0.7559.109\chromedriver-win32/chromedriver.exe] found in cache
2026-01-31 00:22:29 - ERROR - Failed to open browser: Message: Service C:\Users\jaykishan PATEL\.wdm\drivers\chromedriver\win64\144.0.7559.109\chromedriver-win32/chromedriver.exe unexpectedly exited. Status code was: 1

2026-01-31 00:22:29 - INFO - Last page processed: 1
2026-01-31 00:22:29 - INFO - Script ended at 2026-01-31 00:22:29
2026-01-31 00:22:29 - INFO - Total execution time: 3.71 seconds
2026-01-31 00:23:34 - INFO - Script started at 2026-01-31 00:23:34
2026-01-31 00:23:34 - INFO - ====== WebDriver manager ======
2026-01-31 00:23:35 - INFO - Get LATEST chromedriver version for google-chrome
2026-01-31 00:23:35 - INFO - Get LATEST chromedriver version for google-chrome
2026-01-31 00:23:35 - INFO - Driver [C:\Users\jaykishan PATEL\.wdm\drivers\chromedriver\win64\144.0.7559.109\chromedriver-win32/chromedriver.exe] found in cache
2026-01-31 00:23:50 - INFO - Script started at 2026-01-31 00:23:50
2026-01-31 00:23:50 - INFO - ====== WebDriver manager ======
2026-01-31 00:23:51 - INFO - Get LATEST chromedriver version for google-chrome
2026-01-31 00:23:51 - INFO - Get LATEST chromedriver version for google-chrome
2026-01-31 00:23:51 - INFO - Driver [C:\Users\jaykishan PATEL\.wdm\drivers\chromedriver\win64\144.0.7559.109\chromedriver-win32/chromedriver.exe] found in cache
2026-01-31 00:24:28 - INFO - Script started at 2026-01-31 00:24:28
2026-01-31 00:24:28 - INFO - ====== WebDriver manager ======
2026-01-31 00:24:29 - INFO - Get LATEST chromedriver version for google-chrome
2026-01-31 00:24:29 - INFO - Get LATEST chromedriver version for google-chrome
2026-01-31 00:24:29 - INFO - Driver [C:\Users\jaykishan PATEL\.wdm\drivers\chromedriver\win64\144.0.7559.109\chromedriver-win32/chromedriver.exe] found in cache
2026-01-31 00:24:31 - INFO - Navigating to 99acres...
2026-01-31 00:24:35 - INFO - Successfully loaded: India Real Estate Property Site - Buy Sell Rent Properties Portal - 99acres.com
2026-01-31 00:24:37 - INFO - Search wrapper clicked.
2026-01-31 00:24:37 - INFO - Typed city: Ahmedabad
2026-01-31 00:24:40 - INFO - Search for Ahmedabad executed successfully.
2026-01-31 00:24:46 - INFO - 
--- Processing Page 1 ---
2026-01-31 00:24:46 - INFO - Scrolling 1/6...
2026-01-31 00:24:50 - INFO - Scrolling 2/6...
2026-01-31 00:24:55 - INFO - Scrolling 3/6...
2026-01-31 00:24:58 - INFO - No more content to load. Trying Next Page...
2026-01-31 00:24:58 - INFO - Looking for Next Page button...
2026-01-31 00:25:01 - INFO - Clicked Next Page (normal click)
2026-01-31 00:25:06 - INFO - Found 85 listings
2026-01-31 00:25:06 - INFO - Starting multithreaded extraction for 14 projects...
2026-01-31 00:25:06 - INFO - Fetching details for project ID: 429129
2026-01-31 00:25:06 - INFO - Fetching details for project ID: 392363
2026-01-31 00:25:06 - INFO - Fetching details for project ID: 428567
2026-01-31 00:25:06 - INFO - Fetching details for project ID: 399881
2026-01-31 00:25:06 - INFO - Fetching details for project ID: 404274
2026-01-31 00:25:09 - INFO - Fetching details for project ID: 431984
2026-01-31 00:25:09 - INFO - Fetching details for project ID: 428546
2026-01-31 00:25:09 - INFO - Fetching details for project ID: 384222
2026-01-31 00:25:09 - INFO - Fetching details for project ID: 449709
2026-01-31 00:25:10 - INFO - Fetching details for project ID: 402982
2026-01-31 00:25:11 - INFO - Fetching details for project ID: 393896
2026-01-31 00:25:11 - INFO - Fetching details for project ID: 430025
2026-01-31 00:25:11 - INFO - Fetching details for project ID: 450275
2026-01-31 00:25:12 - INFO - Fetching details for project ID: 449527
2026-01-31 00:25:26 - ERROR - Error fetching project details: HTTPSConnectionPool(host='www.99acres.com', port=443): Read timed out. (read timeout=15)
2026-01-31 00:25:26 - INFO - Multithreaded processing complete.
2026-01-31 00:25:26 - INFO - Page 1 listings found: 14
2026-01-31 00:25:26 - INFO - Looking for Next Page button...
2026-01-31 00:25:27 - INFO - Clicked Next Page (normal click)
2026-01-31 00:25:32 - INFO - 
--- Processing Page 2 ---
2026-01-31 00:25:32 - INFO - Scrolling 1/6...
2026-01-31 00:25:36 - INFO - No more content to load. Trying Next Page...
2026-01-31 00:25:36 - INFO - Looking for Next Page button...
2026-01-31 00:25:39 - INFO - Clicked Next Page (normal click)
2026-01-31 00:25:44 - INFO - Found 81 listings
2026-01-31 00:25:44 - INFO - Starting multithreaded extraction for 16 projects...
2026-01-31 00:25:44 - INFO - Fetching details for project ID: 410305
2026-01-31 00:25:44 - INFO - Fetching details for project ID: 441467
2026-01-31 00:25:44 - INFO - Fetching details for project ID: 436205
2026-01-31 00:25:44 - INFO - Fetching details for project ID: 417224
2026-01-31 00:25:44 - INFO - Fetching details for project ID: 389974
2026-01-31 00:25:46 - INFO - Fetching details for project ID: 410064
2026-01-31 00:25:46 - INFO - Fetching details for project ID: 378203
2026-01-31 00:25:46 - INFO - Fetching details for project ID: 431635
2026-01-31 00:25:47 - INFO - Fetching details for project ID: 441860
2026-01-31 00:25:47 - INFO - Fetching details for project ID: 405467
2026-01-31 00:25:48 - INFO - Fetching details for project ID: 455383
2026-01-31 00:25:48 - INFO - Fetching details for project ID: 429541
2026-01-31 00:25:49 - INFO - Fetching details for project ID: 298215
2026-01-31 00:25:49 - INFO - Fetching details for project ID: 423636
2026-01-31 00:25:50 - INFO - Fetching details for project ID: 420353
2026-01-31 00:25:50 - INFO - Fetching details for project ID: 440113
2026-01-31 00:26:03 - ERROR - Error fetching project details: HTTPSConnectionPool(host='www.99acres.com', port=443): Read timed out. (read timeout=15)
2026-01-31 00:26:06 - ERROR - Error fetching project details: HTTPSConnectionPool(host='www.99acres.com', port=443): Read timed out. (read timeout=15)
2026-01-31 00:26:06 - INFO - Multithreaded processing complete.
2026-01-31 00:26:06 - INFO - Page 2 listings found: 16
2026-01-31 00:26:06 - INFO - Looking for Next Page button...
2026-01-31 00:26:08 - INFO - Clicked Next Page (normal click)
2026-01-31 00:26:13 - INFO - 
--- Processing Page 3 ---
2026-01-31 00:26:13 - INFO - Scrolling 1/6...
2026-01-31 00:26:17 - INFO - No more content to load. Trying Next Page...
2026-01-31 00:26:17 - INFO - Looking for Next Page button...
2026-01-31 00:26:26 - WARNING - Next Page button not found.
2026-01-31 00:26:26 - INFO - Next Page button not found. End of pages.
2026-01-31 00:26:26 - INFO - Found 0 listings
2026-01-31 00:26:26 - WARNING - No listings found on page 3.
2026-01-31 00:26:26 - INFO - Looking for Next Page button...
2026-01-31 00:26:34 - WARNING - Next Page button not found.
2026-01-31 00:26:34 - INFO - No more pages available. Stopping.
2026-01-31 00:26:34 - INFO - Last page processed: 3
2026-01-31 00:26:34 - INFO - Script ended at 2026-01-31 00:26:34
2026-01-31 00:26:34 - INFO - Total execution time: 126.44 seconds
2026-01-31 00:30:27 - INFO - Script started at 2026-01-31 00:30:27
2026-01-31 00:30:27 - INFO - ====== WebDriver manager ======
2026-01-31 00:30:33 - INFO - Get LATEST chromedriver version for google-chrome
2026-01-31 00:30:33 - INFO - Get LATEST chromedriver version for google-chrome
2026-01-31 00:30:33 - INFO - Driver [C:\Users\jaykishan PATEL\.wdm\drivers\chromedriver\win64\144.0.7559.109\chromedriver-win32/chromedriver.exe] found in cache
2026-01-31 00:30:35 - INFO - Navigating to 99acres...
2026-01-31 00:30:40 - INFO - Successfully loaded: India Real Estate Property Site - Buy Sell Rent Properties Portal - 99acres.com
2026-01-31 00:30:45 - INFO - Search wrapper clicked.
2026-01-31 00:30:45 - INFO - Typed city: Ahmedabad
2026-01-31 00:30:48 - INFO - Search for Ahmedabad executed successfully.
2026-01-31 00:30:54 - INFO - 
--- Processing Page 1 ---
2026-01-31 00:30:54 - INFO - Scrolling cycle 1/6...
2026-01-31 00:30:56 - INFO - Scrolling cycle 2/6...
2026-01-31 00:31:00 - INFO - Scrolling cycle 3/6...
2026-01-31 00:31:06 - INFO - Scrolling cycle 4/6...
2026-01-31 00:31:10 - INFO - Scrolling cycle 5/6...
2026-01-31 00:31:15 - INFO - No new content detected. Final upward scroll...
2026-01-31 00:31:18 - INFO - Looking for Next Page button...
2026-01-31 00:31:21 - INFO - Last page processed: 1
2026-01-31 00:31:21 - INFO - Script ended at 2026-01-31 00:31:21
2026-01-31 00:31:21 - INFO - Total execution time: 53.62 seconds
2026-01-31 00:32:05 - INFO - Script started at 2026-01-31 00:32:05
2026-01-31 00:32:05 - INFO - ====== WebDriver manager ======
2026-01-31 00:32:06 - INFO - Get LATEST chromedriver version for google-chrome
2026-01-31 00:32:07 - INFO - Get LATEST chromedriver version for google-chrome
2026-01-31 00:32:07 - INFO - Driver [C:\Users\jaykishan PATEL\.wdm\drivers\chromedriver\win64\144.0.7559.109\chromedriver-win32/chromedriver.exe] found in cache
2026-01-31 00:32:08 - INFO - Navigating to 99acres...
2026-01-31 00:32:14 - INFO - Successfully loaded: India Real Estate Property Site - Buy Sell Rent Properties Portal - 99acres.com
2026-01-31 00:32:19 - INFO - Search wrapper clicked.
2026-01-31 00:32:19 - INFO - Typed city: Ahmedabad
2026-01-31 00:32:21 - INFO - Search for Ahmedabad executed successfully.
2026-01-31 00:32:27 - INFO - 
--- Processing Page 1 ---
2026-01-31 00:32:27 - INFO - Scrolling cycle 1/6...
2026-01-31 00:32:29 - INFO - Scrolling cycle 2/6...
2026-01-31 00:32:32 - INFO - Scrolling cycle 3/6...
2026-01-31 00:32:34 - INFO - No new content detected. Final upward scroll...
2026-01-31 00:32:37 - INFO - Looking for Next Page button...
2026-01-31 00:32:39 - INFO - Last page processed: 1
2026-01-31 00:32:39 - INFO - Script ended at 2026-01-31 00:32:39
2026-01-31 00:32:39 - INFO - Total execution time: 33.45 seconds
2026-01-31 00:35:02 - INFO - Script started at 2026-01-31 00:35:02
2026-01-31 00:35:02 - INFO - ====== WebDriver manager ======
2026-01-31 00:35:03 - INFO - Get LATEST chromedriver version for google-chrome
2026-01-31 00:35:03 - INFO - Get LATEST chromedriver version for google-chrome
2026-01-31 00:35:04 - INFO - Driver [C:\Users\jaykishan PATEL\.wdm\drivers\chromedriver\win64\144.0.7559.109\chromedriver-win32/chromedriver.exe] found in cache
2026-01-31 00:35:05 - INFO - Navigating to 99acres...
2026-01-31 00:35:08 - INFO - Successfully loaded: India Real Estate Property Site - Buy Sell Rent Properties Portal - 99acres.com
2026-01-31 00:35:09 - INFO - Search wrapper clicked.
2026-01-31 00:35:10 - INFO - Typed city: Ahmedabad
2026-01-31 00:35:12 - INFO - Search for Ahmedabad executed successfully.
2026-01-31 00:35:18 - INFO - 
--- Processing Page 1 ---
2026-01-31 00:35:32 - INFO - Reached end of page.
2026-01-31 00:35:34 - INFO - Found 168 listings
2026-01-31 00:35:34 - INFO - Starting multithreaded extraction for 103 projects...
2026-01-31 00:35:34 - INFO - Fetching details for project ID: 455077
2026-01-31 00:35:34 - INFO - Fetching details for project ID: 414403
2026-01-31 00:35:34 - INFO - Fetching details for project ID: 455919
2026-01-31 00:35:34 - INFO - Fetching details for project ID: 406898
2026-01-31 00:35:34 - INFO - Fetching details for project ID: 396846
2026-01-31 00:35:36 - INFO - Fetching details for project ID: 436196
2026-01-31 00:35:36 - INFO - Fetching details for project ID: 455886
2026-01-31 00:35:37 - INFO - Fetching details for project ID: 455303
2026-01-31 00:35:37 - INFO - Fetching details for project ID: 414575
2026-01-31 00:35:38 - INFO - Fetching details for project ID: 449506
2026-01-31 00:35:38 - INFO - Fetching details for project ID: 448193
2026-01-31 00:35:38 - INFO - Fetching details for project ID: 437262
2026-01-31 00:35:39 - INFO - Fetching details for project ID: 454668
2026-01-31 00:35:39 - INFO - Fetching details for project ID: 434059
2026-01-31 00:35:40 - INFO - Fetching details for project ID: 441166
2026-01-31 00:35:40 - INFO - Fetching details for project ID: 453036
2026-01-31 00:35:41 - INFO - Fetching details for project ID: 426865
2026-01-31 00:35:41 - INFO - Fetching details for project ID: 412517
2026-01-31 00:35:41 - INFO - Fetching details for project ID: 437858
2026-01-31 00:35:43 - INFO - Fetching details for project ID: 398882
2026-01-31 00:35:43 - INFO - Fetching details for project ID: 439275
2026-01-31 00:35:43 - INFO - Fetching details for project ID: 419821
2026-01-31 00:35:45 - INFO - Fetching details for project ID: 448207
2026-01-31 00:35:45 - INFO - Fetching details for project ID: 441826
2026-01-31 00:35:46 - INFO - Fetching details for project ID: 423634
2026-01-31 00:35:47 - INFO - Fetching details for project ID: 395978
2026-01-31 00:35:47 - INFO - Fetching details for project ID: 415849
2026-01-31 00:35:47 - INFO - Fetching details for project ID: 395198
2026-01-31 00:35:49 - INFO - Fetching details for project ID: 438863
2026-01-31 00:35:49 - INFO - Fetching details for project ID: 386911
2026-01-31 00:35:50 - ERROR - Error fetching project details: HTTPSConnectionPool(host='www.99acres.com', port=443): Read timed out. (read timeout=15)
2026-01-31 00:35:50 - INFO - Fetching details for project ID: 417556
2026-01-31 00:35:50 - INFO - Fetching details for project ID: 425110
2026-01-31 00:35:51 - INFO - Fetching details for project ID: 430740
2026-01-31 00:35:52 - INFO - Fetching details for project ID: 419031
2026-01-31 00:35:52 - INFO - Fetching details for project ID: 426093
2026-01-31 00:35:53 - INFO - Fetching details for project ID: 448663
2026-01-31 00:35:54 - INFO - Fetching details for project ID: 449421
2026-01-31 00:35:54 - ERROR - Error fetching project details: HTTPSConnectionPool(host='www.99acres.com', port=443): Read timed out. (read timeout=15)
2026-01-31 00:35:54 - INFO - Fetching details for project ID: 419815
2026-01-31 00:35:55 - INFO - Fetching details for project ID: 448200
2026-01-31 00:35:55 - INFO - Fetching details for project ID: 439503
2026-01-31 00:35:56 - INFO - Fetching details for project ID: 451304
2026-01-31 00:35:56 - INFO - Fetching details for project ID: 450209
2026-01-31 00:35:57 - INFO - Fetching details for project ID: 423125
2026-01-31 00:35:58 - INFO - Fetching details for project ID: 396174
2026-01-31 00:35:58 - INFO - Fetching details for project ID: 439513
2026-01-31 00:35:59 - INFO - Fetching details for project ID: 3330
2026-01-31 00:35:59 - INFO - Fetching details for project ID: 415440
2026-01-31 00:36:00 - INFO - Fetching details for project ID: 245177
2026-01-31 00:36:01 - INFO - Fetching details for project ID: 367377
2026-01-31 00:36:02 - INFO - Fetching details for project ID: 411844
2026-01-31 00:36:02 - ERROR - Error fetching project details: HTTPSConnectionPool(host='www.99acres.com', port=443): Read timed out. (read timeout=15)
2026-01-31 00:36:02 - INFO - Fetching details for project ID: 438738
2026-01-31 00:36:03 - INFO - Fetching details for project ID: 449620
2026-01-31 00:36:04 - INFO - Fetching details for project ID: 414100
2026-01-31 00:36:04 - INFO - Fetching details for project ID: 398938
2026-01-31 00:36:05 - INFO - Fetching details for project ID: 448884
2026-01-31 00:36:06 - INFO - Fetching details for project ID: 417174
2026-01-31 00:36:07 - INFO - Fetching details for project ID: 422312
2026-01-31 00:36:08 - ERROR - Error fetching project details: HTTPSConnectionPool(host='www.99acres.com', port=443): Read timed out. (read timeout=15)
2026-01-31 00:36:08 - INFO - Fetching details for project ID: 426539
2026-01-31 00:36:08 - INFO - Fetching details for project ID: 430238
2026-01-31 00:36:08 - INFO - Fetching details for project ID: 389184
2026-01-31 00:36:09 - INFO - Fetching details for project ID: 454047
2026-01-31 00:36:10 - INFO - Fetching details for project ID: 410304
2026-01-31 00:36:10 - INFO - Fetching details for project ID: 424911
2026-01-31 00:36:10 - INFO - Fetching details for project ID: 454037
2026-01-31 00:36:11 - INFO - Fetching details for project ID: 441745
2026-01-31 00:36:12 - INFO - Fetching details for project ID: 426092
2026-01-31 00:36:12 - ERROR - Error fetching project details: HTTPSConnectionPool(host='www.99acres.com', port=443): Read timed out. (read timeout=15)
2026-01-31 00:36:12 - INFO - Fetching details for project ID: 388209
2026-01-31 00:36:13 - INFO - Fetching details for project ID: 428544
2026-01-31 00:36:14 - INFO - Fetching details for project ID: 454890
2026-01-31 00:36:14 - INFO - Fetching details for project ID: 411006
2026-01-31 00:36:14 - INFO - Fetching details for project ID: 403091
2026-01-31 00:36:15 - INFO - Fetching details for project ID: 443113
2026-01-31 00:36:15 - INFO - Fetching details for project ID: 395251
2026-01-31 00:36:16 - INFO - Fetching details for project ID: 432142
2026-01-31 00:36:17 - INFO - Fetching details for project ID: 451311
2026-01-31 00:36:18 - ERROR - Error fetching project details: HTTPSConnectionPool(host='www.99acres.com', port=443): Read timed out. (read timeout=15)
2026-01-31 00:36:18 - INFO - Fetching details for project ID: 442741
2026-01-31 00:36:18 - INFO - Fetching details for project ID: 401645
2026-01-31 00:36:18 - INFO - Fetching details for project ID: 424389
2026-01-31 00:36:19 - INFO - Fetching details for project ID: 415447
2026-01-31 00:36:20 - INFO - Fetching details for project ID: 402571
2026-01-31 00:36:20 - INFO - Fetching details for project ID: 449721
2026-01-31 00:36:21 - INFO - Fetching details for project ID: 371407
2026-01-31 00:36:22 - INFO - Fetching details for project ID: 436210
2026-01-31 00:36:23 - INFO - Fetching details for project ID: 438182
2026-01-31 00:36:23 - INFO - Fetching details for project ID: 392606
2026-01-31 00:36:24 - INFO - Fetching details for project ID: 419816
2026-01-31 00:36:25 - INFO - Fetching details for project ID: 382211
2026-01-31 00:36:26 - INFO - Fetching details for project ID: 424874
2026-01-31 00:36:26 - ERROR - Error fetching project details: HTTPSConnectionPool(host='www.99acres.com', port=443): Read timed out. (read timeout=15)
2026-01-31 00:36:26 - INFO - Fetching details for project ID: 441841
2026-01-31 00:36:26 - INFO - Fetching details for project ID: 408676
2026-01-31 00:36:27 - INFO - Fetching details for project ID: 457116
2026-01-31 00:36:27 - INFO - Fetching details for project ID: 429441
2026-01-31 00:36:28 - INFO - Fetching details for project ID: 449432
2026-01-31 00:36:29 - INFO - Fetching details for project ID: 417218
2026-01-31 00:36:29 - INFO - Fetching details for project ID: 417559
2026-01-31 00:36:29 - INFO - Fetching details for project ID: 430200
2026-01-31 00:36:30 - INFO - Fetching details for project ID: 388125
2026-01-31 00:36:31 - ERROR - Error fetching project details: HTTPSConnectionPool(host='www.99acres.com', port=443): Read timed out. (read timeout=15)
2026-01-31 00:36:31 - INFO - Fetching details for project ID: 455923
2026-01-31 00:36:31 - INFO - Fetching details for project ID: 451125
2026-01-31 00:36:31 - INFO - Fetching details for project ID: 423640
2026-01-31 00:36:32 - INFO - Fetching details for project ID: 393086
2026-01-31 00:36:33 - INFO - Fetching details for project ID: 423882
2026-01-31 00:36:33 - INFO - Fetching details for project ID: 379963
2026-01-31 00:36:35 - ERROR - Error fetching project details: HTTPSConnectionPool(host='www.99acres.com', port=443): Read timed out. (read timeout=15)
2026-01-31 00:36:45 - ERROR - Error fetching project details: HTTPSConnectionPool(host='www.99acres.com', port=443): Read timed out. (read timeout=15)
2026-01-31 00:36:48 - ERROR - Error fetching project details: HTTPSConnectionPool(host='www.99acres.com', port=443): Read timed out. (read timeout=15)
2026-01-31 00:36:48 - INFO - Multithreaded processing complete.
2026-01-31 00:36:48 - INFO - Page 1 listings found: 103
2026-01-31 00:36:48 - INFO - Looking for Next Page button...
2026-01-31 00:36:51 - INFO - Clicked Next Page (normal click)
2026-01-31 00:36:54 - INFO - 
--- Processing Page 2 ---
2026-01-31 00:36:59 - INFO - Reached end of page.
2026-01-31 00:36:59 - INFO - Found 0 listings
2026-01-31 00:36:59 - WARNING - No listings found on page 2.
2026-01-31 00:36:59 - INFO - Looking for Next Page button...
2026-01-31 00:37:07 - WARNING - Next Page button not found.
2026-01-31 00:37:07 - INFO - No more pages available. Stopping.
2026-01-31 00:37:07 - INFO - Last page processed: 2
2026-01-31 00:37:07 - INFO - Script ended at 2026-01-31 00:37:07
2026-01-31 00:37:07 - INFO - Total execution time: 125.21 seconds
2026-01-31 00:38:39 - INFO - Script started at 2026-01-31 00:38:39
2026-01-31 00:38:39 - INFO - ====== WebDriver manager ======
2026-01-31 00:38:40 - INFO - Get LATEST chromedriver version for google-chrome
2026-01-31 00:38:41 - INFO - Get LATEST chromedriver version for google-chrome
2026-01-31 00:38:41 - INFO - Driver [C:\Users\jaykishan PATEL\.wdm\drivers\chromedriver\win64\144.0.7559.109\chromedriver-win32/chromedriver.exe] found in cache
2026-01-31 00:38:42 - INFO - Navigating to 99acres...
2026-01-31 00:38:49 - INFO - Successfully loaded: India Real Estate Property Site - Buy Sell Rent Properties Portal - 99acres.com
2026-01-31 00:38:52 - INFO - Search wrapper clicked.
2026-01-31 00:38:53 - INFO - Typed city: Ahmedabad
2026-01-31 00:38:55 - INFO - Search for Ahmedabad executed successfully.
2026-01-31 00:39:01 - INFO - 
--- Processing Page 1 ---
2026-01-31 00:39:14 - INFO - Reached end of page.
2026-01-31 00:39:15 - INFO - Found 148 listings
2026-01-31 00:39:15 - INFO - Starting multithreaded extraction for 103 projects...
2026-01-31 00:39:15 - INFO - Fetching details for project ID: 455077
2026-01-31 00:39:15 - INFO - Fetching details for project ID: 414403
2026-01-31 00:39:15 - INFO - Fetching details for project ID: 455919
2026-01-31 00:39:15 - INFO - Fetching details for project ID: 406898
2026-01-31 00:39:15 - INFO - Fetching details for project ID: 396846
2026-01-31 00:39:17 - INFO - Fetching details for project ID: 436196
2026-01-31 00:39:18 - INFO - Fetching details for project ID: 455886
2026-01-31 00:39:18 - INFO - Fetching details for project ID: 455303
2026-01-31 00:39:18 - INFO - Fetching details for project ID: 414575
2026-01-31 00:39:18 - INFO - Fetching details for project ID: 449506
2026-01-31 00:39:19 - INFO - Fetching details for project ID: 448193
2026-01-31 00:39:19 - INFO - Fetching details for project ID: 437262
2026-01-31 00:39:20 - INFO - Fetching details for project ID: 454668
2026-01-31 00:39:20 - INFO - Fetching details for project ID: 434059
2026-01-31 00:39:21 - INFO - Fetching details for project ID: 441166
2026-01-31 00:39:21 - INFO - Fetching details for project ID: 453036
2026-01-31 00:39:21 - INFO - Fetching details for project ID: 426865
2026-01-31 00:39:22 - INFO - Fetching details for project ID: 412517
2026-01-31 00:39:22 - INFO - Fetching details for project ID: 437858
2026-01-31 00:39:22 - INFO - Fetching details for project ID: 398882
2026-01-31 00:39:23 - INFO - Fetching details for project ID: 439275
2026-01-31 00:39:23 - INFO - Fetching details for project ID: 419821
2026-01-31 00:39:24 - INFO - Fetching details for project ID: 448207
2026-01-31 00:39:24 - INFO - Fetching details for project ID: 441826
2026-01-31 00:39:24 - INFO - Fetching details for project ID: 423634
2026-01-31 00:39:25 - INFO - Fetching details for project ID: 395978
2026-01-31 00:39:25 - INFO - Fetching details for project ID: 415849
2026-01-31 00:39:25 - INFO - Fetching details for project ID: 395198
2026-01-31 00:39:26 - INFO - Fetching details for project ID: 438863
2026-01-31 00:39:26 - INFO - Fetching details for project ID: 386911
2026-01-31 00:39:27 - INFO - Fetching details for project ID: 417556
2026-01-31 00:39:27 - INFO - Fetching details for project ID: 425110
2026-01-31 00:39:27 - INFO - Fetching details for project ID: 430740
2026-01-31 00:39:27 - INFO - Fetching details for project ID: 419031
2026-01-31 00:39:28 - INFO - Fetching details for project ID: 426093
2026-01-31 00:39:29 - INFO - Fetching details for project ID: 448663
2026-01-31 00:39:29 - INFO - Fetching details for project ID: 449421
2026-01-31 00:39:30 - INFO - Fetching details for project ID: 419815
2026-01-31 00:39:30 - INFO - Fetching details for project ID: 448200
2026-01-31 00:39:31 - INFO - Fetching details for project ID: 439503
2026-01-31 00:39:31 - INFO - Fetching details for project ID: 451304
2026-01-31 00:39:32 - INFO - Fetching details for project ID: 450209
2026-01-31 00:39:33 - INFO - Fetching details for project ID: 423125
2026-01-31 00:39:34 - INFO - Fetching details for project ID: 396174
2026-01-31 00:39:35 - INFO - Fetching details for project ID: 439513
2026-01-31 00:39:35 - INFO - Fetching details for project ID: 3330
2026-01-31 00:39:36 - INFO - Fetching details for project ID: 415440
2026-01-31 00:39:37 - INFO - Fetching details for project ID: 245177
2026-01-31 00:39:41 - ERROR - Error fetching project details: HTTPSConnectionPool(host='www.99acres.com', port=443): Read timed out. (read timeout=15)
2026-01-31 00:39:41 - INFO - Fetching details for project ID: 367377
2026-01-31 00:39:43 - ERROR - Error fetching project details: HTTPSConnectionPool(host='www.99acres.com', port=443): Read timed out. (read timeout=15)
2026-01-31 00:39:43 - INFO - Fetching details for project ID: 411844
2026-01-31 00:39:45 - INFO - Fetching details for project ID: 438738
2026-01-31 00:39:46 - INFO - Fetching details for project ID: 449620
2026-01-31 00:39:46 - ERROR - Error fetching project details: HTTPSConnectionPool(host='www.99acres.com', port=443): Read timed out. (read timeout=15)
2026-01-31 00:39:46 - INFO - Fetching details for project ID: 414100
2026-01-31 00:39:47 - INFO - Fetching details for project ID: 398938
2026-01-31 00:39:51 - ERROR - Error fetching project details: HTTPSConnectionPool(host='www.99acres.com', port=443): Read timed out. (read timeout=15)
2026-01-31 00:39:51 - INFO - Fetching details for project ID: 448884
2026-01-31 00:39:52 - ERROR - Error fetching project details: HTTPSConnectionPool(host='www.99acres.com', port=443): Read timed out. (read timeout=15)
2026-01-31 00:39:52 - INFO - Fetching details for project ID: 417174
2026-01-31 00:39:53 - INFO - Fetching details for project ID: 422312
2026-01-31 00:39:53 - INFO - Fetching details for project ID: 426539
2026-01-31 00:39:55 - INFO - Fetching details for project ID: 430238
2026-01-31 00:39:57 - ERROR - Error fetching project details: HTTPSConnectionPool(host='www.99acres.com', port=443): Read timed out. (read timeout=15)
2026-01-31 00:39:57 - INFO - Fetching details for project ID: 389184
2026-01-31 00:39:57 - INFO - Fetching details for project ID: 454047
2026-01-31 00:39:58 - INFO - Fetching details for project ID: 410304
2026-01-31 00:40:00 - INFO - Fetching details for project ID: 424911
2026-01-31 00:40:01 - ERROR - Error fetching project details: HTTPSConnectionPool(host='www.99acres.com', port=443): Read timed out. (read timeout=15)
2026-01-31 00:40:01 - INFO - Fetching details for project ID: 454037
2026-01-31 00:40:02 - INFO - Fetching details for project ID: 441745
2026-01-31 00:40:03 - ERROR - Error fetching project details: HTTPSConnectionPool(host='www.99acres.com', port=443): Read timed out. (read timeout=15)
2026-01-31 00:40:03 - INFO - Fetching details for project ID: 426092
2026-01-31 00:40:03 - INFO - Fetching details for project ID: 388209
2026-01-31 00:40:03 - INFO - Fetching details for project ID: 428544
2026-01-31 00:40:04 - INFO - Fetching details for project ID: 454890
2026-01-31 00:40:05 - INFO - Fetching details for project ID: 411006
2026-01-31 00:40:06 - INFO - Fetching details for project ID: 403091
2026-01-31 00:40:06 - INFO - Fetching details for project ID: 443113
2026-01-31 00:40:07 - INFO - Fetching details for project ID: 395251
2026-01-31 00:40:07 - INFO - Fetching details for project ID: 432142
2026-01-31 00:40:09 - ERROR - Error fetching project details: HTTPSConnectionPool(host='www.99acres.com', port=443): Read timed out. (read timeout=15)
2026-01-31 00:40:09 - INFO - Fetching details for project ID: 451311
2026-01-31 00:40:09 - INFO - Fetching details for project ID: 442741
2026-01-31 00:40:09 - INFO - Fetching details for project ID: 401645
2026-01-31 00:40:10 - INFO - Fetching details for project ID: 424389
2026-01-31 00:40:10 - INFO - Fetching details for project ID: 415447
2026-01-31 00:40:11 - INFO - Fetching details for project ID: 402571
2026-01-31 00:40:12 - INFO - Fetching details for project ID: 449721
2026-01-31 00:40:12 - INFO - Fetching details for project ID: 371407
2026-01-31 00:40:12 - INFO - Fetching details for project ID: 436210
2026-01-31 00:40:13 - ERROR - Error fetching project details: HTTPSConnectionPool(host='www.99acres.com', port=443): Read timed out. (read timeout=15)
2026-01-31 00:40:13 - INFO - Fetching details for project ID: 438182
2026-01-31 00:40:14 - INFO - Fetching details for project ID: 392606
2026-01-31 00:40:14 - INFO - Fetching details for project ID: 419816
2026-01-31 00:40:14 - INFO - Fetching details for project ID: 382211
2026-01-31 00:40:14 - INFO - Fetching details for project ID: 424874
2026-01-31 00:40:15 - INFO - Fetching details for project ID: 441841
2026-01-31 00:40:15 - INFO - Fetching details for project ID: 408676
2026-01-31 00:40:16 - INFO - Fetching details for project ID: 457116
2026-01-31 00:40:17 - INFO - Fetching details for project ID: 429441
2026-01-31 00:40:17 - INFO - Fetching details for project ID: 449432
2026-01-31 00:40:18 - INFO - Fetching details for project ID: 417218
2026-01-31 00:40:18 - ERROR - Error fetching project details: HTTPSConnectionPool(host='www.99acres.com', port=443): Read timed out. (read timeout=15)
2026-01-31 00:40:18 - INFO - Fetching details for project ID: 417559
2026-01-31 00:40:18 - INFO - Fetching details for project ID: 430200
2026-01-31 00:40:19 - INFO - Fetching details for project ID: 388125
2026-01-31 00:40:19 - INFO - Fetching details for project ID: 455923
2026-01-31 00:40:20 - INFO - Fetching details for project ID: 451125
2026-01-31 00:40:21 - INFO - Fetching details for project ID: 423640
2026-01-31 00:40:21 - INFO - Fetching details for project ID: 393086
2026-01-31 00:40:22 - INFO - Fetching details for project ID: 423882
2026-01-31 00:40:22 - INFO - Fetching details for project ID: 379963
2026-01-31 00:40:30 - ERROR - Error fetching project details: HTTPSConnectionPool(host='www.99acres.com', port=443): Read timed out. (read timeout=15)
2026-01-31 00:40:34 - ERROR - Error fetching project details: HTTPSConnectionPool(host='www.99acres.com', port=443): Read timed out. (read timeout=15)
2026-01-31 00:40:36 - ERROR - Error fetching project details: HTTPSConnectionPool(host='www.99acres.com', port=443): Read timed out. (read timeout=15)
2026-01-31 00:40:36 - INFO - Multithreaded processing complete.
2026-01-31 00:40:36 - INFO - Page 1 listings found: 103
2026-01-31 00:40:36 - INFO - Looking for Next Page button...
2026-01-31 00:40:38 - INFO - Clicked Next Page (normal click)
2026-01-31 00:40:41 - INFO - 
--- Processing Page 2 ---
2026-01-31 00:40:46 - INFO - Reached end of page.
2026-01-31 00:40:46 - INFO - Found 0 listings
2026-01-31 00:40:46 - WARNING - No listings found on page 2.
2026-01-31 00:40:46 - INFO - Looking for Next Page button...
2026-01-31 00:40:55 - WARNING - Next Page button not found.
2026-01-31 00:40:55 - INFO - No more pages available. Stopping.
2026-01-31 00:40:55 - INFO - Last page processed: 2
2026-01-31 00:40:55 - INFO - Script ended at 2026-01-31 00:40:55
2026-01-31 00:40:55 - INFO - Total execution time: 135.87 seconds
2026-01-31 00:44:23 - INFO - Script started at 2026-01-31 00:44:23
2026-01-31 00:44:23 - INFO - ====== WebDriver manager ======
2026-01-31 00:44:25 - INFO - Get LATEST chromedriver version for google-chrome
2026-01-31 00:44:25 - INFO - Get LATEST chromedriver version for google-chrome
2026-01-31 00:44:25 - INFO - Driver [C:\Users\jaykishan PATEL\.wdm\drivers\chromedriver\win64\144.0.7559.109\chromedriver-win32/chromedriver.exe] found in cache
2026-01-31 00:44:27 - INFO - Navigating to 99acres...
2026-01-31 00:44:30 - INFO - Successfully loaded: India Real Estate Property Site - Buy Sell Rent Properties Portal - 99acres.com
2026-01-31 00:44:32 - INFO - Search wrapper clicked.
2026-01-31 00:44:33 - INFO - Typed city: Ahmedabad
2026-01-31 00:44:34 - INFO - Search for Ahmedabad executed successfully.
2026-01-31 00:44:40 - INFO - 
--- Processing Page 1 ---
2026-01-31 00:44:52 - INFO - Reached end of page.
2026-01-31 00:44:52 - INFO - Found 0 listings
2026-01-31 00:44:52 - WARNING - No listings found on page 1.
2026-01-31 00:44:52 - INFO - Looking for Next Page button...
2026-01-31 00:45:01 - WARNING - Next Page button not found.
2026-01-31 00:45:01 - INFO - No more pages available. Stopping.
2026-01-31 00:45:01 - INFO - Last page processed: 1
2026-01-31 00:45:01 - INFO - Script ended at 2026-01-31 00:45:01
2026-01-31 00:45:01 - INFO - Total execution time: 37.94 seconds
2026-01-31 00:45:12 - INFO - Script started at 2026-01-31 00:45:12
2026-01-31 00:45:12 - INFO - ====== WebDriver manager ======
2026-01-31 00:45:13 - INFO - Get LATEST chromedriver version for google-chrome
2026-01-31 00:45:14 - INFO - Get LATEST chromedriver version for google-chrome
2026-01-31 00:45:14 - INFO - Driver [C:\Users\jaykishan PATEL\.wdm\drivers\chromedriver\win64\144.0.7559.109\chromedriver-win32/chromedriver.exe] found in cache
2026-01-31 00:45:16 - INFO - Navigating to 99acres...
2026-01-31 00:45:23 - INFO - Successfully loaded: India Real Estate Property Site - Buy Sell Rent Properties Portal - 99acres.com
2026-01-31 00:45:25 - INFO - Search wrapper clicked.
2026-01-31 00:45:27 - INFO - Typed city: Ahmedabad
2026-01-31 00:45:30 - INFO - Search for Ahmedabad executed successfully.
2026-01-31 00:45:36 - INFO - 
--- Processing Page 1 ---
2026-01-31 00:45:52 - INFO - Reached end of page.
2026-01-31 00:45:55 - INFO - Found 175 listings
2026-01-31 00:45:55 - INFO - Starting multithreaded extraction for 103 projects...
2026-01-31 00:45:55 - INFO - Fetching details for project ID: 455077
2026-01-31 00:45:55 - INFO - Fetching details for project ID: 414403
2026-01-31 00:45:55 - INFO - Fetching details for project ID: 455919
2026-01-31 00:45:55 - INFO - Fetching details for project ID: 406898
2026-01-31 00:45:55 - INFO - Fetching details for project ID: 396846
2026-01-31 00:45:58 - INFO - Fetching details for project ID: 436196
2026-01-31 00:45:58 - INFO - Fetching details for project ID: 455886
2026-01-31 00:45:58 - INFO - Fetching details for project ID: 455303
2026-01-31 00:45:58 - INFO - Fetching details for project ID: 414575
2026-01-31 00:46:00 - INFO - Fetching details for project ID: 449506
2026-01-31 00:46:00 - INFO - Fetching details for project ID: 448193
2026-01-31 00:46:02 - INFO - Fetching details for project ID: 437262
2026-01-31 00:46:02 - INFO - Fetching details for project ID: 454668
2026-01-31 00:46:04 - INFO - Fetching details for project ID: 434059
2026-01-31 00:46:04 - INFO - Processed 10 projects. Sleeping for 5s to avoid blocking.
2026-01-31 00:46:09 - INFO - Fetching details for project ID: 441166
2026-01-31 00:46:09 - INFO - Fetching details for project ID: 453036
2026-01-31 00:46:11 - INFO - Fetching details for project ID: 426865
2026-01-31 00:46:11 - INFO - Fetching details for project ID: 412517
2026-01-31 00:46:12 - ERROR - Error fetching project details: HTTPSConnectionPool(host='www.99acres.com', port=443): Read timed out. (read timeout=15)
2026-01-31 00:46:12 - INFO - Fetching details for project ID: 437858
2026-01-31 00:46:13 - INFO - Fetching details for project ID: 398882
2026-01-31 00:46:14 - INFO - Fetching details for project ID: 439275
2026-01-31 00:46:14 - ERROR - Error fetching project details: HTTPSConnectionPool(host='www.99acres.com', port=443): Read timed out. (read timeout=15)
2026-01-31 00:46:14 - INFO - Fetching details for project ID: 419821
2026-01-31 00:46:15 - ERROR - Error fetching project details: HTTPSConnectionPool(host='www.99acres.com', port=443): Read timed out. (read timeout=15)
2026-01-31 00:46:15 - INFO - Fetching details for project ID: 448207
2026-01-31 00:46:16 - INFO - Fetching details for project ID: 441826
2026-01-31 00:46:17 - INFO - Processed 20 projects. Sleeping for 5s to avoid blocking.
2026-01-31 00:46:22 - INFO - Fetching details for project ID: 423634
2026-01-31 00:46:22 - INFO - Fetching details for project ID: 395978
2026-01-31 00:46:22 - INFO - Fetching details for project ID: 415849
2026-01-31 00:46:24 - INFO - Fetching details for project ID: 395198
2026-01-31 00:46:24 - INFO - Fetching details for project ID: 438863
2026-01-31 00:46:24 - INFO - Fetching details for project ID: 386911
2026-01-31 00:46:25 - INFO - Fetching details for project ID: 417556
2026-01-31 00:46:26 - INFO - Fetching details for project ID: 425110
2026-01-31 00:46:27 - ERROR - Error fetching project details: HTTPSConnectionPool(host='www.99acres.com', port=443): Read timed out. (read timeout=15)
2026-01-31 00:46:27 - INFO - Fetching details for project ID: 430740
2026-01-31 00:46:27 - INFO - Fetching details for project ID: 419031
2026-01-31 00:46:27 - ERROR - Error fetching project details: HTTPSConnectionPool(host='www.99acres.com', port=443): Read timed out. (read timeout=15)
2026-01-31 00:46:28 - INFO - Processed 30 projects. Sleeping for 8s to avoid blocking.
2026-01-31 00:46:36 - INFO - Fetching details for project ID: 426093
2026-01-31 00:46:36 - INFO - Fetching details for project ID: 448663
2026-01-31 00:46:36 - INFO - Fetching details for project ID: 449421
2026-01-31 00:46:36 - INFO - Fetching details for project ID: 419815
2026-01-31 00:46:38 - INFO - Fetching details for project ID: 448200
2026-01-31 00:46:39 - INFO - Fetching details for project ID: 439503
2026-01-31 00:46:39 - INFO - Fetching details for project ID: 451304
2026-01-31 00:46:39 - INFO - Fetching details for project ID: 423125
2026-01-31 00:46:40 - ERROR - Error fetching project details: HTTPSConnectionPool(host='www.99acres.com', port=443): Read timed out. (read timeout=15)
2026-01-31 00:46:40 - INFO - Fetching details for project ID: 450209
2026-01-31 00:46:40 - INFO - Fetching details for project ID: 396174
2026-01-31 00:46:41 - INFO - Processed 40 projects. Sleeping for 10s to avoid blocking.
2026-01-31 00:46:51 - INFO - Fetching details for project ID: 439513
2026-01-31 00:46:51 - INFO - Fetching details for project ID: 3330
2026-01-31 00:46:51 - INFO - Fetching details for project ID: 415440
2026-01-31 00:46:51 - INFO - Fetching details for project ID: 245177
2026-01-31 00:46:51 - INFO - Fetching details for project ID: 367377
2026-01-31 00:46:54 - INFO - Fetching details for project ID: 411844
2026-01-31 00:46:54 - INFO - Fetching details for project ID: 438738
2026-01-31 00:46:54 - INFO - Fetching details for project ID: 449620
2026-01-31 00:46:54 - INFO - Fetching details for project ID: 414100
2026-01-31 00:46:54 - INFO - Fetching details for project ID: 398938
2026-01-31 00:46:57 - INFO - Processed 50 projects. Sleeping for 9s to avoid blocking.
2026-01-31 00:47:06 - INFO - Fetching details for project ID: 448884
2026-01-31 00:47:06 - INFO - Fetching details for project ID: 417174
2026-01-31 00:47:06 - INFO - Fetching details for project ID: 422312
2026-01-31 00:47:06 - INFO - Fetching details for project ID: 426539
2026-01-31 00:47:09 - INFO - Fetching details for project ID: 430238
2026-01-31 00:47:09 - INFO - Fetching details for project ID: 389184
2026-01-31 00:47:09 - INFO - Fetching details for project ID: 454047
2026-01-31 00:47:09 - INFO - Fetching details for project ID: 410304
2026-01-31 00:47:10 - INFO - Fetching details for project ID: 424911
2026-01-31 00:47:11 - INFO - Fetching details for project ID: 454037
2026-01-31 00:47:11 - INFO - Processed 60 projects. Sleeping for 5s to avoid blocking.
2026-01-31 00:47:11 - ERROR - Error fetching project details: HTTPSConnectionPool(host='www.99acres.com', port=443): Read timed out. (read timeout=15)
2026-01-31 00:47:16 - INFO - Fetching details for project ID: 441745
2026-01-31 00:47:16 - INFO - Fetching details for project ID: 426092
2026-01-31 00:47:16 - INFO - Fetching details for project ID: 388209
2026-01-31 00:47:16 - INFO - Fetching details for project ID: 428544
2026-01-31 00:47:16 - INFO - Fetching details for project ID: 454890
2026-01-31 00:47:20 - INFO - Fetching details for project ID: 411006
2026-01-31 00:47:20 - INFO - Fetching details for project ID: 403091
2026-01-31 00:47:20 - INFO - Fetching details for project ID: 443113
2026-01-31 00:47:20 - INFO - Fetching details for project ID: 395251
2026-01-31 00:47:20 - INFO - Fetching details for project ID: 432142
2026-01-31 00:47:22 - INFO - Processed 70 projects. Sleeping for 8s to avoid blocking.
2026-01-31 00:47:30 - INFO - Fetching details for project ID: 451311
2026-01-31 00:47:30 - INFO - Fetching details for project ID: 442741
2026-01-31 00:47:30 - INFO - Fetching details for project ID: 401645
2026-01-31 00:47:30 - INFO - Fetching details for project ID: 424389
2026-01-31 00:47:32 - INFO - Fetching details for project ID: 415447
2026-01-31 00:47:32 - INFO - Fetching details for project ID: 402571
2026-01-31 00:47:32 - INFO - Fetching details for project ID: 449721
2026-01-31 00:47:33 - INFO - Fetching details for project ID: 371407
2026-01-31 00:47:34 - INFO - Fetching details for project ID: 436210
2026-01-31 00:47:35 - INFO - Fetching details for project ID: 438182
2026-01-31 00:47:35 - INFO - Processed 80 projects. Sleeping for 6s to avoid blocking.
2026-01-31 00:47:37 - ERROR - Error fetching project details: HTTPSConnectionPool(host='www.99acres.com', port=443): Read timed out. (read timeout=15)
2026-01-31 00:47:41 - INFO - Fetching details for project ID: 392606
2026-01-31 00:47:41 - INFO - Fetching details for project ID: 419816
2026-01-31 00:47:41 - INFO - Fetching details for project ID: 382211
2026-01-31 00:47:41 - INFO - Fetching details for project ID: 424874
2026-01-31 00:47:43 - INFO - Fetching details for project ID: 441841
2026-01-31 00:47:43 - INFO - Fetching details for project ID: 408676
2026-01-31 00:47:44 - INFO - Fetching details for project ID: 457116
2026-01-31 00:47:45 - INFO - Fetching details for project ID: 429441
2026-01-31 00:47:45 - INFO - Fetching details for project ID: 449432
2026-01-31 00:47:47 - INFO - Fetching details for project ID: 417218
2026-01-31 00:47:48 - INFO - Processed 90 projects. Sleeping for 5s to avoid blocking.
2026-01-31 00:47:48 - ERROR - Error fetching project details: HTTPSConnectionPool(host='www.99acres.com', port=443): Read timed out. (read timeout=15)
2026-01-31 00:47:53 - INFO - Fetching details for project ID: 417559
2026-01-31 00:47:53 - INFO - Fetching details for project ID: 430200
2026-01-31 00:47:53 - INFO - Fetching details for project ID: 388125
2026-01-31 00:47:56 - INFO - Fetching details for project ID: 455923
2026-01-31 00:47:56 - INFO - Fetching details for project ID: 451125
2026-01-31 00:47:56 - INFO - Fetching details for project ID: 423640
2026-01-31 00:47:58 - ERROR - Error fetching project details: HTTPSConnectionPool(host='www.99acres.com', port=443): Read timed out. (read timeout=15)
2026-01-31 00:47:58 - INFO - Fetching details for project ID: 393086
2026-01-31 00:47:58 - INFO - Fetching details for project ID: 423882
2026-01-31 00:47:58 - INFO - Fetching details for project ID: 379963
2026-01-31 00:47:59 - ERROR - Error fetching project details: HTTPSConnectionPool(host='www.99acres.com', port=443): Read timed out. (read timeout=15)
2026-01-31 00:47:59 - INFO - Processed 100 projects. Sleeping for 5s to avoid blocking.
2026-01-31 00:48:12 - ERROR - Error fetching project details: HTTPSConnectionPool(host='www.99acres.com', port=443): Read timed out. (read timeout=15)
2026-01-31 00:48:12 - INFO - Multithreaded processing complete.
2026-01-31 00:48:12 - INFO - Page 1 listings found: 103
2026-01-31 00:48:12 - INFO - Looking for Next Page button...
2026-01-31 00:48:14 - INFO - Clicked Next Page (normal click)
2026-01-31 00:48:18 - INFO - 
--- Processing Page 2 ---
2026-01-31 00:48:24 - INFO - Reached end of page.
2026-01-31 00:48:24 - INFO - Found 0 listings
2026-01-31 00:48:24 - WARNING - No listings found on page 2.
2026-01-31 00:48:24 - INFO - Looking for Next Page button...
2026-01-31 00:48:33 - WARNING - Next Page button not found.
2026-01-31 00:48:33 - INFO - No more pages available. Stopping.
2026-01-31 00:48:33 - INFO - Last page processed: 2
2026-01-31 00:48:33 - INFO - Script ended at 2026-01-31 00:48:33
2026-01-31 00:48:33 - INFO - Total execution time: 201.05 seconds
2026-01-31 00:49:57 - INFO - Script started at 2026-01-31 00:49:57
2026-01-31 00:49:57 - INFO - ====== WebDriver manager ======
2026-01-31 00:49:58 - INFO - Get LATEST chromedriver version for google-chrome
2026-01-31 00:49:59 - INFO - Get LATEST chromedriver version for google-chrome
2026-01-31 00:49:59 - INFO - Driver [C:\Users\jaykishan PATEL\.wdm\drivers\chromedriver\win64\144.0.7559.109\chromedriver-win32/chromedriver.exe] found in cache
2026-01-31 00:50:01 - INFO - Navigating to 99acres...
2026-01-31 00:50:08 - INFO - Successfully loaded: India Real Estate Property Site - Buy Sell Rent Properties Portal - 99acres.com
2026-01-31 00:50:12 - INFO - Search wrapper clicked.
2026-01-31 00:50:13 - INFO - Typed city: Ahmedabad
2026-01-31 00:50:14 - INFO - Search for Ahmedabad executed successfully.
2026-01-31 00:50:20 - INFO - 
--- Processing Page 1 ---
2026-01-31 00:50:36 - INFO - Reached end of page.
2026-01-31 00:50:41 - INFO - Found 148 listings
2026-01-31 00:50:41 - INFO - Page 1 listings found: 103
2026-01-31 00:50:41 - INFO - Looking for Next Page button...
2026-01-31 00:50:44 - INFO - Clicked Next Page (normal click)
2026-01-31 00:50:50 - INFO - 
--- Processing Page 2 ---
2026-01-31 00:50:56 - INFO - Reached end of page.
2026-01-31 00:50:56 - INFO - Found 0 listings
2026-01-31 00:50:56 - WARNING - No listings found on page 2.
2026-01-31 00:50:56 - INFO - Looking for Next Page button...
2026-01-31 00:51:05 - WARNING - Next Page button not found.
2026-01-31 00:51:05 - INFO - No more pages available. Stopping.
2026-01-31 00:51:05 - INFO - Last page processed: 2
2026-01-31 00:51:05 - INFO - Script ended at 2026-01-31 00:51:05
2026-01-31 00:51:05 - INFO - Total execution time: 68.25 seconds
2026-01-31 00:53:57 - INFO - Script started at 2026-01-31 00:53:57
2026-01-31 00:53:57 - INFO - ====== WebDriver manager ======
2026-01-31 00:53:59 - INFO - Get LATEST chromedriver version for google-chrome
2026-01-31 00:53:59 - INFO - Get LATEST chromedriver version for google-chrome
2026-01-31 00:53:59 - INFO - Driver [C:\Users\jaykishan PATEL\.wdm\drivers\chromedriver\win64\144.0.7559.109\chromedriver-win32/chromedriver.exe] found in cache
2026-01-31 00:54:01 - INFO - Navigating to 99acres...
2026-01-31 00:54:07 - INFO - Successfully loaded: 
2026-01-31 00:54:15 - INFO - Search wrapper clicked.
2026-01-31 00:54:15 - INFO - Typed city: Ahmedabad
2026-01-31 00:54:17 - INFO - Search for Ahmedabad executed successfully.
2026-01-31 00:54:23 - INFO - 
--- Processing Page 1 ---
2026-01-31 00:54:37 - INFO - Reached end of page.
2026-01-31 00:54:41 - INFO - Found 169 listings
2026-01-31 00:54:41 - INFO - Page 1 listings found: 103
2026-01-31 00:54:41 - INFO - Looking for Next Page button...
2026-01-31 00:54:44 - INFO - Clicked Next Page (normal click)
2026-01-31 00:54:50 - INFO - 
--- Processing Page 2 ---
2026-01-31 00:54:54 - INFO - Reached end of page.
2026-01-31 00:54:54 - INFO - Found 0 listings
2026-01-31 00:54:54 - WARNING - No listings found on page 2.
2026-01-31 00:54:54 - INFO - Looking for Next Page button...
2026-01-31 00:55:02 - WARNING - Next Page button not found.
2026-01-31 00:55:02 - INFO - Reloading page and retrying Next Page...
2026-01-31 00:55:09 - INFO - Looking for Next Page button...
2026-01-31 00:55:17 - WARNING - Next Page button not found.
2026-01-31 00:55:17 - INFO - Next Page still not found after reload.
2026-01-31 00:55:17 - INFO - No more pages available. Stopping.
2026-01-31 00:55:17 - INFO - Last page processed: 2
2026-01-31 00:55:17 - INFO - Script ended at 2026-01-31 00:55:17
2026-01-31 00:55:17 - INFO - Total execution time: 80.52 seconds
2026-01-31 00:56:45 - INFO - Script started at 2026-01-31 00:56:45
2026-01-31 00:56:45 - INFO - ====== WebDriver manager ======
2026-01-31 00:56:48 - INFO - Get LATEST chromedriver version for google-chrome
2026-01-31 00:56:49 - INFO - Get LATEST chromedriver version for google-chrome
2026-01-31 00:56:49 - INFO - Driver [C:\Users\jaykishan PATEL\.wdm\drivers\chromedriver\win64\144.0.7559.109\chromedriver-win32/chromedriver.exe] found in cache
2026-01-31 00:56:52 - INFO - Navigating to 99acres...
2026-01-31 00:56:58 - INFO - Successfully loaded: India Real Estate Property Site - Buy Sell Rent Properties Portal - 99acres.com
2026-01-31 00:57:04 - INFO - Search wrapper clicked.
2026-01-31 00:57:04 - INFO - Typed city: Ahmedabad
2026-01-31 00:57:07 - INFO - Search for Ahmedabad executed successfully.
2026-01-31 00:57:13 - INFO - 
--- Processing Page 1 ---
2026-01-31 00:57:28 - INFO - Reached end of page.
2026-01-31 00:57:33 - INFO - Found 175 listings
2026-01-31 00:57:33 - INFO - Page 1 listings found: 103
2026-01-31 00:57:33 - INFO - Looking for Next Page button...
2026-01-31 00:57:35 - INFO - Clicked Next Page (normal click)
2026-01-31 00:57:39 - INFO - 
--- Processing Page 2 ---
2026-01-31 00:57:44 - INFO - Reached end of page.
2026-01-31 00:57:45 - INFO - Found 85 listings
2026-01-31 00:57:45 - INFO - Page 2 listings found: 14
2026-01-31 00:57:45 - INFO - Looking for Next Page button...
2026-01-31 00:57:47 - INFO - Clicked Next Page (normal click)
2026-01-31 00:57:51 - INFO - 
--- Processing Page 3 ---
2026-01-31 00:57:56 - INFO - Reached end of page.
2026-01-31 00:57:58 - INFO - Found 84 listings
2026-01-31 00:57:58 - INFO - Page 3 listings found: 13
2026-01-31 00:57:58 - INFO - Looking for Next Page button...
2026-01-31 00:58:01 - INFO - Clicked Next Page (normal click)
2026-01-31 00:58:04 - INFO - 
--- Processing Page 4 ---
2026-01-31 00:58:12 - INFO - Reached end of page.
2026-01-31 00:58:14 - INFO - Found 81 listings
2026-01-31 00:58:14 - INFO - Page 4 listings found: 16
2026-01-31 00:58:14 - INFO - Looking for Next Page button...
2026-01-31 00:58:16 - INFO - Clicked Next Page (normal click)
2026-01-31 00:58:23 - INFO - 
--- Processing Page 5 ---
2026-01-31 00:58:29 - INFO - Reached end of page.
2026-01-31 00:58:30 - INFO - Found 81 listings
2026-01-31 00:58:30 - INFO - Page 5 listings found: 17
2026-01-31 00:58:30 - INFO - Looking for Next Page button...
2026-01-31 00:58:33 - INFO - Clicked Next Page (normal click)
2026-01-31 00:58:38 - INFO - 
--- Processing Page 6 ---
2026-01-31 00:58:45 - INFO - Reached end of page.
2026-01-31 00:58:47 - INFO - Found 92 listings
2026-01-31 00:58:47 - INFO - Page 6 listings found: 13
2026-01-31 00:58:47 - INFO - Looking for Next Page button...
2026-01-31 00:58:50 - INFO - Clicked Next Page (normal click)
2026-01-31 00:58:54 - INFO - 
--- Processing Page 7 ---
2026-01-31 00:58:58 - INFO - Reached end of page.
2026-01-31 00:59:01 - INFO - Found 88 listings
2026-01-31 00:59:01 - INFO - Page 7 listings found: 15
2026-01-31 00:59:01 - INFO - Looking for Next Page button...
2026-01-31 00:59:03 - INFO - Clicked Next Page (normal click)
2026-01-31 00:59:07 - INFO - 
--- Processing Page 8 ---
2026-01-31 00:59:11 - INFO - Reached end of page.
2026-01-31 00:59:13 - INFO - Found 90 listings
2026-01-31 00:59:13 - INFO - Page 8 listings found: 13
2026-01-31 00:59:13 - INFO - Looking for Next Page button...
2026-01-31 00:59:15 - INFO - Clicked Next Page (normal click)
2026-01-31 00:59:19 - INFO - 
--- Processing Page 9 ---
2026-01-31 00:59:25 - INFO - Reached end of page.
2026-01-31 00:59:27 - INFO - Found 82 listings
2026-01-31 00:59:27 - INFO - Page 9 listings found: 11
2026-01-31 00:59:27 - INFO - Looking for Next Page button...
2026-01-31 00:59:30 - INFO - Clicked Next Page (normal click)
2026-01-31 00:59:36 - INFO - 
--- Processing Page 10 ---
2026-01-31 00:59:43 - INFO - Reached end of page.
2026-01-31 00:59:45 - INFO - Found 84 listings
2026-01-31 00:59:45 - INFO - Page 10 listings found: 8
2026-01-31 00:59:45 - INFO - Looking for Next Page button...
2026-01-31 00:59:48 - INFO - Clicked Next Page (normal click)
2026-01-31 00:59:52 - INFO - 
--- Processing Page 11 ---
2026-01-31 00:59:57 - INFO - Reached end of page.
2026-01-31 00:59:59 - INFO - Found 82 listings
2026-01-31 00:59:59 - INFO - Page 11 listings found: 4
2026-01-31 00:59:59 - INFO - Looking for Next Page button...
2026-01-31 01:00:02 - INFO - Clicked Next Page (normal click)
2026-01-31 01:00:08 - INFO - 
--- Processing Page 12 ---
2026-01-31 01:00:13 - INFO - Reached end of page.
2026-01-31 01:00:14 - INFO - Found 0 listings
2026-01-31 01:00:14 - WARNING - No listings found on page 12.
2026-01-31 01:00:14 - INFO - Looking for Next Page button...
2026-01-31 01:00:22 - WARNING - Next Page button not found.
2026-01-31 01:00:22 - INFO - Next Page still not found after reload.
2026-01-31 01:00:22 - INFO - No more pages available. Stopping.
2026-01-31 01:00:22 - INFO - Last page processed: 12
2026-01-31 01:00:22 - INFO - Script ended at 2026-01-31 01:00:22
2026-01-31 01:00:22 - INFO - Total execution time: 216.20 seconds
2026-01-31 12:43:07 - INFO - Script started at 2026-01-31 12:43:07
2026-01-31 12:43:07 - INFO - ====== WebDriver manager ======
2026-01-31 12:43:08 - INFO - Get LATEST chromedriver version for google-chrome
2026-01-31 12:43:09 - INFO - Get LATEST chromedriver version for google-chrome
2026-01-31 12:43:09 - INFO - Driver [C:\Users\jaykishan PATEL\.wdm\drivers\chromedriver\win64\144.0.7559.109\chromedriver-win32/chromedriver.exe] found in cache
2026-01-31 12:43:12 - INFO - Navigating to 99acres...
2026-01-31 12:43:16 - INFO - Successfully loaded: India Real Estate Property Site - Buy Sell Rent Properties Portal - 99acres.com
2026-01-31 12:43:20 - INFO - Search wrapper clicked.
2026-01-31 12:43:20 - INFO - Typed city: Ahmedabad
2026-01-31 12:43:23 - INFO - Search for Ahmedabad executed successfully.
2026-01-31 12:43:29 - INFO - 
--- Processing Page 1 ---
2026-01-31 12:43:29 - INFO - Last page processed: 1
2026-01-31 12:43:29 - INFO - Script ended at 2026-01-31 12:43:29
2026-01-31 12:43:29 - INFO - Total execution time: 22.40 seconds
2026-01-31 12:44:34 - INFO - Script started at 2026-01-31 12:44:34
2026-01-31 12:44:34 - INFO - ====== WebDriver manager ======
2026-01-31 12:44:35 - INFO - Get LATEST chromedriver version for google-chrome
2026-01-31 12:44:35 - INFO - Get LATEST chromedriver version for google-chrome
2026-01-31 12:44:35 - INFO - Driver [C:\Users\jaykishan PATEL\.wdm\drivers\chromedriver\win64\144.0.7559.109\chromedriver-win32/chromedriver.exe] found in cache
2026-01-31 12:44:37 - INFO - Navigating to 99acres...
2026-01-31 12:44:40 - INFO - Successfully loaded: India Real Estate Property Site - Buy Sell Rent Properties Portal - 99acres.com
2026-01-31 12:44:42 - INFO - Search wrapper clicked.
2026-01-31 12:44:42 - INFO - Typed city: Ahmedabad
2026-01-31 12:44:44 - INFO - Search for Ahmedabad executed successfully.
2026-01-31 12:44:50 - INFO - 
--- Processing Page 1 ---
2026-01-31 12:44:53 - INFO - Last page processed: 1
2026-01-31 12:44:53 - INFO - Script ended at 2026-01-31 12:44:53
2026-01-31 12:44:53 - INFO - Total execution time: 18.84 seconds
2026-01-31 12:45:32 - INFO - Script started at 2026-01-31 12:45:32
2026-01-31 12:45:32 - INFO - ====== WebDriver manager ======
2026-01-31 12:45:33 - INFO - Get LATEST chromedriver version for google-chrome
2026-01-31 12:45:33 - INFO - Get LATEST chromedriver version for google-chrome
2026-01-31 12:45:33 - INFO - Driver [C:\Users\jaykishan PATEL\.wdm\drivers\chromedriver\win64\144.0.7559.109\chromedriver-win32/chromedriver.exe] found in cache
2026-01-31 12:45:34 - INFO - Navigating to 99acres...
2026-01-31 12:45:39 - INFO - Successfully loaded: India Real Estate Property Site - Buy Sell Rent Properties Portal - 99acres.com
2026-01-31 12:45:43 - INFO - Search wrapper clicked.
2026-01-31 12:45:43 - INFO - Typed city: Ahmedabad
2026-01-31 12:45:46 - INFO - Search for Ahmedabad executed successfully.
2026-01-31 12:45:52 - INFO - 
--- Processing Page 1 ---
2026-01-31 12:46:07 - INFO - Reached end of page.
2026-01-31 12:46:09 - INFO - Found 175 listings
2026-01-31 12:46:09 - INFO - Page 1 listings found: 104
2026-01-31 12:46:09 - INFO - Looking for Next Page button...
2026-01-31 12:46:12 - INFO - Clicked Next Page (normal click)
2026-01-31 12:46:18 - INFO - 
--- Processing Page 2 ---
2026-01-31 12:46:21 - INFO - Last page processed: 2
2026-01-31 12:46:21 - INFO - Script ended at 2026-01-31 12:46:21
2026-01-31 12:46:21 - INFO - Total execution time: 49.32 seconds
2026-01-31 12:46:21 - WARNING - Retrying (Retry(total=2, connect=None, read=None, redirect=None, status=None)) after connection broken by 'ProtocolError('Connection aborted.', ConnectionResetError(10054, 'An existing connection was forcibly closed by the remote host', None, 10054, None))': /session/4cc3539896cc84c9640a2591a1cc0b44
2026-01-31 12:52:27 - INFO - Script started at 2026-01-31 12:52:27
2026-01-31 12:52:27 - INFO - ====== WebDriver manager ======
2026-01-31 12:52:28 - INFO - Get LATEST chromedriver version for google-chrome
2026-01-31 12:52:28 - INFO - Get LATEST chromedriver version for google-chrome
2026-01-31 12:52:28 - INFO - Driver [C:\Users\jaykishan PATEL\.wdm\drivers\chromedriver\win64\144.0.7559.109\chromedriver-win32/chromedriver.exe] found in cache
2026-01-31 12:52:29 - INFO - Navigating to 99acres...
2026-01-31 12:52:34 - INFO - Successfully loaded: India Real Estate Property Site - Buy Sell Rent Properties Portal - 99acres.com
2026-01-31 12:52:36 - INFO - Search wrapper clicked.
2026-01-31 12:52:37 - INFO - Typed city: Ahmedabad
2026-01-31 12:52:40 - INFO - Search for Ahmedabad executed successfully.
2026-01-31 12:52:46 - INFO - 
--- Processing Page 1 ---
2026-01-31 12:53:02 - INFO - Reached end of page.
2026-01-31 12:53:03 - INFO - Found 174 listings
2026-01-31 12:53:03 - INFO - Page 1 listings found: 104
2026-01-31 12:53:03 - INFO - Looking for Next Page button...
2026-01-31 12:53:06 - INFO - Clicked Next Page (normal click)
2026-01-31 12:53:11 - INFO - 
--- Processing Page 2 ---
2026-01-31 12:53:16 - INFO - Reached end of page.
2026-01-31 12:53:16 - INFO - Found 92 listings
2026-01-31 12:53:16 - INFO - Page 2 listings found: 13
2026-01-31 12:53:16 - INFO - Looking for Next Page button...
2026-01-31 12:53:18 - INFO - Clicked Next Page (normal click)
2026-01-31 12:53:23 - INFO - 
--- Processing Page 3 ---
2026-01-31 12:53:28 - INFO - Reached end of page.
2026-01-31 12:53:29 - INFO - Found 84 listings
2026-01-31 12:53:29 - INFO - Page 3 listings found: 12
2026-01-31 12:53:29 - INFO - Looking for Next Page button...
2026-01-31 12:53:32 - INFO - Clicked Next Page (normal click)
2026-01-31 12:53:36 - INFO - 
--- Processing Page 4 ---
2026-01-31 12:53:42 - INFO - Reached end of page.
2026-01-31 12:53:43 - INFO - Found 81 listings
2026-01-31 12:53:43 - INFO - Page 4 listings found: 16
2026-01-31 12:53:43 - INFO - Looking for Next Page button...
2026-01-31 12:53:44 - INFO - Clicked Next Page (normal click)
2026-01-31 12:53:50 - INFO - 
--- Processing Page 5 ---
2026-01-31 12:53:58 - INFO - Reached end of page.
2026-01-31 12:53:59 - INFO - Found 86 listings
2026-01-31 12:53:59 - INFO - Page 5 listings found: 18
2026-01-31 12:53:59 - INFO - Looking for Next Page button...
2026-01-31 12:54:01 - INFO - Stored 163 new listings to all_listings.csv
2026-01-31 12:54:01 - INFO - Last page processed: 5
2026-01-31 12:54:01 - INFO - Script ended at 2026-01-31 12:54:01
2026-01-31 12:54:01 - INFO - Total execution time: 94.65 seconds
2026-01-31 12:56:52 - INFO - Script started at 2026-01-31 12:56:52
2026-01-31 12:56:52 - INFO - ====== WebDriver manager ======
2026-01-31 12:56:53 - INFO - Get LATEST chromedriver version for google-chrome
2026-01-31 12:56:53 - INFO - Get LATEST chromedriver version for google-chrome
2026-01-31 12:56:53 - INFO - Driver [C:\Users\jaykishan PATEL\.wdm\drivers\chromedriver\win64\144.0.7559.109\chromedriver-win32/chromedriver.exe] found in cache
2026-01-31 12:56:55 - INFO - Navigating to 99acres...
2026-01-31 12:56:59 - INFO - Successfully loaded: India Real Estate Property Site - Buy Sell Rent Properties Portal - 99acres.com
2026-01-31 12:57:04 - INFO - Search wrapper clicked.
2026-01-31 12:57:04 - INFO - Typed city: Ahmedabad
2026-01-31 12:57:07 - INFO - Search for Ahmedabad executed successfully.
2026-01-31 12:57:13 - INFO - 
--- Processing Page 1 ---
2026-01-31 12:57:27 - INFO - Reached end of page.
2026-01-31 12:57:29 - INFO - extracted listing IDs are ['J86507346', 'P87489324', 'muteUnmuteButton_1', '455077', 'r2mWidget_245177', 'r2mWidget_388209', 'r2mWidget_395198', 'r2mWidget_389184', 'r2mWidget_398882', 'r2mWidget_3330', '414403', '455919', '406898', '396846', '436196', '455886', '455303', '414575', '449506', '448193', '437262', '454668', '434059', '441166', 'npSrpWidget', 'crossSellWidget_399222', 'crossSellWidget_412524', 'crossSellWidget_426492', 'crossSellWidget_435798', 'crossSellWidget_417593', 'crossSellWidget_441347', 'crossSellWidget_444754', 'crossSellWidget_430758', 'crossSellWidget_415878', 'crossSellWidget_376686', 'crossSellWidget_376214', 'crossSellWidget_423203', 'crossSellWidget_432390', 'crossSellWidget_389205', 'crossSellWidget_442250', 'crossSellWidget_373269', 'crossSellWidget_398157', 'crossSellWidget_398013', 'crossSellWidget_329399', 'crossSellWidget_423087', '453036', '426865', '412517', '437858', '398882', '439275', '419821', '448207', '441826', '423634', '395978', '415849', '395198', '438863', '386911', '417556', '425110', '426093', '448663', '449421', '419031', '430740', '419815', '448200', '439503', '451304', '423125', '396174', '450209', '439513', '3330', '415440', '367377', '398938', '245177', '411844', '449620', '414100', '438738', '417174', '448884', '422312', '426539', 'M88303446', 'muteUnmuteButton_60', '430238', '389184', '454047', '410304', '424911', '426092', '441745', '449721', '388209', '428544', '454890', '411006', '454037', '403091', '392606', '443113', '395251', '432142', '442741', '401645', '451311', 'L87447004', 'muteUnmuteButton_82', '371407', 'U88177770', 'muteUnmuteButton_84', '424389', '415447', 'C87534016', 'muteUnmuteButton_87', 'C87221052', 'muteUnmuteButton_88', '436210', '438182', '424874', '441841', '408676', 'D75991359', 'muteUnmuteButton_94', '419816', '457116', 'D88199610', 'muteUnmuteButton_97', 'U88318652', 'muteUnmuteButton_98', 'F84658978', 'muteUnmuteButton_99', '429441', '449432', 'N84289002', 'muteUnmuteButton_102', '392363', '402571', 'Q82835320', 'muteUnmuteButton_105', '417559', 'B77278671', 'muteUnmuteButton_107', '430200', 'K88077026', 'muteUnmuteButton_109', '417218', 'M83206340', 'muteUnmuteButton_111', '451125', 'H87697658', '423640', '455923', '388125', 'Q80925667', 'muteUnmuteButton_117', '393086', 'W86693224', 'muteUnmuteButton_119', 'F87966672', 'muteUnmuteButton_120', 'D86700128', 'muteUnmuteButton_121', 'C88064032', 'muteUnmuteButton_122', '423882', '379963', 'S86783344', 'muteUnmuteButton_125', '429129'].
2026-01-31 12:57:29 - INFO - Found 175 listings
2026-01-31 12:57:29 - INFO - Page 1 listings found: 104
2026-01-31 12:57:29 - INFO - Looking for Next Page button...
2026-01-31 12:57:31 - INFO - Clicked Next Page (normal click)
2026-01-31 12:57:37 - INFO - 
--- Processing Page 2 ---
2026-01-31 12:57:43 - INFO - Reached end of page.
2026-01-31 12:57:44 - INFO - extracted listing IDs are ['D88231266', 'muteUnmuteButton_0', 'B87489806', 'muteUnmuteButton_1', 'X88228106', 'muteUnmuteButton_2', 'r2mWidget_245177', 'r2mWidget_388209', 'r2mWidget_395198', 'r2mWidget_389184', 'r2mWidget_398882', 'r2mWidget_3330', 'r2mWidget_393086', 'r2mWidget_371407', 'r2mWidget_450209', 'r2mWidget_396286', 'r2mWidget_384222', 'r2mWidget_388125', 'U87743628', 'muteUnmuteButton_3', 'W79881185', 'muteUnmuteButton_4', 'SRP_REI_WIDGET', 'SRP_REI_LOCALITIES_CARD', 'SRP_REI_LOCALITY', 'SRP_REI_VIEW_PROPERTIES', 'SRP_REI_LOCALITY', 'SRP_REI_VIEW_PROPERTIES', 'SRP_REI_LOCALITY', 'SRP_REI_VIEW_PROPERTIES', 'SRP_REI_LOCALITIES_CARD', 'SRP_REI_LOCALITY', 'SRP_REI_VIEW_PROPERTIES', 'SRP_REI_LOCALITY', 'SRP_REI_VIEW_PROPERTIES', 'SRP_REI_LOCALITY', 'SRP_REI_VIEW_PROPERTIES', 'SRP_REI_LOCALITIES_CARD', 'SRP_REI_LOCALITY', 'SRP_REI_VIEW_PROPERTIES', 'SRP_REI_LOCALITY', 'SRP_REI_VIEW_PROPERTIES', 'SRP_REI_LOCALITY', 'SRP_REI_VIEW_PROPERTIES', '428567', '382211', 'A83031090', 'muteUnmuteButton_7', 'G81047961', 'muteUnmuteButton_8', '399881', '431984', '419827', 'T86294806', 'muteUnmuteButton_12', 'T86268982', 'muteUnmuteButton_13', '384222', '404274', '449709', 'npSrpWidget', 'crossSellWidget_399222', 'crossSellWidget_412524', 'crossSellWidget_426492', 'crossSellWidget_435798', 'crossSellWidget_417593', 'crossSellWidget_441347', 'crossSellWidget_444754', 'crossSellWidget_430758', 'crossSellWidget_415878', 'crossSellWidget_376686', 'crossSellWidget_376214', 'crossSellWidget_423203', 'crossSellWidget_432390', 'crossSellWidget_389205', 'crossSellWidget_442250', 'crossSellWidget_373269', 'crossSellWidget_398157', 'crossSellWidget_398013', 'crossSellWidget_329399', 'crossSellWidget_423087', '428546', '402982', '393896', 'L84684748', 'muteUnmuteButton_20', '450275', 'M87594392', 'muteUnmuteButton_22', '430025', 'N82150832', 'muteUnmuteButton_24'].
2026-01-31 12:57:44 - INFO - Found 92 listings
2026-01-31 12:57:44 - INFO - Page 2 listings found: 13
2026-01-31 12:57:44 - INFO - Looking for Next Page button...
2026-01-31 12:57:46 - INFO - Clicked Next Page (normal click)
2026-01-31 12:57:50 - INFO - 
--- Processing Page 3 ---
2026-01-31 12:57:54 - INFO - Reached end of page.
2026-01-31 12:57:55 - INFO - extracted listing IDs are ['412724', 'F87169838', 'muteUnmuteButton_1', 'J87356456', 'muteUnmuteButton_2', 'r2mWidget_245177', 'r2mWidget_388209', 'r2mWidget_395198', 'r2mWidget_389184', 'r2mWidget_398882', 'r2mWidget_3330', 'r2mWidget_393086', 'r2mWidget_371407', 'r2mWidget_450209', 'r2mWidget_396286', 'r2mWidget_384222', 'r2mWidget_388125', '441674', 'S87884256', 'muteUnmuteButton_4', 'SRP_REI_WIDGET', 'SRP_REI_LOCALITIES_CARD', 'SRP_REI_LOCALITY', 'SRP_REI_VIEW_PROPERTIES', 'SRP_REI_LOCALITY', 'SRP_REI_VIEW_PROPERTIES', 'SRP_REI_LOCALITY', 'SRP_REI_VIEW_PROPERTIES', 'SRP_REI_LOCALITIES_CARD', 'SRP_REI_LOCALITY', 'SRP_REI_VIEW_PROPERTIES', 'SRP_REI_LOCALITY', 'SRP_REI_VIEW_PROPERTIES', 'SRP_REI_LOCALITY', 'SRP_REI_VIEW_PROPERTIES', 'SRP_REI_LOCALITIES_CARD', 'SRP_REI_LOCALITY', 'SRP_REI_VIEW_PROPERTIES', 'SRP_REI_LOCALITY', 'SRP_REI_VIEW_PROPERTIES', 'SRP_REI_LOCALITY', 'SRP_REI_VIEW_PROPERTIES', 'C87304328', 'muteUnmuteButton_5', 'O85189794', 'muteUnmuteButton_6', 'K85243782', '422985', 'A86715928', 'muteUnmuteButton_9', '414571', 'B87453554', 'muteUnmuteButton_11', 'R88029114', 'I87260730', '438445', '458948', '411626', 'npSrpWidget', 'crossSellWidget_399222', 'crossSellWidget_412524', 'crossSellWidget_426492', 'crossSellWidget_435798', 'crossSellWidget_417593', 'crossSellWidget_441347', 'crossSellWidget_444754', 'crossSellWidget_430758', 'crossSellWidget_415878', 'crossSellWidget_376686', 'crossSellWidget_376214', 'crossSellWidget_423203', 'crossSellWidget_432390', 'crossSellWidget_389205', 'crossSellWidget_442250', 'crossSellWidget_373269', 'crossSellWidget_398157', 'crossSellWidget_398013', 'crossSellWidget_329399', 'crossSellWidget_423087', '451210', 'M86635630', 'muteUnmuteButton_18', '398004', 'M87409938', 'muteUnmuteButton_20', '408242', 'C83000646', 'muteUnmuteButton_22', '426600', '410305'].
2026-01-31 12:57:55 - INFO - Found 90 listings
2026-01-31 12:57:55 - INFO - Page 3 listings found: 12
2026-01-31 12:57:55 - INFO - Looking for Next Page button...
2026-01-31 12:57:58 - INFO - No new unique listings to append.
2026-01-31 12:57:58 - INFO - Last page processed: 3
2026-01-31 12:57:58 - INFO - Script ended at 2026-01-31 12:57:58
2026-01-31 12:57:58 - INFO - Total execution time: 65.97 seconds
2026-01-31 13:43:44 - INFO - Script started at 2026-01-31 13:43:44
2026-01-31 13:43:44 - INFO - ====== WebDriver manager ======
2026-01-31 13:43:46 - INFO - Get LATEST chromedriver version for google-chrome
2026-01-31 13:43:46 - INFO - Get LATEST chromedriver version for google-chrome
2026-01-31 13:43:46 - INFO - Driver [C:\Users\jaykishan PATEL\.wdm\drivers\chromedriver\win64\144.0.7559.109\chromedriver-win32/chromedriver.exe] found in cache
2026-01-31 13:43:52 - INFO - Navigating to 99acres...
2026-01-31 13:43:56 - INFO - Successfully loaded: India Real Estate Property Site - Buy Sell Rent Properties Portal - 99acres.com
2026-01-31 13:43:59 - INFO - Search wrapper clicked.
2026-01-31 13:44:06 - INFO - Typed city: Ahmedabad
2026-01-31 13:44:09 - INFO - Search for Ahmedabad executed successfully.
2026-01-31 13:44:15 - INFO - 
--- Processing Page 5 ---
2026-01-31 13:44:30 - INFO - Reached end of page.
2026-01-31 13:44:32 - INFO - extracted listing IDs are ['X70121470', 'A87683752', '455077', 'r2mWidget_245177', 'r2mWidget_388209', 'r2mWidget_395198', 'r2mWidget_389184', 'r2mWidget_398882', 'r2mWidget_3330', '414403', '455919', '406898', '396846', '436196', '455886', '455303', '414575', '449506', '448193', '437262', '454668', '434059', '441166', 'npSrpWidget', 'crossSellWidget_399222', 'crossSellWidget_412524', 'crossSellWidget_426492', 'crossSellWidget_435798', 'crossSellWidget_417593', 'crossSellWidget_441347', 'crossSellWidget_444754', 'crossSellWidget_430758', 'crossSellWidget_415878', 'crossSellWidget_376686', 'crossSellWidget_376214', 'crossSellWidget_423203', 'crossSellWidget_432390', 'crossSellWidget_389205', 'crossSellWidget_442250', 'crossSellWidget_373269', 'crossSellWidget_398157', 'crossSellWidget_398013', 'crossSellWidget_329399', 'crossSellWidget_423087', '453036', '426865', '412517', '437858', '398882', '439275', '419821', '448207', '441826', '423634', '395978', '415849', '395198', '438863', '386911', '417556', '425110', '426093', '448663', '449421', '419031', '430740', '419815', '448200', '439503', '451304', '423125', '396174', '450209', '439513', '3330', '415440', '367377', '398938', '245177', '411844', '449620', '414100', '438738', '417174', '448884', '422312', '426539', 'M88303446', 'muteUnmuteButton_60', '430238', '389184', '454047', '410304', '424911', '426092', '441745', '449721', '388209', '428544', '454890', '411006', '454037', '403091', '392606', '443113', '395251', '432142', '442741', '401645', '451311', 'L87447004', 'muteUnmuteButton_82', '371407', 'U88177770', 'muteUnmuteButton_84', '415447', 'C87534016', 'muteUnmuteButton_86', '424389', 'C87221052', 'muteUnmuteButton_88', '436210', '438182', '424874', '441841', '408676', 'D75991359', 'muteUnmuteButton_94', '419816', '457116', 'D88199610', 'muteUnmuteButton_97', 'U88318652', 'muteUnmuteButton_98', 'F84658978', 'muteUnmuteButton_99', '429441', '449432', 'N84289002', 'muteUnmuteButton_102', '392363', '402571', 'Q82835320', 'muteUnmuteButton_105', '417559', 'B77278671', 'muteUnmuteButton_107', 'E88465900', '430200', 'K88077026', 'muteUnmuteButton_110', '417218', 'M83206340', 'muteUnmuteButton_112', '451125', 'H87697658', '423640', '455923', '388125', 'Q80925667', 'muteUnmuteButton_118', '393086', 'W86693224', 'muteUnmuteButton_120', 'F87966672', 'muteUnmuteButton_121', 'D86700128', 'muteUnmuteButton_122', 'C88064032', 'muteUnmuteButton_123', '423882', '379963', 'S86783344', 'muteUnmuteButton_126'].
2026-01-31 13:44:32 - INFO - Found 174 listings
2026-01-31 13:44:32 - INFO - Page 5 listings found: 127
2026-01-31 13:44:32 - INFO - Looking for Next Page button...
2026-01-31 13:44:34 - INFO - Clicked Next Page (normal click)
2026-01-31 13:44:39 - INFO - 
--- Processing Page 6 ---
2026-01-31 13:44:44 - INFO - Reached end of page.
2026-01-31 13:44:45 - INFO - extracted listing IDs are ['429129', 'D88231266', 'muteUnmuteButton_1', 'B87489806', 'muteUnmuteButton_2', 'r2mWidget_245177', 'r2mWidget_388209', 'r2mWidget_395198', 'r2mWidget_389184', 'r2mWidget_398882', 'r2mWidget_3330', 'X88228106', 'muteUnmuteButton_3', 'U87743628', 'muteUnmuteButton_4', 'SRP_REI_WIDGET', 'SRP_REI_LOCALITIES_CARD', 'SRP_REI_LOCALITY', 'SRP_REI_VIEW_PROPERTIES', 'SRP_REI_LOCALITY', 'SRP_REI_VIEW_PROPERTIES', 'SRP_REI_LOCALITY', 'SRP_REI_VIEW_PROPERTIES', 'SRP_REI_LOCALITIES_CARD', 'SRP_REI_LOCALITY', 'SRP_REI_VIEW_PROPERTIES', 'SRP_REI_LOCALITY', 'SRP_REI_VIEW_PROPERTIES', 'SRP_REI_LOCALITY', 'SRP_REI_VIEW_PROPERTIES', 'SRP_REI_LOCALITIES_CARD', 'SRP_REI_LOCALITY', 'SRP_REI_VIEW_PROPERTIES', 'SRP_REI_LOCALITY', 'SRP_REI_VIEW_PROPERTIES', 'SRP_REI_LOCALITY', 'SRP_REI_VIEW_PROPERTIES', 'W79881185', 'muteUnmuteButton_5', '428567', '382211', 'A83031090', 'muteUnmuteButton_8', 'G81047961', 'muteUnmuteButton_9', '399881', '431984', '419827', 'T86294806', 'muteUnmuteButton_13', 'T86268982', 'muteUnmuteButton_14', '384222', '404274', 'npSrpWidget', 'crossSellWidget_399222', 'crossSellWidget_412524', 'crossSellWidget_426492', 'crossSellWidget_435798', 'crossSellWidget_417593', 'crossSellWidget_441347', 'crossSellWidget_444754', 'crossSellWidget_430758', 'crossSellWidget_415878', 'crossSellWidget_376686', 'crossSellWidget_376214', 'crossSellWidget_423203', 'crossSellWidget_432390', 'crossSellWidget_389205', 'crossSellWidget_442250', 'crossSellWidget_373269', 'crossSellWidget_398157', 'crossSellWidget_398013', 'crossSellWidget_329399', 'crossSellWidget_423087', '449709', '393896', '428546', '402982', 'L84684748', 'muteUnmuteButton_21', '450275', 'M87594392', 'muteUnmuteButton_23', '430025'].
2026-01-31 13:44:45 - INFO - Found 85 listings
2026-01-31 13:44:45 - INFO - Page 6 listings found: 25
2026-01-31 13:44:45 - INFO - Looking for Next Page button...
2026-01-31 13:44:47 - INFO - Clicked Next Page (normal click)
2026-01-31 13:44:53 - INFO - 
--- Processing Page 7 ---
2026-01-31 13:44:58 - INFO - Reached end of page.
2026-01-31 13:44:58 - INFO - extracted listing IDs are ['N82150832', 'muteUnmuteButton_0', '412724', 'F87169838', 'muteUnmuteButton_2', 'r2mWidget_245177', 'r2mWidget_388209', 'r2mWidget_395198', 'r2mWidget_389184', 'r2mWidget_398882', 'r2mWidget_3330', 'J87356456', 'muteUnmuteButton_3', '441674', 'SRP_REI_WIDGET', 'SRP_REI_LOCALITIES_CARD', 'SRP_REI_LOCALITY', 'SRP_REI_VIEW_PROPERTIES', 'SRP_REI_LOCALITY', 'SRP_REI_VIEW_PROPERTIES', 'SRP_REI_LOCALITY', 'SRP_REI_VIEW_PROPERTIES', 'SRP_REI_LOCALITIES_CARD', 'SRP_REI_LOCALITY', 'SRP_REI_VIEW_PROPERTIES', 'SRP_REI_LOCALITY', 'SRP_REI_VIEW_PROPERTIES', 'SRP_REI_LOCALITY', 'SRP_REI_VIEW_PROPERTIES', 'SRP_REI_LOCALITIES_CARD', 'SRP_REI_LOCALITY', 'SRP_REI_VIEW_PROPERTIES', 'SRP_REI_LOCALITY', 'SRP_REI_VIEW_PROPERTIES', 'SRP_REI_LOCALITY', 'SRP_REI_VIEW_PROPERTIES', 'S87884256', 'muteUnmuteButton_5', 'C87304328', 'muteUnmuteButton_6', 'O85189794', 'muteUnmuteButton_7', 'K85243782', 'muteUnmuteButton_8', '422985', 'A86715928', 'muteUnmuteButton_10', '414571', 'B87453554', 'muteUnmuteButton_12', 'R88029114', 'I87260730', '438445', '458948', 'npSrpWidget', 'crossSellWidget_399222', 'crossSellWidget_412524', 'crossSellWidget_426492', 'crossSellWidget_435798', 'crossSellWidget_417593', 'crossSellWidget_441347', 'crossSellWidget_444754', 'crossSellWidget_430758', 'crossSellWidget_415878', 'crossSellWidget_376686', 'crossSellWidget_376214', 'crossSellWidget_423203', 'crossSellWidget_432390', 'crossSellWidget_389205', 'crossSellWidget_442250', 'crossSellWidget_373269', 'crossSellWidget_398157', 'crossSellWidget_398013', 'crossSellWidget_329399', 'crossSellWidget_423087', '411626', '451210', 'M86635630', 'muteUnmuteButton_19', '398004', 'M87409938', 'muteUnmuteButton_21', '408242', 'C83000646', 'muteUnmuteButton_23', '426600'].
2026-01-31 13:44:58 - INFO - Found 86 listings
2026-01-31 13:44:58 - INFO - Page 7 listings found: 25
2026-01-31 13:44:58 - INFO - Looking for Next Page button...
2026-01-31 13:45:01 - INFO - Clicked Next Page (normal click)
2026-01-31 13:45:07 - INFO - 
--- Processing Page 8 ---
2026-01-31 13:47:32 - INFO - Script started at 2026-01-31 13:47:32
2026-01-31 13:47:32 - INFO - ====== WebDriver manager ======
2026-01-31 13:47:34 - INFO - Get LATEST chromedriver version for google-chrome
2026-01-31 13:47:34 - INFO - Get LATEST chromedriver version for google-chrome
2026-01-31 13:47:34 - INFO - Driver [C:\Users\jaykishan PATEL\.wdm\drivers\chromedriver\win64\144.0.7559.109\chromedriver-win32/chromedriver.exe] found in cache
2026-01-31 13:47:36 - INFO - Navigating to 99acres...
2026-01-31 13:47:41 - INFO - Successfully loaded: India Real Estate Property Site - Buy Sell Rent Properties Portal - 99acres.com
2026-01-31 13:47:43 - INFO - Search wrapper clicked.
2026-01-31 13:47:43 - INFO - Typed city: Ahmedabad
2026-01-31 13:47:45 - INFO - Search for Ahmedabad executed successfully.
2026-01-31 13:47:51 - INFO - 
--- Processing Page 5 ---
2026-01-31 13:48:07 - INFO - Reached end of page.
2026-01-31 13:48:09 - INFO - Found 174 listings
2026-01-31 13:48:09 - INFO - Page 5 listings found: 127
2026-01-31 13:48:09 - INFO - Looking for Next Page button...
2026-01-31 13:48:10 - INFO - Clicked Next Page (normal click)
2026-01-31 13:48:14 - INFO - 
--- Processing Page 6 ---
2026-01-31 13:48:19 - INFO - Reached end of page.
2026-01-31 13:48:20 - INFO - Found 91 listings
2026-01-31 13:48:20 - INFO - Page 6 listings found: 25
2026-01-31 13:48:20 - INFO - Looking for Next Page button...
2026-01-31 13:48:22 - INFO - Clicked Next Page (normal click)
2026-01-31 13:48:27 - INFO - 
--- Processing Page 7 ---
2026-01-31 13:48:33 - INFO - Reached end of page.
2026-01-31 13:48:34 - INFO - Found 92 listings
2026-01-31 13:48:34 - INFO - Page 7 listings found: 25
2026-01-31 13:48:34 - INFO - Looking for Next Page button...
2026-01-31 13:48:35 - INFO - Clicked Next Page (normal click)
2026-01-31 13:48:40 - INFO - 
--- Processing Page 8 ---
2026-01-31 13:48:45 - INFO - Reached end of page.
2026-01-31 13:48:46 - INFO - Found 87 listings
2026-01-31 13:48:46 - INFO - Page 8 listings found: 25
2026-01-31 13:48:46 - INFO - Looking for Next Page button...
2026-01-31 13:48:48 - INFO - Clicked Next Page (normal click)
2026-01-31 13:48:55 - INFO - 
--- Processing Page 9 ---
2026-01-31 13:49:00 - INFO - Reached end of page.
2026-01-31 13:49:01 - INFO - Found 86 listings
2026-01-31 13:49:01 - INFO - Page 9 listings found: 25
2026-01-31 13:49:01 - INFO - Looking for Next Page button...
2026-01-31 13:49:04 - INFO - Clicked Next Page (normal click)
2026-01-31 13:49:08 - INFO - 
--- Processing Page 10 ---
2026-01-31 13:49:12 - INFO - Reached end of page.
2026-01-31 13:49:13 - INFO - Found 92 listings
2026-01-31 13:49:13 - INFO - Page 10 listings found: 25
2026-01-31 13:49:13 - INFO - Looking for Next Page button...
2026-01-31 13:49:15 - INFO - Clicked Next Page (normal click)
2026-01-31 13:49:21 - INFO - 
--- Processing Page 11 ---
2026-01-31 13:49:27 - INFO - Reached end of page.
2026-01-31 13:49:28 - INFO - Found 88 listings
2026-01-31 13:49:28 - INFO - Page 11 listings found: 25
2026-01-31 13:49:28 - INFO - Looking for Next Page button...
2026-01-31 13:49:30 - INFO - Clicked Next Page (normal click)
2026-01-31 13:49:33 - INFO - 
--- Processing Page 12 ---
2026-01-31 13:49:38 - INFO - Reached end of page.
2026-01-31 13:49:39 - INFO - Found 89 listings
2026-01-31 13:49:39 - INFO - Page 12 listings found: 25
2026-01-31 13:49:39 - INFO - Looking for Next Page button...
2026-01-31 13:49:41 - INFO - Clicked Next Page (normal click)
2026-01-31 13:49:47 - INFO - 
--- Processing Page 13 ---
2026-01-31 13:49:52 - INFO - Reached end of page.
2026-01-31 13:49:53 - INFO - Found 88 listings
2026-01-31 13:49:53 - INFO - Page 13 listings found: 25
2026-01-31 13:49:53 - INFO - Looking for Next Page button...
2026-01-31 13:49:56 - INFO - Clicked Next Page (normal click)
2026-01-31 13:50:01 - INFO - 
--- Processing Page 14 ---
2026-01-31 13:50:06 - INFO - Reached end of page.
2026-01-31 13:50:07 - INFO - Found 89 listings
2026-01-31 13:50:07 - INFO - Page 14 listings found: 25
2026-01-31 13:50:07 - INFO - Looking for Next Page button...
2026-01-31 13:50:09 - INFO - Clicked Next Page (normal click)
2026-01-31 13:50:12 - INFO - 
--- Processing Page 15 ---
2026-01-31 13:50:18 - INFO - Reached end of page.
2026-01-31 13:50:19 - INFO - Found 89 listings
2026-01-31 13:50:19 - INFO - Page 15 listings found: 25
2026-01-31 13:50:19 - INFO - Looking for Next Page button...
2026-01-31 13:50:21 - INFO - Clicked Next Page (normal click)
2026-01-31 13:50:25 - INFO - 
--- Processing Page 16 ---
2026-01-31 13:50:31 - INFO - Reached end of page.
2026-01-31 13:50:32 - INFO - Found 90 listings
2026-01-31 13:50:32 - INFO - Page 16 listings found: 25
2026-01-31 13:50:32 - INFO - Looking for Next Page button...
2026-01-31 13:50:34 - INFO - Clicked Next Page (normal click)
2026-01-31 13:50:40 - INFO - 
--- Processing Page 17 ---
2026-01-31 13:50:45 - INFO - Reached end of page.
2026-01-31 13:50:47 - INFO - Found 94 listings
2026-01-31 13:50:47 - INFO - Page 17 listings found: 25
2026-01-31 13:50:47 - INFO - Looking for Next Page button...
2026-01-31 13:50:49 - WARNING - Normal click failed, trying JS click...
2026-01-31 13:50:49 - INFO - Clicked Next Page (JS click)
2026-01-31 13:50:56 - INFO - 
--- Processing Page 18 ---
2026-01-31 13:51:01 - INFO - Reached end of page.
2026-01-31 13:51:02 - INFO - Found 91 listings
2026-01-31 13:51:02 - INFO - Page 18 listings found: 25
2026-01-31 13:51:02 - INFO - Looking for Next Page button...
2026-01-31 13:51:04 - INFO - Clicked Next Page (normal click)
2026-01-31 13:51:08 - INFO - 
--- Processing Page 19 ---
2026-01-31 13:51:14 - INFO - Reached end of page.
2026-01-31 13:51:15 - INFO - Found 87 listings
2026-01-31 13:51:15 - INFO - Page 19 listings found: 25
2026-01-31 13:51:15 - INFO - Looking for Next Page button...
2026-01-31 13:51:18 - INFO - Clicked Next Page (normal click)
2026-01-31 13:51:22 - INFO - 
--- Processing Page 20 ---
2026-01-31 13:51:28 - INFO - Reached end of page.
2026-01-31 13:51:29 - INFO - Found 85 listings
2026-01-31 13:51:29 - INFO - Page 20 listings found: 25
2026-01-31 13:51:29 - INFO - Looking for Next Page button...
2026-01-31 13:51:32 - INFO - Clicked Next Page (normal click)
2026-01-31 13:51:36 - INFO - 
--- Processing Page 21 ---
2026-01-31 13:51:42 - INFO - Reached end of page.
2026-01-31 13:51:42 - INFO - Found 87 listings
2026-01-31 13:51:42 - INFO - Page 21 listings found: 25
2026-01-31 13:51:42 - INFO - Looking for Next Page button...
2026-01-31 13:51:44 - INFO - Clicked Next Page (normal click)
2026-01-31 13:51:48 - INFO - 
--- Processing Page 22 ---
2026-01-31 13:51:54 - INFO - Reached end of page.
2026-01-31 13:51:55 - INFO - Found 93 listings
2026-01-31 13:51:55 - INFO - Page 22 listings found: 25
2026-01-31 13:51:55 - INFO - Looking for Next Page button...
2026-01-31 13:51:57 - INFO - Clicked Next Page (normal click)
2026-01-31 13:52:03 - INFO - 
--- Processing Page 23 ---
2026-01-31 13:52:10 - INFO - Reached end of page.
2026-01-31 13:52:11 - INFO - Found 97 listings
2026-01-31 13:52:11 - INFO - Page 23 listings found: 25
2026-01-31 13:52:11 - INFO - Looking for Next Page button...
2026-01-31 13:52:13 - INFO - Clicked Next Page (normal click)
2026-01-31 13:52:20 - INFO - 
--- Processing Page 24 ---
2026-01-31 13:52:26 - INFO - Reached end of page.
2026-01-31 13:52:27 - INFO - Found 98 listings
2026-01-31 13:52:27 - INFO - Page 24 listings found: 25
2026-01-31 13:52:27 - INFO - Looking for Next Page button...
2026-01-31 13:52:30 - INFO - Clicked Next Page (normal click)
2026-01-31 13:52:36 - INFO - 
--- Processing Page 25 ---
2026-01-31 13:52:43 - INFO - Reached end of page.
2026-01-31 13:52:43 - INFO - Found 94 listings
2026-01-31 13:52:43 - INFO - Page 25 listings found: 25
2026-01-31 13:52:43 - INFO - Looking for Next Page button...
2026-01-31 13:52:45 - INFO - Clicked Next Page (normal click)
2026-01-31 13:52:49 - INFO - 
--- Processing Page 26 ---
2026-01-31 13:52:54 - INFO - Reached end of page.
2026-01-31 13:52:56 - INFO - Found 95 listings
2026-01-31 13:52:56 - INFO - Page 26 listings found: 25
2026-01-31 13:52:56 - INFO - Looking for Next Page button...
2026-01-31 13:52:59 - INFO - Clicked Next Page (normal click)
2026-01-31 13:53:03 - INFO - 
--- Processing Page 27 ---
2026-01-31 13:53:07 - INFO - Reached end of page.
2026-01-31 13:53:09 - INFO - Found 96 listings
2026-01-31 13:53:09 - INFO - Page 27 listings found: 25
2026-01-31 13:53:09 - INFO - Looking for Next Page button...
2026-01-31 13:53:11 - INFO - Clicked Next Page (normal click)
2026-01-31 13:53:16 - INFO - 
--- Processing Page 28 ---
2026-01-31 13:53:23 - INFO - Reached end of page.
2026-01-31 13:53:24 - INFO - Found 81 listings
2026-01-31 13:53:24 - INFO - Page 28 listings found: 25
2026-01-31 13:53:24 - INFO - Looking for Next Page button...
2026-01-31 13:53:26 - INFO - Clicked Next Page (normal click)
2026-01-31 13:53:31 - INFO - 
--- Processing Page 29 ---
2026-01-31 13:53:36 - INFO - Reached end of page.
2026-01-31 13:53:38 - INFO - Found 92 listings
2026-01-31 13:53:38 - INFO - Page 29 listings found: 25
2026-01-31 13:53:38 - INFO - Looking for Next Page button...
2026-01-31 13:53:40 - WARNING - Normal click failed, trying JS click...
2026-01-31 13:53:40 - INFO - Clicked Next Page (JS click)
2026-01-31 13:53:44 - INFO - 
--- Processing Page 30 ---
2026-01-31 13:53:52 - INFO - Reached end of page.
2026-01-31 13:53:52 - INFO - Found 0 listings
2026-01-31 13:53:52 - WARNING - No listings found on page 30.
2026-01-31 13:53:52 - INFO - Looking for Next Page button...
2026-01-31 13:54:00 - WARNING - Next Page button not found.
2026-01-31 13:54:00 - INFO - No more pages available. Stopping.
2026-01-31 14:01:59 - INFO - Script started at 2026-01-31 14:01:59
2026-01-31 14:01:59 - INFO - ====== WebDriver manager ======
2026-01-31 14:02:01 - INFO - Get LATEST chromedriver version for google-chrome
2026-01-31 14:02:02 - INFO - Get LATEST chromedriver version for google-chrome
2026-01-31 14:02:02 - INFO - Driver [C:\Users\jaykishan PATEL\.wdm\drivers\chromedriver\win64\144.0.7559.109\chromedriver-win32/chromedriver.exe] found in cache
2026-01-31 14:02:03 - INFO - Navigating to 99acres...
2026-01-31 14:02:06 - INFO - Sleeping for 2.57 seconds...
2026-01-31 14:02:08 - INFO - Successfully loaded: India Real Estate Property Site - Buy Sell Rent Properties Portal - 99acres.com
2026-01-31 14:02:09 - INFO - Sleeping for 3.07 seconds...
2026-01-31 14:02:12 - INFO - Search wrapper clicked.
2026-01-31 14:02:13 - INFO - Typed city: Ahmedabad
2026-01-31 14:02:13 - INFO - Sleeping for 2.00 seconds...
2026-01-31 14:02:15 - INFO - Search for Ahmedabad executed successfully.
2026-01-31 14:02:21 - INFO - 
--- Processing Page 5 ---
2026-01-31 14:02:39 - INFO - Reached end of page.
2026-01-31 14:02:41 - INFO - Found 147 listings
2026-01-31 14:02:41 - INFO - Page 5 listings found: 127
2026-01-31 14:02:41 - INFO - Looking for Next Page button...
2026-01-31 14:02:41 - INFO - Sleeping for 2.44 seconds...
2026-01-31 14:02:44 - INFO - Clicked Next Page (normal click)
2026-01-31 14:02:44 - INFO - Sleeping for 3.13 seconds...
2026-01-31 14:02:47 - INFO - 
--- Processing Page 6 ---
2026-01-31 14:02:53 - INFO - Reached end of page.
2026-01-31 14:02:54 - INFO - Found 58 listings
2026-01-31 14:02:54 - INFO - Page 6 listings found: 25
2026-01-31 14:02:54 - INFO - Looking for Next Page button...
2026-01-31 14:02:54 - INFO - Sleeping for 2.96 seconds...
2026-01-31 14:02:57 - INFO - Clicked Next Page (normal click)
2026-01-31 14:02:57 - INFO - Sleeping for 4.26 seconds...
2026-01-31 14:03:01 - INFO - 
--- Processing Page 7 ---
2026-01-31 14:03:08 - INFO - Reached end of page.
2026-01-31 14:03:09 - INFO - Found 59 listings
2026-01-31 14:03:09 - INFO - Page 7 listings found: 25
2026-01-31 14:03:09 - INFO - Looking for Next Page button...
2026-01-31 14:03:09 - INFO - Sleeping for 1.62 seconds...
2026-01-31 14:03:12 - WARNING - Normal click failed, trying JS click...
2026-01-31 14:03:12 - INFO - Clicked Next Page (JS click)
2026-01-31 14:03:12 - INFO - Sleeping for 4.34 seconds...
2026-01-31 14:03:16 - INFO - 
--- Processing Page 8 ---
2026-01-31 14:03:23 - INFO - Reached end of page.
2026-01-31 14:03:24 - INFO - Found 54 listings
2026-01-31 14:03:24 - INFO - Page 8 listings found: 25
2026-01-31 14:03:24 - INFO - Looking for Next Page button...
2026-01-31 14:03:24 - INFO - Sleeping for 1.76 seconds...
2026-01-31 14:03:26 - INFO - Clicked Next Page (normal click)
2026-01-31 14:03:26 - INFO - Sleeping for 5.29 seconds...
2026-01-31 14:03:31 - INFO - 
--- Processing Page 9 ---
2026-01-31 14:03:37 - INFO - Reached end of page.
2026-01-31 14:03:37 - INFO - Found 52 listings
2026-01-31 14:03:37 - INFO - Page 9 listings found: 25
2026-01-31 14:03:37 - INFO - Looking for Next Page button...
2026-01-31 14:03:38 - INFO - Sleeping for 2.27 seconds...
2026-01-31 14:03:40 - INFO - Clicked Next Page (normal click)
2026-01-31 14:03:40 - INFO - Sleeping for 5.20 seconds...
2026-01-31 14:03:45 - INFO - 
--- Processing Page 10 ---
2026-01-31 14:03:52 - INFO - Reached end of page.
2026-01-31 14:03:52 - INFO - Found 60 listings
2026-01-31 14:03:52 - INFO - Page 10 listings found: 25
2026-01-31 14:03:52 - INFO - Looking for Next Page button...
2026-01-31 14:03:52 - INFO - Sleeping for 1.68 seconds...
2026-01-31 14:03:55 - WARNING - Normal click failed, trying JS click...
2026-01-31 14:03:55 - INFO - Clicked Next Page (JS click)
2026-01-31 14:03:55 - INFO - Sleeping for 6.21 seconds...
2026-01-31 14:04:02 - INFO - 
--- Processing Page 11 ---
2026-01-31 14:04:07 - INFO - Reached end of page.
2026-01-31 14:04:09 - INFO - Found 55 listings
2026-01-31 14:04:09 - INFO - Page 11 listings found: 25
2026-01-31 14:04:09 - INFO - Looking for Next Page button...
2026-01-31 14:04:09 - INFO - Sleeping for 2.33 seconds...
2026-01-31 14:04:12 - INFO - Clicked Next Page (normal click)
2026-01-31 14:04:12 - INFO - Sleeping for 5.92 seconds...
2026-01-31 14:04:18 - INFO - 
--- Processing Page 12 ---
2026-01-31 14:04:23 - INFO - Reached end of page.
2026-01-31 14:04:24 - INFO - Found 56 listings
2026-01-31 14:04:24 - INFO - Page 12 listings found: 25
2026-01-31 14:04:24 - INFO - Looking for Next Page button...
2026-01-31 14:04:25 - INFO - Sleeping for 1.63 seconds...
2026-01-31 14:04:26 - INFO - Clicked Next Page (normal click)
2026-01-31 14:04:26 - INFO - Sleeping for 4.54 seconds...
2026-01-31 14:04:31 - INFO - 
--- Processing Page 13 ---
2026-01-31 14:04:36 - INFO - Reached end of page.
2026-01-31 14:04:37 - INFO - Found 55 listings
2026-01-31 14:04:37 - INFO - Page 13 listings found: 25
2026-01-31 14:04:37 - INFO - Looking for Next Page button...
2026-01-31 14:04:37 - INFO - Sleeping for 2.96 seconds...
2026-01-31 14:04:40 - INFO - Clicked Next Page (normal click)
2026-01-31 14:04:40 - INFO - Sleeping for 3.92 seconds...
2026-01-31 14:04:44 - INFO - 
--- Processing Page 14 ---
2026-01-31 14:04:49 - INFO - Reached end of page.
2026-01-31 14:04:50 - INFO - Found 56 listings
2026-01-31 14:04:50 - INFO - Page 14 listings found: 25
2026-01-31 14:04:50 - INFO - Looking for Next Page button...
2026-01-31 14:04:50 - INFO - Sleeping for 2.36 seconds...
2026-01-31 14:04:52 - INFO - Clicked Next Page (normal click)
2026-01-31 14:04:52 - INFO - Sleeping for 5.92 seconds...
2026-01-31 14:04:58 - INFO - 
--- Processing Page 15 ---
2026-01-31 14:05:04 - INFO - Reached end of page.
2026-01-31 14:05:05 - INFO - Found 57 listings
2026-01-31 14:05:05 - INFO - Page 15 listings found: 25
2026-01-31 14:05:05 - INFO - Looking for Next Page button...
2026-01-31 14:05:05 - INFO - Sleeping for 2.68 seconds...
2026-01-31 14:05:09 - INFO - Clicked Next Page (normal click)
2026-01-31 14:05:09 - INFO - Sleeping for 5.07 seconds...
2026-01-31 14:05:14 - INFO - 
--- Processing Page 16 ---
2026-01-31 14:05:19 - INFO - Reached end of page.
2026-01-31 14:05:19 - INFO - Found 61 listings
2026-01-31 14:05:19 - INFO - Page 16 listings found: 25
2026-01-31 14:05:19 - INFO - Looking for Next Page button...
2026-01-31 14:05:19 - INFO - Sleeping for 2.62 seconds...
2026-01-31 14:05:22 - INFO - Clicked Next Page (normal click)
2026-01-31 14:05:22 - INFO - Sleeping for 6.48 seconds...
2026-01-31 14:05:29 - INFO - 
--- Processing Page 17 ---
2026-01-31 14:05:36 - INFO - Reached end of page.
2026-01-31 14:05:37 - INFO - Found 58 listings
2026-01-31 14:05:37 - INFO - Page 17 listings found: 25
2026-01-31 14:05:37 - INFO - Looking for Next Page button...
2026-01-31 14:05:37 - INFO - Sleeping for 1.15 seconds...
2026-01-31 14:05:38 - INFO - Clicked Next Page (normal click)
2026-01-31 14:05:38 - INFO - Sleeping for 5.13 seconds...
2026-01-31 14:05:44 - INFO - 
--- Processing Page 18 ---
2026-01-31 14:05:48 - INFO - Reached end of page.
2026-01-31 14:05:48 - INFO - Found 54 listings
2026-01-31 14:05:48 - INFO - Page 18 listings found: 25
2026-01-31 14:05:48 - INFO - Looking for Next Page button...
2026-01-31 14:05:48 - INFO - Sleeping for 2.56 seconds...
2026-01-31 14:05:51 - INFO - Clicked Next Page (normal click)
2026-01-31 14:05:51 - INFO - Sleeping for 4.48 seconds...
2026-01-31 14:05:56 - INFO - 
--- Processing Page 19 ---
2026-01-31 14:06:00 - INFO - Reached end of page.
2026-01-31 14:06:01 - INFO - Found 52 listings
2026-01-31 14:06:01 - INFO - Page 19 listings found: 25
2026-01-31 14:06:01 - INFO - Looking for Next Page button...
2026-01-31 14:06:01 - INFO - Sleeping for 2.82 seconds...
2026-01-31 14:06:04 - INFO - Clicked Next Page (normal click)
2026-01-31 14:06:04 - INFO - Sleeping for 4.88 seconds...
2026-01-31 14:06:09 - INFO - 
--- Processing Page 20 ---
2026-01-31 14:06:15 - INFO - Reached end of page.
2026-01-31 14:06:17 - INFO - Found 54 listings
2026-01-31 14:06:17 - INFO - Page 20 listings found: 25
2026-01-31 14:06:17 - INFO - Looking for Next Page button...
2026-01-31 14:06:17 - INFO - Sleeping for 1.50 seconds...
2026-01-31 14:06:19 - INFO - Clicked Next Page (normal click)
2026-01-31 14:06:19 - INFO - Sleeping for 6.71 seconds...
2026-01-31 14:06:26 - INFO - 
--- Processing Page 21 ---
2026-01-31 14:06:31 - INFO - Reached end of page.
2026-01-31 14:06:32 - INFO - Found 60 listings
2026-01-31 14:06:32 - INFO - Page 21 listings found: 25
2026-01-31 14:06:32 - INFO - Looking for Next Page button...
2026-01-31 14:06:32 - INFO - Sleeping for 1.32 seconds...
2026-01-31 14:06:34 - INFO - Clicked Next Page (normal click)
2026-01-31 14:06:34 - INFO - Sleeping for 6.88 seconds...
2026-01-31 14:06:40 - INFO - 
--- Processing Page 22 ---
2026-01-31 14:06:47 - INFO - Reached end of page.
2026-01-31 14:06:50 - INFO - Found 64 listings
2026-01-31 14:06:50 - INFO - Page 22 listings found: 25
2026-01-31 14:06:50 - INFO - Looking for Next Page button...
2026-01-31 14:06:50 - INFO - Sleeping for 1.98 seconds...
2026-01-31 14:06:53 - INFO - Clicked Next Page (normal click)
2026-01-31 14:06:53 - INFO - Sleeping for 3.72 seconds...
2026-01-31 14:06:57 - INFO - 
--- Processing Page 23 ---
2026-01-31 14:07:03 - INFO - Reached end of page.
2026-01-31 14:07:04 - INFO - Found 65 listings
2026-01-31 14:07:04 - INFO - Page 23 listings found: 25
2026-01-31 14:07:04 - INFO - Looking for Next Page button...
2026-01-31 14:07:04 - INFO - Sleeping for 1.41 seconds...
2026-01-31 14:07:05 - INFO - Clicked Next Page (normal click)
2026-01-31 14:07:05 - INFO - Sleeping for 3.64 seconds...
2026-01-31 14:07:09 - INFO - 
--- Processing Page 24 ---
2026-01-31 14:07:17 - INFO - Reached end of page.
2026-01-31 14:07:17 - INFO - Found 61 listings
2026-01-31 14:07:17 - INFO - Page 24 listings found: 25
2026-01-31 14:07:17 - INFO - Looking for Next Page button...
2026-01-31 14:07:17 - INFO - Sleeping for 2.31 seconds...
2026-01-31 14:07:20 - INFO - Clicked Next Page (normal click)
2026-01-31 14:07:20 - INFO - Sleeping for 3.53 seconds...
2026-01-31 14:07:24 - INFO - 
--- Processing Page 25 ---
2026-01-31 14:07:30 - INFO - Reached end of page.
2026-01-31 14:07:34 - INFO - Found 62 listings
2026-01-31 14:07:34 - INFO - Page 25 listings found: 25
2026-01-31 14:07:34 - INFO - Looking for Next Page button...
2026-01-31 14:07:34 - INFO - Sleeping for 2.70 seconds...
2026-01-31 14:07:37 - INFO - Clicked Next Page (normal click)
2026-01-31 14:07:37 - INFO - Sleeping for 3.56 seconds...
2026-01-31 14:07:40 - INFO - 
--- Processing Page 26 ---
2026-01-31 14:07:48 - INFO - Reached end of page.
2026-01-31 14:07:57 - INFO - Found 63 listings
2026-01-31 14:07:57 - INFO - Page 26 listings found: 25
2026-01-31 14:07:57 - INFO - Looking for Next Page button...
2026-01-31 14:07:57 - INFO - Sleeping for 1.00 seconds...
2026-01-31 14:07:59 - INFO - Clicked Next Page (normal click)
2026-01-31 14:07:59 - INFO - Sleeping for 3.72 seconds...
2026-01-31 14:08:03 - INFO - 
--- Processing Page 27 ---
2026-01-31 14:08:09 - INFO - Reached end of page.
2026-01-31 14:08:09 - INFO - Found 54 listings
2026-01-31 14:08:09 - INFO - Page 27 listings found: 25
2026-01-31 14:08:09 - INFO - Looking for Next Page button...
2026-01-31 14:08:09 - INFO - Sleeping for 1.36 seconds...
2026-01-31 14:08:11 - INFO - Clicked Next Page (normal click)
2026-01-31 14:08:11 - INFO - Sleeping for 3.39 seconds...
2026-01-31 14:08:15 - INFO - 
--- Processing Page 28 ---
2026-01-31 14:08:20 - INFO - Reached end of page.
2026-01-31 14:08:21 - INFO - Found 59 listings
2026-01-31 14:08:21 - INFO - Page 28 listings found: 25
2026-01-31 14:08:21 - INFO - Looking for Next Page button...
2026-01-31 14:08:21 - INFO - Sleeping for 2.66 seconds...
2026-01-31 14:08:24 - INFO - Clicked Next Page (normal click)
2026-01-31 14:08:24 - INFO - Sleeping for 5.00 seconds...
2026-01-31 14:08:29 - INFO - 
--- Processing Page 29 ---
2026-01-31 14:08:34 - INFO - Reached end of page.
2026-01-31 14:08:37 - INFO - Found 64 listings
2026-01-31 14:08:37 - INFO - Page 29 listings found: 25
2026-01-31 14:08:37 - INFO - Looking for Next Page button...
2026-01-31 14:08:37 - INFO - Sleeping for 2.90 seconds...
2026-01-31 14:08:40 - INFO - Clicked Next Page (normal click)
2026-01-31 14:08:40 - INFO - Sleeping for 3.79 seconds...
2026-01-31 14:08:44 - INFO - 
--- Processing Page 30 ---
2026-01-31 14:08:51 - INFO - Reached end of page.
2026-01-31 14:08:55 - INFO - Found 59 listings
2026-01-31 14:08:55 - INFO - Page 30 listings found: 25
2026-01-31 14:08:55 - INFO - Looking for Next Page button...
2026-01-31 14:08:55 - INFO - Sleeping for 2.12 seconds...
2026-01-31 14:08:57 - INFO - Clicked Next Page (normal click)
2026-01-31 14:08:57 - INFO - Sleeping for 5.78 seconds...
2026-01-31 14:09:03 - INFO - 
--- Processing Page 31 ---
2026-01-31 14:09:08 - INFO - Reached end of page.
2026-01-31 14:09:09 - INFO - Found 59 listings
2026-01-31 14:09:09 - INFO - Page 31 listings found: 25
2026-01-31 14:09:09 - INFO - Looking for Next Page button...
2026-01-31 14:09:09 - INFO - Sleeping for 2.30 seconds...
2026-01-31 14:09:12 - INFO - Clicked Next Page (normal click)
2026-01-31 14:09:12 - INFO - Sleeping for 4.11 seconds...
2026-01-31 14:09:16 - INFO - 
--- Processing Page 32 ---
2026-01-31 14:09:22 - INFO - Reached end of page.
2026-01-31 14:09:26 - INFO - Found 65 listings
2026-01-31 14:09:26 - INFO - Page 32 listings found: 25
2026-01-31 14:09:26 - INFO - Looking for Next Page button...
2026-01-31 14:09:26 - INFO - Sleeping for 2.72 seconds...
2026-01-31 14:09:29 - INFO - Clicked Next Page (normal click)
2026-01-31 14:09:29 - INFO - Sleeping for 4.46 seconds...
2026-01-31 14:09:34 - INFO - 
--- Processing Page 33 ---
2026-01-31 14:09:40 - INFO - Reached end of page.
2026-01-31 14:09:41 - INFO - Found 59 listings
2026-01-31 14:09:41 - INFO - Page 33 listings found: 25
2026-01-31 14:09:41 - INFO - Looking for Next Page button...
2026-01-31 14:09:41 - INFO - Sleeping for 2.90 seconds...
2026-01-31 14:09:44 - INFO - Clicked Next Page (normal click)
2026-01-31 14:09:44 - INFO - Sleeping for 6.11 seconds...
2026-01-31 14:09:50 - INFO - 
--- Processing Page 34 ---
2026-01-31 14:09:57 - INFO - Reached end of page.
2026-01-31 14:10:00 - INFO - Found 68 listings
2026-01-31 14:10:00 - INFO - Page 34 listings found: 25
2026-01-31 14:10:00 - INFO - Looking for Next Page button...
2026-01-31 14:10:00 - INFO - Sleeping for 2.01 seconds...
2026-01-31 14:10:03 - INFO - Clicked Next Page (normal click)
2026-01-31 14:10:03 - INFO - Sleeping for 6.39 seconds...
2026-01-31 14:10:10 - INFO - 
--- Processing Page 35 ---
2026-01-31 14:10:14 - INFO - Reached end of page.
2026-01-31 14:10:15 - INFO - Found 56 listings
2026-01-31 14:10:15 - INFO - Page 35 listings found: 25
2026-01-31 14:10:15 - INFO - Looking for Next Page button...
2026-01-31 14:10:15 - INFO - Sleeping for 1.80 seconds...
2026-01-31 14:10:17 - INFO - Clicked Next Page (normal click)
2026-01-31 14:10:17 - INFO - Sleeping for 5.34 seconds...
2026-01-31 14:10:22 - INFO - 
--- Processing Page 36 ---
2026-01-31 14:10:27 - INFO - Reached end of page.
2026-01-31 14:10:28 - INFO - Found 63 listings
2026-01-31 14:10:28 - INFO - Page 36 listings found: 25
2026-01-31 14:10:28 - INFO - Looking for Next Page button...
2026-01-31 14:10:28 - INFO - Sleeping for 2.29 seconds...
2026-01-31 14:10:31 - INFO - Clicked Next Page (normal click)
2026-01-31 14:10:31 - INFO - Sleeping for 3.75 seconds...
2026-01-31 14:10:34 - INFO - 
--- Processing Page 37 ---
2026-01-31 14:10:38 - INFO - Reached end of page.
2026-01-31 14:10:39 - INFO - Found 58 listings
2026-01-31 14:10:39 - INFO - Page 37 listings found: 25
2026-01-31 14:10:39 - INFO - Looking for Next Page button...
2026-01-31 14:10:39 - INFO - Sleeping for 2.38 seconds...
2026-01-31 14:10:42 - INFO - Clicked Next Page (normal click)
2026-01-31 14:10:42 - INFO - Sleeping for 5.97 seconds...
2026-01-31 14:10:48 - INFO - 
--- Processing Page 38 ---
2026-01-31 14:10:55 - INFO - Reached end of page.
2026-01-31 14:11:00 - INFO - Found 60 listings
2026-01-31 14:11:00 - INFO - Page 38 listings found: 25
2026-01-31 14:11:00 - INFO - Looking for Next Page button...
2026-01-31 14:11:00 - INFO - Sleeping for 1.82 seconds...
2026-01-31 14:11:03 - WARNING - Normal click failed, trying JS click...
2026-01-31 14:11:04 - INFO - Clicked Next Page (JS click)
2026-01-31 14:11:04 - INFO - Sleeping for 4.43 seconds...
2026-01-31 14:11:08 - INFO - 
--- Processing Page 39 ---
2026-01-31 14:11:14 - INFO - Reached end of page.
2026-01-31 14:11:17 - INFO - Found 56 listings
2026-01-31 14:11:17 - INFO - Page 39 listings found: 25
2026-01-31 14:11:17 - INFO - Looking for Next Page button...
2026-01-31 14:11:17 - INFO - Sleeping for 1.33 seconds...
2026-01-31 14:11:19 - INFO - Clicked Next Page (normal click)
2026-01-31 14:11:19 - INFO - Sleeping for 5.56 seconds...
2026-01-31 14:11:25 - INFO - 
--- Processing Page 40 ---
2026-01-31 14:11:32 - INFO - Reached end of page.
2026-01-31 14:11:35 - INFO - Found 53 listings
2026-01-31 14:11:35 - INFO - Page 40 listings found: 25
2026-01-31 14:11:35 - INFO - Looking for Next Page button...
2026-01-31 14:11:35 - INFO - Sleeping for 1.65 seconds...
2026-01-31 14:11:37 - INFO - Clicked Next Page (normal click)
2026-01-31 14:11:37 - INFO - Sleeping for 4.21 seconds...
2026-01-31 14:11:42 - INFO - 
--- Processing Page 41 ---
2026-01-31 14:11:53 - INFO - Reached end of page.
2026-01-31 14:12:00 - INFO - Found 60 listings
2026-01-31 14:12:00 - INFO - Page 41 listings found: 25
2026-01-31 14:12:00 - INFO - Looking for Next Page button...
2026-01-31 14:12:00 - INFO - Sleeping for 1.24 seconds...
2026-01-31 14:12:02 - INFO - Clicked Next Page (normal click)
2026-01-31 14:12:02 - INFO - Sleeping for 5.69 seconds...
2026-01-31 14:12:08 - INFO - 
--- Processing Page 42 ---
2026-01-31 14:12:20 - INFO - Reached end of page.
2026-01-31 14:12:21 - INFO - Found 65 listings
2026-01-31 14:12:21 - INFO - Page 42 listings found: 25
2026-01-31 14:12:21 - INFO - Looking for Next Page button...
2026-01-31 14:12:21 - INFO - Sleeping for 1.64 seconds...
2026-01-31 14:12:25 - INFO - Clicked Next Page (normal click)
2026-01-31 14:12:25 - INFO - Sleeping for 4.44 seconds...
2026-01-31 14:12:29 - INFO - 
--- Processing Page 43 ---
2026-01-31 14:12:37 - INFO - Reached end of page.
2026-01-31 14:12:42 - INFO - Found 59 listings
2026-01-31 14:12:42 - INFO - Page 43 listings found: 25
2026-01-31 14:12:42 - INFO - Looking for Next Page button...
2026-01-31 14:12:42 - INFO - Sleeping for 1.75 seconds...
2026-01-31 14:12:44 - INFO - Clicked Next Page (normal click)
2026-01-31 14:12:44 - INFO - Sleeping for 5.70 seconds...
2026-01-31 14:12:50 - INFO - 
--- Processing Page 44 ---
2026-01-31 14:12:56 - INFO - Reached end of page.
2026-01-31 14:12:57 - INFO - Found 62 listings
2026-01-31 14:12:57 - INFO - Page 44 listings found: 25
2026-01-31 14:12:57 - INFO - Looking for Next Page button...
2026-01-31 14:12:57 - INFO - Sleeping for 2.21 seconds...
2026-01-31 14:13:00 - INFO - Clicked Next Page (normal click)
2026-01-31 14:13:00 - INFO - Sleeping for 5.30 seconds...
2026-01-31 14:13:05 - INFO - 
--- Processing Page 45 ---
2026-01-31 14:13:11 - INFO - Reached end of page.
2026-01-31 14:13:18 - INFO - Found 60 listings
2026-01-31 14:13:18 - INFO - Page 45 listings found: 25
2026-01-31 14:13:18 - INFO - Looking for Next Page button...
2026-01-31 14:13:19 - INFO - Sleeping for 2.75 seconds...
2026-01-31 14:13:22 - INFO - Clicked Next Page (normal click)
2026-01-31 14:13:22 - INFO - Sleeping for 5.36 seconds...
2026-01-31 14:13:27 - INFO - 
--- Processing Page 46 ---
2026-01-31 14:13:37 - INFO - Reached end of page.
2026-01-31 14:13:38 - INFO - Found 61 listings
2026-01-31 14:13:38 - INFO - Page 46 listings found: 25
2026-01-31 14:13:38 - INFO - Looking for Next Page button...
2026-01-31 14:13:38 - INFO - Sleeping for 2.67 seconds...
2026-01-31 14:13:41 - INFO - Clicked Next Page (normal click)
2026-01-31 14:13:41 - INFO - Sleeping for 6.18 seconds...
2026-01-31 14:13:47 - INFO - 
--- Processing Page 47 ---
2026-01-31 14:13:54 - INFO - Reached end of page.
2026-01-31 14:13:55 - INFO - Found 47 listings
2026-01-31 14:13:55 - INFO - Page 47 listings found: 25
2026-01-31 14:13:55 - INFO - Looking for Next Page button...
2026-01-31 14:13:55 - INFO - Sleeping for 1.93 seconds...
2026-01-31 14:13:57 - INFO - Clicked Next Page (normal click)
2026-01-31 14:13:57 - INFO - Sleeping for 6.73 seconds...
2026-01-31 14:14:04 - INFO - 
--- Processing Page 48 ---
2026-01-31 14:14:10 - INFO - Reached end of page.
2026-01-31 14:14:14 - INFO - Found 47 listings
2026-01-31 14:14:14 - INFO - Page 48 listings found: 25
2026-01-31 14:14:14 - INFO - Looking for Next Page button...
2026-01-31 14:14:14 - INFO - Sleeping for 2.93 seconds...
2026-01-31 14:14:18 - INFO - Clicked Next Page (normal click)
2026-01-31 14:14:18 - INFO - Sleeping for 4.95 seconds...
2026-01-31 14:14:23 - INFO - 
--- Processing Page 49 ---
2026-01-31 14:14:28 - INFO - Reached end of page.
2026-01-31 14:14:29 - INFO - Found 48 listings
2026-01-31 14:14:29 - INFO - Page 49 listings found: 25
2026-01-31 14:14:29 - INFO - Looking for Next Page button...
2026-01-31 14:14:29 - INFO - Sleeping for 1.92 seconds...
2026-01-31 14:14:31 - INFO - Clicked Next Page (normal click)
2026-01-31 14:14:31 - INFO - Sleeping for 4.68 seconds...
2026-01-31 14:14:36 - INFO - 
--- Processing Page 50 ---
2026-01-31 14:14:40 - INFO - Reached end of page.
2026-01-31 14:14:41 - INFO - Found 48 listings
2026-01-31 14:14:41 - INFO - Page 50 listings found: 25
2026-01-31 14:14:41 - INFO - Looking for Next Page button...
2026-01-31 14:14:41 - INFO - Sleeping for 2.30 seconds...
2026-01-31 14:14:44 - INFO - Clicked Next Page (normal click)
2026-01-31 14:14:44 - INFO - Sleeping for 4.53 seconds...
2026-01-31 14:14:48 - INFO - 
--- Processing Page 51 ---
2026-01-31 14:14:53 - INFO - Reached end of page.
2026-01-31 14:14:55 - INFO - Found 47 listings
2026-01-31 14:14:55 - INFO - Page 51 listings found: 25
2026-01-31 14:14:55 - INFO - Looking for Next Page button...
2026-01-31 14:14:55 - INFO - Sleeping for 1.93 seconds...
2026-01-31 14:14:57 - INFO - Clicked Next Page (normal click)
2026-01-31 14:14:57 - INFO - Sleeping for 6.28 seconds...
2026-01-31 14:15:04 - INFO - 
--- Processing Page 52 ---
2026-01-31 14:15:09 - INFO - Reached end of page.
2026-01-31 14:15:10 - INFO - Found 47 listings
2026-01-31 14:15:10 - INFO - Page 52 listings found: 25
2026-01-31 14:15:10 - INFO - Looking for Next Page button...
2026-01-31 14:15:10 - INFO - Sleeping for 2.88 seconds...
2026-01-31 14:15:13 - INFO - Clicked Next Page (normal click)
2026-01-31 14:15:13 - INFO - Sleeping for 3.47 seconds...
2026-01-31 14:15:16 - INFO - 
--- Processing Page 53 ---
2026-01-31 14:15:22 - INFO - Reached end of page.
2026-01-31 14:15:22 - INFO - Found 47 listings
2026-01-31 14:15:22 - INFO - Page 53 listings found: 25
2026-01-31 14:15:22 - INFO - Looking for Next Page button...
2026-01-31 14:15:22 - INFO - Sleeping for 2.44 seconds...
2026-01-31 14:15:25 - INFO - Clicked Next Page (normal click)
2026-01-31 14:15:25 - INFO - Sleeping for 3.19 seconds...
2026-01-31 14:15:28 - INFO - 
--- Processing Page 54 ---
2026-01-31 14:15:33 - INFO - Reached end of page.
2026-01-31 14:15:34 - INFO - Found 47 listings
2026-01-31 14:15:34 - INFO - Page 54 listings found: 25
2026-01-31 14:15:34 - INFO - Looking for Next Page button...
2026-01-31 14:15:34 - INFO - Sleeping for 1.61 seconds...
2026-01-31 14:15:36 - INFO - Clicked Next Page (normal click)
2026-01-31 14:15:36 - INFO - Sleeping for 6.16 seconds...
2026-01-31 14:15:42 - INFO - 
--- Processing Page 55 ---
2026-01-31 14:15:47 - INFO - Reached end of page.
2026-01-31 14:15:49 - INFO - Found 47 listings
2026-01-31 14:15:49 - INFO - Page 55 listings found: 25
2026-01-31 14:15:49 - INFO - Looking for Next Page button...
2026-01-31 14:15:50 - INFO - Sleeping for 1.07 seconds...
2026-01-31 14:15:51 - INFO - Clicked Next Page (normal click)
2026-01-31 14:15:51 - INFO - Sleeping for 4.91 seconds...
2026-01-31 14:15:56 - INFO - 
--- Processing Page 56 ---
2026-01-31 14:16:02 - INFO - Reached end of page.
2026-01-31 14:16:03 - INFO - Found 49 listings
2026-01-31 14:16:03 - INFO - Page 56 listings found: 25
2026-01-31 14:16:03 - INFO - Looking for Next Page button...
2026-01-31 14:16:03 - INFO - Sleeping for 1.79 seconds...
2026-01-31 14:16:05 - INFO - Clicked Next Page (normal click)
2026-01-31 14:16:05 - INFO - Sleeping for 3.17 seconds...
2026-01-31 14:16:08 - INFO - 
--- Processing Page 57 ---
2026-01-31 14:16:12 - INFO - Reached end of page.
2026-01-31 14:16:13 - INFO - Found 48 listings
2026-01-31 14:16:13 - INFO - Page 57 listings found: 25
2026-01-31 14:16:13 - INFO - Looking for Next Page button...
2026-01-31 14:16:13 - INFO - Sleeping for 2.39 seconds...
2026-01-31 14:16:16 - INFO - Clicked Next Page (normal click)
2026-01-31 14:16:16 - INFO - Sleeping for 5.90 seconds...
2026-01-31 14:16:22 - INFO - 
--- Processing Page 58 ---
2026-01-31 14:16:27 - INFO - Reached end of page.
2026-01-31 14:16:29 - INFO - Found 48 listings
2026-01-31 14:16:29 - INFO - Page 58 listings found: 25
2026-01-31 14:16:29 - INFO - Looking for Next Page button...
2026-01-31 14:16:29 - INFO - Sleeping for 2.04 seconds...
2026-01-31 14:16:31 - INFO - Clicked Next Page (normal click)
2026-01-31 14:16:31 - INFO - Sleeping for 4.33 seconds...
2026-01-31 14:16:36 - INFO - 
--- Processing Page 59 ---
2026-01-31 14:16:40 - INFO - Reached end of page.
2026-01-31 14:16:40 - INFO - Found 47 listings
2026-01-31 14:16:40 - INFO - Page 59 listings found: 25
2026-01-31 14:16:40 - INFO - Looking for Next Page button...
2026-01-31 14:16:40 - INFO - Sleeping for 1.11 seconds...
2026-01-31 14:16:42 - INFO - Clicked Next Page (normal click)
2026-01-31 14:16:42 - INFO - Sleeping for 5.90 seconds...
2026-01-31 14:16:48 - INFO - 
--- Processing Page 60 ---
2026-01-31 14:16:52 - INFO - Reached end of page.
2026-01-31 14:16:53 - INFO - Found 48 listings
2026-01-31 14:16:53 - INFO - Page 60 listings found: 25
2026-01-31 14:16:53 - INFO - Looking for Next Page button...
2026-01-31 14:16:53 - INFO - Sleeping for 1.70 seconds...
2026-01-31 14:16:55 - INFO - Clicked Next Page (normal click)
2026-01-31 14:16:55 - INFO - Sleeping for 5.52 seconds...
2026-01-31 14:17:00 - INFO - 
--- Processing Page 61 ---
2026-01-31 14:17:07 - INFO - Reached end of page.
2026-01-31 14:17:08 - INFO - Found 51 listings
2026-01-31 14:17:08 - INFO - Page 61 listings found: 25
2026-01-31 14:17:08 - INFO - Looking for Next Page button...
2026-01-31 14:17:08 - INFO - Sleeping for 1.31 seconds...
2026-01-31 14:17:12 - INFO - Clicked Next Page (normal click)
2026-01-31 14:17:12 - INFO - Sleeping for 6.76 seconds...
2026-01-31 14:17:19 - INFO - 
--- Processing Page 62 ---
2026-01-31 14:17:24 - INFO - Reached end of page.
2026-01-31 14:17:26 - INFO - Found 47 listings
2026-01-31 14:17:26 - INFO - Page 62 listings found: 25
2026-01-31 14:17:26 - INFO - Looking for Next Page button...
2026-01-31 14:17:26 - INFO - Sleeping for 1.69 seconds...
2026-01-31 14:17:28 - INFO - Clicked Next Page (normal click)
2026-01-31 14:17:28 - INFO - Sleeping for 4.23 seconds...
2026-01-31 14:17:32 - INFO - 
--- Processing Page 63 ---
2026-01-31 14:17:37 - INFO - Reached end of page.
2026-01-31 14:17:38 - INFO - Found 48 listings
2026-01-31 14:17:38 - INFO - Page 63 listings found: 25
2026-01-31 14:17:38 - INFO - Looking for Next Page button...
2026-01-31 14:17:38 - INFO - Sleeping for 2.32 seconds...
2026-01-31 14:17:40 - INFO - Clicked Next Page (normal click)
2026-01-31 14:17:40 - INFO - Sleeping for 5.11 seconds...
2026-01-31 14:17:45 - INFO - 
--- Processing Page 64 ---
2026-01-31 14:17:52 - INFO - Reached end of page.
2026-01-31 14:17:56 - INFO - Found 47 listings
2026-01-31 14:17:56 - INFO - Page 64 listings found: 25
2026-01-31 14:17:56 - INFO - Looking for Next Page button...
2026-01-31 14:17:56 - INFO - Sleeping for 1.26 seconds...
2026-01-31 14:17:59 - INFO - Clicked Next Page (normal click)
2026-01-31 14:17:59 - INFO - Sleeping for 6.60 seconds...
2026-01-31 14:18:06 - INFO - 
--- Processing Page 65 ---
2026-01-31 14:18:10 - INFO - Reached end of page.
2026-01-31 14:18:18 - INFO - Found 52 listings
2026-01-31 14:18:18 - INFO - Page 65 listings found: 25
2026-01-31 14:18:18 - INFO - Looking for Next Page button...
2026-01-31 14:18:18 - INFO - Sleeping for 1.89 seconds...
2026-01-31 14:18:21 - INFO - Clicked Next Page (normal click)
2026-01-31 14:18:21 - INFO - Sleeping for 4.76 seconds...
2026-01-31 14:18:26 - INFO - 
--- Processing Page 66 ---
2026-01-31 14:18:32 - INFO - Reached end of page.
2026-01-31 14:18:32 - INFO - Found 0 listings
2026-01-31 14:18:32 - WARNING - No listings found on page 66.
2026-01-31 14:18:32 - INFO - Looking for Next Page button...
2026-01-31 14:18:41 - WARNING - Next Page button not found.
2026-01-31 14:18:41 - INFO - No more pages available. Stopping.
2026-01-31 14:18:41 - INFO - Stored 1464 new listings to all_listings.csv
2026-01-31 14:18:41 - INFO - Last page processed: 66
2026-01-31 14:18:41 - INFO - Script ended at 2026-01-31 14:18:41
2026-01-31 14:18:41 - INFO - Total execution time: 1002.32 seconds
2026-01-31 16:28:43 - INFO - Successfully read 1627 listing IDs
2026-01-31 16:28:43 - INFO - Listing IDs: ['455077', '414403', '455919', '406898', '396846', '436196', '455886', '455303', '414575', '449506', '448193', '437262', '454668', '434059', '441166', '453036', '426865', '412517', '437858', '398882', '439275', '419821', '448207', '441826', '423634', '395978', '415849', '395198', '438863', '386911', '417556', '425110', '426093', '448663', '449421', '419031', '430740', '419815', '448200', '439503', '451304', '423125', '396174', '450209', '439513', '3330', '415440', '367377', '245177', '398938', '411844', '449620', '414100', '438738', '417174', '448884', '422312', '426539', '430238', '389184', '454047', '410304', '424911', '426092', '441745', '449721', '388209', '428544', '454890', '411006', '454037', '403091', '392606', '443113', '395251', '432142', '442741', '401645', '451311', '371407', '424389', '415447', '436210', '438182', '424874', '441841', '408676', '419816', '457116', '429441', '449432', '392363', '402571', '417559', '430200', '417218', '451125', '423640', '455923', '388125', '393086', '423882', '379963', '429129', '428567', '382211', '399881', '431984', '419827', '384222', '404274', '449709', '428546', '402982', '393896', '450275', '430025', '412724', '441674', '422985', '414571', '438445', '458948', '411626', '451210', '398004', '408242', '426600', '410305', '441467', '436205', '417224', '449527', '389974', '378203', '431635', '441860', '405467', '455383', '298215', '423636', '420353', '410064', '440113', '423133', '434292', '437111', '332195', '438107', '450053', '422086', '457046', '429540', '419824', '420048', '429541', '305937', '449082', '454924', '398803', '450276', '443814', '371808', 'D85437812', 'B87733298', 'M88303446', 'L87447004', 'U88177770', 'C87534016', 'C87221052', 'D75991359', 'D88199610', 'U88318652', 'F84658978', 'N84289002', 'Q82835320', 'B77278671', 'E88465900', 'K88077026', 'M83206340', 'H87697658', 'Q80925667', 'W86693224', 'F87966672', 'D86700128', 'C88064032', 'S86783344', 'D88231266', 'B87489806', 'X88228106', 'U87743628', 'W79881185', 'A83031090', 'G81047961', 'T86294806', 'T86268982', 'L84684748', 'M87594392', 'N82150832', 'F87169838', 'J87356456', 'S87884256', 'C87304328', 'O85189794', 'K85243782', 'A86715928', 'B87453554', 'R88029114', 'I87260730', 'M86635630', 'M87409938', 'C83000646', 'M79931041', 'I82334086', 'B88458898', 'K88199956', 'A82695400', 'K87008224', 'X87303388', 'J85906746', 'O86926924', 'B86369106', 'Y87508550', 'X87496378', 'Q88162160', 'M87520512', 'P80954639', 'B86431456', '412025', '427808', '399887', 'P87161468', 'I86057710', 'D88037908', '441147', '425471', 'Z88330868', 'T87301500', 'E75235605', '408351', '449077', '418147', 'N86733714', 'K78334263', 'M87714200', 'Z87004246', '380452', 'H87759594', 'Q86493244', '450094', '426359', 'P86348912', 'M86352760', '412508', 'T86988032', 'Z85392732', '458788', 'G79294321', '423569', '412892', '427296', '397183', 'M74680447', '378950', 'J87922342', 'I87918488', '383509', '437776', '437949', '426937', 'O86442438', '381968', 'K85169858', '423084', '431643', 'E86166552', '449422', '411937', '410392', 'H87906740', '382646', '420349', 'R86608644', 'J84183548', 'W87366228', 'A86636184', '444313', '457077', 'K87609964', 'S85637948', 'U87983938', '441846', '414711', '412504', 'J87749828', '425341', '426058', '441381', '83351', 'H88304442', '334207', 'W87854290', 'A82714458', '426053', '437318', 'O88301810', 'E74885461', '422483', '378940', 'U87640520', 'L87845416', '399823', 'R86651882', '443272', '401742', 'L87170796', '432683', 'O86999102', 'R73360009', '379960', 'A87130168', '453932', '410443', 'P87788344', 'G87310608', 'J87638108', 'U87362844', '457639', '422991', 'O82563602', 'I87463446', 'B87688556', 'T87937144', '441671', 'C87833916', '440112', 'A87789822', 'I87788628', '392189', 'L88156170', 'X84914618', 'J72638695', '257195', 'X83051698', '17688', 'B87577224', 'U88060492', '304279', '430913', '443289', 'G87278884', 'E85356026', 'V86265706', 'Y85045376', '399141', 'K87263638', '426711', 'O87392528', '381630', 'F88341680', 'D87427874', '409853', 'H87279028', 'J80880019', 'Q85414612', 'P78157659', 'W84522274', 'B87068372', 'O87869532', 'Q88443282', 'U88283630', 'Z87961902', 'L87961820', 'Q87961706', 'U87961626', 'W87961490', 'J87961380', 'E87912046', 'F87911958', 'X87911884', 'I87911698', 'S87911568', 'U87911436', 'X87911080', 'S87910536', 'Y87792240', 'T87791952', 'Y87791814', 'U87791584', 'B87791114', 'Q87790926', 'B87790476', 'B87789040', 'L87788746', 'G87788498', 'U87788204', 'U87788052', 'O87787922', 'O87540698', 'K87479896', 'I87310402', 'C87310222', 'E87310000', 'B82452368', 'W87353740', 'O80796647', 'A87792158', 'Z87480332', 'H88251348', 'O88331350', 'T88258632', 'D77829737', '417303', 'C87911782', 'F87792394', 'R87789682', 'X86745864', 'V88321028', '410658', '417553', 'G87263462', 'G87262494', 'N85227964', 'W85353004', 'C79713269', 'G86821892', 'S87615020', 'Q87427956', 'C86307236', 'S86314112', 'G87480144', 'I88282726', 'T81571443', 'W81456823', 'M87410672', 'H85536724', 'D87565976', 'F87556024', 'J88358116', 'Z87839088', 'M87586676', 'I87576008', 'F87568870', 'C87549846', 'Y87545746', 'B87528394', 'E87087148', 'R87024672', 'K86688092', 'C86832246', 'O84129808', 'R84129374', 'W80708959', 'Z81571465', 'N87404634', 'Q81048359', 'S82452204', '402372', '438033', 'E87549320', 'N87528834', 'P87575696', 'C85355872', 'F85162814', 'O81914280', 'E66602260', 'K86938112', 'F86869528', '403383', 'F86855266', 'R87384108', 'Y87261716', 'I85344450', 'J85351820', 'K87088308', '396276', 'T88200260', 'N86412070', 'U87840222', 'M87701892', 'Z87586968', '449098', 'N86665104', 'K87060982', 'O87060674', 'G87052234', 'S87528118', 'G86689396', 'A79779057', 'A86677122', 'F84711890', 'V81572007', 'E81571871', 'O81571375', 'S81456913', 'K86402970', 'L88395948', 'M87262054', 'P78549033', 'M83639468', '1556', '412509', 'N88186512', 'U88186042', 'F88185848', 'P88185530', 'T87677822', 'L86157890', 'R87054558', 'Z86564290', 'R87815116', 'E88329814', 'B80072623', 'F87204946', 'B80574975', 'Y84165714', 'P87590346', 'X87497890', 'T87141200', 'F87457278', '444509', 'C87972512', 'E87790080', 'M87754600', 'A87512580', 'W87329304', 'S87303936', 'U86886140', 'H87678346', 'C87439170', 'T88027482', 'C88395468', 'Z88139186', 'E88139322', 'W87414218', 'W87436998', 'Z87435940', 'U81410103', 'U81410269', 'K86251196', '433257', 'S87816976', 'P88250226', 'G87981218', 'U87439734', 'Z87973190', 'X87862870', 'B86935358', 'Z87144246', 'G88004744', 'I87439806', 'U87296206', 'O87960724', 'C87155748', 'S88211326', 'H88211618', 'N87559186', 'L88326574', 'D88169424', 'G86407610', 'X83011360', 'X81366797', 'E87474672', 'N87207344', 'H87421616', 'E88319596', 'B88139806', 'C86628802', 'U76981103', 'V85776808', 'O78133337', 'G82911512', 'Z87324384', 'X87324234', 'U87324174', 'Y88362004', 'L87464768', 'R87677084', 'A88322676', 'M88142730', 'M88049946', 'G87769834', 'X87629042', 'D88144330', 'F87953394', 'P86977644', 'P88217804', 'V86482828', 'I85385474', 'I87715488', 'I82825746', 'L86856108', 'T80575345', 'O87402456', 'S87815310', 'C80572875', 'H87909914', 'B67697098', 'Q61307868', 'A70062858', 'U78076399', 'Y77522769', 'U86110704', 'Z87880268', 'Q87005256', 'C80784669', 'L88155280', 'K88325040', 'O81502195', 'D86695260', 'D86801378', 'P87677756', 'W86865460', 'I87560502', 'M87910178', 'K83922366', 'U84890000', 'C88223066', 'U87105540', 'S88160102', 'K87163196', 'A87067316', 'T82803472', 'U71594350', 'S69766608', 'I72455988', 'K88186286', 'Q87839344', 'B85530586', 'C87052794', 'G87586778', 'U87560444', 'X87853480', 'J87871054', 'P87325342', 'J80621295', 'U87072010', 'K85098076', 'A84919250', 'C81643239', 'N87456068', 'I83093354', 'M86882648', 'Y86937730', 'B88175476', 'S88175898', 'T88326822', 'G86864490', 'W87714736', 'Y80061325', 'O87607640', 'O87486978', 'B87460102', 'X87113378', 'M86575014', 'E87711448', 'R86938794', 'T87352182', 'R88160560', 'D87213480', 'C85832972', 'E87617908', 'J87392158', 'J72455640', 'F87036534', 'I86933564', 'I87550770', 'B87052126', 'V84650782', 'S84717730', 'B84153212', 'F86624238', 'X86518976', 'G87697338', 'O86467414', 'Q87936400', 'B86812964', 'W86709270', 'B86664366', 'M88194922', 'D64923474', 'U87877010', 'J86959580', 'X87567152', 'M86441502', 'U83848214', 'L87608464', 'Y87263932', 'Q88414610', 'R81488227', 'C87791580', 'D87855578', 'L87215004', 'C87095710', 'K88243388', 'U88319020', 'F87392686', 'T87513938', 'I85984342', 'Z86754060', 'H87067530', 'G86818964', 'B82896302', 'T86631464', 'O87905220', '442625', 'C88131316', 'W88150004', 'Y87366224', 'X86603996', 'V86763170', 'V82482070', 'L87581438', 'U87587428', 'J87626442', 'U86917562', 'S81723186', 'C84908682', 'P86274878', 'O72486822', 'A87718338', 'E87815250', 'L83588044', 'C85291130', 'C87188628', 'F88219522', 'Z87675742', 'P80596525', 'L87937280', 'W87138010', 'L79571259', 'G81037581', 'U87518346', 'C88417500', 'D87513780', 'O87448774', 'C87236236', 'N88389294', 'N88394220', 'F87612292', 'F87575076', 'W86233602', 'G87293072', 'S86939246', 'V87941150', 'F87774920', 'F87201034', 'E87551240', 'E87320290', 'N88087810', 'D88022202', 'U86662818', 'G87764290', 'I87251878', 'K88390280', 'K87641884', 'Z87522720', 'M86389600', 'J86569086', 'U88299902', 'Y88169262', 'W87930728', 'V86492936', 'M86937378', 'J87962424', 'J87582158', 'D87497020', 'V87342318', 'O87392848', 'P87392448', 'A63978642', 'Q87287758', 'K88362812', 'W88230330', 'J88411098', 'V87922638', 'O87923710', 'L87512586', 'H87710432', 'A87540496', 'E86965352', 'K87202898', 'R86889670', 'Z81979668', 'U85743536', 'Z88420956', 'A88275786', 'Z88184624', 'L86488214', 'Z86743192', 'F86364104', 'T86346206', 'P88253546', 'Y87996578', 'O87702310', 'T87711498', 'W87566476', 'R87573978', 'A86796944', 'K86688752', 'T86518914', 'E81403283', 'R87716346', 'N88443668', 'U81643871', 'J80893387', 'H87935736', 'P71572854', 'G86387036', 'U87521446', 'S87447966', 'E88391520', 'V88284142', 'H87900830', 'N87467010', 'M87439772', 'B87330596', 'L88407580', 'H79331813', 'D86605690', 'P86735936', 'E88395618', 'A88379036', 'H88405834', 'M88377058', 'F88409390', 'H88379482', 'P88185470', 'M88162358', 'J87871904', 'I87687752', 'R87751048', 'K87693664', 'H81270833', 'O86388594', 'Z83149912', 'H85645854', 'M87370052', 'G86798944', 'Q88193944', 'R87972108', 'O87708906', 'P88312654', 'G82876696', 'D87964270', 'H88307854', 'O86861356', 'K86699392', 'W85865458', 'K85712522', 'F85713900', 'M87502010', 'G88436376', 'B88452544', 'F88435484', 'G84134880', 'N88353754', 'I87959798', 'D83145390', 'T87275224', 'S87274854', 'D86940244', 'H88358598', 'H87033508', 'Z86863734', 'T86891626', 'E86918170', 'Y88451350', 'F88001112', 'I88000140', 'Z87716866', 'B87612694', 'V87210492', 'I86781378', 'P86597934', 'O88441364', 'X88317818', 'I88317052', 'H88317286', 'W81395851', 'E88320098', 'X84183558', 'T88383764', 'X88370016', 'E88275174', 'U88292676', 'Z88307046', 'U82385390', 'B88008956', 'Y88147524', 'N87979290', 'D87928418', 'N87778652', 'Z87776788', 'G87740938', 'O87735538', 'O77510159', 'W79708637', 'V87674380', 'Q87601070', 'E84299402', 'P86857606', 'V86666560', 'L86690580', 'N86564450', 'Y88088054', 'O88088896', 'Q87285744', 'J87774114', 'E87630262', 'I87036162', 'F85882156', 'I86414448', 'G83118232', 'R86631356', 'B83072586', 'T84548190', 'A85882712', 'X85885304', 'E87109556', 'G78106851', 'O88165722', 'K87976670', 'Q87876896', 'A87778360', 'N86793154', 'E86444408', 'B84340912', 'K86560744', 'O88438728', 'W88257206', 'L87636046', 'D87973242', 'F87870078', 'T87669814', 'W87521074', 'K86503264', 'M87620742', 'W88276166', 'N88236268', 'N88236748', 'V87705462', 'I86348176', 'A88255442', 'F87934052', 'A87962800', 'F87712676', 'Y86547392', 'F88310768', 'W88337356', 'Y85244098', 'I88265486', 'I87843774', 'G87169914', 'K86441660', 'N86336172', 'E87585848', 'Q81295605', 'Z87673280', 'H86763580', 'J88173458', 'U83494522', 'P88417606', '434656', 'K87630680', 'B87106746', 'N85797618', 'J87277422', 'A86685136', 'Y86447322', 'N81257369', 'U87171238', 'I88419432', 'H87238710', 'J87106312', 'C83302994', 'I83303052', 'C87860672', 'F87775016', '384317', 'E87748634', '428878', 'K87348736', 'W87152504', 'R88275288', 'P81174289', 'O87536142', 'B86765634', 'S87789442', 'W87827220', 'Y87694232', 'J80741969', 'A84892038', 'J80373025', 'M88439906', 'K87202112', 'K87316958', 'D86632896', 'A87144294', 'X86902622', 'U88358472', 'V88086440', 'Q87612906', 'C87054100', 'D88007368', 'P86865048', 'L88301554', 'G85891440', 'J87833250', 'W84838116', 'W87764548', 'B85882536', 'Q86185434', 'V88112608', 'R86160916', 'E87503928', 'R87316678', 'C86937064', 'I86967042', 'Z87045274', 'R86976660', 'J86930228', 'C86966386', 'I84402676', 'A87872692', 'U87741542', 'T87742054', 'Z87685978', 'A87686142', 'M87512570', 'X87051486', 'X83222266', 'E88255478', 'F88185266', 'V87640378', 'H81429379', 'I88276564', 'X87724698', 'Q87976728', 'O87842494', 'R88362692', 'P88327268', 'M87238560', 'I86794970', 'G86268976', 'M85674190', 'T86490104', 'X87752914', 'D87093834', 'N87612380', 'D88159926', 'P87299462', 'R87491560', 'G87270544', 'G73399805', 'V88034824', 'Q87458540', 'C86920632', 'F87291336', 'P86381998', 'R88326722', 'I88319992', 'T88317842', 'J88172498', 'N87827736', 'K87956018', 'K87090182', 'M86506436', 'A86412768', 'B86661184', 'I79009045', 'Z87862720', 'S87716630', 'I82207816', 'I87573278', 'I87358034', 'V70062912', 'B87499198', 'V85846924', 'Y85831316', 'A84315734', 'K87308576', 'H87974762', 'W86828850', 'P86822048', 'D87925502', 'O88317528', 'K88229650', 'G87389478', 'X86463546', 'U86588204', 'L84300208', 'V87413654', 'K87649940', 'M87249216', 'R86459560', 'J87745368', 'Q86966436', 'E87975044', 'E88089260', 'D84876536', 'X87582512', 'V87261544', 'M87205904', 'U86600506', 'B85741706', 'X87825672', 'L87735090', 'Y87617666', 'D87585068', 'Y87151170', 'O86519732', '426383', 'B86112596', 'I85669678', 'H87745364', 'I86181270', 'O87328420', 'Y87813782', 'M86701006', 'O86540840', 'D86609488', 'Y86649678', 'X87222798', 'H86020800', 'I83358088', 'P87736056', 'G85329166', 'E87552146', 'B87775854', 'H87345592', 'T85718704', '86005', 'N84575764', '255847', 'V86822722', 'D82522840', 'Y87827522', 'C88242832', 'U88092214', 'M87944136', 'W87665162', 'L87561208', 'U87402928', 'X87380188', 'O87161478', 'I87032846', 'W85240016', 'F88465316', 'Z84410156', 'N88462868', 'E84200850', 'W88368340', 'C85411932', 'Q88460682', 'S88384612', 'V88459374', 'W57526554', 'D88458808', 'V88458452', 'S76717357', 'C88456834', 'L88456748', 'M49312501', 'P88455406', 'E88455352', 'J88454530', 'C88454258', 'T75569931', 'S88453246', 'X88452108', 'U46990413', 'V88390274', 'E88450556', 'D88448400', 'O88448296', 'J88419136', 'J88419136', 'S88446738', 'H55614682', 'N86917182', 'X88441772', 'R88403154', 'E88399708', 'P88391284', 'Q87431604', 'Y88394604', 'F88435792', 'T88434742', 'E88345788', 'L88432526', 'I85402388', 'X81619685', 'F88431130', 'U88431008', 'H88429306', 'P88400482', 'U88427508', 'B88426548', 'R88426130', 'Q88425994', 'O88424398', 'I88422414', 'D83501022', 'G88419220', 'F88161548', 'R88368132', 'X88339474', 'I88371320', 'X88336056', 'K88413746', 'B88413680', 'Q88413578', 'F88413312', 'J88317432', 'S88410100', 'C88408474', 'T88408016', 'J88406852', 'X88403060', 'N88401962', 'Q88401530', 'K88399874', 'K88399678', 'Y88399640', 'K88399612', 'M88398712', 'Y88397302', 'P88396844', 'G77912587', 'J85580274', 'V87681828', 'N88393576', 'S88392748', 'C88086460', 'Z88390378', 'G88331054', 'J88389340', 'Z88259746', 'T88389048', 'B88387046', 'Q88121142', 'F88168830', 'A88339196', 'L85580344', 'G88314972', 'C88382160', 'B63309674', 'T88381014', 'Q88379072', 'P88228138', 'I88377062', 'I88377062', 'Y88030150', 'D88374876', 'N88374838', 'S88372192', 'A88371828', 'A88371806', 'F77329401', 'N77202869', 'P88369682', 'E88369590', 'G88369546', 'V77683599', 'C72569988', 'M88367068', 'M88256902', 'J88365378', 'D62225038', 'G88364888', 'E88364834', 'R87953704', 'N88286420', 'F88363262', 'V86275248', 'O88362228', 'H88359452', 'R88359382', 'C88357784', 'W88357308', 'X88357058', 'B88356238', 'L88354528', 'M88352658', 'M88350914', 'X88350884', 'E88350854', 'F88350784', 'Y88350740', 'S76835691', 'Z88349904', 'J82332914', 'A88349682', 'F88349554', 'L88348356', 'H40892985', 'L88347020', 'Z88345542', 'O88345414', 'E88345340', 'E88344688', 'E88344688', 'Y88343536', 'W88343458', 'N87432436', 'P71201890', 'Y88342176', 'Z27293861', 'K88342052', 'K88341736', 'W88340670', 'A77682035', 'K87926202', 'K88338062', 'A88337932', 'D88337496', 'T88337390', 'G88337324', 'D88336968', 'W88336584', 'G88336218', 'Y88335214', 'U88335200', 'X88334856', 'M88334780', 'Y88333212', 'R77650217', 'E88331296', 'Y81971434', 'H88330684', 'F88330662', 'F88330126', 'E88329886', 'H88329064', 'W81277269', 'J88328770', 'K88327010', 'F88326934', 'D88324100', 'C70633506', 'N88322194', 'K88319798', 'X85485096', 'L76579637', 'T88316188', 'X88315532', 'X88315496', 'D88315446', 'G88315350', 'U77021697', 'V88314948', 'D88313048', 'C88312288', 'B88311876', 'O88311776', 'Q88310754', 'L88308688', 'J88308592', 'Z88306326', 'O88304982', 'I80128001', 'M88304346', 'T88301600', 'U88299420', 'F88299234', 'K84709154', 'Q87293972', 'G88296218', 'O88238476', 'O70495704', 'G88291656', 'D88291416', 'P78310193', 'C88286756', 'L88286164', 'W88285734', 'G87620456', 'W88282850', 'A87604228', 'V88281884', 'D88280542', 'H57930222', 'S88279398', 'A87835188', 'D88258890', 'Z88243456', 'J88216624', 'C88271812', 'G84841656', 'M88270796', 'Z52594582', 'N68756898', 'Y88269336', 'D88267486', 'N87439378', 'K88264898', 'Z88264562', 'R88264512', 'G88264152', 'K88264102', 'Y88264030', 'O88264028', 'I88263778', 'A88263752', 'H88262298', 'B88262220', 'R88261790', 'S88261302', 'E86063142', 'X88260296', 'I88259670', 'C79660215', 'X88214994', 'B81208733', 'G88253956', 'U85740680', 'I88251800', 'N78544717', 'S82095966', 'N88247780', 'N88246718', 'X88245764', 'H88244728', 'K88242460', 'M88242288', 'C88240390', 'T88237008', 'I86013676', 'Q88234914', 'I88234778', 'Y88233074', 'C88114006', 'R88232220', 'M88230170', 'V88214896', 'Z52869644', 'E88227786', 'Y88225504', 'A88222138', 'C88165942', 'R88220804', 'I88173246', 'Y68829680', 'C83523588', 'X88214038', 'I88213594', 'N88213520', 'P88212916', 'V88211790', 'H88211620', 'I88210942', 'E88210632', 'G88209538', 'X88209170', 'B88208282', 'W88207946', 'A46556013', 'B88205860', 'E40294537', 'G88205530', 'Q61487480', 'T88204232', 'X88203850', 'B67964648', 'C88203182', 'L88202912', 'X88198224', 'S81158759', 'B88156016', 'C76092259', 'Y73378385', 'Q76596257', 'F88192212', 'Z88191842', 'O88191150', 'I88190100', 'Q88186390', 'W88168102', 'Q87791530', '458615', 'N88181558', 'I64576000', 'B88177758', 'H88177182', 'E88177030', 'V87479468', 'I26695491', 'Z88176116', 'T88175886', 'X88159038', 'W87060092', 'W29187797', 'E88174804', 'T75173793', 'F88172348', 'Y88172292', 'Z71451206', 'F88171112', 'M80311807', 'D74108065', 'H88169266', 'R87709550', 'G88168354', 'V88139252', 'S85644268', 'Q85541100', 'D88166484', 'Y86725162', 'D88006218', 'B88120960', 'N88164204', 'U88164148', 'L88163984', 'D88163228', 'K88160432', 'G88158574', 'D88157702', 'C88156590', 'S88156584', 'B88152436', 'V88152050', 'M88151170', 'I88150668', 'O88149962', 'M88149952', 'I88149850', 'I88149850', 'F88149556', 'K88149022', 'Z88148232', 'Q74382879', 'R78299057', 'L88146578', 'X88144226', 'U88139568', 'U63542692', 'S88138360', 'C88138208', 'Y88137608', 'R88137596', 'M88136328', 'H82052356', 'I88135084', 'M88134848', 'L88131734', 'O88130044', 'S87921190', 'J83552018', 'T88129418', 'J88129158', 'F88128990', 'D88125424', 'H88123866', 'N70164614', 'W88119692', 'S88119664', 'T88118920', 'U87727996', 'U87725526', 'I87791410', 'H88117674', 'U88117194', 'Y64139082', 'I88112514', 'U88009316', 'D88110404', 'P88099874', 'W88109448', 'C88108634', 'V88108276', 'T88107850', 'T88106220', 'W88105082', 'P66661242', 'S88101028', 'L77176857', 'V88098836', 'A88097528', 'E74823331', 'R88089180', 'P84517042', 'K88086654', 'E88086376', 'N88085632', 'W88085508', 'K88085444', 'Y88082778', 'Q83902064', 'E88081724', 'Q88079932', 'F88078608', 'G88078496', 'J88076838', 'U88074848', 'Y76071081', 'X88074208', 'T63772748', 'L88071256', 'W88067446', 'C85697332', 'Q56294502', 'Q56294502', 'S87899712', 'F75567213', 'J85423720', 'I88055958', 'Y88054904', 'H88047378', 'A88045880', 'G87440754', 'U83549836', 'J88039268', 'P88039214', 'V88037626', '405561', 'M73674697', 'G88030794', 'T80912569', 'Q88029454', 'Q88027850', 'L81716928', 'I88005998', 'C88002040', 'N88024424', 'V87973392', 'X87939564']
2026-01-31 17:47:15 - INFO - Successfully read 1627 listing IDs
2026-01-31 17:47:15 - INFO - Total Listing IDs: 1627
2026-01-31 17:47:15 - INFO - Loaded 41 unique project IDs
2026-01-31 17:47:15 - INFO - Existing Project IDs: 41
2026-01-31 17:47:15 - INFO - New Listing IDs to process: 1586
2026-01-31 18:06:09 - INFO - Successfully read 1627 listing IDs
2026-01-31 18:06:09 - INFO - Total Listing IDs: 1627
2026-01-31 18:06:09 - INFO - Loaded 110 unique project IDs
2026-01-31 18:06:09 - INFO - Existing Project IDs: 110
2026-01-31 18:06:09 - INFO - New Listing IDs to process: 1517
2026-01-31 18:29:48 - INFO - Successfully read 1627 listing IDs
2026-01-31 18:29:48 - INFO - Total Listing IDs: 1627
2026-01-31 18:29:48 - INFO - Loaded 110 unique project IDs
2026-01-31 18:29:48 - INFO - Existing Project IDs: 110
2026-01-31 18:29:48 - INFO - New Listing IDs to process: 1517
2026-01-31 18:29:48 - INFO - Received 1517 new listing IDs
2026-01-31 18:29:48 - INFO - Starting multithreaded extraction for 1517 projects with 3 workers (30/min rate limit)...
2026-01-31 18:29:48 - INFO - Fetching details for project ID: 426093
2026-01-31 18:29:48 - INFO - Fetching details for project ID: 423125
2026-01-31 18:29:48 - INFO - Fetching details for project ID: 396174
2026-01-31 18:29:49 - ERROR - Error in thread for ID 396174: [Errno 13] Permission denied: '99acres_projects.csv'
2026-01-31 18:29:49 - INFO - Fetching details for project ID: 450209
2026-01-31 18:29:50 - ERROR - Error in thread for ID 450209: [Errno 13] Permission denied: '99acres_projects.csv'
2026-01-31 18:29:50 - INFO - Fetching details for project ID: 439513
2026-01-31 18:29:51 - ERROR - Error in thread for ID 439513: [Errno 13] Permission denied: '99acres_projects.csv'
2026-01-31 18:29:51 - INFO - Fetching details for project ID: 3330
2026-01-31 18:30:04 - ERROR - Error fetching project details: HTTPSConnectionPool(host='www.99acres.com', port=443): Read timed out. (read timeout=15)
2026-01-31 18:30:04 - ERROR - Error fetching project details: HTTPSConnectionPool(host='www.99acres.com', port=443): Read timed out. (read timeout=15)
2026-01-31 18:30:04 - INFO - Fetching details for project ID: 415440
2026-01-31 18:30:04 - INFO - Fetching details for project ID: 367377
2026-01-31 18:30:05 - ERROR - Error in thread for ID 415440: [Errno 13] Permission denied: '99acres_projects.csv'
2026-01-31 18:30:05 - INFO - Fetching details for project ID: 245177
2026-01-31 18:30:05 - ERROR - Error in thread for ID 367377: [Errno 13] Permission denied: '99acres_projects.csv'
2026-01-31 18:30:05 - INFO - Fetching details for project ID: 398938
2026-01-31 18:30:05 - ERROR - Error in thread for ID 245177: [Errno 13] Permission denied: '99acres_projects.csv'
2026-01-31 18:30:05 - INFO - Fetching details for project ID: 411844
2026-01-31 18:30:05 - ERROR - Error in thread for ID 398938: [Errno 13] Permission denied: '99acres_projects.csv'
2026-01-31 18:30:05 - INFO - Fetching details for project ID: 449620
2026-01-31 18:30:06 - ERROR - Error fetching project details: HTTPSConnectionPool(host='www.99acres.com', port=443): Read timed out. (read timeout=15)
2026-01-31 18:30:06 - INFO - Fetching details for project ID: 414100
2026-01-31 18:30:07 - ERROR - Error in thread for ID 414100: [Errno 13] Permission denied: '99acres_projects.csv'
2026-01-31 18:30:07 - INFO - Fetching details for project ID: 438738
2026-01-31 18:30:24 - INFO - Successfully read 1627 listing IDs
2026-01-31 18:30:24 - INFO - Total Listing IDs: 1627
2026-01-31 18:30:24 - INFO - Loaded 110 unique project IDs
2026-01-31 18:30:24 - INFO - Existing Project IDs: 110
2026-01-31 18:30:24 - INFO - New Listing IDs to process: 1517
2026-01-31 18:30:24 - INFO - Received 1517 new listing IDs
2026-01-31 18:30:24 - INFO - Starting multithreaded extraction for 1517 projects with 3 workers (30/min rate limit)...
2026-01-31 18:30:24 - INFO - Fetching details for project ID: 426093
2026-01-31 18:30:24 - INFO - Fetching details for project ID: 423125
2026-01-31 18:30:24 - INFO - Fetching details for project ID: 396174
2026-01-31 18:30:28 - INFO - Fetching details for project ID: 450209
2026-01-31 18:30:28 - INFO - Fetching details for project ID: 439513
2026-01-31 18:30:28 - INFO - Fetching details for project ID: 3330
2026-01-31 18:30:43 - ERROR - Error fetching project details: HTTPSConnectionPool(host='www.99acres.com', port=443): Read timed out. (read timeout=15)
2026-01-31 18:30:43 - INFO - Fetching details for project ID: 415440
2026-01-31 18:30:44 - ERROR - Error fetching project details: HTTPSConnectionPool(host='www.99acres.com', port=443): Read timed out. (read timeout=15)
2026-01-31 18:30:44 - INFO - Fetching details for project ID: 367377
2026-01-31 18:30:44 - ERROR - Error fetching project details: HTTPSConnectionPool(host='www.99acres.com', port=443): Read timed out. (read timeout=15)
2026-01-31 18:30:44 - INFO - Fetching details for project ID: 245177
2026-01-31 18:30:47 - INFO - Fetching details for project ID: 398938
2026-01-31 18:30:50 - INFO - Fetching details for project ID: 411844
2026-01-31 18:30:53 - INFO - Fetching details for project ID: 449620
2026-01-31 18:30:57 - INFO - Fetching details for project ID: 414100
2026-01-31 18:30:58 - ERROR - Error fetching project details: HTTPSConnectionPool(host='www.99acres.com', port=443): Read timed out. (read timeout=15)
2026-01-31 18:30:58 - INFO - Fetching details for project ID: 438738
2026-01-31 18:30:59 - ERROR - Error fetching project details: HTTPSConnectionPool(host='www.99acres.com', port=443): Read timed out. (read timeout=15)
2026-01-31 18:30:59 - INFO - Fetching details for project ID: 417174
2026-01-31 18:31:01 - INFO - Fetching details for project ID: 448884
2026-01-31 18:31:02 - INFO - Fetching details for project ID: 422312
2026-01-31 18:31:04 - INFO - Fetching details for project ID: 426539
2026-01-31 18:31:05 - INFO - Fetching details for project ID: 430238
2026-01-31 18:31:07 - INFO - Fetching details for project ID: 389184
2026-01-31 18:31:09 - INFO - Fetching details for project ID: 454047
2026-01-31 18:31:12 - INFO - Fetching details for project ID: 410304
2026-01-31 18:31:12 - ERROR - Error fetching project details: HTTPSConnectionPool(host='www.99acres.com', port=443): Read timed out. (read timeout=15)
2026-01-31 18:31:12 - INFO - Fetching details for project ID: 424911
2026-01-31 18:31:13 - INFO - Fetching details for project ID: 441745
2026-01-31 18:31:15 - INFO - Fetching details for project ID: 449721
2026-01-31 18:31:16 - INFO - Fetching details for project ID: 388209
2026-01-31 18:31:16 - INFO - Fetching details for project ID: 428544
2026-01-31 18:31:20 - INFO - Fetching details for project ID: 454890
2026-01-31 18:31:30 - ERROR - Error fetching project details: HTTPSConnectionPool(host='www.99acres.com', port=443): Read timed out. (read timeout=15)
2026-01-31 18:31:30 - INFO - Fetching details for project ID: 411006
2026-01-31 18:31:31 - ERROR - Error fetching project details: HTTPSConnectionPool(host='www.99acres.com', port=443): Read timed out. (read timeout=15)
2026-01-31 18:31:31 - INFO - Fetching details for project ID: 454037
2026-01-31 18:31:33 - INFO - Fetching details for project ID: 403091
2026-01-31 18:31:36 - ERROR - Error fetching project details: HTTPSConnectionPool(host='www.99acres.com', port=443): Read timed out. (read timeout=15)
2026-01-31 18:31:36 - INFO - Fetching details for project ID: 392606
2026-01-31 18:31:40 - INFO - Fetching details for project ID: 443113
2026-01-31 18:31:44 - INFO - Fetching details for project ID: 395251
2026-01-31 18:31:46 - ERROR - Error fetching project details: HTTPSConnectionPool(host='www.99acres.com', port=443): Read timed out. (read timeout=15)
2026-01-31 18:31:46 - INFO - Fetching details for project ID: 432142
2026-01-31 18:31:47 - INFO - Fetching details for project ID: 442741
2026-01-31 18:31:48 - ERROR - Error fetching project details: HTTPSConnectionPool(host='www.99acres.com', port=443): Read timed out. (read timeout=15)
2026-01-31 18:31:48 - INFO - Fetching details for project ID: 401645
2026-01-31 18:31:52 - INFO - Fetching details for project ID: 451311
2026-01-31 18:31:52 - INFO - Fetching details for project ID: 371407
2026-01-31 18:32:02 - ERROR - Error fetching project details: HTTPSConnectionPool(host='www.99acres.com', port=443): Read timed out. (read timeout=15)
2026-01-31 18:32:02 - INFO - Fetching details for project ID: 424389
2026-01-31 18:32:06 - INFO - Fetching details for project ID: 415447
2026-01-31 18:32:07 - ERROR - Error fetching project details: HTTPSConnectionPool(host='www.99acres.com', port=443): Read timed out. (read timeout=15)
2026-01-31 18:32:07 - INFO - Fetching details for project ID: 436210
2026-01-31 18:32:07 - ERROR - Error fetching project details: HTTPSConnectionPool(host='www.99acres.com', port=443): Read timed out. (read timeout=15)
2026-01-31 18:32:07 - INFO - Fetching details for project ID: 438182
2026-01-31 18:32:21 - ERROR - Error fetching project details: HTTPSConnectionPool(host='www.99acres.com', port=443): Read timed out. (read timeout=15)
2026-01-31 18:32:21 - INFO - Fetching details for project ID: 424874
2026-01-31 18:32:22 - ERROR - Error fetching project details: HTTPSConnectionPool(host='www.99acres.com', port=443): Read timed out. (read timeout=15)
2026-01-31 18:32:22 - INFO - Fetching details for project ID: 441841
2026-01-31 18:32:23 - ERROR - Error fetching project details: HTTPSConnectionPool(host='www.99acres.com', port=443): Read timed out. (read timeout=15)
2026-01-31 18:32:23 - INFO - Fetching details for project ID: 408676
2026-01-31 18:32:26 - INFO - Fetching details for project ID: 419816
2026-01-31 18:32:29 - INFO - Fetching details for project ID: 457116
2026-01-31 18:32:33 - INFO - Fetching details for project ID: 429441
2026-01-31 18:32:36 - INFO - Fetching details for project ID: 449432
2026-01-31 18:32:36 - ERROR - Error fetching project details: HTTPSConnectionPool(host='www.99acres.com', port=443): Read timed out. (read timeout=15)
2026-01-31 18:32:36 - INFO - Fetching details for project ID: 402571
2026-01-31 18:32:38 - ERROR - Error fetching project details: HTTPSConnectionPool(host='www.99acres.com', port=443): Read timed out. (read timeout=15)
2026-01-31 18:32:38 - INFO - Fetching details for project ID: 417559
2026-01-31 18:32:39 - INFO - Fetching details for project ID: 430200
2026-01-31 18:32:39 - INFO - Fetching details for project ID: 417218
2026-01-31 18:32:42 - INFO - Fetching details for project ID: 451125
2026-01-31 18:32:54 - ERROR - Error fetching project details: HTTPSConnectionPool(host='www.99acres.com', port=443): Read timed out. (read timeout=15)
2026-01-31 18:32:54 - INFO - Fetching details for project ID: 423640
2026-01-31 18:32:55 - ERROR - Error fetching project details: HTTPSConnectionPool(host='www.99acres.com', port=443): Read timed out. (read timeout=15)
2026-01-31 18:32:55 - INFO - Fetching details for project ID: 455923
2026-01-31 18:32:57 - ERROR - Error fetching project details: HTTPSConnectionPool(host='www.99acres.com', port=443): Read timed out. (read timeout=15)
2026-01-31 18:32:57 - INFO - Fetching details for project ID: 388125
2026-01-31 18:32:59 - INFO - Fetching details for project ID: 393086
2026-01-31 18:33:00 - INFO - Fetching details for project ID: 423882
2026-01-31 18:33:03 - INFO - Fetching details for project ID: 382211
2026-01-31 18:33:10 - ERROR - Error fetching project details: HTTPSConnectionPool(host='www.99acres.com', port=443): Read timed out. (read timeout=15)
2026-01-31 18:33:10 - INFO - Fetching details for project ID: 419827
2026-01-31 18:33:14 - INFO - Fetching details for project ID: 412724
2026-01-31 18:33:14 - ERROR - Error fetching project details: HTTPSConnectionPool(host='www.99acres.com', port=443): Read timed out. (read timeout=15)
2026-01-31 18:33:14 - INFO - Fetching details for project ID: 441674
2026-01-31 18:33:17 - INFO - Fetching details for project ID: 414571
2026-01-31 18:33:18 - INFO - Fetching details for project ID: 438445
2026-01-31 18:33:19 - ERROR - Error fetching project details: HTTPSConnectionPool(host='www.99acres.com', port=443): Read timed out. (read timeout=15)
2026-01-31 18:33:19 - INFO - Fetching details for project ID: 458948
2026-01-31 18:33:21 - INFO - Fetching details for project ID: 411626
2026-01-31 18:33:21 - INFO - Fetching details for project ID: 451210
2026-01-31 18:33:24 - INFO - Fetching details for project ID: 398004
2026-01-31 18:33:25 - INFO - Fetching details for project ID: 426600
2026-01-31 18:33:27 - INFO - Fetching details for project ID: 423133
2026-01-31 18:33:28 - INFO - Fetching details for project ID: 434292
2026-01-31 18:33:31 - INFO - Fetching details for project ID: 437111
2026-01-31 18:33:33 - INFO - Fetching details for project ID: 332195
2026-01-31 18:33:33 - ERROR - Error fetching project details: HTTPSConnectionPool(host='www.99acres.com', port=443): Read timed out. (read timeout=15)
2026-01-31 18:33:33 - INFO - Fetching details for project ID: 438107
2026-01-31 18:33:33 - INFO - Fetching details for project ID: 450053
2026-01-31 18:33:37 - INFO - Fetching details for project ID: 422086
2026-01-31 18:33:40 - INFO - Fetching details for project ID: 457046
2026-01-31 18:33:44 - INFO - Fetching details for project ID: 429540
2026-01-31 18:33:49 - ERROR - Error fetching project details: HTTPSConnectionPool(host='www.99acres.com', port=443): Read timed out. (read timeout=15)
2026-01-31 18:33:49 - INFO - Fetching details for project ID: 419824
2026-01-31 18:33:49 - ERROR - Error fetching project details: HTTPSConnectionPool(host='www.99acres.com', port=443): Read timed out. (read timeout=15)
2026-01-31 18:33:49 - INFO - Fetching details for project ID: 420048
2026-01-31 18:34:00 - ERROR - Error fetching project details: HTTPSConnectionPool(host='www.99acres.com', port=443): Read timed out. (read timeout=15)
2026-01-31 18:34:00 - INFO - Fetching details for project ID: 305937
2026-01-31 18:34:04 - ERROR - Error fetching project details: HTTPSConnectionPool(host='www.99acres.com', port=443): Read timed out. (read timeout=15)
2026-01-31 18:34:04 - INFO - Fetching details for project ID: 449082
2026-01-31 18:34:04 - ERROR - Error fetching project details: HTTPSConnectionPool(host='www.99acres.com', port=443): Read timed out. (read timeout=15)
2026-01-31 18:34:04 - INFO - Fetching details for project ID: 454924
2026-01-31 18:34:08 - INFO - Fetching details for project ID: 398803
2026-01-31 18:34:12 - INFO - Fetching details for project ID: 443814
2026-01-31 18:34:15 - ERROR - Error fetching project details: HTTPSConnectionPool(host='www.99acres.com', port=443): Read timed out. (read timeout=15)
2026-01-31 18:34:15 - INFO - Fetching details for project ID: D85437812
2026-01-31 18:34:15 - WARNING - Retry 1 for Project D85437812 (Status: 400)
2026-01-31 18:34:16 - INFO - Fetching details for project ID: B87733298
2026-01-31 18:34:17 - WARNING - Retry 2 for Project D85437812 (Status: 400)
2026-01-31 18:34:19 - WARNING - Retry 3 for Project D85437812 (Status: 400)
2026-01-31 18:34:19 - ERROR - Error fetching project details: HTTPSConnectionPool(host='www.99acres.com', port=443): Read timed out. (read timeout=15)
2026-01-31 18:34:19 - INFO - Fetching details for project ID: M88303446
2026-01-31 18:34:20 - WARNING - Retry 1 for Project M88303446 (Status: 400)
2026-01-31 18:34:21 - WARNING - Retry 4 for Project D85437812 (Status: 400)
2026-01-31 18:34:21 - WARNING - Retry 2 for Project M88303446 (Status: 400)
2026-01-31 18:34:22 - WARNING - Retry 5 for Project D85437812 (Status: 400)
2026-01-31 18:34:23 - WARNING - Retry 3 for Project M88303446 (Status: 400)
2026-01-31 18:34:25 - WARNING - Retry 4 for Project M88303446 (Status: 400)
2026-01-31 18:34:25 - INFO - Fetching details for project ID: L87447004
2026-01-31 18:34:25 - WARNING - Retry 1 for Project L87447004 (Status: 400)
2026-01-31 18:34:27 - WARNING - Retry 5 for Project M88303446 (Status: 400)
2026-01-31 18:34:28 - WARNING - Retry 2 for Project L87447004 (Status: 400)
2026-01-31 18:34:28 - INFO - Fetching details for project ID: U88177770
2026-01-31 18:34:30 - WARNING - Retry 3 for Project L87447004 (Status: 400)
2026-01-31 18:34:32 - ERROR - Error fetching project details: HTTPSConnectionPool(host='www.99acres.com', port=443): Read timed out. (read timeout=15)
2026-01-31 18:34:32 - INFO - Fetching details for project ID: C87534016
2026-01-31 18:34:32 - WARNING - Retry 4 for Project L87447004 (Status: 400)
2026-01-31 18:34:32 - WARNING - Retry 1 for Project C87534016 (Status: 400)
2026-01-31 18:34:34 - WARNING - Retry 5 for Project L87447004 (Status: 400)
2026-01-31 18:34:34 - WARNING - Retry 2 for Project C87534016 (Status: 400)
2026-01-31 18:34:35 - INFO - Fetching details for project ID: C87221052
2026-01-31 18:34:35 - WARNING - Retry 1 for Project C87221052 (Status: 400)
2026-01-31 18:34:36 - WARNING - Retry 3 for Project C87534016 (Status: 400)
2026-01-31 18:34:37 - WARNING - Retry 2 for Project C87221052 (Status: 400)
2026-01-31 18:34:38 - WARNING - Retry 4 for Project C87534016 (Status: 400)
2026-01-31 18:34:39 - WARNING - Retry 3 for Project C87221052 (Status: 400)
2026-01-31 18:34:40 - WARNING - Retry 5 for Project C87534016 (Status: 400)
2026-01-31 18:34:41 - WARNING - Retry 4 for Project C87221052 (Status: 400)
2026-01-31 18:34:42 - INFO - Fetching details for project ID: D75991359
2026-01-31 18:34:43 - WARNING - Retry 1 for Project D75991359 (Status: 400)
2026-01-31 18:34:44 - ERROR - Error fetching project details: HTTPSConnectionPool(host='www.99acres.com', port=443): Read timed out. (read timeout=15)
2026-01-31 18:34:44 - INFO - Fetching details for project ID: D88199610
2026-01-31 18:34:44 - WARNING - Retry 1 for Project D88199610 (Status: 400)
2026-01-31 18:34:44 - WARNING - Retry 5 for Project C87221052 (Status: 400)
2026-01-31 18:34:45 - WARNING - Retry 2 for Project D75991359 (Status: 400)
2026-01-31 18:34:46 - INFO - Fetching details for project ID: U88318652
2026-01-31 18:34:46 - WARNING - Retry 3 for Project D75991359 (Status: 400)
2026-01-31 18:34:46 - WARNING - Retry 1 for Project U88318652 (Status: 400)
2026-01-31 18:34:46 - WARNING - Retry 2 for Project D88199610 (Status: 400)
2026-01-31 18:34:48 - WARNING - Retry 4 for Project D75991359 (Status: 400)
2026-01-31 18:34:49 - WARNING - Retry 2 for Project U88318652 (Status: 400)
2026-01-31 18:34:49 - WARNING - Retry 3 for Project D88199610 (Status: 400)
2026-01-31 18:34:50 - WARNING - Retry 5 for Project D75991359 (Status: 400)
2026-01-31 18:34:51 - WARNING - Retry 3 for Project U88318652 (Status: 400)
2026-01-31 18:34:51 - WARNING - Retry 4 for Project D88199610 (Status: 400)
2026-01-31 18:34:52 - INFO - Fetching details for project ID: F84658978
2026-01-31 18:34:53 - WARNING - Retry 4 for Project U88318652 (Status: 400)
2026-01-31 18:34:54 - WARNING - Retry 5 for Project D88199610 (Status: 400)
2026-01-31 18:34:55 - WARNING - Retry 5 for Project U88318652 (Status: 400)
2026-01-31 18:36:06 - INFO - Successfully read 1627 listing IDs
2026-01-31 18:36:06 - INFO - Total Listing IDs: 1627
2026-01-31 18:36:06 - INFO - Loaded 164 unique project IDs
2026-01-31 18:36:06 - INFO - Existing Project IDs: 164
2026-01-31 18:36:06 - INFO - New Listing IDs to process: 1463
2026-01-31 18:36:06 - INFO - Received 1463 new listing IDs
2026-01-31 18:36:06 - INFO - Starting multithreaded extraction for 1463 projects with 3 workers (30/min rate limit)...
2026-01-31 18:36:06 - INFO - Fetching details for project ID: 450209
2026-01-31 18:36:06 - INFO - Fetching details for project ID: 439513
2026-01-31 18:36:06 - INFO - Fetching details for project ID: 3330
2026-01-31 18:36:11 - INFO - Fetching details for project ID: 415440
2026-01-31 18:36:11 - INFO - Fetching details for project ID: 367377
2026-01-31 18:36:14 - INFO - Fetching details for project ID: 414100
2026-01-31 18:36:15 - INFO - Fetching details for project ID: 449721
2026-01-31 18:36:18 - INFO - Fetching details for project ID: 388209
2026-01-31 18:36:18 - INFO - Fetching details for project ID: 454890
2026-01-31 18:36:21 - INFO - Fetching details for project ID: 454037
2026-01-31 18:36:22 - ERROR - Error fetching project details: HTTPSConnectionPool(host='www.99acres.com', port=443): Read timed out. (read timeout=15)
2026-01-31 18:36:22 - INFO - Fetching details for project ID: 403091
2026-01-31 18:36:22 - INFO - Fetching details for project ID: 432142
2026-01-31 18:36:25 - INFO - Fetching details for project ID: 451311
2026-01-31 18:36:25 - INFO - Fetching details for project ID: 371407
2026-01-31 18:36:26 - INFO - Fetching details for project ID: 415447
2026-01-31 18:36:28 - INFO - Fetching details for project ID: 436210
2026-01-31 18:36:29 - INFO - Fetching details for project ID: 438182
2026-01-31 18:36:30 - INFO - Fetching details for project ID: 424874
2026-01-31 18:36:31 - INFO - Fetching details for project ID: 408676
2026-01-31 18:36:34 - INFO - Fetching details for project ID: 430200
2026-01-31 18:36:35 - INFO - Fetching details for project ID: 417218
2026-01-31 18:36:39 - INFO - Fetching details for project ID: 451125
2026-01-31 18:36:45 - ERROR - Error fetching project details: HTTPSConnectionPool(host='www.99acres.com', port=443): Read timed out. (read timeout=15)
2026-01-31 18:36:45 - INFO - Fetching details for project ID: 455923
2026-01-31 18:36:49 - ERROR - Error fetching project details: HTTPSConnectionPool(host='www.99acres.com', port=443): Read timed out. (read timeout=15)
2026-01-31 18:36:49 - INFO - Fetching details for project ID: 393086
2026-01-31 18:36:49 - INFO - Fetching details for project ID: 382211
2026-01-31 18:36:53 - INFO - Fetching details for project ID: 438445
2026-01-31 18:36:54 - ERROR - Error fetching project details: HTTPSConnectionPool(host='www.99acres.com', port=443): Read timed out. (read timeout=15)
2026-01-31 18:36:54 - INFO - Fetching details for project ID: 438107
2026-01-31 18:37:05 - ERROR - Error fetching project details: HTTPSConnectionPool(host='www.99acres.com', port=443): Read timed out. (read timeout=15)
2026-01-31 18:37:05 - INFO - Fetching details for project ID: 450053
2026-01-31 18:37:08 - ERROR - Error fetching project details: HTTPSConnectionPool(host='www.99acres.com', port=443): Read timed out. (read timeout=15)
2026-01-31 18:37:08 - INFO - Fetching details for project ID: 429540
2026-01-31 18:37:09 - ERROR - Error fetching project details: HTTPSConnectionPool(host='www.99acres.com', port=443): Read timed out. (read timeout=15)
2026-01-31 18:37:09 - INFO - Fetching details for project ID: 419824
2026-01-31 18:37:11 - INFO - Fetching details for project ID: 420048
2026-01-31 18:37:15 - INFO - Fetching details for project ID: 305937
2026-01-31 18:37:19 - INFO - Fetching details for project ID: 454924
2026-01-31 18:37:20 - ERROR - Error fetching project details: HTTPSConnectionPool(host='www.99acres.com', port=443): Read timed out. (read timeout=15)
2026-01-31 18:37:20 - INFO - Fetching details for project ID: D85437812
2026-01-31 18:37:25 - ERROR - Error fetching project details: HTTPSConnectionPool(host='www.99acres.com', port=443): Read timed out. (read timeout=15)
2026-01-31 18:37:25 - INFO - Fetching details for project ID: B87733298
2026-01-31 18:37:25 - WARNING - Retry 1 for Project B87733298 (Status: 400)
2026-01-31 18:37:27 - WARNING - Retry 2 for Project B87733298 (Status: 400)
2026-01-31 18:37:30 - WARNING - Retry 3 for Project B87733298 (Status: 400)
2026-01-31 18:37:32 - WARNING - Retry 4 for Project B87733298 (Status: 400)
