2026-02-01 02:16:00 - INFO - Successfully read 1627 listing IDs
2026-02-01 02:16:00 - INFO - Total Listing IDs: 1627
2026-02-01 02:16:00 - INFO - Loaded 1 unique project IDs
2026-02-01 02:16:00 - INFO - Existing Project IDs: 1
2026-02-01 02:16:00 - INFO - New Listing IDs to process: 1626
2026-02-01 02:16:00 - INFO - Received 1626 new listing IDs
2026-02-01 02:19:20 - INFO - Successfully read 1627 listing IDs
2026-02-01 02:19:20 - INFO - Total Listing IDs: 1627
2026-02-01 02:19:20 - INFO - Loaded 1 unique project IDs
2026-02-01 02:19:20 - INFO - Existing Project IDs: 1
2026-02-01 02:19:20 - INFO - New Listing IDs to process: 1626
2026-02-01 02:19:20 - INFO - Received 1626 new listing IDs
2026-02-01 02:19:20 - INFO - Starting multithreaded extraction for 1626 projects with 3 workers (30/min rate limit)...
2026-02-01 02:19:20 - INFO - property_id: 455077
2026-02-01 02:19:20 - INFO - property_id: 414403
2026-02-01 02:19:20 - INFO - property_id: 455919
2026-02-01 02:19:20 - INFO - property_id: 406898
2026-02-01 02:19:20 - INFO - property_id: 396846
2026-02-01 02:19:20 - INFO - property_id: 436196
2026-02-01 02:19:20 - INFO - property_id: 455886
2026-02-01 02:19:20 - INFO - property_id: 455303
2026-02-01 02:19:20 - INFO - property_id: 414575
2026-02-01 02:19:20 - INFO - property_id: 449506
2026-02-01 02:19:20 - INFO - property_id: 448193
2026-02-01 02:19:20 - INFO - property_id: 437262
2026-02-01 02:19:20 - INFO - property_id: 454668
2026-02-01 02:19:20 - INFO - property_id: 434059
2026-02-01 02:19:20 - INFO - property_id: 441166
2026-02-01 02:19:20 - INFO - property_id: 453036
2026-02-01 02:19:20 - INFO - property_id: 426865
2026-02-01 02:19:20 - INFO - property_id: 412517
2026-02-01 02:19:20 - INFO - property_id: 437858
2026-02-01 02:19:20 - INFO - property_id: 398882
2026-02-01 02:19:20 - INFO - property_id: 439275
2026-02-01 02:19:20 - INFO - property_id: 419821
2026-02-01 02:19:20 - INFO - property_id: 448207
2026-02-01 02:19:20 - INFO - property_id: 441826
2026-02-01 02:19:20 - INFO - property_id: 423634
2026-02-01 02:19:20 - INFO - property_id: 395978
2026-02-01 02:19:20 - INFO - property_id: 415849
2026-02-01 02:19:20 - INFO - property_id: 395198
2026-02-01 02:19:20 - INFO - property_id: 438863
2026-02-01 02:19:20 - INFO - property_id: 386911
2026-02-01 02:19:20 - INFO - property_id: 417556
2026-02-01 02:19:20 - INFO - property_id: 425110
2026-02-01 02:19:20 - INFO - property_id: 426093
2026-02-01 02:19:20 - INFO - property_id: 448663
2026-02-01 02:19:20 - INFO - property_id: 449421
2026-02-01 02:19:20 - INFO - property_id: 419031
2026-02-01 02:19:20 - INFO - property_id: 430740
2026-02-01 02:19:20 - INFO - property_id: 419815
2026-02-01 02:19:20 - INFO - property_id: 448200
2026-02-01 02:19:20 - INFO - property_id: 439503
2026-02-01 02:19:20 - INFO - property_id: 451304
2026-02-01 02:19:20 - INFO - property_id: 423125
2026-02-01 02:19:20 - INFO - property_id: 396174
2026-02-01 02:19:20 - INFO - property_id: 450209
2026-02-01 02:19:20 - INFO - property_id: 439513
2026-02-01 02:19:20 - INFO - property_id: 3330
2026-02-01 02:19:20 - INFO - property_id: 415440
2026-02-01 02:19:20 - INFO - property_id: 367377
2026-02-01 02:19:20 - INFO - property_id: 245177
2026-02-01 02:19:20 - INFO - property_id: 398938
2026-02-01 02:19:20 - INFO - property_id: 411844
2026-02-01 02:19:20 - INFO - property_id: 449620
2026-02-01 02:19:20 - INFO - property_id: 414100
2026-02-01 02:19:20 - INFO - property_id: 438738
2026-02-01 02:19:20 - INFO - property_id: 417174
2026-02-01 02:19:20 - INFO - property_id: 448884
2026-02-01 02:19:20 - INFO - property_id: 422312
2026-02-01 02:19:20 - INFO - property_id: 426539
2026-02-01 02:19:20 - INFO - property_id: 430238
2026-02-01 02:19:20 - INFO - property_id: 389184
2026-02-01 02:19:20 - INFO - property_id: 454047
2026-02-01 02:19:20 - INFO - property_id: 410304
2026-02-01 02:19:20 - INFO - property_id: 424911
2026-02-01 02:19:20 - INFO - property_id: 426092
2026-02-01 02:19:20 - INFO - property_id: 441745
2026-02-01 02:19:20 - INFO - property_id: 449721
2026-02-01 02:19:20 - INFO - property_id: 388209
2026-02-01 02:19:20 - INFO - property_id: 428544
2026-02-01 02:19:20 - INFO - property_id: 454890
2026-02-01 02:19:20 - INFO - property_id: 411006
2026-02-01 02:19:20 - INFO - property_id: 454037
2026-02-01 02:19:20 - INFO - property_id: 403091
2026-02-01 02:19:20 - INFO - property_id: 392606
2026-02-01 02:19:20 - INFO - property_id: 443113
2026-02-01 02:19:20 - INFO - property_id: 395251
2026-02-01 02:19:20 - INFO - property_id: 432142
2026-02-01 02:19:20 - INFO - property_id: 442741
2026-02-01 02:19:20 - INFO - property_id: 401645
2026-02-01 02:19:20 - INFO - property_id: 451311
2026-02-01 02:19:20 - INFO - property_id: 371407
2026-02-01 02:19:20 - INFO - property_id: 424389
2026-02-01 02:19:20 - INFO - property_id: 415447
2026-02-01 02:19:20 - INFO - property_id: 436210
2026-02-01 02:19:20 - INFO - property_id: 438182
2026-02-01 02:19:20 - INFO - property_id: 424874
2026-02-01 02:19:20 - INFO - property_id: 441841
2026-02-01 02:19:20 - INFO - property_id: 408676
2026-02-01 02:19:20 - INFO - property_id: 419816
2026-02-01 02:19:20 - INFO - property_id: 457116
2026-02-01 02:19:20 - INFO - property_id: 429441
2026-02-01 02:19:20 - INFO - property_id: 449432
2026-02-01 02:19:20 - INFO - property_id: 392363
2026-02-01 02:19:20 - INFO - property_id: 402571
2026-02-01 02:19:20 - INFO - property_id: 417559
2026-02-01 02:19:20 - INFO - property_id: 430200
2026-02-01 02:19:20 - INFO - property_id: 417218
2026-02-01 02:19:20 - INFO - property_id: 451125
2026-02-01 02:19:20 - INFO - property_id: 423640
2026-02-01 02:19:20 - INFO - property_id: 455923
2026-02-01 02:19:20 - INFO - property_id: 388125
2026-02-01 02:19:20 - INFO - property_id: 393086
2026-02-01 02:19:20 - INFO - property_id: 423882
2026-02-01 02:19:20 - INFO - property_id: 379963
2026-02-01 02:19:20 - INFO - property_id: 429129
2026-02-01 02:19:20 - INFO - property_id: 428567
2026-02-01 02:19:20 - INFO - property_id: 382211
2026-02-01 02:19:20 - INFO - property_id: 399881
2026-02-01 02:19:20 - INFO - property_id: 431984
2026-02-01 02:19:20 - INFO - property_id: 419827
2026-02-01 02:19:20 - INFO - property_id: 384222
2026-02-01 02:19:20 - INFO - property_id: 404274
2026-02-01 02:19:20 - INFO - property_id: 449709
2026-02-01 02:19:20 - INFO - property_id: 428546
2026-02-01 02:19:20 - INFO - property_id: 402982
2026-02-01 02:19:20 - INFO - property_id: 393896
2026-02-01 02:19:20 - INFO - property_id: 450275
2026-02-01 02:19:20 - INFO - property_id: 430025
2026-02-01 02:19:20 - INFO - property_id: 412724
2026-02-01 02:19:20 - INFO - property_id: 441674
2026-02-01 02:19:20 - INFO - property_id: 422985
2026-02-01 02:19:20 - INFO - property_id: 414571
2026-02-01 02:19:20 - INFO - property_id: 438445
2026-02-01 02:19:20 - INFO - property_id: 458948
2026-02-01 02:19:20 - INFO - property_id: 411626
2026-02-01 02:19:20 - INFO - property_id: 451210
2026-02-01 02:19:20 - INFO - property_id: 398004
2026-02-01 02:19:20 - INFO - property_id: 408242
2026-02-01 02:19:20 - INFO - property_id: 426600
2026-02-01 02:19:20 - INFO - property_id: 410305
2026-02-01 02:19:20 - INFO - property_id: 441467
2026-02-01 02:19:20 - INFO - property_id: 436205
2026-02-01 02:19:20 - INFO - property_id: 417224
2026-02-01 02:19:20 - INFO - property_id: 449527
2026-02-01 02:19:20 - INFO - property_id: 389974
2026-02-01 02:19:20 - INFO - property_id: 378203
2026-02-01 02:19:20 - INFO - property_id: 431635
2026-02-01 02:19:20 - INFO - property_id: 441860
2026-02-01 02:19:20 - INFO - property_id: 405467
2026-02-01 02:19:20 - INFO - property_id: 455383
2026-02-01 02:19:20 - INFO - property_id: 298215
2026-02-01 02:19:20 - INFO - property_id: 423636
2026-02-01 02:19:20 - INFO - property_id: 420353
2026-02-01 02:19:20 - INFO - property_id: 410064
2026-02-01 02:19:20 - INFO - property_id: 440113
2026-02-01 02:19:20 - INFO - property_id: 423133
2026-02-01 02:19:20 - INFO - property_id: 434292
2026-02-01 02:19:20 - INFO - property_id: 437111
2026-02-01 02:19:20 - INFO - property_id: 332195
2026-02-01 02:19:20 - INFO - property_id: 438107
2026-02-01 02:19:20 - INFO - property_id: 450053
2026-02-01 02:19:20 - INFO - property_id: 422086
2026-02-01 02:19:20 - INFO - property_id: 457046
2026-02-01 02:19:20 - INFO - property_id: 429540
2026-02-01 02:19:20 - INFO - property_id: 419824
2026-02-01 02:19:20 - INFO - property_id: 420048
2026-02-01 02:19:20 - INFO - property_id: 429541
2026-02-01 02:19:20 - INFO - property_id: 305937
2026-02-01 02:19:20 - INFO - property_id: 449082
2026-02-01 02:19:20 - INFO - property_id: 454924
2026-02-01 02:19:20 - INFO - property_id: 398803
2026-02-01 02:19:20 - INFO - property_id: 450276
2026-02-01 02:19:20 - INFO - property_id: 443814
2026-02-01 02:19:20 - INFO - property_id: 371808
2026-02-01 02:19:20 - INFO - property_id: B87733298
2026-02-01 02:19:20 - INFO - property_id: M88303446
2026-02-01 02:19:20 - INFO - property_id: L87447004
2026-02-01 02:19:20 - INFO - property_id: U88177770
2026-02-01 02:19:20 - INFO - property_id: C87534016
2026-02-01 02:19:20 - INFO - property_id: C87221052
2026-02-01 02:19:20 - INFO - property_id: D75991359
2026-02-01 02:19:20 - INFO - property_id: D88199610
2026-02-01 02:19:20 - INFO - property_id: U88318652
2026-02-01 02:19:20 - INFO - property_id: F84658978
2026-02-01 02:19:20 - INFO - property_id: N84289002
2026-02-01 02:19:20 - INFO - property_id: Q82835320
2026-02-01 02:19:20 - INFO - property_id: B77278671
2026-02-01 02:19:20 - INFO - property_id: E88465900
2026-02-01 02:19:20 - INFO - property_id: K88077026
2026-02-01 02:19:20 - INFO - property_id: M83206340
2026-02-01 02:19:20 - INFO - property_id: H87697658
2026-02-01 02:19:20 - INFO - property_id: Q80925667
2026-02-01 02:19:20 - INFO - property_id: W86693224
2026-02-01 02:19:20 - INFO - property_id: F87966672
2026-02-01 02:19:20 - INFO - property_id: D86700128
2026-02-01 02:19:20 - INFO - property_id: C88064032
2026-02-01 02:19:20 - INFO - property_id: S86783344
2026-02-01 02:19:20 - INFO - property_id: D88231266
2026-02-01 02:19:20 - INFO - property_id: B87489806
2026-02-01 02:19:20 - INFO - property_id: X88228106
2026-02-01 02:19:20 - INFO - property_id: U87743628
2026-02-01 02:19:20 - INFO - property_id: W79881185
2026-02-01 02:19:20 - INFO - property_id: A83031090
2026-02-01 02:19:20 - INFO - property_id: G81047961
2026-02-01 02:19:20 - INFO - property_id: T86294806
2026-02-01 02:19:20 - INFO - property_id: T86268982
2026-02-01 02:19:20 - INFO - property_id: L84684748
2026-02-01 02:19:20 - INFO - property_id: M87594392
2026-02-01 02:19:20 - INFO - property_id: N82150832
2026-02-01 02:19:20 - INFO - property_id: F87169838
2026-02-01 02:19:20 - INFO - property_id: J87356456
2026-02-01 02:19:20 - INFO - property_id: S87884256
2026-02-01 02:19:20 - INFO - property_id: C87304328
2026-02-01 02:19:20 - INFO - property_id: O85189794
2026-02-01 02:19:20 - INFO - property_id: K85243782
2026-02-01 02:19:20 - INFO - property_id: A86715928
2026-02-01 02:19:20 - INFO - property_id: B87453554
2026-02-01 02:19:20 - INFO - property_id: R88029114
2026-02-01 02:19:20 - INFO - property_id: I87260730
2026-02-01 02:19:20 - INFO - property_id: M86635630
2026-02-01 02:19:20 - INFO - property_id: M87409938
2026-02-01 02:19:20 - INFO - property_id: C83000646
2026-02-01 02:19:20 - INFO - property_id: M79931041
2026-02-01 02:19:20 - INFO - property_id: I82334086
2026-02-01 02:19:20 - INFO - property_id: B88458898
2026-02-01 02:19:20 - INFO - property_id: K88199956
2026-02-01 02:19:20 - INFO - property_id: A82695400
2026-02-01 02:19:20 - INFO - property_id: K87008224
2026-02-01 02:19:20 - INFO - property_id: X87303388
2026-02-01 02:19:20 - INFO - property_id: J85906746
2026-02-01 02:19:20 - INFO - property_id: O86926924
2026-02-01 02:19:20 - INFO - property_id: B86369106
2026-02-01 02:19:20 - INFO - property_id: Y87508550
2026-02-01 02:19:20 - INFO - property_id: X87496378
2026-02-01 02:19:20 - INFO - property_id: Q88162160
2026-02-01 02:19:20 - INFO - property_id: M87520512
2026-02-01 02:19:20 - INFO - property_id: P80954639
2026-02-01 02:19:20 - INFO - property_id: B86431456
2026-02-01 02:19:20 - INFO - property_id: 412025
2026-02-01 02:19:20 - INFO - property_id: 427808
2026-02-01 02:19:20 - INFO - property_id: 399887
2026-02-01 02:19:20 - INFO - property_id: P87161468
2026-02-01 02:19:20 - INFO - property_id: I86057710
2026-02-01 02:19:20 - INFO - property_id: D88037908
2026-02-01 02:19:20 - INFO - property_id: 441147
2026-02-01 02:19:20 - INFO - property_id: 425471
2026-02-01 02:19:20 - INFO - property_id: Z88330868
2026-02-01 02:19:20 - INFO - property_id: T87301500
2026-02-01 02:19:20 - INFO - property_id: E75235605
2026-02-01 02:19:20 - INFO - property_id: 408351
2026-02-01 02:19:20 - INFO - property_id: 449077
2026-02-01 02:19:20 - INFO - property_id: 418147
2026-02-01 02:19:20 - INFO - property_id: N86733714
2026-02-01 02:19:20 - INFO - property_id: K78334263
2026-02-01 02:19:20 - INFO - property_id: M87714200
2026-02-01 02:19:20 - INFO - property_id: Z87004246
2026-02-01 02:19:20 - INFO - property_id: 380452
2026-02-01 02:19:20 - INFO - property_id: H87759594
2026-02-01 02:19:20 - INFO - property_id: Q86493244
2026-02-01 02:19:20 - INFO - property_id: 450094
2026-02-01 02:19:20 - INFO - property_id: 426359
2026-02-01 02:19:20 - INFO - property_id: P86348912
2026-02-01 02:19:20 - INFO - property_id: M86352760
2026-02-01 02:19:20 - INFO - property_id: 412508
2026-02-01 02:19:20 - INFO - property_id: T86988032
2026-02-01 02:19:20 - INFO - property_id: Z85392732
2026-02-01 02:19:20 - INFO - property_id: 458788
2026-02-01 02:19:20 - INFO - property_id: G79294321
2026-02-01 02:19:20 - INFO - property_id: 423569
2026-02-01 02:19:20 - INFO - property_id: 412892
2026-02-01 02:19:20 - INFO - property_id: 427296
2026-02-01 02:19:20 - INFO - property_id: 397183
2026-02-01 02:19:20 - INFO - property_id: M74680447
2026-02-01 02:19:20 - INFO - property_id: 378950
2026-02-01 02:19:20 - INFO - property_id: J87922342
2026-02-01 02:19:20 - INFO - property_id: I87918488
2026-02-01 02:19:20 - INFO - property_id: 383509
2026-02-01 02:19:20 - INFO - property_id: 437776
2026-02-01 02:19:20 - INFO - property_id: 437949
2026-02-01 02:19:20 - INFO - property_id: 426937
2026-02-01 02:19:20 - INFO - property_id: O86442438
2026-02-01 02:19:20 - INFO - property_id: 381968
2026-02-01 02:19:20 - INFO - property_id: K85169858
2026-02-01 02:19:20 - INFO - property_id: 423084
2026-02-01 02:19:20 - INFO - property_id: 431643
2026-02-01 02:19:20 - INFO - property_id: E86166552
2026-02-01 02:19:20 - INFO - property_id: 449422
2026-02-01 02:19:20 - INFO - property_id: 411937
2026-02-01 02:19:20 - INFO - property_id: 410392
2026-02-01 02:19:20 - INFO - property_id: H87906740
2026-02-01 02:19:20 - INFO - property_id: 382646
2026-02-01 02:19:20 - INFO - property_id: 420349
2026-02-01 02:19:20 - INFO - property_id: R86608644
2026-02-01 02:19:20 - INFO - property_id: J84183548
2026-02-01 02:19:20 - INFO - property_id: W87366228
2026-02-01 02:19:20 - INFO - property_id: A86636184
2026-02-01 02:19:20 - INFO - property_id: 444313
2026-02-01 02:19:20 - INFO - property_id: 457077
2026-02-01 02:19:20 - INFO - property_id: K87609964
2026-02-01 02:19:20 - INFO - property_id: S85637948
2026-02-01 02:19:20 - INFO - property_id: U87983938
2026-02-01 02:19:20 - INFO - property_id: 441846
2026-02-01 02:19:20 - INFO - property_id: 414711
2026-02-01 02:19:20 - INFO - property_id: 412504
2026-02-01 02:19:20 - INFO - property_id: J87749828
2026-02-01 02:19:20 - INFO - property_id: 425341
2026-02-01 02:19:20 - INFO - property_id: 426058
2026-02-01 02:19:20 - INFO - property_id: 441381
2026-02-01 02:19:20 - INFO - property_id: 83351
2026-02-01 02:19:20 - INFO - property_id: H88304442
2026-02-01 02:19:20 - INFO - property_id: 334207
2026-02-01 02:19:20 - INFO - property_id: W87854290
2026-02-01 02:19:20 - INFO - property_id: A82714458
2026-02-01 02:19:20 - INFO - property_id: 426053
2026-02-01 02:19:20 - INFO - property_id: 437318
2026-02-01 02:19:20 - INFO - property_id: O88301810
2026-02-01 02:19:20 - INFO - property_id: E74885461
2026-02-01 02:19:20 - INFO - property_id: 422483
2026-02-01 02:19:20 - INFO - property_id: 378940
2026-02-01 02:19:20 - INFO - property_id: U87640520
2026-02-01 02:19:20 - INFO - property_id: L87845416
2026-02-01 02:19:20 - INFO - property_id: 399823
2026-02-01 02:19:20 - INFO - property_id: R86651882
2026-02-01 02:19:20 - INFO - property_id: 443272
2026-02-01 02:19:20 - INFO - property_id: 401742
2026-02-01 02:19:20 - INFO - property_id: L87170796
2026-02-01 02:19:20 - INFO - property_id: 432683
2026-02-01 02:19:20 - INFO - property_id: O86999102
2026-02-01 02:19:20 - INFO - property_id: R73360009
2026-02-01 02:19:20 - INFO - property_id: 379960
2026-02-01 02:19:20 - INFO - property_id: A87130168
2026-02-01 02:19:20 - INFO - property_id: 453932
2026-02-01 02:19:20 - INFO - property_id: 410443
2026-02-01 02:19:20 - INFO - property_id: P87788344
2026-02-01 02:19:20 - INFO - property_id: G87310608
2026-02-01 02:19:20 - INFO - property_id: J87638108
2026-02-01 02:19:20 - INFO - property_id: U87362844
2026-02-01 02:19:20 - INFO - property_id: 457639
2026-02-01 02:19:20 - INFO - property_id: 422991
2026-02-01 02:19:20 - INFO - property_id: O82563602
2026-02-01 02:19:20 - INFO - property_id: I87463446
2026-02-01 02:19:20 - INFO - property_id: B87688556
2026-02-01 02:19:20 - INFO - property_id: T87937144
2026-02-01 02:19:20 - INFO - property_id: 441671
2026-02-01 02:19:20 - INFO - property_id: C87833916
2026-02-01 02:19:20 - INFO - property_id: 440112
2026-02-01 02:19:20 - INFO - property_id: A87789822
2026-02-01 02:19:20 - INFO - property_id: I87788628
2026-02-01 02:19:20 - INFO - property_id: 392189
2026-02-01 02:19:20 - INFO - property_id: L88156170
2026-02-01 02:19:20 - INFO - property_id: X84914618
2026-02-01 02:19:20 - INFO - property_id: J72638695
2026-02-01 02:19:20 - INFO - property_id: 257195
2026-02-01 02:19:20 - INFO - property_id: X83051698
2026-02-01 02:19:20 - INFO - property_id: 17688
2026-02-01 02:19:20 - INFO - property_id: B87577224
2026-02-01 02:19:20 - INFO - property_id: U88060492
2026-02-01 02:19:20 - INFO - property_id: 304279
2026-02-01 02:19:20 - INFO - property_id: 430913
2026-02-01 02:19:20 - INFO - property_id: 443289
2026-02-01 02:19:20 - INFO - property_id: G87278884
2026-02-01 02:19:20 - INFO - property_id: E85356026
2026-02-01 02:19:20 - INFO - property_id: V86265706
2026-02-01 02:19:20 - INFO - property_id: Y85045376
2026-02-01 02:19:20 - INFO - property_id: 399141
2026-02-01 02:19:20 - INFO - property_id: K87263638
2026-02-01 02:19:20 - INFO - property_id: 426711
2026-02-01 02:19:20 - INFO - property_id: O87392528
2026-02-01 02:19:20 - INFO - property_id: 381630
2026-02-01 02:19:20 - INFO - property_id: F88341680
2026-02-01 02:19:20 - INFO - property_id: D87427874
2026-02-01 02:19:20 - INFO - property_id: 409853
2026-02-01 02:19:20 - INFO - property_id: H87279028
2026-02-01 02:19:20 - INFO - property_id: J80880019
2026-02-01 02:19:20 - INFO - property_id: Q85414612
2026-02-01 02:19:20 - INFO - property_id: P78157659
2026-02-01 02:19:20 - INFO - property_id: W84522274
2026-02-01 02:19:20 - INFO - property_id: B87068372
2026-02-01 02:19:20 - INFO - property_id: O87869532
2026-02-01 02:19:20 - INFO - property_id: Q88443282
2026-02-01 02:19:20 - INFO - property_id: U88283630
2026-02-01 02:19:20 - INFO - property_id: Z87961902
2026-02-01 02:19:20 - INFO - property_id: L87961820
2026-02-01 02:19:20 - INFO - property_id: Q87961706
2026-02-01 02:19:20 - INFO - property_id: U87961626
2026-02-01 02:19:20 - INFO - property_id: W87961490
2026-02-01 02:19:20 - INFO - property_id: J87961380
2026-02-01 02:19:20 - INFO - property_id: E87912046
2026-02-01 02:19:20 - INFO - property_id: F87911958
2026-02-01 02:19:20 - INFO - property_id: X87911884
2026-02-01 02:19:20 - INFO - property_id: I87911698
2026-02-01 02:19:20 - INFO - property_id: S87911568
2026-02-01 02:19:20 - INFO - property_id: U87911436
2026-02-01 02:19:20 - INFO - property_id: X87911080
2026-02-01 02:19:20 - INFO - property_id: S87910536
2026-02-01 02:19:20 - INFO - property_id: Y87792240
2026-02-01 02:19:20 - INFO - property_id: T87791952
2026-02-01 02:19:20 - INFO - property_id: Y87791814
2026-02-01 02:19:20 - INFO - property_id: U87791584
2026-02-01 02:19:20 - INFO - property_id: B87791114
2026-02-01 02:19:20 - INFO - property_id: Q87790926
2026-02-01 02:19:20 - INFO - property_id: B87790476
2026-02-01 02:19:20 - INFO - property_id: B87789040
2026-02-01 02:19:20 - INFO - property_id: L87788746
2026-02-01 02:19:20 - INFO - property_id: G87788498
2026-02-01 02:19:20 - INFO - property_id: U87788204
2026-02-01 02:19:20 - INFO - property_id: U87788052
2026-02-01 02:19:20 - INFO - property_id: O87787922
2026-02-01 02:19:20 - INFO - property_id: O87540698
2026-02-01 02:19:20 - INFO - property_id: K87479896
2026-02-01 02:19:20 - INFO - property_id: I87310402
2026-02-01 02:19:20 - INFO - property_id: C87310222
2026-02-01 02:19:20 - INFO - property_id: E87310000
2026-02-01 02:19:20 - INFO - property_id: B82452368
2026-02-01 02:19:20 - INFO - property_id: W87353740
2026-02-01 02:19:20 - INFO - property_id: O80796647
2026-02-01 02:19:20 - INFO - property_id: A87792158
2026-02-01 02:19:20 - INFO - property_id: Z87480332
2026-02-01 02:19:20 - INFO - property_id: H88251348
2026-02-01 02:19:20 - INFO - property_id: O88331350
2026-02-01 02:19:20 - INFO - property_id: T88258632
2026-02-01 02:19:20 - INFO - property_id: D77829737
2026-02-01 02:19:20 - INFO - property_id: 417303
2026-02-01 02:19:20 - INFO - property_id: C87911782
2026-02-01 02:19:20 - INFO - property_id: F87792394
2026-02-01 02:19:20 - INFO - property_id: R87789682
2026-02-01 02:19:20 - INFO - property_id: X86745864
2026-02-01 02:19:20 - INFO - property_id: V88321028
2026-02-01 02:19:20 - INFO - property_id: 410658
2026-02-01 02:19:20 - INFO - property_id: 417553
2026-02-01 02:19:20 - INFO - property_id: G87263462
2026-02-01 02:19:20 - INFO - property_id: G87262494
2026-02-01 02:19:20 - INFO - property_id: N85227964
2026-02-01 02:19:20 - INFO - property_id: W85353004
2026-02-01 02:19:20 - INFO - property_id: C79713269
2026-02-01 02:19:20 - INFO - property_id: G86821892
2026-02-01 02:19:20 - INFO - property_id: S87615020
2026-02-01 02:19:20 - INFO - property_id: Q87427956
2026-02-01 02:19:20 - INFO - property_id: C86307236
2026-02-01 02:19:20 - INFO - property_id: S86314112
2026-02-01 02:19:20 - INFO - property_id: G87480144
2026-02-01 02:19:20 - INFO - property_id: I88282726
2026-02-01 02:19:20 - INFO - property_id: T81571443
2026-02-01 02:19:20 - INFO - property_id: W81456823
2026-02-01 02:19:20 - INFO - property_id: M87410672
2026-02-01 02:19:20 - INFO - property_id: H85536724
2026-02-01 02:19:20 - INFO - property_id: D87565976
2026-02-01 02:19:20 - INFO - property_id: F87556024
2026-02-01 02:19:20 - INFO - property_id: J88358116
2026-02-01 02:19:20 - INFO - property_id: Z87839088
2026-02-01 02:19:20 - INFO - property_id: M87586676
2026-02-01 02:19:20 - INFO - property_id: I87576008
2026-02-01 02:19:20 - INFO - property_id: F87568870
2026-02-01 02:19:20 - INFO - property_id: C87549846
2026-02-01 02:19:20 - INFO - property_id: Y87545746
2026-02-01 02:19:20 - INFO - property_id: B87528394
2026-02-01 02:19:20 - INFO - property_id: E87087148
2026-02-01 02:19:20 - INFO - property_id: R87024672
2026-02-01 02:19:20 - INFO - property_id: K86688092
2026-02-01 02:19:20 - INFO - property_id: C86832246
2026-02-01 02:19:20 - INFO - property_id: O84129808
2026-02-01 02:19:20 - INFO - property_id: R84129374
2026-02-01 02:19:20 - INFO - property_id: W80708959
2026-02-01 02:19:20 - INFO - property_id: Z81571465
2026-02-01 02:19:20 - INFO - property_id: N87404634
2026-02-01 02:19:20 - INFO - property_id: Q81048359
2026-02-01 02:19:20 - INFO - property_id: S82452204
2026-02-01 02:19:20 - INFO - property_id: 402372
2026-02-01 02:19:20 - INFO - property_id: 438033
2026-02-01 02:19:20 - INFO - property_id: E87549320
2026-02-01 02:19:20 - INFO - property_id: N87528834
2026-02-01 02:19:20 - INFO - property_id: P87575696
2026-02-01 02:19:20 - INFO - property_id: C85355872
2026-02-01 02:19:20 - INFO - property_id: F85162814
2026-02-01 02:19:20 - INFO - property_id: O81914280
2026-02-01 02:19:20 - INFO - property_id: E66602260
2026-02-01 02:19:20 - INFO - property_id: K86938112
2026-02-01 02:19:20 - INFO - property_id: F86869528
2026-02-01 02:19:20 - INFO - property_id: 403383
2026-02-01 02:19:20 - INFO - property_id: F86855266
2026-02-01 02:19:20 - INFO - property_id: R87384108
2026-02-01 02:19:20 - INFO - property_id: Y87261716
2026-02-01 02:19:20 - INFO - property_id: I85344450
2026-02-01 02:19:20 - INFO - property_id: J85351820
2026-02-01 02:19:20 - INFO - property_id: K87088308
2026-02-01 02:19:20 - INFO - property_id: 396276
2026-02-01 02:19:20 - INFO - property_id: T88200260
2026-02-01 02:19:20 - INFO - property_id: N86412070
2026-02-01 02:19:20 - INFO - property_id: U87840222
2026-02-01 02:19:20 - INFO - property_id: M87701892
2026-02-01 02:19:20 - INFO - property_id: Z87586968
2026-02-01 02:19:20 - INFO - property_id: 449098
2026-02-01 02:19:20 - INFO - property_id: N86665104
2026-02-01 02:19:20 - INFO - property_id: K87060982
2026-02-01 02:19:20 - INFO - property_id: O87060674
2026-02-01 02:19:20 - INFO - property_id: G87052234
2026-02-01 02:19:20 - INFO - property_id: S87528118
2026-02-01 02:19:20 - INFO - property_id: G86689396
2026-02-01 02:19:20 - INFO - property_id: A79779057
2026-02-01 02:19:20 - INFO - property_id: A86677122
2026-02-01 02:19:20 - INFO - property_id: F84711890
2026-02-01 02:19:20 - INFO - property_id: V81572007
2026-02-01 02:19:20 - INFO - property_id: E81571871
2026-02-01 02:19:20 - INFO - property_id: O81571375
2026-02-01 02:19:20 - INFO - property_id: S81456913
2026-02-01 02:19:20 - INFO - property_id: K86402970
2026-02-01 02:19:20 - INFO - property_id: L88395948
2026-02-01 02:19:20 - INFO - property_id: M87262054
2026-02-01 02:19:20 - INFO - property_id: P78549033
2026-02-01 02:19:20 - INFO - property_id: M83639468
2026-02-01 02:19:20 - INFO - property_id: 1556
2026-02-01 02:19:20 - INFO - property_id: 412509
2026-02-01 02:19:20 - INFO - property_id: N88186512
2026-02-01 02:19:20 - INFO - property_id: U88186042
2026-02-01 02:19:20 - INFO - property_id: F88185848
2026-02-01 02:19:20 - INFO - property_id: P88185530
2026-02-01 02:19:20 - INFO - property_id: T87677822
2026-02-01 02:19:20 - INFO - property_id: L86157890
2026-02-01 02:19:20 - INFO - property_id: R87054558
2026-02-01 02:19:20 - INFO - property_id: Z86564290
2026-02-01 02:19:20 - INFO - property_id: R87815116
2026-02-01 02:19:20 - INFO - property_id: E88329814
2026-02-01 02:19:20 - INFO - property_id: B80072623
2026-02-01 02:19:20 - INFO - property_id: F87204946
2026-02-01 02:19:20 - INFO - property_id: B80574975
2026-02-01 02:19:20 - INFO - property_id: Y84165714
2026-02-01 02:19:20 - INFO - property_id: P87590346
2026-02-01 02:19:20 - INFO - property_id: X87497890
2026-02-01 02:19:20 - INFO - property_id: T87141200
2026-02-01 02:19:20 - INFO - property_id: F87457278
2026-02-01 02:19:20 - INFO - property_id: 444509
2026-02-01 02:19:20 - INFO - property_id: C87972512
2026-02-01 02:19:20 - INFO - property_id: E87790080
2026-02-01 02:19:20 - INFO - property_id: M87754600
2026-02-01 02:19:20 - INFO - property_id: A87512580
2026-02-01 02:19:20 - INFO - property_id: W87329304
2026-02-01 02:19:20 - INFO - property_id: S87303936
2026-02-01 02:19:20 - INFO - property_id: U86886140
2026-02-01 02:19:20 - INFO - property_id: H87678346
2026-02-01 02:19:20 - INFO - property_id: C87439170
2026-02-01 02:19:20 - INFO - property_id: T88027482
2026-02-01 02:19:20 - INFO - property_id: C88395468
2026-02-01 02:19:20 - INFO - property_id: Z88139186
2026-02-01 02:19:20 - INFO - property_id: E88139322
2026-02-01 02:19:20 - INFO - property_id: W87414218
2026-02-01 02:19:20 - INFO - property_id: W87436998
2026-02-01 02:19:20 - INFO - property_id: Z87435940
2026-02-01 02:19:20 - INFO - property_id: U81410103
2026-02-01 02:19:20 - INFO - property_id: U81410269
2026-02-01 02:19:20 - INFO - property_id: K86251196
2026-02-01 02:19:20 - INFO - property_id: 433257
2026-02-01 02:19:20 - INFO - property_id: S87816976
2026-02-01 02:19:20 - INFO - property_id: P88250226
2026-02-01 02:19:20 - INFO - property_id: G87981218
2026-02-01 02:19:20 - INFO - property_id: U87439734
2026-02-01 02:19:20 - INFO - property_id: Z87973190
2026-02-01 02:19:20 - INFO - property_id: X87862870
2026-02-01 02:19:20 - INFO - property_id: B86935358
2026-02-01 02:19:20 - INFO - property_id: Z87144246
2026-02-01 02:19:20 - INFO - property_id: G88004744
2026-02-01 02:19:20 - INFO - property_id: I87439806
2026-02-01 02:19:20 - INFO - property_id: U87296206
2026-02-01 02:19:20 - INFO - property_id: O87960724
2026-02-01 02:19:20 - INFO - property_id: C87155748
2026-02-01 02:19:20 - INFO - property_id: S88211326
2026-02-01 02:19:20 - INFO - property_id: H88211618
2026-02-01 02:19:20 - INFO - property_id: N87559186
2026-02-01 02:19:20 - INFO - property_id: L88326574
2026-02-01 02:19:20 - INFO - property_id: D88169424
2026-02-01 02:19:20 - INFO - property_id: G86407610
2026-02-01 02:19:20 - INFO - property_id: X83011360
2026-02-01 02:19:20 - INFO - property_id: X81366797
2026-02-01 02:19:20 - INFO - property_id: E87474672
2026-02-01 02:19:20 - INFO - property_id: N87207344
2026-02-01 02:19:20 - INFO - property_id: H87421616
2026-02-01 02:19:20 - INFO - property_id: E88319596
2026-02-01 02:19:20 - INFO - property_id: B88139806
2026-02-01 02:19:20 - INFO - property_id: C86628802
2026-02-01 02:19:20 - INFO - property_id: U76981103
2026-02-01 02:19:20 - INFO - property_id: V85776808
2026-02-01 02:19:20 - INFO - property_id: O78133337
2026-02-01 02:19:20 - INFO - property_id: G82911512
2026-02-01 02:19:20 - INFO - property_id: Z87324384
2026-02-01 02:19:20 - INFO - property_id: X87324234
2026-02-01 02:19:20 - INFO - property_id: U87324174
2026-02-01 02:19:20 - INFO - property_id: Y88362004
2026-02-01 02:19:20 - INFO - property_id: L87464768
2026-02-01 02:19:20 - INFO - property_id: R87677084
2026-02-01 02:19:20 - INFO - property_id: A88322676
2026-02-01 02:19:20 - INFO - property_id: M88142730
2026-02-01 02:19:20 - INFO - property_id: M88049946
2026-02-01 02:19:20 - INFO - property_id: G87769834
2026-02-01 02:19:20 - INFO - property_id: X87629042
2026-02-01 02:19:20 - INFO - property_id: D88144330
2026-02-01 02:19:20 - INFO - property_id: F87953394
2026-02-01 02:19:20 - INFO - property_id: P86977644
2026-02-01 02:19:20 - INFO - property_id: P88217804
2026-02-01 02:19:20 - INFO - property_id: V86482828
2026-02-01 02:19:20 - INFO - property_id: I85385474
2026-02-01 02:19:20 - INFO - property_id: I87715488
2026-02-01 02:19:20 - INFO - property_id: I82825746
2026-02-01 02:19:20 - INFO - property_id: L86856108
2026-02-01 02:19:20 - INFO - property_id: T80575345
2026-02-01 02:19:20 - INFO - property_id: O87402456
2026-02-01 02:19:20 - INFO - property_id: S87815310
2026-02-01 02:19:20 - INFO - property_id: C80572875
2026-02-01 02:19:20 - INFO - property_id: H87909914
2026-02-01 02:19:20 - INFO - property_id: B67697098
2026-02-01 02:19:20 - INFO - property_id: Q61307868
2026-02-01 02:19:20 - INFO - property_id: A70062858
2026-02-01 02:19:20 - INFO - property_id: U78076399
2026-02-01 02:19:20 - INFO - property_id: Y77522769
2026-02-01 02:19:20 - INFO - property_id: U86110704
2026-02-01 02:19:20 - INFO - property_id: Z87880268
2026-02-01 02:19:20 - INFO - property_id: Q87005256
2026-02-01 02:19:20 - INFO - property_id: C80784669
2026-02-01 02:19:20 - INFO - property_id: L88155280
2026-02-01 02:19:20 - INFO - property_id: K88325040
2026-02-01 02:19:20 - INFO - property_id: O81502195
2026-02-01 02:19:20 - INFO - property_id: D86695260
2026-02-01 02:19:20 - INFO - property_id: D86801378
2026-02-01 02:19:20 - INFO - property_id: P87677756
2026-02-01 02:19:20 - INFO - property_id: W86865460
2026-02-01 02:19:20 - INFO - property_id: I87560502
2026-02-01 02:19:20 - INFO - property_id: M87910178
2026-02-01 02:19:20 - INFO - property_id: K83922366
2026-02-01 02:19:20 - INFO - property_id: U84890000
2026-02-01 02:19:20 - INFO - property_id: C88223066
2026-02-01 02:19:20 - INFO - property_id: U87105540
2026-02-01 02:19:20 - INFO - property_id: S88160102
2026-02-01 02:19:20 - INFO - property_id: K87163196
2026-02-01 02:19:20 - INFO - property_id: A87067316
2026-02-01 02:19:20 - INFO - property_id: T82803472
2026-02-01 02:19:20 - INFO - property_id: U71594350
2026-02-01 02:19:20 - INFO - property_id: S69766608
2026-02-01 02:19:20 - INFO - property_id: I72455988
2026-02-01 02:19:20 - INFO - property_id: K88186286
2026-02-01 02:19:20 - INFO - property_id: Q87839344
2026-02-01 02:19:20 - INFO - property_id: B85530586
2026-02-01 02:19:20 - INFO - property_id: C87052794
2026-02-01 02:19:20 - INFO - property_id: G87586778
2026-02-01 02:19:20 - INFO - property_id: U87560444
2026-02-01 02:19:20 - INFO - property_id: X87853480
2026-02-01 02:19:20 - INFO - property_id: J87871054
2026-02-01 02:19:20 - INFO - property_id: P87325342
2026-02-01 02:19:20 - INFO - property_id: J80621295
2026-02-01 02:19:20 - INFO - property_id: U87072010
2026-02-01 02:19:20 - INFO - property_id: K85098076
2026-02-01 02:19:20 - INFO - property_id: A84919250
2026-02-01 02:19:20 - INFO - property_id: C81643239
2026-02-01 02:19:20 - INFO - property_id: N87456068
2026-02-01 02:19:20 - INFO - property_id: I83093354
2026-02-01 02:19:20 - INFO - property_id: M86882648
2026-02-01 02:19:20 - INFO - property_id: Y86937730
2026-02-01 02:19:20 - INFO - property_id: B88175476
2026-02-01 02:19:20 - INFO - property_id: S88175898
2026-02-01 02:19:20 - INFO - property_id: T88326822
2026-02-01 02:19:20 - INFO - property_id: G86864490
2026-02-01 02:19:20 - INFO - property_id: W87714736
2026-02-01 02:19:20 - INFO - property_id: Y80061325
2026-02-01 02:19:20 - INFO - property_id: O87607640
2026-02-01 02:19:20 - INFO - property_id: O87486978
2026-02-01 02:19:20 - INFO - property_id: B87460102
2026-02-01 02:19:20 - INFO - property_id: X87113378
2026-02-01 02:19:20 - INFO - property_id: M86575014
2026-02-01 02:19:20 - INFO - property_id: E87711448
2026-02-01 02:19:20 - INFO - property_id: R86938794
2026-02-01 02:19:20 - INFO - property_id: T87352182
2026-02-01 02:19:20 - INFO - property_id: R88160560
2026-02-01 02:19:20 - INFO - property_id: D87213480
2026-02-01 02:19:20 - INFO - property_id: C85832972
2026-02-01 02:19:20 - INFO - property_id: E87617908
2026-02-01 02:19:20 - INFO - property_id: J87392158
2026-02-01 02:19:20 - INFO - property_id: J72455640
2026-02-01 02:19:20 - INFO - property_id: F87036534
2026-02-01 02:19:20 - INFO - property_id: I86933564
2026-02-01 02:19:20 - INFO - property_id: I87550770
2026-02-01 02:19:20 - INFO - property_id: B87052126
2026-02-01 02:19:20 - INFO - property_id: V84650782
2026-02-01 02:19:20 - INFO - property_id: S84717730
2026-02-01 02:19:20 - INFO - property_id: B84153212
2026-02-01 02:19:20 - INFO - property_id: F86624238
2026-02-01 02:19:20 - INFO - property_id: X86518976
2026-02-01 02:19:20 - INFO - property_id: G87697338
2026-02-01 02:19:20 - INFO - property_id: O86467414
2026-02-01 02:19:20 - INFO - property_id: Q87936400
2026-02-01 02:19:20 - INFO - property_id: B86812964
2026-02-01 02:19:20 - INFO - property_id: W86709270
2026-02-01 02:19:20 - INFO - property_id: B86664366
2026-02-01 02:19:20 - INFO - property_id: M88194922
2026-02-01 02:19:20 - INFO - property_id: D64923474
2026-02-01 02:19:20 - INFO - property_id: U87877010
2026-02-01 02:19:20 - INFO - property_id: J86959580
2026-02-01 02:19:20 - INFO - property_id: X87567152
2026-02-01 02:19:20 - INFO - property_id: M86441502
2026-02-01 02:19:20 - INFO - property_id: U83848214
2026-02-01 02:19:20 - INFO - property_id: L87608464
2026-02-01 02:19:20 - INFO - property_id: Y87263932
2026-02-01 02:19:20 - INFO - property_id: Q88414610
2026-02-01 02:19:20 - INFO - property_id: R81488227
2026-02-01 02:19:20 - INFO - property_id: C87791580
2026-02-01 02:19:20 - INFO - property_id: D87855578
2026-02-01 02:19:20 - INFO - property_id: L87215004
2026-02-01 02:19:20 - INFO - property_id: C87095710
2026-02-01 02:19:20 - INFO - property_id: K88243388
2026-02-01 02:19:20 - INFO - property_id: U88319020
2026-02-01 02:19:20 - INFO - property_id: F87392686
2026-02-01 02:19:20 - INFO - property_id: T87513938
2026-02-01 02:19:20 - INFO - property_id: I85984342
2026-02-01 02:19:20 - INFO - property_id: Z86754060
2026-02-01 02:19:20 - INFO - property_id: H87067530
2026-02-01 02:19:20 - INFO - property_id: G86818964
2026-02-01 02:19:20 - INFO - property_id: B82896302
2026-02-01 02:19:20 - INFO - property_id: T86631464
2026-02-01 02:19:20 - INFO - property_id: O87905220
2026-02-01 02:19:20 - INFO - property_id: 442625
2026-02-01 02:19:20 - INFO - property_id: C88131316
2026-02-01 02:19:20 - INFO - property_id: W88150004
2026-02-01 02:19:20 - INFO - property_id: Y87366224
2026-02-01 02:19:20 - INFO - property_id: X86603996
2026-02-01 02:19:20 - INFO - property_id: V86763170
2026-02-01 02:19:20 - INFO - property_id: V82482070
2026-02-01 02:19:20 - INFO - property_id: L87581438
2026-02-01 02:19:20 - INFO - property_id: U87587428
2026-02-01 02:19:20 - INFO - property_id: J87626442
2026-02-01 02:19:20 - INFO - property_id: U86917562
2026-02-01 02:19:20 - INFO - property_id: S81723186
2026-02-01 02:19:20 - INFO - property_id: C84908682
2026-02-01 02:19:20 - INFO - property_id: P86274878
2026-02-01 02:19:20 - INFO - property_id: O72486822
2026-02-01 02:19:20 - INFO - property_id: A87718338
2026-02-01 02:19:20 - INFO - property_id: E87815250
2026-02-01 02:19:20 - INFO - property_id: L83588044
2026-02-01 02:19:20 - INFO - property_id: C85291130
2026-02-01 02:19:20 - INFO - property_id: C87188628
2026-02-01 02:19:20 - INFO - property_id: F88219522
2026-02-01 02:19:20 - INFO - property_id: Z87675742
2026-02-01 02:19:20 - INFO - property_id: P80596525
2026-02-01 02:19:20 - INFO - property_id: L87937280
2026-02-01 02:19:20 - INFO - property_id: W87138010
2026-02-01 02:19:20 - INFO - property_id: L79571259
2026-02-01 02:19:20 - INFO - property_id: G81037581
2026-02-01 02:19:20 - INFO - property_id: U87518346
2026-02-01 02:19:20 - INFO - property_id: C88417500
2026-02-01 02:19:20 - INFO - property_id: D87513780
2026-02-01 02:19:20 - INFO - property_id: O87448774
2026-02-01 02:19:20 - INFO - property_id: C87236236
2026-02-01 02:19:20 - INFO - property_id: N88389294
2026-02-01 02:19:20 - INFO - property_id: N88394220
2026-02-01 02:19:20 - INFO - property_id: F87612292
2026-02-01 02:19:20 - INFO - property_id: F87575076
2026-02-01 02:19:20 - INFO - property_id: W86233602
2026-02-01 02:19:20 - INFO - property_id: G87293072
2026-02-01 02:19:20 - INFO - property_id: S86939246
2026-02-01 02:19:20 - INFO - property_id: V87941150
2026-02-01 02:19:20 - INFO - property_id: F87774920
2026-02-01 02:19:20 - INFO - property_id: F87201034
2026-02-01 02:19:20 - INFO - property_id: E87551240
2026-02-01 02:19:20 - INFO - property_id: E87320290
2026-02-01 02:19:20 - INFO - property_id: N88087810
2026-02-01 02:19:20 - INFO - property_id: D88022202
2026-02-01 02:19:20 - INFO - property_id: U86662818
2026-02-01 02:19:20 - INFO - property_id: G87764290
2026-02-01 02:19:20 - INFO - property_id: I87251878
2026-02-01 02:19:20 - INFO - property_id: K88390280
2026-02-01 02:19:20 - INFO - property_id: K87641884
2026-02-01 02:19:20 - INFO - property_id: Z87522720
2026-02-01 02:19:20 - INFO - property_id: M86389600
2026-02-01 02:19:20 - INFO - property_id: J86569086
2026-02-01 02:19:20 - INFO - property_id: U88299902
2026-02-01 02:19:20 - INFO - property_id: Y88169262
2026-02-01 02:19:20 - INFO - property_id: W87930728
2026-02-01 02:19:20 - INFO - property_id: V86492936
2026-02-01 02:19:20 - INFO - property_id: M86937378
2026-02-01 02:19:20 - INFO - property_id: J87962424
2026-02-01 02:19:20 - INFO - property_id: J87582158
2026-02-01 02:19:20 - INFO - property_id: D87497020
2026-02-01 02:19:20 - INFO - property_id: V87342318
2026-02-01 02:19:20 - INFO - property_id: O87392848
2026-02-01 02:19:20 - INFO - property_id: P87392448
2026-02-01 02:19:20 - INFO - property_id: A63978642
2026-02-01 02:19:20 - INFO - property_id: Q87287758
2026-02-01 02:19:20 - INFO - property_id: K88362812
2026-02-01 02:19:20 - INFO - property_id: W88230330
2026-02-01 02:19:20 - INFO - property_id: J88411098
2026-02-01 02:19:20 - INFO - property_id: V87922638
2026-02-01 02:19:20 - INFO - property_id: O87923710
2026-02-01 02:19:20 - INFO - property_id: L87512586
2026-02-01 02:19:20 - INFO - property_id: H87710432
2026-02-01 02:19:20 - INFO - property_id: A87540496
2026-02-01 02:19:20 - INFO - property_id: E86965352
2026-02-01 02:19:20 - INFO - property_id: K87202898
2026-02-01 02:19:20 - INFO - property_id: R86889670
2026-02-01 02:19:20 - INFO - property_id: Z81979668
2026-02-01 02:19:20 - INFO - property_id: U85743536
2026-02-01 02:19:20 - INFO - property_id: Z88420956
2026-02-01 02:19:20 - INFO - property_id: A88275786
2026-02-01 02:19:20 - INFO - property_id: Z88184624
2026-02-01 02:19:20 - INFO - property_id: L86488214
2026-02-01 02:19:20 - INFO - property_id: Z86743192
2026-02-01 02:19:20 - INFO - property_id: F86364104
2026-02-01 02:19:20 - INFO - property_id: T86346206
2026-02-01 02:19:20 - INFO - property_id: P88253546
2026-02-01 02:19:20 - INFO - property_id: Y87996578
2026-02-01 02:19:20 - INFO - property_id: O87702310
2026-02-01 02:19:20 - INFO - property_id: T87711498
2026-02-01 02:19:20 - INFO - property_id: W87566476
2026-02-01 02:19:20 - INFO - property_id: R87573978
2026-02-01 02:19:20 - INFO - property_id: A86796944
2026-02-01 02:19:20 - INFO - property_id: K86688752
2026-02-01 02:19:20 - INFO - property_id: T86518914
2026-02-01 02:19:20 - INFO - property_id: E81403283
2026-02-01 02:19:20 - INFO - property_id: R87716346
2026-02-01 02:19:20 - INFO - property_id: N88443668
2026-02-01 02:19:20 - INFO - property_id: U81643871
2026-02-01 02:19:20 - INFO - property_id: J80893387
2026-02-01 02:19:20 - INFO - property_id: H87935736
2026-02-01 02:19:20 - INFO - property_id: P71572854
2026-02-01 02:19:20 - INFO - property_id: G86387036
2026-02-01 02:19:20 - INFO - property_id: U87521446
2026-02-01 02:19:20 - INFO - property_id: S87447966
2026-02-01 02:19:20 - INFO - property_id: E88391520
2026-02-01 02:19:20 - INFO - property_id: V88284142
2026-02-01 02:19:20 - INFO - property_id: H87900830
2026-02-01 02:19:20 - INFO - property_id: N87467010
2026-02-01 02:19:20 - INFO - property_id: M87439772
2026-02-01 02:19:20 - INFO - property_id: B87330596
2026-02-01 02:19:20 - INFO - property_id: L88407580
2026-02-01 02:19:20 - INFO - property_id: H79331813
2026-02-01 02:19:20 - INFO - property_id: D86605690
2026-02-01 02:19:20 - INFO - property_id: P86735936
2026-02-01 02:19:20 - INFO - property_id: E88395618
2026-02-01 02:19:20 - INFO - property_id: A88379036
2026-02-01 02:19:20 - INFO - property_id: H88405834
2026-02-01 02:19:20 - INFO - property_id: M88377058
2026-02-01 02:19:20 - INFO - property_id: F88409390
2026-02-01 02:19:20 - INFO - property_id: H88379482
2026-02-01 02:19:20 - INFO - property_id: P88185470
2026-02-01 02:19:20 - INFO - property_id: M88162358
2026-02-01 02:19:20 - INFO - property_id: J87871904
2026-02-01 02:19:20 - INFO - property_id: I87687752
2026-02-01 02:19:20 - INFO - property_id: R87751048
2026-02-01 02:19:20 - INFO - property_id: K87693664
2026-02-01 02:19:20 - INFO - property_id: H81270833
2026-02-01 02:19:20 - INFO - property_id: O86388594
2026-02-01 02:19:20 - INFO - property_id: Z83149912
2026-02-01 02:19:20 - INFO - property_id: H85645854
2026-02-01 02:19:20 - INFO - property_id: M87370052
2026-02-01 02:19:20 - INFO - property_id: G86798944
2026-02-01 02:19:20 - INFO - property_id: Q88193944
2026-02-01 02:19:20 - INFO - property_id: R87972108
2026-02-01 02:19:20 - INFO - property_id: O87708906
2026-02-01 02:19:20 - INFO - property_id: P88312654
2026-02-01 02:19:20 - INFO - property_id: G82876696
2026-02-01 02:19:20 - INFO - property_id: D87964270
2026-02-01 02:19:20 - INFO - property_id: H88307854
2026-02-01 02:19:20 - INFO - property_id: O86861356
2026-02-01 02:19:20 - INFO - property_id: K86699392
2026-02-01 02:19:20 - INFO - property_id: W85865458
2026-02-01 02:19:20 - INFO - property_id: K85712522
2026-02-01 02:19:20 - INFO - property_id: F85713900
2026-02-01 02:19:20 - INFO - property_id: M87502010
2026-02-01 02:19:20 - INFO - property_id: G88436376
2026-02-01 02:19:20 - INFO - property_id: B88452544
2026-02-01 02:19:20 - INFO - property_id: F88435484
2026-02-01 02:19:20 - INFO - property_id: G84134880
2026-02-01 02:19:20 - INFO - property_id: N88353754
2026-02-01 02:19:20 - INFO - property_id: I87959798
2026-02-01 02:19:20 - INFO - property_id: D83145390
2026-02-01 02:19:20 - INFO - property_id: T87275224
2026-02-01 02:19:20 - INFO - property_id: S87274854
2026-02-01 02:19:20 - INFO - property_id: D86940244
2026-02-01 02:19:20 - INFO - property_id: H88358598
2026-02-01 02:19:20 - INFO - property_id: H87033508
2026-02-01 02:19:20 - INFO - property_id: Z86863734
2026-02-01 02:19:20 - INFO - property_id: T86891626
2026-02-01 02:19:20 - INFO - property_id: E86918170
2026-02-01 02:19:20 - INFO - property_id: Y88451350
2026-02-01 02:19:20 - INFO - property_id: F88001112
2026-02-01 02:19:20 - INFO - property_id: I88000140
2026-02-01 02:19:20 - INFO - property_id: Z87716866
2026-02-01 02:19:20 - INFO - property_id: B87612694
2026-02-01 02:19:20 - INFO - property_id: V87210492
2026-02-01 02:19:20 - INFO - property_id: I86781378
2026-02-01 02:19:20 - INFO - property_id: P86597934
2026-02-01 02:19:20 - INFO - property_id: O88441364
2026-02-01 02:19:20 - INFO - property_id: X88317818
2026-02-01 02:19:20 - INFO - property_id: I88317052
2026-02-01 02:19:20 - INFO - property_id: H88317286
2026-02-01 02:19:20 - INFO - property_id: W81395851
2026-02-01 02:19:20 - INFO - property_id: E88320098
2026-02-01 02:19:20 - INFO - property_id: X84183558
2026-02-01 02:19:20 - INFO - property_id: T88383764
2026-02-01 02:19:20 - INFO - property_id: X88370016
2026-02-01 02:19:20 - INFO - property_id: E88275174
2026-02-01 02:19:20 - INFO - property_id: U88292676
2026-02-01 02:19:20 - INFO - property_id: Z88307046
2026-02-01 02:19:20 - INFO - property_id: U82385390
2026-02-01 02:19:20 - INFO - property_id: B88008956
2026-02-01 02:19:20 - INFO - property_id: Y88147524
2026-02-01 02:19:20 - INFO - property_id: N87979290
2026-02-01 02:19:20 - INFO - property_id: D87928418
2026-02-01 02:19:20 - INFO - property_id: N87778652
2026-02-01 02:19:20 - INFO - property_id: Z87776788
2026-02-01 02:19:20 - INFO - property_id: G87740938
2026-02-01 02:19:20 - INFO - property_id: O87735538
2026-02-01 02:19:20 - INFO - property_id: O77510159
2026-02-01 02:19:20 - INFO - property_id: W79708637
2026-02-01 02:19:20 - INFO - property_id: V87674380
2026-02-01 02:19:20 - INFO - property_id: Q87601070
2026-02-01 02:19:20 - INFO - property_id: E84299402
2026-02-01 02:19:20 - INFO - property_id: P86857606
2026-02-01 02:19:20 - INFO - property_id: V86666560
2026-02-01 02:19:20 - INFO - property_id: L86690580
2026-02-01 02:19:20 - INFO - property_id: N86564450
2026-02-01 02:19:20 - INFO - property_id: Y88088054
2026-02-01 02:19:20 - INFO - property_id: O88088896
2026-02-01 02:19:20 - INFO - property_id: Q87285744
2026-02-01 02:19:20 - INFO - property_id: J87774114
2026-02-01 02:19:20 - INFO - property_id: E87630262
2026-02-01 02:19:20 - INFO - property_id: I87036162
2026-02-01 02:19:20 - INFO - property_id: F85882156
2026-02-01 02:19:20 - INFO - property_id: I86414448
2026-02-01 02:19:20 - INFO - property_id: G83118232
2026-02-01 02:19:20 - INFO - property_id: R86631356
2026-02-01 02:19:20 - INFO - property_id: B83072586
2026-02-01 02:19:20 - INFO - property_id: T84548190
2026-02-01 02:19:20 - INFO - property_id: A85882712
2026-02-01 02:19:20 - INFO - property_id: X85885304
2026-02-01 02:19:20 - INFO - property_id: E87109556
2026-02-01 02:19:20 - INFO - property_id: G78106851
2026-02-01 02:19:20 - INFO - property_id: O88165722
2026-02-01 02:19:20 - INFO - property_id: K87976670
2026-02-01 02:19:20 - INFO - property_id: Q87876896
2026-02-01 02:19:20 - INFO - property_id: A87778360
2026-02-01 02:19:20 - INFO - property_id: N86793154
2026-02-01 02:19:20 - INFO - property_id: E86444408
2026-02-01 02:19:20 - INFO - property_id: B84340912
2026-02-01 02:19:20 - INFO - property_id: K86560744
2026-02-01 02:19:20 - INFO - property_id: O88438728
2026-02-01 02:19:20 - INFO - property_id: W88257206
2026-02-01 02:19:20 - INFO - property_id: L87636046
2026-02-01 02:19:20 - INFO - property_id: D87973242
2026-02-01 02:19:20 - INFO - property_id: F87870078
2026-02-01 02:19:20 - INFO - property_id: T87669814
2026-02-01 02:19:20 - INFO - property_id: W87521074
2026-02-01 02:19:20 - INFO - property_id: K86503264
2026-02-01 02:19:20 - INFO - property_id: M87620742
2026-02-01 02:19:20 - INFO - property_id: W88276166
2026-02-01 02:19:20 - INFO - property_id: N88236268
2026-02-01 02:19:20 - INFO - property_id: N88236748
2026-02-01 02:19:20 - INFO - property_id: V87705462
2026-02-01 02:19:20 - INFO - property_id: I86348176
2026-02-01 02:19:20 - INFO - property_id: A88255442
2026-02-01 02:19:20 - INFO - property_id: F87934052
2026-02-01 02:19:20 - INFO - property_id: A87962800
2026-02-01 02:19:20 - INFO - property_id: F87712676
2026-02-01 02:19:20 - INFO - property_id: Y86547392
2026-02-01 02:19:20 - INFO - property_id: F88310768
2026-02-01 02:19:20 - INFO - property_id: W88337356
2026-02-01 02:19:20 - INFO - property_id: Y85244098
2026-02-01 02:19:20 - INFO - property_id: I88265486
2026-02-01 02:19:20 - INFO - property_id: I87843774
2026-02-01 02:19:20 - INFO - property_id: G87169914
2026-02-01 02:19:20 - INFO - property_id: K86441660
2026-02-01 02:19:20 - INFO - property_id: N86336172
2026-02-01 02:19:20 - INFO - property_id: E87585848
2026-02-01 02:19:20 - INFO - property_id: Q81295605
2026-02-01 02:19:20 - INFO - property_id: Z87673280
2026-02-01 02:19:20 - INFO - property_id: H86763580
2026-02-01 02:19:20 - INFO - property_id: J88173458
2026-02-01 02:19:20 - INFO - property_id: U83494522
2026-02-01 02:19:20 - INFO - property_id: P88417606
2026-02-01 02:19:20 - INFO - property_id: 434656
2026-02-01 02:19:20 - INFO - property_id: K87630680
2026-02-01 02:19:20 - INFO - property_id: B87106746
2026-02-01 02:19:20 - INFO - property_id: N85797618
2026-02-01 02:19:20 - INFO - property_id: J87277422
2026-02-01 02:19:20 - INFO - property_id: A86685136
2026-02-01 02:19:20 - INFO - property_id: Y86447322
2026-02-01 02:19:20 - INFO - property_id: N81257369
2026-02-01 02:19:20 - INFO - property_id: U87171238
2026-02-01 02:19:20 - INFO - property_id: I88419432
2026-02-01 02:19:20 - INFO - property_id: H87238710
2026-02-01 02:19:20 - INFO - property_id: J87106312
2026-02-01 02:19:20 - INFO - property_id: C83302994
2026-02-01 02:19:20 - INFO - property_id: I83303052
2026-02-01 02:19:20 - INFO - property_id: C87860672
2026-02-01 02:19:20 - INFO - property_id: F87775016
2026-02-01 02:19:20 - INFO - property_id: 384317
2026-02-01 02:19:20 - INFO - property_id: E87748634
2026-02-01 02:19:20 - INFO - property_id: 428878
2026-02-01 02:19:20 - INFO - property_id: K87348736
2026-02-01 02:19:20 - INFO - property_id: W87152504
2026-02-01 02:19:20 - INFO - property_id: R88275288
2026-02-01 02:19:20 - INFO - property_id: P81174289
2026-02-01 02:19:20 - INFO - property_id: O87536142
2026-02-01 02:19:20 - INFO - property_id: B86765634
2026-02-01 02:19:20 - INFO - property_id: S87789442
2026-02-01 02:19:20 - INFO - property_id: W87827220
2026-02-01 02:19:20 - INFO - property_id: Y87694232
2026-02-01 02:19:20 - INFO - property_id: J80741969
2026-02-01 02:19:20 - INFO - property_id: A84892038
2026-02-01 02:19:20 - INFO - property_id: J80373025
2026-02-01 02:19:20 - INFO - property_id: M88439906
2026-02-01 02:19:20 - INFO - property_id: K87202112
2026-02-01 02:19:20 - INFO - property_id: K87316958
2026-02-01 02:19:20 - INFO - property_id: D86632896
2026-02-01 02:19:20 - INFO - property_id: A87144294
2026-02-01 02:19:20 - INFO - property_id: X86902622
2026-02-01 02:19:20 - INFO - property_id: U88358472
2026-02-01 02:19:20 - INFO - property_id: V88086440
2026-02-01 02:19:20 - INFO - property_id: Q87612906
2026-02-01 02:19:20 - INFO - property_id: C87054100
2026-02-01 02:19:20 - INFO - property_id: D88007368
2026-02-01 02:19:20 - INFO - property_id: P86865048
2026-02-01 02:19:20 - INFO - property_id: L88301554
2026-02-01 02:19:20 - INFO - property_id: G85891440
2026-02-01 02:19:20 - INFO - property_id: J87833250
2026-02-01 02:19:20 - INFO - property_id: W84838116
2026-02-01 02:19:20 - INFO - property_id: W87764548
2026-02-01 02:19:20 - INFO - property_id: B85882536
2026-02-01 02:19:20 - INFO - property_id: Q86185434
2026-02-01 02:19:20 - INFO - property_id: V88112608
2026-02-01 02:19:20 - INFO - property_id: R86160916
2026-02-01 02:19:20 - INFO - property_id: E87503928
2026-02-01 02:19:20 - INFO - property_id: R87316678
2026-02-01 02:19:20 - INFO - property_id: C86937064
2026-02-01 02:19:20 - INFO - property_id: I86967042
2026-02-01 02:19:20 - INFO - property_id: Z87045274
2026-02-01 02:19:20 - INFO - property_id: R86976660
2026-02-01 02:19:20 - INFO - property_id: J86930228
2026-02-01 02:19:20 - INFO - property_id: C86966386
2026-02-01 02:19:20 - INFO - property_id: I84402676
2026-02-01 02:19:20 - INFO - property_id: A87872692
2026-02-01 02:19:20 - INFO - property_id: U87741542
2026-02-01 02:19:20 - INFO - property_id: T87742054
2026-02-01 02:19:20 - INFO - property_id: Z87685978
2026-02-01 02:19:20 - INFO - property_id: A87686142
2026-02-01 02:19:20 - INFO - property_id: M87512570
2026-02-01 02:19:20 - INFO - property_id: X87051486
2026-02-01 02:19:20 - INFO - property_id: X83222266
2026-02-01 02:19:20 - INFO - property_id: E88255478
2026-02-01 02:19:20 - INFO - property_id: F88185266
2026-02-01 02:19:20 - INFO - property_id: V87640378
2026-02-01 02:19:20 - INFO - property_id: H81429379
2026-02-01 02:19:20 - INFO - property_id: I88276564
2026-02-01 02:19:20 - INFO - property_id: X87724698
2026-02-01 02:19:20 - INFO - property_id: Q87976728
2026-02-01 02:19:20 - INFO - property_id: O87842494
2026-02-01 02:19:20 - INFO - property_id: R88362692
2026-02-01 02:19:20 - INFO - property_id: P88327268
2026-02-01 02:19:20 - INFO - property_id: M87238560
2026-02-01 02:19:20 - INFO - property_id: I86794970
2026-02-01 02:19:20 - INFO - property_id: G86268976
2026-02-01 02:19:20 - INFO - property_id: M85674190
2026-02-01 02:19:20 - INFO - property_id: T86490104
2026-02-01 02:19:20 - INFO - property_id: X87752914
2026-02-01 02:19:20 - INFO - property_id: D87093834
2026-02-01 02:19:20 - INFO - property_id: N87612380
2026-02-01 02:19:20 - INFO - property_id: D88159926
2026-02-01 02:19:20 - INFO - property_id: P87299462
2026-02-01 02:19:20 - INFO - property_id: R87491560
2026-02-01 02:19:20 - INFO - property_id: G87270544
2026-02-01 02:19:20 - INFO - property_id: G73399805
2026-02-01 02:19:20 - INFO - property_id: V88034824
2026-02-01 02:19:20 - INFO - property_id: Q87458540
2026-02-01 02:19:20 - INFO - property_id: C86920632
2026-02-01 02:19:20 - INFO - property_id: F87291336
2026-02-01 02:19:20 - INFO - property_id: P86381998
2026-02-01 02:19:20 - INFO - property_id: R88326722
2026-02-01 02:19:20 - INFO - property_id: I88319992
2026-02-01 02:19:20 - INFO - property_id: T88317842
2026-02-01 02:19:20 - INFO - property_id: J88172498
2026-02-01 02:19:20 - INFO - property_id: N87827736
2026-02-01 02:19:20 - INFO - property_id: K87956018
2026-02-01 02:19:20 - INFO - property_id: K87090182
2026-02-01 02:19:20 - INFO - property_id: M86506436
2026-02-01 02:19:20 - INFO - property_id: A86412768
2026-02-01 02:19:20 - INFO - property_id: B86661184
2026-02-01 02:19:20 - INFO - property_id: I79009045
2026-02-01 02:19:20 - INFO - property_id: Z87862720
2026-02-01 02:19:20 - INFO - property_id: S87716630
2026-02-01 02:19:20 - INFO - property_id: I82207816
2026-02-01 02:19:20 - INFO - property_id: I87573278
2026-02-01 02:19:20 - INFO - property_id: I87358034
2026-02-01 02:19:20 - INFO - property_id: V70062912
2026-02-01 02:19:20 - INFO - property_id: B87499198
2026-02-01 02:19:20 - INFO - property_id: V85846924
2026-02-01 02:19:20 - INFO - property_id: Y85831316
2026-02-01 02:19:20 - INFO - property_id: A84315734
2026-02-01 02:19:20 - INFO - property_id: K87308576
2026-02-01 02:19:20 - INFO - property_id: H87974762
2026-02-01 02:19:20 - INFO - property_id: W86828850
2026-02-01 02:19:20 - INFO - property_id: P86822048
2026-02-01 02:19:20 - INFO - property_id: D87925502
2026-02-01 02:19:20 - INFO - property_id: O88317528
2026-02-01 02:19:20 - INFO - property_id: K88229650
2026-02-01 02:19:20 - INFO - property_id: G87389478
2026-02-01 02:19:20 - INFO - property_id: X86463546
2026-02-01 02:19:20 - INFO - property_id: U86588204
2026-02-01 02:19:20 - INFO - property_id: L84300208
2026-02-01 02:19:20 - INFO - property_id: V87413654
2026-02-01 02:19:20 - INFO - property_id: K87649940
2026-02-01 02:19:20 - INFO - property_id: M87249216
2026-02-01 02:19:20 - INFO - property_id: R86459560
2026-02-01 02:19:20 - INFO - property_id: J87745368
2026-02-01 02:19:20 - INFO - property_id: Q86966436
2026-02-01 02:19:20 - INFO - property_id: E87975044
2026-02-01 02:19:20 - INFO - property_id: E88089260
2026-02-01 02:19:20 - INFO - property_id: D84876536
2026-02-01 02:19:20 - INFO - property_id: X87582512
2026-02-01 02:19:20 - INFO - property_id: V87261544
2026-02-01 02:19:20 - INFO - property_id: M87205904
2026-02-01 02:19:20 - INFO - property_id: U86600506
2026-02-01 02:19:20 - INFO - property_id: B85741706
2026-02-01 02:19:20 - INFO - property_id: X87825672
2026-02-01 02:19:20 - INFO - property_id: L87735090
2026-02-01 02:19:20 - INFO - property_id: Y87617666
2026-02-01 02:19:20 - INFO - property_id: D87585068
2026-02-01 02:19:20 - INFO - property_id: Y87151170
2026-02-01 02:19:20 - INFO - property_id: O86519732
2026-02-01 02:19:20 - INFO - property_id: 426383
2026-02-01 02:19:20 - INFO - property_id: B86112596
2026-02-01 02:19:20 - INFO - property_id: I85669678
2026-02-01 02:19:20 - INFO - property_id: H87745364
2026-02-01 02:19:20 - INFO - property_id: I86181270
2026-02-01 02:19:20 - INFO - property_id: O87328420
2026-02-01 02:19:20 - INFO - property_id: Y87813782
2026-02-01 02:19:20 - INFO - property_id: M86701006
2026-02-01 02:19:20 - INFO - property_id: O86540840
2026-02-01 02:19:20 - INFO - property_id: D86609488
2026-02-01 02:19:20 - INFO - property_id: Y86649678
2026-02-01 02:19:20 - INFO - property_id: X87222798
2026-02-01 02:19:20 - INFO - property_id: H86020800
2026-02-01 02:19:20 - INFO - property_id: I83358088
2026-02-01 02:19:20 - INFO - property_id: P87736056
2026-02-01 02:19:20 - INFO - property_id: G85329166
2026-02-01 02:19:20 - INFO - property_id: E87552146
2026-02-01 02:19:20 - INFO - property_id: B87775854
2026-02-01 02:19:20 - INFO - property_id: H87345592
2026-02-01 02:19:20 - INFO - property_id: T85718704
2026-02-01 02:19:20 - INFO - property_id: 86005
2026-02-01 02:19:20 - INFO - property_id: N84575764
2026-02-01 02:19:20 - INFO - property_id: 255847
2026-02-01 02:19:20 - INFO - property_id: V86822722
2026-02-01 02:19:20 - INFO - property_id: D82522840
2026-02-01 02:19:20 - INFO - property_id: Y87827522
2026-02-01 02:19:20 - INFO - property_id: C88242832
2026-02-01 02:19:20 - INFO - property_id: U88092214
2026-02-01 02:19:20 - INFO - property_id: M87944136
2026-02-01 02:19:20 - INFO - property_id: W87665162
2026-02-01 02:19:20 - INFO - property_id: L87561208
2026-02-01 02:19:20 - INFO - property_id: U87402928
2026-02-01 02:19:20 - INFO - property_id: X87380188
2026-02-01 02:19:20 - INFO - property_id: O87161478
2026-02-01 02:19:20 - INFO - property_id: I87032846
2026-02-01 02:19:20 - INFO - property_id: W85240016
2026-02-01 02:19:20 - INFO - property_id: F88465316
2026-02-01 02:19:20 - INFO - property_id: Z84410156
2026-02-01 02:19:20 - INFO - property_id: N88462868
2026-02-01 02:19:20 - INFO - property_id: E84200850
2026-02-01 02:19:20 - INFO - property_id: W88368340
2026-02-01 02:19:20 - INFO - property_id: C85411932
2026-02-01 02:19:20 - INFO - property_id: Q88460682
2026-02-01 02:19:20 - INFO - property_id: S88384612
2026-02-01 02:19:20 - INFO - property_id: V88459374
2026-02-01 02:19:20 - INFO - property_id: W57526554
2026-02-01 02:19:20 - INFO - property_id: D88458808
2026-02-01 02:19:20 - INFO - property_id: V88458452
2026-02-01 02:19:20 - INFO - property_id: S76717357
2026-02-01 02:19:20 - INFO - property_id: C88456834
2026-02-01 02:19:20 - INFO - property_id: L88456748
2026-02-01 02:19:20 - INFO - property_id: M49312501
2026-02-01 02:19:20 - INFO - property_id: P88455406
2026-02-01 02:19:20 - INFO - property_id: E88455352
2026-02-01 02:19:20 - INFO - property_id: J88454530
2026-02-01 02:19:20 - INFO - property_id: C88454258
2026-02-01 02:19:20 - INFO - property_id: T75569931
2026-02-01 02:19:20 - INFO - property_id: S88453246
2026-02-01 02:19:20 - INFO - property_id: X88452108
2026-02-01 02:19:20 - INFO - property_id: U46990413
2026-02-01 02:19:20 - INFO - property_id: V88390274
2026-02-01 02:19:20 - INFO - property_id: E88450556
2026-02-01 02:19:20 - INFO - property_id: D88448400
2026-02-01 02:19:20 - INFO - property_id: O88448296
2026-02-01 02:19:20 - INFO - property_id: J88419136
2026-02-01 02:19:20 - INFO - property_id: J88419136
2026-02-01 02:19:20 - INFO - property_id: S88446738
2026-02-01 02:19:20 - INFO - property_id: H55614682
2026-02-01 02:19:20 - INFO - property_id: N86917182
2026-02-01 02:19:20 - INFO - property_id: X88441772
2026-02-01 02:19:20 - INFO - property_id: R88403154
2026-02-01 02:19:20 - INFO - property_id: E88399708
2026-02-01 02:19:20 - INFO - property_id: P88391284
2026-02-01 02:19:20 - INFO - property_id: Q87431604
2026-02-01 02:19:20 - INFO - property_id: Y88394604
2026-02-01 02:19:20 - INFO - property_id: F88435792
2026-02-01 02:19:20 - INFO - property_id: T88434742
2026-02-01 02:19:20 - INFO - property_id: E88345788
2026-02-01 02:19:20 - INFO - property_id: L88432526
2026-02-01 02:19:20 - INFO - property_id: I85402388
2026-02-01 02:19:20 - INFO - property_id: X81619685
2026-02-01 02:19:20 - INFO - property_id: F88431130
2026-02-01 02:19:20 - INFO - property_id: U88431008
2026-02-01 02:19:20 - INFO - property_id: H88429306
2026-02-01 02:19:20 - INFO - property_id: P88400482
2026-02-01 02:19:20 - INFO - property_id: U88427508
2026-02-01 02:19:20 - INFO - property_id: B88426548
2026-02-01 02:19:20 - INFO - property_id: R88426130
2026-02-01 02:19:20 - INFO - property_id: Q88425994
2026-02-01 02:19:20 - INFO - property_id: O88424398
2026-02-01 02:19:20 - INFO - property_id: I88422414
2026-02-01 02:19:20 - INFO - property_id: D83501022
2026-02-01 02:19:20 - INFO - property_id: G88419220
2026-02-01 02:19:20 - INFO - property_id: F88161548
2026-02-01 02:19:20 - INFO - property_id: R88368132
2026-02-01 02:19:20 - INFO - property_id: X88339474
2026-02-01 02:19:20 - INFO - property_id: I88371320
2026-02-01 02:19:20 - INFO - property_id: X88336056
2026-02-01 02:19:20 - INFO - property_id: K88413746
2026-02-01 02:19:20 - INFO - property_id: B88413680
2026-02-01 02:19:20 - INFO - property_id: Q88413578
2026-02-01 02:19:20 - INFO - property_id: F88413312
2026-02-01 02:19:20 - INFO - property_id: J88317432
2026-02-01 02:19:20 - INFO - property_id: S88410100
2026-02-01 02:19:20 - INFO - property_id: C88408474
2026-02-01 02:19:20 - INFO - property_id: T88408016
2026-02-01 02:19:20 - INFO - property_id: J88406852
2026-02-01 02:19:20 - INFO - property_id: X88403060
2026-02-01 02:19:20 - INFO - property_id: N88401962
2026-02-01 02:19:20 - INFO - property_id: Q88401530
2026-02-01 02:19:20 - INFO - property_id: K88399874
2026-02-01 02:19:20 - INFO - property_id: K88399678
2026-02-01 02:19:20 - INFO - property_id: Y88399640
2026-02-01 02:19:20 - INFO - property_id: K88399612
2026-02-01 02:19:20 - INFO - property_id: M88398712
2026-02-01 02:19:20 - INFO - property_id: Y88397302
2026-02-01 02:19:20 - INFO - property_id: P88396844
2026-02-01 02:19:20 - INFO - property_id: G77912587
2026-02-01 02:19:20 - INFO - property_id: J85580274
2026-02-01 02:19:20 - INFO - property_id: V87681828
2026-02-01 02:19:20 - INFO - property_id: N88393576
2026-02-01 02:19:20 - INFO - property_id: S88392748
2026-02-01 02:19:20 - INFO - property_id: C88086460
2026-02-01 02:19:20 - INFO - property_id: Z88390378
2026-02-01 02:19:20 - INFO - property_id: G88331054
2026-02-01 02:19:20 - INFO - property_id: J88389340
2026-02-01 02:19:20 - INFO - property_id: Z88259746
2026-02-01 02:19:20 - INFO - property_id: T88389048
2026-02-01 02:19:20 - INFO - property_id: B88387046
2026-02-01 02:19:20 - INFO - property_id: Q88121142
2026-02-01 02:19:20 - INFO - property_id: F88168830
2026-02-01 02:19:20 - INFO - property_id: A88339196
2026-02-01 02:19:20 - INFO - property_id: L85580344
2026-02-01 02:19:20 - INFO - property_id: G88314972
2026-02-01 02:19:20 - INFO - property_id: C88382160
2026-02-01 02:19:20 - INFO - property_id: B63309674
2026-02-01 02:19:20 - INFO - property_id: T88381014
2026-02-01 02:19:20 - INFO - property_id: Q88379072
2026-02-01 02:19:20 - INFO - property_id: P88228138
2026-02-01 02:19:20 - INFO - property_id: I88377062
2026-02-01 02:19:20 - INFO - property_id: I88377062
2026-02-01 02:19:20 - INFO - property_id: Y88030150
2026-02-01 02:19:20 - INFO - property_id: D88374876
2026-02-01 02:19:20 - INFO - property_id: N88374838
2026-02-01 02:19:20 - INFO - property_id: S88372192
2026-02-01 02:19:20 - INFO - property_id: A88371828
2026-02-01 02:19:20 - INFO - property_id: A88371806
2026-02-01 02:19:20 - INFO - property_id: F77329401
2026-02-01 02:19:20 - INFO - property_id: N77202869
2026-02-01 02:19:20 - INFO - property_id: P88369682
2026-02-01 02:19:20 - INFO - property_id: E88369590
2026-02-01 02:19:20 - INFO - property_id: G88369546
2026-02-01 02:19:20 - INFO - property_id: V77683599
2026-02-01 02:19:20 - INFO - property_id: C72569988
2026-02-01 02:19:20 - INFO - property_id: M88367068
2026-02-01 02:19:20 - INFO - property_id: M88256902
2026-02-01 02:19:20 - INFO - property_id: J88365378
2026-02-01 02:19:20 - INFO - property_id: D62225038
2026-02-01 02:19:20 - INFO - property_id: G88364888
2026-02-01 02:19:20 - INFO - property_id: E88364834
2026-02-01 02:19:20 - INFO - property_id: R87953704
2026-02-01 02:19:20 - INFO - property_id: N88286420
2026-02-01 02:19:20 - INFO - property_id: F88363262
2026-02-01 02:19:20 - INFO - property_id: V86275248
2026-02-01 02:19:20 - INFO - property_id: O88362228
2026-02-01 02:19:20 - INFO - property_id: H88359452
2026-02-01 02:19:20 - INFO - property_id: R88359382
2026-02-01 02:19:20 - INFO - property_id: C88357784
2026-02-01 02:19:20 - INFO - property_id: W88357308
2026-02-01 02:19:20 - INFO - property_id: X88357058
2026-02-01 02:19:20 - INFO - property_id: B88356238
2026-02-01 02:19:20 - INFO - property_id: L88354528
2026-02-01 02:19:20 - INFO - property_id: M88352658
2026-02-01 02:19:20 - INFO - property_id: M88350914
2026-02-01 02:19:20 - INFO - property_id: X88350884
2026-02-01 02:19:20 - INFO - property_id: E88350854
2026-02-01 02:19:20 - INFO - property_id: F88350784
2026-02-01 02:19:20 - INFO - property_id: Y88350740
2026-02-01 02:19:20 - INFO - property_id: S76835691
2026-02-01 02:19:20 - INFO - property_id: Z88349904
2026-02-01 02:19:20 - INFO - property_id: J82332914
2026-02-01 02:19:20 - INFO - property_id: A88349682
2026-02-01 02:19:20 - INFO - property_id: F88349554
2026-02-01 02:19:20 - INFO - property_id: L88348356
2026-02-01 02:19:20 - INFO - property_id: H40892985
2026-02-01 02:19:20 - INFO - property_id: L88347020
2026-02-01 02:19:20 - INFO - property_id: Z88345542
2026-02-01 02:19:20 - INFO - property_id: O88345414
2026-02-01 02:19:20 - INFO - property_id: E88345340
2026-02-01 02:19:20 - INFO - property_id: E88344688
2026-02-01 02:19:20 - INFO - property_id: E88344688
2026-02-01 02:19:20 - INFO - property_id: Y88343536
2026-02-01 02:19:20 - INFO - property_id: W88343458
2026-02-01 02:19:20 - INFO - property_id: N87432436
2026-02-01 02:19:20 - INFO - property_id: P71201890
2026-02-01 02:19:20 - INFO - property_id: Y88342176
2026-02-01 02:19:20 - INFO - property_id: Z27293861
2026-02-01 02:19:20 - INFO - property_id: K88342052
2026-02-01 02:19:20 - INFO - property_id: K88341736
2026-02-01 02:19:20 - INFO - property_id: W88340670
2026-02-01 02:19:20 - INFO - property_id: A77682035
2026-02-01 02:19:20 - INFO - property_id: K87926202
2026-02-01 02:19:20 - INFO - property_id: K88338062
2026-02-01 02:19:20 - INFO - property_id: A88337932
2026-02-01 02:19:20 - INFO - property_id: D88337496
2026-02-01 02:19:20 - INFO - property_id: T88337390
2026-02-01 02:19:20 - INFO - property_id: G88337324
2026-02-01 02:19:20 - INFO - property_id: D88336968
2026-02-01 02:19:20 - INFO - property_id: W88336584
2026-02-01 02:19:20 - INFO - property_id: G88336218
2026-02-01 02:19:20 - INFO - property_id: Y88335214
2026-02-01 02:19:20 - INFO - property_id: U88335200
2026-02-01 02:19:20 - INFO - property_id: X88334856
2026-02-01 02:19:20 - INFO - property_id: M88334780
2026-02-01 02:19:20 - INFO - property_id: Y88333212
2026-02-01 02:19:21 - INFO - property_id: R77650217
2026-02-01 02:19:21 - INFO - property_id: E88331296
2026-02-01 02:19:21 - INFO - property_id: Y81971434
2026-02-01 02:19:21 - INFO - property_id: H88330684
2026-02-01 02:19:21 - INFO - property_id: F88330662
2026-02-01 02:19:21 - INFO - property_id: F88330126
2026-02-01 02:19:21 - INFO - property_id: E88329886
2026-02-01 02:19:21 - INFO - property_id: H88329064
2026-02-01 02:19:21 - INFO - property_id: W81277269
2026-02-01 02:19:21 - INFO - property_id: J88328770
2026-02-01 02:19:21 - INFO - property_id: K88327010
2026-02-01 02:19:21 - INFO - property_id: F88326934
2026-02-01 02:19:21 - INFO - property_id: D88324100
2026-02-01 02:19:21 - INFO - property_id: C70633506
2026-02-01 02:19:21 - INFO - property_id: N88322194
2026-02-01 02:19:21 - INFO - property_id: K88319798
2026-02-01 02:19:21 - INFO - property_id: X85485096
2026-02-01 02:19:21 - INFO - property_id: L76579637
2026-02-01 02:19:21 - INFO - property_id: T88316188
2026-02-01 02:19:21 - INFO - property_id: X88315532
2026-02-01 02:19:21 - INFO - property_id: X88315496
2026-02-01 02:19:21 - INFO - property_id: D88315446
2026-02-01 02:19:21 - INFO - property_id: G88315350
2026-02-01 02:19:21 - INFO - property_id: U77021697
2026-02-01 02:19:21 - INFO - property_id: V88314948
2026-02-01 02:19:21 - INFO - property_id: D88313048
2026-02-01 02:19:21 - INFO - property_id: C88312288
2026-02-01 02:19:21 - INFO - property_id: B88311876
2026-02-01 02:19:21 - INFO - property_id: O88311776
2026-02-01 02:19:21 - INFO - property_id: Q88310754
2026-02-01 02:19:21 - INFO - property_id: L88308688
2026-02-01 02:19:21 - INFO - property_id: J88308592
2026-02-01 02:19:21 - INFO - property_id: Z88306326
2026-02-01 02:19:21 - INFO - property_id: O88304982
2026-02-01 02:19:21 - INFO - property_id: I80128001
2026-02-01 02:19:21 - INFO - property_id: M88304346
2026-02-01 02:19:21 - INFO - property_id: T88301600
2026-02-01 02:19:21 - INFO - property_id: U88299420
2026-02-01 02:19:21 - INFO - property_id: F88299234
2026-02-01 02:19:21 - INFO - property_id: K84709154
2026-02-01 02:19:21 - INFO - property_id: Q87293972
2026-02-01 02:19:21 - INFO - property_id: G88296218
2026-02-01 02:19:21 - INFO - property_id: O88238476
2026-02-01 02:19:21 - INFO - property_id: O70495704
2026-02-01 02:19:21 - INFO - property_id: G88291656
2026-02-01 02:19:21 - INFO - property_id: D88291416
2026-02-01 02:19:21 - INFO - property_id: P78310193
2026-02-01 02:19:21 - INFO - property_id: C88286756
2026-02-01 02:19:21 - INFO - property_id: L88286164
2026-02-01 02:19:21 - INFO - property_id: W88285734
2026-02-01 02:19:21 - INFO - property_id: G87620456
2026-02-01 02:19:21 - INFO - property_id: W88282850
2026-02-01 02:19:21 - INFO - property_id: A87604228
2026-02-01 02:19:21 - INFO - property_id: V88281884
2026-02-01 02:19:21 - INFO - property_id: D88280542
2026-02-01 02:19:21 - INFO - property_id: H57930222
2026-02-01 02:19:21 - INFO - property_id: S88279398
2026-02-01 02:19:21 - INFO - property_id: A87835188
2026-02-01 02:19:21 - INFO - property_id: D88258890
2026-02-01 02:19:21 - INFO - property_id: Z88243456
2026-02-01 02:19:21 - INFO - property_id: J88216624
2026-02-01 02:19:21 - INFO - property_id: C88271812
2026-02-01 02:19:21 - INFO - property_id: G84841656
2026-02-01 02:19:21 - INFO - property_id: M88270796
2026-02-01 02:19:21 - INFO - property_id: Z52594582
2026-02-01 02:19:21 - INFO - property_id: N68756898
2026-02-01 02:19:21 - INFO - property_id: Y88269336
2026-02-01 02:19:21 - INFO - property_id: D88267486
2026-02-01 02:19:21 - INFO - property_id: N87439378
2026-02-01 02:19:21 - INFO - property_id: K88264898
2026-02-01 02:19:21 - INFO - property_id: Z88264562
2026-02-01 02:19:21 - INFO - property_id: R88264512
2026-02-01 02:19:21 - INFO - property_id: G88264152
2026-02-01 02:19:21 - INFO - property_id: K88264102
2026-02-01 02:19:21 - INFO - property_id: Y88264030
2026-02-01 02:19:21 - INFO - property_id: O88264028
2026-02-01 02:19:21 - INFO - property_id: I88263778
2026-02-01 02:19:21 - INFO - property_id: A88263752
2026-02-01 02:19:21 - INFO - property_id: H88262298
2026-02-01 02:19:21 - INFO - property_id: B88262220
2026-02-01 02:19:21 - INFO - property_id: R88261790
2026-02-01 02:19:21 - INFO - property_id: S88261302
2026-02-01 02:19:21 - INFO - property_id: E86063142
2026-02-01 02:19:21 - INFO - property_id: X88260296
2026-02-01 02:19:21 - INFO - property_id: I88259670
2026-02-01 02:19:21 - INFO - property_id: C79660215
2026-02-01 02:19:21 - INFO - property_id: X88214994
2026-02-01 02:19:21 - INFO - property_id: B81208733
2026-02-01 02:19:21 - INFO - property_id: G88253956
2026-02-01 02:19:21 - INFO - property_id: U85740680
2026-02-01 02:19:21 - INFO - property_id: I88251800
2026-02-01 02:19:21 - INFO - property_id: N78544717
2026-02-01 02:19:21 - INFO - property_id: S82095966
2026-02-01 02:19:21 - INFO - property_id: N88247780
2026-02-01 02:19:21 - INFO - property_id: N88246718
2026-02-01 02:19:21 - INFO - property_id: X88245764
2026-02-01 02:19:21 - INFO - property_id: H88244728
2026-02-01 02:19:21 - INFO - property_id: K88242460
2026-02-01 02:19:21 - INFO - property_id: M88242288
2026-02-01 02:19:21 - INFO - property_id: C88240390
2026-02-01 02:19:21 - INFO - property_id: T88237008
2026-02-01 02:19:21 - INFO - property_id: I86013676
2026-02-01 02:19:21 - INFO - property_id: Q88234914
2026-02-01 02:19:21 - INFO - property_id: I88234778
2026-02-01 02:19:21 - INFO - property_id: Y88233074
2026-02-01 02:19:21 - INFO - property_id: C88114006
2026-02-01 02:19:21 - INFO - property_id: R88232220
2026-02-01 02:19:21 - INFO - property_id: M88230170
2026-02-01 02:19:21 - INFO - property_id: V88214896
2026-02-01 02:19:21 - INFO - property_id: Z52869644
2026-02-01 02:19:21 - INFO - property_id: E88227786
2026-02-01 02:19:21 - INFO - property_id: Y88225504
2026-02-01 02:19:21 - INFO - property_id: A88222138
2026-02-01 02:19:21 - INFO - property_id: C88165942
2026-02-01 02:19:21 - INFO - property_id: R88220804
2026-02-01 02:19:21 - INFO - property_id: I88173246
2026-02-01 02:19:21 - INFO - property_id: Y68829680
2026-02-01 02:19:21 - INFO - property_id: C83523588
2026-02-01 02:19:21 - INFO - property_id: X88214038
2026-02-01 02:19:21 - INFO - property_id: I88213594
2026-02-01 02:19:21 - INFO - property_id: N88213520
2026-02-01 02:19:21 - INFO - property_id: P88212916
2026-02-01 02:19:21 - INFO - property_id: V88211790
2026-02-01 02:19:21 - INFO - property_id: H88211620
2026-02-01 02:19:21 - INFO - property_id: I88210942
2026-02-01 02:19:21 - INFO - property_id: E88210632
2026-02-01 02:19:21 - INFO - property_id: G88209538
2026-02-01 02:19:21 - INFO - property_id: X88209170
2026-02-01 02:19:21 - INFO - property_id: B88208282
2026-02-01 02:19:21 - INFO - property_id: W88207946
2026-02-01 02:19:21 - INFO - property_id: A46556013
2026-02-01 02:19:21 - INFO - property_id: B88205860
2026-02-01 02:19:21 - INFO - property_id: E40294537
2026-02-01 02:19:21 - INFO - property_id: G88205530
2026-02-01 02:19:21 - INFO - property_id: Q61487480
2026-02-01 02:19:21 - INFO - property_id: T88204232
2026-02-01 02:19:21 - INFO - property_id: X88203850
2026-02-01 02:19:21 - INFO - property_id: B67964648
2026-02-01 02:19:21 - INFO - property_id: C88203182
2026-02-01 02:19:21 - INFO - property_id: L88202912
2026-02-01 02:19:21 - INFO - property_id: X88198224
2026-02-01 02:19:21 - INFO - property_id: S81158759
2026-02-01 02:19:21 - INFO - property_id: B88156016
2026-02-01 02:19:21 - INFO - property_id: C76092259
2026-02-01 02:19:21 - INFO - property_id: Y73378385
2026-02-01 02:19:21 - INFO - property_id: Q76596257
2026-02-01 02:19:21 - INFO - property_id: F88192212
2026-02-01 02:19:21 - INFO - property_id: Z88191842
2026-02-01 02:19:21 - INFO - property_id: O88191150
2026-02-01 02:19:21 - INFO - property_id: I88190100
2026-02-01 02:19:21 - INFO - property_id: Q88186390
2026-02-01 02:19:21 - INFO - property_id: W88168102
2026-02-01 02:19:21 - INFO - property_id: Q87791530
2026-02-01 02:19:21 - INFO - property_id: 458615
2026-02-01 02:19:21 - INFO - property_id: N88181558
2026-02-01 02:19:21 - INFO - property_id: I64576000
2026-02-01 02:19:21 - INFO - property_id: B88177758
2026-02-01 02:19:21 - INFO - property_id: H88177182
2026-02-01 02:19:21 - INFO - property_id: E88177030
2026-02-01 02:19:21 - INFO - property_id: V87479468
2026-02-01 02:19:21 - INFO - property_id: I26695491
2026-02-01 02:19:21 - INFO - property_id: Z88176116
2026-02-01 02:19:21 - INFO - property_id: T88175886
2026-02-01 02:19:21 - INFO - property_id: X88159038
2026-02-01 02:19:21 - INFO - property_id: W87060092
2026-02-01 02:19:21 - INFO - property_id: W29187797
2026-02-01 02:19:21 - INFO - property_id: E88174804
2026-02-01 02:19:21 - INFO - property_id: T75173793
2026-02-01 02:19:21 - INFO - property_id: F88172348
2026-02-01 02:19:21 - INFO - property_id: Y88172292
2026-02-01 02:19:21 - INFO - property_id: Z71451206
2026-02-01 02:19:21 - INFO - property_id: F88171112
2026-02-01 02:19:21 - INFO - property_id: M80311807
2026-02-01 02:19:21 - INFO - property_id: D74108065
2026-02-01 02:19:21 - INFO - property_id: H88169266
2026-02-01 02:19:21 - INFO - property_id: R87709550
2026-02-01 02:19:21 - INFO - property_id: G88168354
2026-02-01 02:19:21 - INFO - property_id: V88139252
2026-02-01 02:19:21 - INFO - property_id: S85644268
2026-02-01 02:19:21 - INFO - property_id: Q85541100
2026-02-01 02:19:21 - INFO - property_id: D88166484
2026-02-01 02:19:21 - INFO - property_id: Y86725162
2026-02-01 02:19:21 - INFO - property_id: D88006218
2026-02-01 02:19:21 - INFO - property_id: B88120960
2026-02-01 02:19:21 - INFO - property_id: N88164204
2026-02-01 02:19:21 - INFO - property_id: U88164148
2026-02-01 02:19:21 - INFO - property_id: L88163984
2026-02-01 02:19:21 - INFO - property_id: D88163228
2026-02-01 02:19:21 - INFO - property_id: K88160432
2026-02-01 02:19:21 - INFO - property_id: G88158574
2026-02-01 02:19:21 - INFO - property_id: D88157702
2026-02-01 02:19:21 - INFO - property_id: C88156590
2026-02-01 02:19:21 - INFO - property_id: S88156584
2026-02-01 02:19:21 - INFO - property_id: B88152436
2026-02-01 02:19:21 - INFO - property_id: V88152050
2026-02-01 02:19:21 - INFO - property_id: M88151170
2026-02-01 02:19:21 - INFO - property_id: I88150668
2026-02-01 02:19:21 - INFO - property_id: O88149962
2026-02-01 02:19:21 - INFO - property_id: M88149952
2026-02-01 02:19:21 - INFO - property_id: I88149850
2026-02-01 02:19:21 - INFO - property_id: I88149850
2026-02-01 02:19:21 - INFO - property_id: F88149556
2026-02-01 02:19:21 - INFO - property_id: K88149022
2026-02-01 02:19:21 - INFO - property_id: Z88148232
2026-02-01 02:19:21 - INFO - property_id: Q74382879
2026-02-01 02:19:21 - INFO - property_id: R78299057
2026-02-01 02:19:21 - INFO - property_id: L88146578
2026-02-01 02:19:21 - INFO - property_id: X88144226
2026-02-01 02:19:21 - INFO - property_id: U88139568
2026-02-01 02:19:21 - INFO - property_id: U63542692
2026-02-01 02:19:21 - INFO - property_id: S88138360
2026-02-01 02:19:21 - INFO - property_id: C88138208
2026-02-01 02:19:21 - INFO - property_id: Y88137608
2026-02-01 02:19:21 - INFO - property_id: R88137596
2026-02-01 02:19:21 - INFO - property_id: M88136328
2026-02-01 02:19:21 - INFO - property_id: H82052356
2026-02-01 02:19:21 - INFO - property_id: I88135084
2026-02-01 02:19:21 - INFO - property_id: M88134848
2026-02-01 02:19:21 - INFO - property_id: L88131734
2026-02-01 02:19:21 - INFO - property_id: O88130044
2026-02-01 02:19:21 - INFO - property_id: S87921190
2026-02-01 02:19:21 - INFO - property_id: J83552018
2026-02-01 02:19:21 - INFO - property_id: T88129418
2026-02-01 02:19:21 - INFO - property_id: J88129158
2026-02-01 02:19:21 - INFO - property_id: F88128990
2026-02-01 02:19:21 - INFO - property_id: D88125424
2026-02-01 02:19:21 - INFO - property_id: H88123866
2026-02-01 02:19:21 - INFO - property_id: N70164614
2026-02-01 02:19:21 - INFO - property_id: W88119692
2026-02-01 02:19:21 - INFO - property_id: S88119664
2026-02-01 02:19:21 - INFO - property_id: T88118920
2026-02-01 02:19:21 - INFO - property_id: U87727996
2026-02-01 02:19:21 - INFO - property_id: U87725526
2026-02-01 02:19:21 - INFO - property_id: I87791410
2026-02-01 02:19:21 - INFO - property_id: H88117674
2026-02-01 02:19:21 - INFO - property_id: U88117194
2026-02-01 02:19:21 - INFO - property_id: Y64139082
2026-02-01 02:19:21 - INFO - property_id: I88112514
2026-02-01 02:19:21 - INFO - property_id: U88009316
2026-02-01 02:19:21 - INFO - property_id: D88110404
2026-02-01 02:19:21 - INFO - property_id: P88099874
2026-02-01 02:19:21 - INFO - property_id: W88109448
2026-02-01 02:19:21 - INFO - property_id: C88108634
2026-02-01 02:19:21 - INFO - property_id: V88108276
2026-02-01 02:19:21 - INFO - property_id: T88107850
2026-02-01 02:19:21 - INFO - property_id: T88106220
2026-02-01 02:19:21 - INFO - property_id: W88105082
2026-02-01 02:19:21 - INFO - property_id: P66661242
2026-02-01 02:19:21 - INFO - property_id: S88101028
2026-02-01 02:19:21 - INFO - property_id: L77176857
2026-02-01 02:19:21 - INFO - property_id: V88098836
2026-02-01 02:19:21 - INFO - property_id: A88097528
2026-02-01 02:19:21 - INFO - property_id: E74823331
2026-02-01 02:19:21 - INFO - property_id: R88089180
2026-02-01 02:19:21 - INFO - property_id: P84517042
2026-02-01 02:19:21 - INFO - property_id: K88086654
2026-02-01 02:19:21 - INFO - property_id: E88086376
2026-02-01 02:19:21 - INFO - property_id: N88085632
2026-02-01 02:19:21 - INFO - property_id: W88085508
2026-02-01 02:19:21 - INFO - property_id: K88085444
2026-02-01 02:19:21 - INFO - property_id: Y88082778
2026-02-01 02:19:21 - INFO - property_id: Q83902064
2026-02-01 02:19:21 - INFO - property_id: E88081724
2026-02-01 02:19:21 - INFO - property_id: Q88079932
2026-02-01 02:19:21 - INFO - property_id: F88078608
2026-02-01 02:19:21 - INFO - property_id: G88078496
2026-02-01 02:19:21 - INFO - property_id: J88076838
2026-02-01 02:19:21 - INFO - property_id: U88074848
2026-02-01 02:19:21 - INFO - property_id: Y76071081
2026-02-01 02:19:21 - INFO - property_id: X88074208
2026-02-01 02:19:21 - INFO - property_id: T63772748
2026-02-01 02:19:21 - INFO - property_id: L88071256
2026-02-01 02:19:21 - INFO - property_id: W88067446
2026-02-01 02:19:21 - INFO - property_id: C85697332
2026-02-01 02:19:21 - INFO - property_id: Q56294502
2026-02-01 02:19:21 - INFO - property_id: Q56294502
2026-02-01 02:19:21 - INFO - property_id: S87899712
2026-02-01 02:19:21 - INFO - property_id: F75567213
2026-02-01 02:19:21 - INFO - property_id: J85423720
2026-02-01 02:19:21 - INFO - property_id: I88055958
2026-02-01 02:19:21 - INFO - property_id: Y88054904
2026-02-01 02:19:21 - INFO - property_id: H88047378
2026-02-01 02:19:21 - INFO - property_id: A88045880
2026-02-01 02:19:21 - INFO - property_id: G87440754
2026-02-01 02:19:21 - INFO - property_id: U83549836
2026-02-01 02:19:21 - INFO - property_id: J88039268
2026-02-01 02:19:21 - INFO - property_id: P88039214
2026-02-01 02:19:21 - INFO - property_id: V88037626
2026-02-01 02:19:21 - INFO - property_id: 405561
2026-02-01 02:19:21 - INFO - property_id: M73674697
2026-02-01 02:19:21 - INFO - property_id: G88030794
2026-02-01 02:19:21 - INFO - property_id: T80912569
2026-02-01 02:19:21 - INFO - property_id: Q88029454
2026-02-01 02:19:21 - INFO - property_id: Q88027850
2026-02-01 02:19:21 - INFO - property_id: L81716928
2026-02-01 02:19:21 - INFO - property_id: I88005998
2026-02-01 02:19:21 - INFO - property_id: C88002040
2026-02-01 02:19:21 - INFO - property_id: N88024424
2026-02-01 02:19:21 - INFO - property_id: V87973392
2026-02-01 02:19:21 - INFO - property_id: X87939564
2026-02-01 02:28:19 - INFO - Total: 1628 | Done: 1 | New: 1627
2026-02-01 02:28:19 - INFO - 🚀 Starting multithreaded extraction for 1627 projects with 3 workers...
2026-02-01 02:28:19 - INFO - Processing property_id: listing_id
2026-02-01 02:28:19 - INFO - Processing property_id: 455077
2026-02-01 02:28:19 - INFO - Processing property_id: 414403
2026-02-01 02:28:19 - INFO - Processing property_id: 455919
2026-02-01 02:28:19 - INFO - Processing property_id: 436196
2026-02-01 02:28:19 - INFO - Processing property_id: 406898
2026-02-01 02:28:19 - INFO - Processing property_id: 396846
2026-02-01 02:28:19 - INFO - Processing property_id: 455886
2026-02-01 02:28:19 - INFO - Processing property_id: 455303
2026-02-01 02:28:19 - INFO - Processing property_id: 414575
2026-02-01 02:28:19 - INFO - Processing property_id: 449506
2026-02-01 02:28:19 - INFO - Processing property_id: 448193
2026-02-01 02:28:19 - INFO - Processing property_id: 437262
2026-02-01 02:28:19 - INFO - Processing property_id: 454668
2026-02-01 02:28:19 - INFO - Processing property_id: 434059
2026-02-01 02:28:19 - INFO - Processing property_id: 441166
2026-02-01 02:28:19 - INFO - Processing property_id: 453036
2026-02-01 02:28:19 - INFO - Processing property_id: 426865
2026-02-01 02:28:19 - INFO - Processing property_id: 412517
2026-02-01 02:28:19 - INFO - Processing property_id: 437858
2026-02-01 02:28:19 - INFO - Processing property_id: 398882
2026-02-01 02:28:19 - INFO - Processing property_id: 439275
2026-02-01 02:28:19 - INFO - Processing property_id: 419821
2026-02-01 02:28:19 - INFO - Processing property_id: 448207
2026-02-01 02:28:19 - INFO - Processing property_id: 441826
2026-02-01 02:28:19 - INFO - Processing property_id: 423634
2026-02-01 02:28:19 - INFO - Processing property_id: 395978
2026-02-01 02:28:19 - INFO - Processing property_id: 415849
2026-02-01 02:28:19 - INFO - Processing property_id: 395198
2026-02-01 02:28:19 - WARNING - 🛑 Rate limit hit (30 requests). Sleeping for 83s...
2026-02-01 02:28:19 - INFO - Processing property_id: 386911
2026-02-01 02:28:19 - INFO - Processing property_id: 417556
2026-02-01 02:28:19 - INFO - Processing property_id: 425110
2026-02-01 02:28:19 - INFO - Processing property_id: 426093
2026-02-01 02:28:19 - INFO - Processing property_id: 448663
2026-02-01 02:28:19 - INFO - Processing property_id: 449421
2026-02-01 02:28:19 - INFO - Processing property_id: 419031
2026-02-01 02:28:19 - INFO - Processing property_id: 430740
2026-02-01 02:28:19 - INFO - Processing property_id: 419815
2026-02-01 02:28:19 - INFO - Processing property_id: 448200
2026-02-01 02:28:19 - INFO - Processing property_id: 439503
2026-02-01 02:28:19 - INFO - Processing property_id: 451304
2026-02-01 02:28:19 - INFO - Processing property_id: 423125
2026-02-01 02:28:19 - INFO - Processing property_id: 396174
2026-02-01 02:28:19 - INFO - Processing property_id: 450209
2026-02-01 02:28:19 - INFO - Processing property_id: 439513
2026-02-01 02:28:19 - INFO - Processing property_id: 3330
2026-02-01 02:28:19 - INFO - Processing property_id: 415440
2026-02-01 02:28:19 - INFO - Processing property_id: 367377
2026-02-01 02:28:19 - INFO - Processing property_id: 245177
2026-02-01 02:28:19 - INFO - Processing property_id: 398938
2026-02-01 02:28:19 - INFO - Processing property_id: 411844
2026-02-01 02:28:19 - INFO - Processing property_id: 449620
2026-02-01 02:28:19 - INFO - Processing property_id: 414100
2026-02-01 02:28:19 - INFO - Processing property_id: 438738
2026-02-01 02:28:19 - INFO - Processing property_id: 417174
2026-02-01 02:28:19 - INFO - Processing property_id: 448884
2026-02-01 02:28:19 - INFO - Processing property_id: 422312
2026-02-01 02:28:19 - INFO - Processing property_id: 426539
2026-02-01 02:28:19 - WARNING - 🛑 Rate limit hit (60 requests). Sleeping for 100s...
2026-02-01 02:28:19 - INFO - Processing property_id: 389184
2026-02-01 02:28:19 - INFO - Processing property_id: 454047
2026-02-01 02:28:19 - INFO - Processing property_id: 410304
2026-02-01 02:28:19 - INFO - Processing property_id: 424911
2026-02-01 02:28:19 - INFO - Processing property_id: 426092
2026-02-01 02:28:19 - INFO - Processing property_id: 441745
2026-02-01 02:28:19 - INFO - Processing property_id: 449721
2026-02-01 02:28:19 - INFO - Processing property_id: 388209
2026-02-01 02:28:19 - INFO - Processing property_id: 428544
2026-02-01 02:28:19 - INFO - Processing property_id: 454890
2026-02-01 02:28:19 - INFO - Processing property_id: 411006
2026-02-01 02:28:19 - INFO - Processing property_id: 454037
2026-02-01 02:28:19 - INFO - Processing property_id: 403091
2026-02-01 02:28:19 - INFO - Processing property_id: 392606
2026-02-01 02:28:19 - INFO - Processing property_id: 443113
2026-02-01 02:28:19 - INFO - Processing property_id: 395251
2026-02-01 02:28:19 - INFO - Processing property_id: 432142
2026-02-01 02:28:19 - INFO - Processing property_id: 442741
2026-02-01 02:28:19 - INFO - Processing property_id: 401645
2026-02-01 02:28:19 - INFO - Processing property_id: 451311
2026-02-01 02:28:19 - INFO - Processing property_id: 371407
2026-02-01 02:28:19 - INFO - Processing property_id: 424389
2026-02-01 02:28:19 - INFO - Processing property_id: 415447
2026-02-01 02:28:19 - INFO - Processing property_id: 436210
2026-02-01 02:28:19 - INFO - Processing property_id: 438182
2026-02-01 02:28:19 - INFO - Processing property_id: 424874
2026-02-01 02:28:19 - INFO - Processing property_id: 441841
2026-02-01 02:28:19 - INFO - Processing property_id: 408676
2026-02-01 02:28:19 - INFO - Processing property_id: 419816
2026-02-01 02:28:19 - WARNING - 🛑 Rate limit hit (90 requests). Sleeping for 70s...
2026-02-01 02:29:29 - INFO - ▶️ Resuming operations.
2026-02-01 02:29:29 - INFO - Processing property_id: 457116
2026-02-01 02:29:29 - INFO - Processing property_id: 429441
2026-02-01 02:29:29 - INFO - Processing property_id: 449432
2026-02-01 02:29:29 - INFO - Processing property_id: 392363
2026-02-01 02:29:29 - INFO - Processing property_id: 402571
2026-02-01 02:29:29 - INFO - Processing property_id: 417559
2026-02-01 02:29:29 - INFO - Processing property_id: 430200
2026-02-01 02:29:29 - INFO - Processing property_id: 417218
2026-02-01 02:29:29 - INFO - Processing property_id: 451125
2026-02-01 02:29:29 - INFO - Processing property_id: 423640
2026-02-01 02:29:29 - INFO - Processing property_id: 455923
2026-02-01 02:29:29 - INFO - Processing property_id: 388125
2026-02-01 02:29:29 - INFO - Processing property_id: 393086
2026-02-01 02:29:29 - INFO - Processing property_id: 423882
2026-02-01 02:29:29 - INFO - Processing property_id: 379963
2026-02-01 02:29:29 - INFO - Processing property_id: 429129
2026-02-01 02:29:29 - INFO - Processing property_id: 428567
2026-02-01 02:29:29 - INFO - Processing property_id: 382211
2026-02-01 02:29:29 - INFO - Processing property_id: 399881
2026-02-01 02:29:29 - INFO - Processing property_id: 431984
2026-02-01 02:29:29 - INFO - Processing property_id: 419827
2026-02-01 02:29:29 - INFO - Processing property_id: 384222
2026-02-01 02:29:29 - INFO - Processing property_id: 404274
2026-02-01 02:29:29 - INFO - Processing property_id: 449709
2026-02-01 02:29:29 - INFO - Processing property_id: 428546
2026-02-01 02:29:29 - INFO - Processing property_id: 402982
2026-02-01 02:29:29 - INFO - Processing property_id: 393896
2026-02-01 02:29:29 - INFO - Processing property_id: 450275
2026-02-01 02:29:29 - INFO - Processing property_id: 430025
2026-02-01 02:29:29 - INFO - Processing property_id: 412724
2026-02-01 02:29:29 - WARNING - 🛑 Rate limit hit (120 requests). Sleeping for 107s...
2026-02-01 02:29:42 - INFO - ▶️ Resuming operations.
2026-02-01 02:29:42 - INFO - Processing property_id: 438863
2026-02-01 02:29:42 - INFO - Processing property_id: 422985
2026-02-01 02:29:42 - INFO - Processing property_id: 414571
2026-02-01 02:29:42 - INFO - Processing property_id: 438445
2026-02-01 02:29:42 - INFO - Processing property_id: 458948
2026-02-01 02:29:42 - INFO - Processing property_id: 411626
2026-02-01 02:29:42 - INFO - Processing property_id: 451210
2026-02-01 02:29:42 - INFO - Processing property_id: 398004
2026-02-01 02:29:42 - INFO - Processing property_id: 408242
2026-02-01 02:29:42 - INFO - Processing property_id: 426600
2026-02-01 02:29:42 - INFO - Processing property_id: 410305
2026-02-01 02:29:42 - INFO - Processing property_id: 441467
2026-02-01 02:29:42 - INFO - Processing property_id: 436205
2026-02-01 02:29:42 - INFO - Processing property_id: 417224
2026-02-01 02:29:42 - INFO - Processing property_id: 449527
2026-02-01 02:29:42 - INFO - Processing property_id: 389974
2026-02-01 02:29:42 - INFO - Processing property_id: 378203
2026-02-01 02:29:42 - INFO - Processing property_id: 431635
2026-02-01 02:29:42 - INFO - Processing property_id: 441860
2026-02-01 02:29:42 - INFO - Processing property_id: 405467
2026-02-01 02:29:42 - INFO - Processing property_id: 455383
2026-02-01 02:29:42 - INFO - Processing property_id: 298215
2026-02-01 02:29:42 - INFO - Processing property_id: 423636
2026-02-01 02:29:42 - INFO - Processing property_id: 420353
2026-02-01 02:29:42 - INFO - Processing property_id: 410064
2026-02-01 02:29:42 - INFO - Processing property_id: 440113
2026-02-01 02:29:42 - INFO - Processing property_id: 423133
2026-02-01 02:29:42 - INFO - Processing property_id: 434292
2026-02-01 02:29:42 - INFO - Processing property_id: 437111
2026-02-01 02:29:42 - INFO - Processing property_id: 332195
2026-02-01 02:29:42 - WARNING - 🛑 Rate limit hit (150 requests). Sleeping for 79s...
2026-02-01 02:42:20 - INFO - Successfully read 1627 listing IDs
2026-02-01 02:42:20 - INFO - Total: 1627 | Done: 188 | New: 1439
2026-02-01 02:44:11 - INFO - Successfully read 1627 listing IDs
2026-02-01 02:44:11 - INFO - read data fron file 1 is 100
2026-02-01 02:44:11 - INFO - read data fron file 1 is 746
2026-02-01 02:44:11 - INFO - Total: 1627 | Done: 188 | New: 1439
2026-02-01 02:53:47 - INFO - Successfully read 1627 listing IDs
2026-02-01 02:53:47 - INFO - Total: 1627 | Done: 188 | New: 1439
2026-02-01 02:53:47 - INFO - 🚀 Starting multithreaded extraction for 1439 projects with 3 workers...
2026-02-01 02:53:47 - INFO - Processing property_id: 439513
2026-02-01 02:53:47 - INFO - 🔢 Detected Numeric ID 439513 -> calling process_single_project
2026-02-01 02:53:47 - INFO - Processing property_id: 438182
2026-02-01 02:53:47 - INFO - Fetching details for project ID: 439513
2026-02-01 02:53:47 - INFO - Processing property_id: 430200
2026-02-01 02:53:47 - INFO - 🔢 Detected Numeric ID 438182 -> calling process_single_project
2026-02-01 02:53:47 - INFO - 🔢 Detected Numeric ID 430200 -> calling process_single_project
2026-02-01 02:53:47 - INFO - Fetching details for project ID: 438182
2026-02-01 02:53:47 - INFO - Fetching details for project ID: 430200
2026-02-01 02:53:48 - ERROR - Error in thread for ID 430200: [Errno 13] Permission denied: '99acres_projects.csv'
2026-02-01 02:53:48 - INFO - Processing property_id: 451125
2026-02-01 02:53:48 - INFO - 🔢 Detected Numeric ID 451125 -> calling process_single_project
2026-02-01 02:53:48 - INFO - Fetching details for project ID: 451125
2026-02-01 02:53:48 - ERROR - Error in thread for ID 438182: [Errno 13] Permission denied: '99acres_projects.csv'
2026-02-01 02:53:48 - INFO - Processing property_id: 382211
2026-02-01 02:53:48 - INFO - 🔢 Detected Numeric ID 382211 -> calling process_single_project
2026-02-01 02:53:48 - INFO - Fetching details for project ID: 382211
2026-02-01 02:54:03 - ERROR - Error fetching project details: HTTPSConnectionPool(host='www.99acres.com', port=443): Read timed out. (read timeout=15)
2026-02-01 02:54:03 - INFO - Processing property_id: 438445
2026-02-01 02:54:03 - INFO - 🔢 Detected Numeric ID 438445 -> calling process_single_project
2026-02-01 02:54:03 - INFO - Fetching details for project ID: 438445
2026-02-01 02:54:04 - ERROR - Error in thread for ID 438445: [Errno 13] Permission denied: '99acres_projects.csv'
2026-02-01 02:54:04 - INFO - Processing property_id: 438107
2026-02-01 02:54:04 - INFO - 🔢 Detected Numeric ID 438107 -> calling process_single_project
2026-02-01 02:54:04 - INFO - Fetching details for project ID: 438107
2026-02-01 02:54:04 - ERROR - Error fetching project details: HTTPSConnectionPool(host='www.99acres.com', port=443): Read timed out. (read timeout=15)
2026-02-01 02:54:04 - INFO - Processing property_id: 450053
2026-02-01 02:54:04 - INFO - 🔢 Detected Numeric ID 450053 -> calling process_single_project
2026-02-01 02:54:04 - INFO - Fetching details for project ID: 450053
2026-02-01 02:54:04 - ERROR - Error fetching project details: HTTPSConnectionPool(host='www.99acres.com', port=443): Read timed out. (read timeout=15)
2026-02-01 02:54:04 - INFO - Processing property_id: 419824
2026-02-01 02:54:04 - INFO - 🔢 Detected Numeric ID 419824 -> calling process_single_project
2026-02-01 02:54:04 - INFO - Fetching details for project ID: 419824
2026-02-01 02:54:04 - ERROR - Error in thread for ID 438107: [Errno 13] Permission denied: '99acres_projects.csv'
2026-02-01 02:54:04 - INFO - Processing property_id: 454924
2026-02-01 02:54:04 - INFO - 🔢 Detected Numeric ID 454924 -> calling process_single_project
2026-02-01 02:54:04 - INFO - Fetching details for project ID: 454924
2026-02-01 02:54:05 - ERROR - Error in thread for ID 419824: [Errno 13] Permission denied: '99acres_projects.csv'
2026-02-01 02:54:05 - INFO - Processing property_id: B87733298
2026-02-01 02:54:05 - INFO - 🔤 Detected Alphanumeric ID B87733298 -> calling process
2026-02-01 02:54:07 - INFO - ✅ Fetched page successfully: 200
2026-02-01 02:54:07 - INFO - ✅ window.__initialData__ extracted successfully
2026-02-01 02:54:07 - ERROR - Skip B87733298: ❌ Property data node not found in extracted JSON
2026-02-01 02:54:07 - INFO - Processing property_id: M88303446
2026-02-01 02:54:07 - INFO - 🔤 Detected Alphanumeric ID M88303446 -> calling process
2026-02-01 02:54:12 - ERROR - ❌ Error fetching page: HTTPSConnectionPool(host='www.99acres.com', port=443): Read timed out. (read timeout=5)
2026-02-01 02:54:12 - INFO - Processing property_id: L87447004
2026-02-01 02:54:12 - INFO - 🔤 Detected Alphanumeric ID L87447004 -> calling process
2026-02-01 02:54:14 - INFO - ✅ Fetched page successfully: 200
2026-02-01 02:54:14 - INFO - ✅ window.__initialData__ extracted successfully
2026-02-01 02:54:14 - ERROR - Skip L87447004: ❌ Property data node not found in extracted JSON
2026-02-01 02:54:14 - INFO - Processing property_id: U88177770
2026-02-01 02:54:14 - INFO - 🔤 Detected Alphanumeric ID U88177770 -> calling process
2026-02-01 02:54:16 - INFO - ✅ Fetched page successfully: 200
2026-02-01 02:54:16 - INFO - ✅ window.__initialData__ extracted successfully
2026-02-01 02:54:16 - ERROR - Skip U88177770: ❌ Property data node not found in extracted JSON
2026-02-01 02:54:16 - INFO - Processing property_id: C87534016
2026-02-01 02:54:16 - INFO - 🔤 Detected Alphanumeric ID C87534016 -> calling process
2026-02-01 02:54:18 - INFO - ✅ Fetched page successfully: 200
2026-02-01 02:54:18 - INFO - ✅ window.__initialData__ extracted successfully
2026-02-01 02:54:18 - ERROR - Skip C87534016: ❌ Property data node not found in extracted JSON
2026-02-01 02:54:18 - INFO - Processing property_id: C87221052
2026-02-01 02:54:18 - INFO - 🔤 Detected Alphanumeric ID C87221052 -> calling process
2026-02-01 02:54:20 - ERROR - Error fetching project details: HTTPSConnectionPool(host='www.99acres.com', port=443): Read timed out. (read timeout=15)
2026-02-01 02:54:20 - INFO - Processing property_id: D75991359
2026-02-01 02:54:20 - INFO - 🔤 Detected Alphanumeric ID D75991359 -> calling process
2026-02-01 02:54:20 - ERROR - Error fetching project details: HTTPSConnectionPool(host='www.99acres.com', port=443): Read timed out. (read timeout=15)
2026-02-01 02:54:20 - INFO - Processing property_id: D88199610
2026-02-01 02:54:20 - INFO - 🔤 Detected Alphanumeric ID D88199610 -> calling process
2026-02-01 02:54:20 - INFO - ✅ Fetched page successfully: 200
2026-02-01 02:54:21 - INFO - ✅ window.__initialData__ extracted successfully
2026-02-01 02:54:21 - ERROR - Skip C87221052: ❌ Property data node not found in extracted JSON
2026-02-01 02:54:21 - INFO - Processing property_id: U88318652
2026-02-01 02:54:21 - INFO - 🔤 Detected Alphanumeric ID U88318652 -> calling process
2026-02-01 02:54:21 - INFO - ✅ Fetched page successfully: 200
2026-02-01 02:54:21 - INFO - ✅ window.__initialData__ extracted successfully
2026-02-01 02:54:21 - INFO - ✅ Property node detected
2026-02-01 02:54:21 - INFO - ✅ Saved: Flat/Apartment for Sale in Ran...
2026-02-01 02:54:21 - INFO - Processing property_id: F84658978
2026-02-01 02:54:21 - INFO - 🔤 Detected Alphanumeric ID F84658978 -> calling process
2026-02-01 02:54:22 - INFO - ✅ Fetched page successfully: 200
2026-02-01 02:54:22 - INFO - ✅ window.__initialData__ extracted successfully
2026-02-01 02:54:22 - ERROR - Skip D88199610: ❌ Property data node not found in extracted JSON
2026-02-01 02:54:22 - INFO - Processing property_id: N84289002
2026-02-01 02:54:22 - INFO - 🔤 Detected Alphanumeric ID N84289002 -> calling process
2026-02-01 02:54:22 - INFO - ✅ Fetched page successfully: 200
2026-02-01 02:54:22 - INFO - ✅ window.__initialData__ extracted successfully
2026-02-01 02:54:22 - ERROR - Skip U88318652: ❌ Property data node not found in extracted JSON
2026-02-01 02:54:22 - INFO - Processing property_id: Q82835320
2026-02-01 02:54:22 - INFO - 🔤 Detected Alphanumeric ID Q82835320 -> calling process
2026-02-01 02:54:23 - INFO - ✅ Fetched page successfully: 200
2026-02-01 02:54:23 - INFO - ✅ window.__initialData__ extracted successfully
2026-02-01 02:54:23 - ERROR - Skip F84658978: ❌ Property data node not found in extracted JSON
2026-02-01 02:54:23 - INFO - Processing property_id: B77278671
2026-02-01 02:54:23 - INFO - 🔤 Detected Alphanumeric ID B77278671 -> calling process
2026-02-01 02:54:24 - INFO - ✅ Fetched page successfully: 200
2026-02-01 02:54:24 - INFO - ✅ window.__initialData__ extracted successfully
2026-02-01 02:54:24 - ERROR - Skip N84289002: ❌ Property data node not found in extracted JSON
2026-02-01 02:54:24 - INFO - Processing property_id: E88465900
2026-02-01 02:54:24 - INFO - 🔤 Detected Alphanumeric ID E88465900 -> calling process
2026-02-01 02:54:25 - INFO - ✅ Fetched page successfully: 200
2026-02-01 02:54:25 - INFO - ✅ window.__initialData__ extracted successfully
2026-02-01 02:54:26 - ERROR - Skip B77278671: ❌ Property data node not found in extracted JSON
2026-02-01 02:54:26 - INFO - Processing property_id: K88077026
2026-02-01 02:54:26 - INFO - 🔤 Detected Alphanumeric ID K88077026 -> calling process
2026-02-01 02:54:26 - INFO - ✅ Fetched page successfully: 200
2026-02-01 02:54:26 - INFO - ✅ window.__initialData__ extracted successfully
2026-02-01 02:54:26 - ERROR - Skip E88465900: ❌ Property data node not found in extracted JSON
2026-02-01 02:54:26 - INFO - Processing property_id: M83206340
2026-02-01 02:54:26 - INFO - 🔤 Detected Alphanumeric ID M83206340 -> calling process
2026-02-01 02:54:27 - INFO - ✅ Fetched page successfully: 200
2026-02-01 02:54:27 - INFO - ✅ window.__initialData__ extracted successfully
2026-02-01 02:54:27 - ERROR - Skip K88077026: ❌ Property data node not found in extracted JSON
2026-02-01 02:54:27 - INFO - Processing property_id: H87697658
2026-02-01 02:54:27 - INFO - 🔤 Detected Alphanumeric ID H87697658 -> calling process
2026-02-01 02:54:28 - INFO - ✅ Fetched page successfully: 200
2026-02-01 02:54:28 - INFO - ✅ window.__initialData__ extracted successfully
2026-02-01 02:54:28 - ERROR - Skip M83206340: ❌ Property data node not found in extracted JSON
2026-02-01 02:54:28 - INFO - Processing property_id: Q80925667
2026-02-01 02:54:28 - INFO - 🔤 Detected Alphanumeric ID Q80925667 -> calling process
2026-02-01 02:54:28 - ERROR - ❌ Error fetching page: HTTPSConnectionPool(host='www.99acres.com', port=443): Read timed out. (read timeout=5)
2026-02-01 02:54:28 - INFO - Processing property_id: W86693224
2026-02-01 02:54:28 - INFO - 🔤 Detected Alphanumeric ID W86693224 -> calling process
2026-02-01 02:54:30 - INFO - ✅ Fetched page successfully: 200
2026-02-01 02:54:30 - INFO - ✅ window.__initialData__ extracted successfully
2026-02-01 02:54:30 - ERROR - Skip H87697658: ❌ Property data node not found in extracted JSON
2026-02-01 02:54:30 - INFO - Processing property_id: D86700128
2026-02-01 02:54:30 - ERROR - ❌ Thread exception: 'builtin_function_or_method' object has no attribute 'randint'
2026-02-01 02:54:30 - INFO - 🔤 Detected Alphanumeric ID D86700128 -> calling process
2026-02-01 02:54:30 - INFO - ✅ Fetched page successfully: 200
2026-02-01 02:54:30 - INFO - ✅ Fetched page successfully: 200
2026-02-01 02:54:30 - INFO - ✅ window.__initialData__ extracted successfully
2026-02-01 02:54:30 - ERROR - Skip W86693224: ❌ Property data node not found in extracted JSON
2026-02-01 02:54:30 - INFO - Processing property_id: C88064032
2026-02-01 02:54:30 - INFO - 🔤 Detected Alphanumeric ID C88064032 -> calling process
2026-02-01 02:54:31 - INFO - ✅ window.__initialData__ extracted successfully
2026-02-01 02:54:31 - ERROR - Skip Q80925667: ❌ Property data node not found in extracted JSON
2026-02-01 02:54:31 - INFO - Processing property_id: S86783344
2026-02-01 02:54:31 - INFO - 🔤 Detected Alphanumeric ID S86783344 -> calling process
2026-02-01 02:54:31 - INFO - ✅ Fetched page successfully: 200
2026-02-01 02:54:31 - INFO - ✅ window.__initialData__ extracted successfully
2026-02-01 02:54:31 - ERROR - Skip D86700128: ❌ Property data node not found in extracted JSON
2026-02-01 02:54:31 - INFO - Processing property_id: D88231266
2026-02-01 02:54:31 - INFO - 🔤 Detected Alphanumeric ID D88231266 -> calling process
2026-02-01 02:54:32 - INFO - ✅ Fetched page successfully: 200
2026-02-01 02:54:32 - INFO - ✅ window.__initialData__ extracted successfully
2026-02-01 02:54:32 - ERROR - Skip C88064032: ❌ Property data node not found in extracted JSON
2026-02-01 02:54:32 - INFO - Processing property_id: B87489806
2026-02-01 02:54:32 - INFO - 🔤 Detected Alphanumeric ID B87489806 -> calling process
2026-02-01 02:54:33 - INFO - ✅ Fetched page successfully: 200
2026-02-01 02:54:33 - INFO - ✅ window.__initialData__ extracted successfully
2026-02-01 02:54:33 - ERROR - Skip D88231266: ❌ Property data node not found in extracted JSON
2026-02-01 02:54:33 - INFO - Processing property_id: X88228106
2026-02-01 02:54:33 - INFO - 🔤 Detected Alphanumeric ID X88228106 -> calling process
2026-02-01 02:54:34 - INFO - ✅ Fetched page successfully: 200
2026-02-01 02:54:34 - INFO - ✅ window.__initialData__ extracted successfully
2026-02-01 02:54:34 - ERROR - Skip B87489806: ❌ Property data node not found in extracted JSON
2026-02-01 02:54:34 - INFO - Processing property_id: U87743628
2026-02-01 02:54:34 - INFO - 🔤 Detected Alphanumeric ID U87743628 -> calling process
2026-02-01 02:54:35 - INFO - ✅ Fetched page successfully: 200
2026-02-01 02:54:35 - INFO - ✅ window.__initialData__ extracted successfully
2026-02-01 02:54:35 - ERROR - Skip X88228106: ❌ Property data node not found in extracted JSON
2026-02-01 02:54:35 - INFO - Processing property_id: W79881185
2026-02-01 02:54:35 - INFO - 🔤 Detected Alphanumeric ID W79881185 -> calling process
2026-02-01 02:56:15 - INFO - Successfully read 1627 listing IDs
2026-02-01 02:56:15 - INFO - Total: 1627 | Done: 0 | New: 1627
2026-02-01 02:56:15 - INFO - 🚀 Starting multithreaded extraction for 1627 projects with 3 workers...
2026-02-01 02:56:15 - INFO - Processing property_id: 455077
2026-02-01 02:56:15 - INFO - Processing property_id: 414403
2026-02-01 02:56:15 - INFO - 🔢 Detected Numeric ID 455077 -> calling process_single_project
2026-02-01 02:56:15 - INFO - 🔢 Detected Numeric ID 414403 -> calling process_single_project
2026-02-01 02:56:15 - INFO - Processing property_id: 455919
2026-02-01 02:56:15 - INFO - Fetching details for project ID: 455077
2026-02-01 02:56:15 - INFO - Fetching details for project ID: 414403
2026-02-01 02:56:15 - INFO - 🔢 Detected Numeric ID 455919 -> calling process_single_project
2026-02-01 02:56:15 - INFO - Fetching details for project ID: 455919
2026-02-01 02:56:20 - INFO - Processing property_id: 406898
2026-02-01 02:56:20 - INFO - 🔢 Detected Numeric ID 406898 -> calling process_single_project
2026-02-01 02:56:20 - INFO - Fetching details for project ID: 406898
2026-02-01 02:56:31 - ERROR - Error fetching project details: HTTPSConnectionPool(host='www.99acres.com', port=443): Read timed out. (read timeout=15)
2026-02-01 02:56:31 - ERROR - Error fetching project details: HTTPSConnectionPool(host='www.99acres.com', port=443): Read timed out. (read timeout=15)
2026-02-01 02:56:31 - INFO - Processing property_id: 396846
2026-02-01 02:56:31 - INFO - Processing property_id: 436196
2026-02-01 02:56:31 - INFO - 🔢 Detected Numeric ID 396846 -> calling process_single_project
2026-02-01 02:56:31 - INFO - 🔢 Detected Numeric ID 436196 -> calling process_single_project
2026-02-01 02:56:31 - INFO - Fetching details for project ID: 396846
2026-02-01 02:56:31 - INFO - Fetching details for project ID: 436196
2026-02-01 02:56:35 - ERROR - Error fetching project details: HTTPSConnectionPool(host='www.99acres.com', port=443): Read timed out. (read timeout=15)
2026-02-01 02:56:35 - INFO - Processing property_id: 455886
2026-02-01 02:56:35 - INFO - 🔢 Detected Numeric ID 455886 -> calling process_single_project
2026-02-01 02:56:35 - INFO - Fetching details for project ID: 455886
2026-02-01 02:56:36 - INFO - Processing property_id: 455303
2026-02-01 02:56:36 - INFO - 🔢 Detected Numeric ID 455303 -> calling process_single_project
2026-02-01 02:56:36 - INFO - Fetching details for project ID: 455303
2026-02-01 02:56:39 - INFO - Processing property_id: 414575
2026-02-01 02:56:39 - INFO - 🔢 Detected Numeric ID 414575 -> calling process_single_project
2026-02-01 02:56:39 - INFO - Fetching details for project ID: 414575
2026-02-01 02:56:39 - INFO - Processing property_id: 449506
2026-02-01 02:56:39 - INFO - 🔢 Detected Numeric ID 449506 -> calling process_single_project
2026-02-01 02:56:39 - INFO - Fetching details for project ID: 449506
2026-02-01 02:56:42 - INFO - Processing property_id: 448193
2026-02-01 02:56:42 - INFO - 🔢 Detected Numeric ID 448193 -> calling process_single_project
2026-02-01 02:56:42 - INFO - Fetching details for project ID: 448193
2026-02-01 02:56:45 - INFO - Processing property_id: 437262
2026-02-01 02:56:45 - INFO - 🔢 Detected Numeric ID 437262 -> calling process_single_project
2026-02-01 02:56:45 - INFO - Fetching details for project ID: 437262
2026-02-01 02:56:48 - ERROR - Error fetching project details: HTTPSConnectionPool(host='www.99acres.com', port=443): Read timed out. (read timeout=15)
2026-02-01 02:56:48 - INFO - Processing property_id: 454668
2026-02-01 02:56:48 - INFO - 🔢 Detected Numeric ID 454668 -> calling process_single_project
2026-02-01 02:56:48 - INFO - Fetching details for project ID: 454668
2026-02-01 02:56:51 - INFO - Processing property_id: 434059
2026-02-01 02:56:51 - INFO - 🔢 Detected Numeric ID 434059 -> calling process_single_project
2026-02-01 02:56:51 - INFO - Fetching details for project ID: 434059
2026-02-01 02:56:55 - ERROR - Error fetching project details: HTTPSConnectionPool(host='www.99acres.com', port=443): Read timed out. (read timeout=15)
2026-02-01 02:56:55 - INFO - Processing property_id: 441166
2026-02-01 02:56:55 - INFO - 🔢 Detected Numeric ID 441166 -> calling process_single_project
2026-02-01 02:56:55 - INFO - Fetching details for project ID: 441166
2026-02-01 02:56:59 - INFO - Processing property_id: 453036
2026-02-01 02:56:59 - INFO - 🔢 Detected Numeric ID 453036 -> calling process_single_project
2026-02-01 02:56:59 - INFO - Fetching details for project ID: 453036
2026-02-01 02:57:01 - ERROR - Error fetching project details: HTTPSConnectionPool(host='www.99acres.com', port=443): Read timed out. (read timeout=15)
2026-02-01 02:57:01 - INFO - Processing property_id: 426865
2026-02-01 02:57:01 - INFO - 🔢 Detected Numeric ID 426865 -> calling process_single_project
2026-02-01 02:57:01 - INFO - Fetching details for project ID: 426865
2026-02-01 02:57:06 - ERROR - Error fetching project details: HTTPSConnectionPool(host='www.99acres.com', port=443): Read timed out. (read timeout=15)
2026-02-01 02:57:06 - INFO - Processing property_id: 412517
2026-02-01 02:57:06 - INFO - 🔢 Detected Numeric ID 412517 -> calling process_single_project
2026-02-01 02:57:06 - INFO - Fetching details for project ID: 412517
2026-02-01 02:57:11 - INFO - Processing property_id: 437858
2026-02-01 02:57:11 - INFO - 🔢 Detected Numeric ID 437858 -> calling process_single_project
2026-02-01 02:57:11 - INFO - Fetching details for project ID: 437858
2026-02-01 02:57:14 - ERROR - Error fetching project details: HTTPSConnectionPool(host='www.99acres.com', port=443): Read timed out. (read timeout=15)
2026-02-01 02:57:14 - INFO - Processing property_id: 398882
2026-02-01 02:57:14 - INFO - 🔢 Detected Numeric ID 398882 -> calling process_single_project
2026-02-01 02:57:14 - INFO - Fetching details for project ID: 398882
2026-02-01 02:57:15 - INFO - Processing property_id: 439275
2026-02-01 02:57:15 - INFO - 🔢 Detected Numeric ID 439275 -> calling process_single_project
2026-02-01 02:57:15 - INFO - Fetching details for project ID: 439275
2026-02-01 02:57:16 - ERROR - Error fetching project details: HTTPSConnectionPool(host='www.99acres.com', port=443): Read timed out. (read timeout=15)
2026-02-01 02:57:16 - INFO - Processing property_id: 419821
2026-02-01 02:57:16 - INFO - 🔢 Detected Numeric ID 419821 -> calling process_single_project
2026-02-01 02:57:16 - INFO - Fetching details for project ID: 419821
2026-02-01 02:57:19 - INFO - Processing property_id: 448207
2026-02-01 02:57:19 - INFO - 🔢 Detected Numeric ID 448207 -> calling process_single_project
2026-02-01 02:57:19 - INFO - Fetching details for project ID: 448207
2026-02-01 02:57:23 - INFO - Processing property_id: 441826
2026-02-01 02:57:23 - INFO - 🔢 Detected Numeric ID 441826 -> calling process_single_project
2026-02-01 02:57:23 - INFO - Fetching details for project ID: 441826
2026-02-01 02:57:27 - INFO - Processing property_id: 423634
2026-02-01 02:57:27 - INFO - 🔢 Detected Numeric ID 423634 -> calling process_single_project
2026-02-01 02:57:27 - INFO - Fetching details for project ID: 423634
2026-02-01 02:57:30 - ERROR - Error fetching project details: HTTPSConnectionPool(host='www.99acres.com', port=443): Read timed out. (read timeout=15)
2026-02-01 02:57:30 - INFO - Processing property_id: 395978
2026-02-01 02:57:30 - INFO - 🔢 Detected Numeric ID 395978 -> calling process_single_project
2026-02-01 02:57:30 - INFO - Fetching details for project ID: 395978
2026-02-01 02:57:31 - INFO - Processing property_id: 415849
2026-02-01 02:57:31 - INFO - 🔢 Detected Numeric ID 415849 -> calling process_single_project
2026-02-01 02:57:31 - INFO - Fetching details for project ID: 415849
2026-02-01 02:57:32 - ERROR - Error fetching project details: HTTPSConnectionPool(host='www.99acres.com', port=443): Read timed out. (read timeout=15)
2026-02-01 02:57:32 - INFO - Processing property_id: 395198
2026-02-01 02:57:32 - INFO - 🔢 Detected Numeric ID 395198 -> calling process_single_project
2026-02-01 02:57:32 - INFO - Fetching details for project ID: 395198
2026-02-01 02:57:35 - INFO - Processing property_id: 438863
2026-02-01 02:57:35 - INFO - 🔢 Detected Numeric ID 438863 -> calling process_single_project
2026-02-01 02:57:35 - INFO - Fetching details for project ID: 438863
2026-02-01 02:57:36 - INFO - Processing property_id: 417556
2026-02-01 02:57:36 - ERROR - ❌ Thread exception: 'builtin_function_or_method' object has no attribute 'randint'
2026-02-01 02:57:36 - INFO - 🔢 Detected Numeric ID 417556 -> calling process_single_project
2026-02-01 02:57:36 - INFO - Fetching details for project ID: 417556
2026-02-01 02:57:39 - INFO - Processing property_id: 425110
2026-02-01 02:57:39 - INFO - 🔢 Detected Numeric ID 425110 -> calling process_single_project
2026-02-01 02:57:39 - INFO - Fetching details for project ID: 425110
2026-02-01 02:57:46 - ERROR - Error fetching project details: HTTPSConnectionPool(host='www.99acres.com', port=443): Read timed out. (read timeout=15)
2026-02-01 02:57:46 - INFO - Processing property_id: 426093
2026-02-01 02:57:46 - INFO - 🔢 Detected Numeric ID 426093 -> calling process_single_project
2026-02-01 02:57:46 - INFO - Fetching details for project ID: 426093
2026-02-01 02:57:52 - ERROR - Error fetching project details: HTTPSConnectionPool(host='www.99acres.com', port=443): Read timed out. (read timeout=15)
2026-02-01 02:57:52 - INFO - Processing property_id: 448663
2026-02-01 02:57:52 - INFO - 🔢 Detected Numeric ID 448663 -> calling process_single_project
2026-02-01 02:57:52 - INFO - Fetching details for project ID: 448663
2026-02-01 02:57:55 - ERROR - Error fetching project details: HTTPSConnectionPool(host='www.99acres.com', port=443): Read timed out. (read timeout=15)
2026-02-01 02:57:55 - INFO - Processing property_id: 449421
2026-02-01 02:57:55 - INFO - 🔢 Detected Numeric ID 449421 -> calling process_single_project
2026-02-01 02:57:55 - INFO - Fetching details for project ID: 449421
2026-02-01 02:57:55 - INFO - Processing property_id: 419031
2026-02-01 02:57:55 - INFO - 🔢 Detected Numeric ID 419031 -> calling process_single_project
2026-02-01 02:57:55 - INFO - Fetching details for project ID: 419031
2026-02-01 02:58:01 - ERROR - Error fetching project details: HTTPSConnectionPool(host='www.99acres.com', port=443): Read timed out. (read timeout=15)
2026-02-01 02:58:01 - INFO - Processing property_id: 430740
2026-02-01 02:58:01 - INFO - 🔢 Detected Numeric ID 430740 -> calling process_single_project
2026-02-01 02:58:01 - INFO - Fetching details for project ID: 430740
2026-02-01 02:58:05 - INFO - Processing property_id: 419815
2026-02-01 02:58:05 - INFO - 🔢 Detected Numeric ID 419815 -> calling process_single_project
2026-02-01 02:58:05 - INFO - Fetching details for project ID: 419815
2026-02-01 02:58:10 - ERROR - Error fetching project details: HTTPSConnectionPool(host='www.99acres.com', port=443): Read timed out. (read timeout=15)
2026-02-01 02:58:10 - INFO - Processing property_id: 448200
2026-02-01 02:58:10 - INFO - 🔢 Detected Numeric ID 448200 -> calling process_single_project
2026-02-01 02:58:10 - INFO - Fetching details for project ID: 448200
2026-02-01 02:58:11 - ERROR - Error fetching project details: HTTPSConnectionPool(host='www.99acres.com', port=443): Read timed out. (read timeout=15)
2026-02-01 02:58:11 - INFO - Processing property_id: 439503
2026-02-01 02:58:11 - INFO - 🔢 Detected Numeric ID 439503 -> calling process_single_project
2026-02-01 02:58:11 - INFO - Fetching details for project ID: 439503
2026-02-01 02:59:32 - INFO - Successfully read 1627 listing IDs
2026-02-01 02:59:32 - INFO - Total: 1627 | Done: 189 | New: 1438
2026-02-01 02:59:32 - INFO - 🚀 Starting multithreaded extraction for 1438 projects with 3 workers...
2026-02-01 02:59:32 - INFO - Processing property_id: 439513
2026-02-01 02:59:32 - INFO - 🔢 Detected Numeric ID 439513 -> calling process_single_project
2026-02-01 02:59:32 - INFO - Processing property_id: 438182
2026-02-01 02:59:32 - INFO - Fetching details for project ID: 439513
2026-02-01 02:59:32 - INFO - 🔢 Detected Numeric ID 438182 -> calling process_single_project
2026-02-01 02:59:32 - INFO - Processing property_id: 430200
2026-02-01 02:59:32 - INFO - Fetching details for project ID: 438182
2026-02-01 02:59:32 - INFO - 🔢 Detected Numeric ID 430200 -> calling process_single_project
2026-02-01 02:59:32 - INFO - Fetching details for project ID: 430200
2026-02-01 02:59:48 - ERROR - Error fetching project details: HTTPSConnectionPool(host='www.99acres.com', port=443): Read timed out. (read timeout=15)
2026-02-01 02:59:48 - ERROR - Error fetching project details: HTTPSConnectionPool(host='www.99acres.com', port=443): Read timed out. (read timeout=15)
2026-02-01 02:59:48 - ERROR - Error fetching project details: HTTPSConnectionPool(host='www.99acres.com', port=443): Read timed out. (read timeout=15)
2026-02-01 02:59:48 - INFO - Processing property_id: 451125
2026-02-01 02:59:48 - INFO - Processing property_id: 382211
2026-02-01 02:59:48 - INFO - Processing property_id: 438445
2026-02-01 02:59:48 - INFO - 🔢 Detected Numeric ID 451125 -> calling process_single_project
2026-02-01 02:59:48 - INFO - 🔢 Detected Numeric ID 382211 -> calling process_single_project
2026-02-01 02:59:48 - INFO - 🔢 Detected Numeric ID 438445 -> calling process_single_project
2026-02-01 02:59:48 - INFO - Fetching details for project ID: 451125
2026-02-01 02:59:48 - INFO - Fetching details for project ID: 382211
2026-02-01 02:59:48 - INFO - Fetching details for project ID: 438445
2026-02-01 02:59:52 - INFO - Processing property_id: 438107
2026-02-01 02:59:52 - INFO - 🔢 Detected Numeric ID 438107 -> calling process_single_project
2026-02-01 02:59:52 - INFO - Fetching details for project ID: 438107
2026-02-01 02:59:53 - INFO - Processing property_id: 450053
2026-02-01 02:59:53 - INFO - 🔢 Detected Numeric ID 450053 -> calling process_single_project
2026-02-01 02:59:53 - INFO - Fetching details for project ID: 450053
2026-02-01 02:59:57 - INFO - Processing property_id: 419824
2026-02-01 02:59:57 - INFO - 🔢 Detected Numeric ID 419824 -> calling process_single_project
2026-02-01 02:59:57 - INFO - Fetching details for project ID: 419824
2026-02-01 03:00:05 - ERROR - Error fetching project details: HTTPSConnectionPool(host='www.99acres.com', port=443): Read timed out. (read timeout=15)
2026-02-01 03:00:05 - INFO - Processing property_id: 454924
2026-02-01 03:00:05 - INFO - 🔢 Detected Numeric ID 454924 -> calling process_single_project
2026-02-01 03:00:05 - INFO - Fetching details for project ID: 454924
2026-02-01 03:00:07 - ERROR - Error fetching project details: HTTPSConnectionPool(host='www.99acres.com', port=443): Read timed out. (read timeout=15)
2026-02-01 03:00:07 - INFO - Processing property_id: B87733298
2026-02-01 03:00:07 - INFO - 🔤 Detected Alphanumeric ID B87733298 -> calling process
2026-02-01 03:00:13 - ERROR - Error fetching project details: HTTPSConnectionPool(host='www.99acres.com', port=443): Read timed out. (read timeout=15)
2026-02-01 03:00:13 - INFO - Processing property_id: M88303446
2026-02-01 03:00:13 - INFO - 🔤 Detected Alphanumeric ID M88303446 -> calling process
2026-02-01 03:00:13 - ERROR - ❌ Error fetching page: HTTPSConnectionPool(host='www.99acres.com', port=443): Read timed out. (read timeout=5)
2026-02-01 03:00:13 - INFO - Processing property_id: L87447004
2026-02-01 03:00:13 - INFO - 🔤 Detected Alphanumeric ID L87447004 -> calling process
2026-02-01 03:00:14 - INFO - ✅ Fetched page successfully: 200
2026-02-01 03:00:14 - INFO - ✅ window.__initialData__ extracted successfully
2026-02-01 03:00:14 - ERROR - Skip M88303446: ❌ Property data node not found in extracted JSON
2026-02-01 03:00:14 - INFO - Processing property_id: U88177770
2026-02-01 03:00:14 - INFO - 🔤 Detected Alphanumeric ID U88177770 -> calling process
2026-02-01 03:00:14 - INFO - ✅ Fetched page successfully: 200
2026-02-01 03:00:14 - INFO - ✅ window.__initialData__ extracted successfully
2026-02-01 03:00:14 - ERROR - Skip L87447004: ❌ Property data node not found in extracted JSON
2026-02-01 03:00:14 - INFO - Processing property_id: C87534016
2026-02-01 03:00:14 - INFO - 🔤 Detected Alphanumeric ID C87534016 -> calling process
2026-02-01 03:00:15 - INFO - ✅ Fetched page successfully: 200
2026-02-01 03:00:15 - INFO - ✅ window.__initialData__ extracted successfully
2026-02-01 03:00:15 - ERROR - Skip C87534016: ❌ Property data node not found in extracted JSON
2026-02-01 03:00:15 - INFO - Processing property_id: C87221052
2026-02-01 03:00:15 - INFO - 🔤 Detected Alphanumeric ID C87221052 -> calling process
2026-02-01 03:00:16 - INFO - ✅ Fetched page successfully: 200
2026-02-01 03:00:16 - INFO - ✅ window.__initialData__ extracted successfully
2026-02-01 03:00:16 - ERROR - Skip C87221052: ❌ Property data node not found in extracted JSON
2026-02-01 03:00:16 - INFO - Processing property_id: D88199610
2026-02-01 03:00:16 - INFO - 🔤 Detected Alphanumeric ID D88199610 -> calling process
2026-02-01 03:00:16 - INFO - ✅ Fetched page successfully: 200
2026-02-01 03:00:16 - INFO - ✅ window.__initialData__ extracted successfully
2026-02-01 03:00:16 - ERROR - Skip D88199610: ❌ Property data node not found in extracted JSON
2026-02-01 03:00:16 - INFO - Processing property_id: U88318652
2026-02-01 03:00:16 - INFO - 🔤 Detected Alphanumeric ID U88318652 -> calling process
2026-02-01 03:00:17 - INFO - ✅ Fetched page successfully: 200
2026-02-01 03:00:17 - INFO - ✅ window.__initialData__ extracted successfully
2026-02-01 03:00:17 - ERROR - Skip U88318652: ❌ Property data node not found in extracted JSON
2026-02-01 03:00:17 - INFO - Processing property_id: F84658978
2026-02-01 03:00:17 - INFO - 🔤 Detected Alphanumeric ID F84658978 -> calling process
2026-02-01 03:00:18 - INFO - ✅ Fetched page successfully: 200
2026-02-01 03:00:18 - INFO - ✅ window.__initialData__ extracted successfully
2026-02-01 03:00:18 - ERROR - Skip F84658978: ❌ Property data node not found in extracted JSON
2026-02-01 03:00:18 - INFO - Processing property_id: N84289002
2026-02-01 03:00:18 - INFO - 🔤 Detected Alphanumeric ID N84289002 -> calling process
2026-02-01 03:00:19 - INFO - ✅ Fetched page successfully: 200
2026-02-01 03:00:19 - INFO - ✅ window.__initialData__ extracted successfully
2026-02-01 03:00:19 - ERROR - Skip N84289002: ❌ Property data node not found in extracted JSON
2026-02-01 03:00:19 - INFO - Processing property_id: Q82835320
2026-02-01 03:00:19 - INFO - 🔤 Detected Alphanumeric ID Q82835320 -> calling process
2026-02-01 03:00:20 - ERROR - ❌ Error fetching page: HTTPSConnectionPool(host='www.99acres.com', port=443): Read timed out. (read timeout=5)
2026-02-01 03:00:20 - INFO - Processing property_id: B77278671
2026-02-01 03:00:20 - INFO - 🔤 Detected Alphanumeric ID B77278671 -> calling process
2026-02-01 03:00:20 - INFO - ✅ Fetched page successfully: 200
2026-02-01 03:00:20 - INFO - ✅ window.__initialData__ extracted successfully
2026-02-01 03:00:20 - ERROR - Skip Q82835320: ❌ Property data node not found in extracted JSON
2026-02-01 03:00:20 - INFO - Processing property_id: E88465900
2026-02-01 03:00:20 - INFO - 🔤 Detected Alphanumeric ID E88465900 -> calling process
2026-02-01 03:00:20 - ERROR - Error fetching project details: HTTPSConnectionPool(host='www.99acres.com', port=443): Read timed out. (read timeout=15)
2026-02-01 03:00:20 - INFO - Processing property_id: K88077026
2026-02-01 03:00:20 - INFO - 🔤 Detected Alphanumeric ID K88077026 -> calling process
2026-02-01 03:00:21 - INFO - ✅ Fetched page successfully: 200
2026-02-01 03:00:21 - INFO - ✅ window.__initialData__ extracted successfully
2026-02-01 03:00:21 - ERROR - Skip B77278671: ❌ Property data node not found in extracted JSON
2026-02-01 03:00:21 - INFO - Processing property_id: M83206340
2026-02-01 03:00:21 - INFO - 🔤 Detected Alphanumeric ID M83206340 -> calling process
2026-02-01 03:00:22 - INFO - ✅ Fetched page successfully: 200
2026-02-01 03:00:22 - INFO - ✅ window.__initialData__ extracted successfully
2026-02-01 03:00:22 - ERROR - Skip E88465900: ❌ Property data node not found in extracted JSON
2026-02-01 03:00:22 - INFO - Processing property_id: H87697658
2026-02-01 03:00:22 - INFO - 🔤 Detected Alphanumeric ID H87697658 -> calling process
2026-02-01 03:00:22 - INFO - ✅ Fetched page successfully: 200
2026-02-01 03:00:22 - INFO - ✅ window.__initialData__ extracted successfully
2026-02-01 03:00:22 - ERROR - Skip K88077026: ❌ Property data node not found in extracted JSON
2026-02-01 03:00:22 - INFO - Processing property_id: Q80925667
2026-02-01 03:00:22 - INFO - 🔤 Detected Alphanumeric ID Q80925667 -> calling process
2026-02-01 03:00:23 - INFO - ✅ Fetched page successfully: 200
2026-02-01 03:00:23 - INFO - ✅ window.__initialData__ extracted successfully
2026-02-01 03:00:23 - ERROR - Skip M83206340: ❌ Property data node not found in extracted JSON
2026-02-01 03:00:23 - INFO - Processing property_id: W86693224
2026-02-01 03:00:23 - INFO - 🔤 Detected Alphanumeric ID W86693224 -> calling process
2026-02-01 03:00:24 - INFO - ✅ Fetched page successfully: 200
2026-02-01 03:00:24 - INFO - ✅ window.__initialData__ extracted successfully
2026-02-01 03:00:24 - ERROR - Skip H87697658: ❌ Property data node not found in extracted JSON
2026-02-01 03:00:24 - INFO - Processing property_id: F87966672
2026-02-01 03:00:24 - INFO - 🔤 Detected Alphanumeric ID F87966672 -> calling process
2026-02-01 03:00:24 - INFO - ✅ Fetched page successfully: 200
2026-02-01 03:00:24 - INFO - ✅ window.__initialData__ extracted successfully
2026-02-01 03:00:24 - ERROR - Skip Q80925667: ❌ Property data node not found in extracted JSON
2026-02-01 03:00:24 - INFO - Processing property_id: C88064032
2026-02-01 03:00:24 - ERROR - ❌ Thread exception: 'builtin_function_or_method' object has no attribute 'randint'
2026-02-01 03:00:24 - INFO - 🔤 Detected Alphanumeric ID C88064032 -> calling process
2026-02-01 03:00:25 - INFO - ✅ Fetched page successfully: 200
2026-02-01 03:00:25 - INFO - ✅ window.__initialData__ extracted successfully
2026-02-01 03:00:25 - ERROR - Skip W86693224: ❌ Property data node not found in extracted JSON
2026-02-01 03:00:25 - INFO - Processing property_id: S86783344
2026-02-01 03:00:25 - INFO - 🔤 Detected Alphanumeric ID S86783344 -> calling process
2026-02-01 03:00:26 - INFO - ✅ Fetched page successfully: 200
2026-02-01 03:00:26 - INFO - ✅ window.__initialData__ extracted successfully
2026-02-01 03:00:26 - ERROR - Skip F87966672: ❌ Property data node not found in extracted JSON
2026-02-01 03:00:26 - INFO - Processing property_id: D88231266
2026-02-01 03:00:26 - INFO - 🔤 Detected Alphanumeric ID D88231266 -> calling process
2026-02-01 03:00:26 - INFO - ✅ Fetched page successfully: 200
2026-02-01 03:00:26 - INFO - ✅ window.__initialData__ extracted successfully
2026-02-01 03:00:26 - ERROR - Skip C88064032: ❌ Property data node not found in extracted JSON
2026-02-01 03:00:26 - INFO - Processing property_id: B87489806
2026-02-01 03:00:26 - INFO - 🔤 Detected Alphanumeric ID B87489806 -> calling process
2026-02-01 03:00:27 - INFO - ✅ Fetched page successfully: 200
2026-02-01 03:00:27 - INFO - ✅ window.__initialData__ extracted successfully
2026-02-01 03:00:27 - ERROR - Skip S86783344: ❌ Property data node not found in extracted JSON
2026-02-01 03:00:27 - INFO - Processing property_id: X88228106
2026-02-01 03:00:27 - INFO - 🔤 Detected Alphanumeric ID X88228106 -> calling process
2026-02-01 03:00:27 - INFO - ✅ Fetched page successfully: 200
2026-02-01 03:00:27 - INFO - ✅ window.__initialData__ extracted successfully
2026-02-01 03:00:27 - ERROR - Skip D88231266: ❌ Property data node not found in extracted JSON
2026-02-01 03:00:27 - INFO - Processing property_id: U87743628
2026-02-01 03:00:27 - INFO - 🔤 Detected Alphanumeric ID U87743628 -> calling process
2026-02-01 03:00:28 - INFO - ✅ Fetched page successfully: 200
2026-02-01 03:00:28 - INFO - ✅ window.__initialData__ extracted successfully
2026-02-01 03:00:28 - ERROR - Skip B87489806: ❌ Property data node not found in extracted JSON
2026-02-01 03:00:28 - INFO - Processing property_id: W79881185
2026-02-01 03:00:28 - INFO - 🔤 Detected Alphanumeric ID W79881185 -> calling process
2026-02-01 03:00:29 - INFO - ✅ Fetched page successfully: 200
2026-02-01 03:00:29 - INFO - ✅ window.__initialData__ extracted successfully
2026-02-01 03:00:29 - ERROR - Skip X88228106: ❌ Property data node not found in extracted JSON
2026-02-01 03:00:29 - INFO - Processing property_id: A83031090
2026-02-01 03:00:29 - INFO - 🔤 Detected Alphanumeric ID A83031090 -> calling process
2026-02-01 03:00:29 - INFO - ✅ Fetched page successfully: 200
2026-02-01 03:00:29 - INFO - ✅ window.__initialData__ extracted successfully
2026-02-01 03:00:29 - ERROR - Skip U87743628: ❌ Property data node not found in extracted JSON
2026-02-01 03:00:29 - INFO - Processing property_id: G81047961
2026-02-01 03:00:29 - INFO - 🔤 Detected Alphanumeric ID G81047961 -> calling process
2026-02-01 03:00:30 - INFO - ✅ Fetched page successfully: 200
2026-02-01 03:00:30 - INFO - ✅ window.__initialData__ extracted successfully
2026-02-01 03:00:30 - ERROR - Skip W79881185: ❌ Property data node not found in extracted JSON
2026-02-01 03:00:30 - INFO - Processing property_id: T86294806
2026-02-01 03:00:30 - INFO - 🔤 Detected Alphanumeric ID T86294806 -> calling process
2026-02-01 03:00:31 - INFO - ✅ Fetched page successfully: 200
2026-02-01 03:00:31 - INFO - ✅ window.__initialData__ extracted successfully
2026-02-01 03:00:31 - ERROR - Skip G81047961: ❌ Property data node not found in extracted JSON
2026-02-01 03:00:31 - INFO - Processing property_id: T86268982
2026-02-01 03:00:31 - INFO - 🔤 Detected Alphanumeric ID T86268982 -> calling process
2026-02-01 03:00:31 - INFO - ✅ Fetched page successfully: 200
2026-02-01 03:00:31 - INFO - ✅ window.__initialData__ extracted successfully
2026-02-01 03:00:31 - ERROR - Skip T86294806: ❌ Property data node not found in extracted JSON
2026-02-01 03:00:31 - INFO - Processing property_id: L84684748
2026-02-01 03:00:31 - INFO - 🔤 Detected Alphanumeric ID L84684748 -> calling process
2026-02-01 03:00:32 - INFO - ✅ Fetched page successfully: 200
2026-02-01 03:00:32 - INFO - ✅ window.__initialData__ extracted successfully
2026-02-01 03:00:32 - ERROR - Skip T86268982: ❌ Property data node not found in extracted JSON
2026-02-01 03:00:32 - INFO - Processing property_id: M87594392
2026-02-01 03:00:32 - INFO - 🔤 Detected Alphanumeric ID M87594392 -> calling process
2026-02-01 03:00:33 - INFO - ✅ Fetched page successfully: 200
2026-02-01 03:00:33 - INFO - ✅ window.__initialData__ extracted successfully
2026-02-01 03:00:33 - ERROR - Skip L84684748: ❌ Property data node not found in extracted JSON
2026-02-01 03:00:33 - INFO - Processing property_id: N82150832
2026-02-01 03:00:33 - INFO - 🔤 Detected Alphanumeric ID N82150832 -> calling process
2026-02-01 03:00:33 - INFO - ✅ Fetched page successfully: 200
2026-02-01 03:00:33 - INFO - ✅ window.__initialData__ extracted successfully
2026-02-01 03:00:33 - ERROR - Skip M87594392: ❌ Property data node not found in extracted JSON
2026-02-01 03:00:33 - INFO - Processing property_id: F87169838
2026-02-01 03:00:33 - INFO - 🔤 Detected Alphanumeric ID F87169838 -> calling process
2026-02-01 03:00:34 - INFO - ✅ Fetched page successfully: 200
2026-02-01 03:00:34 - INFO - ✅ window.__initialData__ extracted successfully
2026-02-01 03:00:34 - ERROR - Skip N82150832: ❌ Property data node not found in extracted JSON
2026-02-01 03:00:34 - INFO - Processing property_id: J87356456
2026-02-01 03:00:34 - INFO - 🔤 Detected Alphanumeric ID J87356456 -> calling process
2026-02-01 03:00:35 - INFO - ✅ Fetched page successfully: 200
2026-02-01 03:00:35 - INFO - ✅ window.__initialData__ extracted successfully
2026-02-01 03:00:35 - ERROR - Skip F87169838: ❌ Property data node not found in extracted JSON
2026-02-01 03:00:35 - INFO - Processing property_id: S87884256
2026-02-01 03:00:35 - INFO - 🔤 Detected Alphanumeric ID S87884256 -> calling process
2026-02-01 03:00:35 - ERROR - ❌ Error fetching page: HTTPSConnectionPool(host='www.99acres.com', port=443): Read timed out. (read timeout=5)
2026-02-01 03:00:35 - INFO - Processing property_id: C87304328
2026-02-01 03:00:35 - INFO - 🔤 Detected Alphanumeric ID C87304328 -> calling process
2026-02-01 03:00:36 - INFO - ✅ Fetched page successfully: 200
2026-02-01 03:00:36 - INFO - ✅ Fetched page successfully: 200
2026-02-01 03:00:36 - INFO - ✅ window.__initialData__ extracted successfully
2026-02-01 03:00:36 - ERROR - Skip S87884256: ❌ Property data node not found in extracted JSON
2026-02-01 03:00:36 - INFO - Processing property_id: O85189794
2026-02-01 03:00:36 - INFO - 🔤 Detected Alphanumeric ID O85189794 -> calling process
2026-02-01 03:00:36 - INFO - ✅ window.__initialData__ extracted successfully
2026-02-01 03:00:36 - ERROR - Skip J87356456: ❌ Property data node not found in extracted JSON
2026-02-01 03:00:36 - INFO - Processing property_id: K85243782
2026-02-01 03:00:36 - INFO - 🔤 Detected Alphanumeric ID K85243782 -> calling process
2026-02-01 03:00:37 - INFO - ✅ Fetched page successfully: 200
2026-02-01 03:00:37 - INFO - ✅ window.__initialData__ extracted successfully
2026-02-01 03:00:37 - ERROR - Skip C87304328: ❌ Property data node not found in extracted JSON
2026-02-01 03:00:37 - INFO - Processing property_id: A86715928
2026-02-01 03:00:37 - INFO - 🔤 Detected Alphanumeric ID A86715928 -> calling process
2026-02-01 03:00:37 - INFO - ✅ Fetched page successfully: 200
2026-02-01 03:00:37 - INFO - ✅ window.__initialData__ extracted successfully
2026-02-01 03:00:37 - ERROR - Skip O85189794: ❌ Property data node not found in extracted JSON
2026-02-01 03:00:37 - INFO - Processing property_id: B87453554
2026-02-01 03:00:37 - INFO - 🔤 Detected Alphanumeric ID B87453554 -> calling process
2026-02-01 03:00:38 - INFO - ✅ Fetched page successfully: 200
2026-02-01 03:00:38 - INFO - ✅ window.__initialData__ extracted successfully
2026-02-01 03:00:38 - ERROR - Skip K85243782: ❌ Property data node not found in extracted JSON
2026-02-01 03:00:38 - INFO - Processing property_id: R88029114
2026-02-01 03:00:38 - INFO - 🔤 Detected Alphanumeric ID R88029114 -> calling process
2026-02-01 03:00:38 - INFO - ✅ Fetched page successfully: 200
2026-02-01 03:00:38 - INFO - ✅ window.__initialData__ extracted successfully
2026-02-01 03:00:38 - ERROR - Skip A86715928: ❌ Property data node not found in extracted JSON
2026-02-01 03:00:38 - INFO - Processing property_id: I87260730
2026-02-01 03:00:38 - INFO - 🔤 Detected Alphanumeric ID I87260730 -> calling process
2026-02-01 03:00:39 - INFO - ✅ Fetched page successfully: 200
2026-02-01 03:00:39 - INFO - ✅ window.__initialData__ extracted successfully
2026-02-01 03:00:39 - ERROR - Skip B87453554: ❌ Property data node not found in extracted JSON
2026-02-01 03:00:39 - INFO - Processing property_id: M86635630
2026-02-01 03:00:39 - INFO - 🔤 Detected Alphanumeric ID M86635630 -> calling process
2026-02-01 03:00:39 - INFO - ✅ Fetched page successfully: 200
2026-02-01 03:00:39 - INFO - ✅ window.__initialData__ extracted successfully
2026-02-01 03:00:39 - ERROR - Skip R88029114: ❌ Property data node not found in extracted JSON
2026-02-01 03:00:39 - INFO - Processing property_id: M87409938
2026-02-01 03:00:39 - INFO - 🔤 Detected Alphanumeric ID M87409938 -> calling process
2026-02-01 03:00:40 - INFO - ✅ Fetched page successfully: 200
2026-02-01 03:00:40 - INFO - ✅ window.__initialData__ extracted successfully
2026-02-01 03:00:40 - ERROR - Skip I87260730: ❌ Property data node not found in extracted JSON
2026-02-01 03:00:40 - INFO - Processing property_id: C83000646
2026-02-01 03:00:40 - INFO - 🔤 Detected Alphanumeric ID C83000646 -> calling process
2026-02-01 03:00:40 - INFO - ✅ Fetched page successfully: 200
2026-02-01 03:00:40 - INFO - ✅ window.__initialData__ extracted successfully
2026-02-01 03:00:40 - ERROR - Skip M86635630: ❌ Property data node not found in extracted JSON
2026-02-01 03:00:40 - INFO - Processing property_id: M79931041
2026-02-01 03:00:40 - INFO - 🔤 Detected Alphanumeric ID M79931041 -> calling process
2026-02-01 03:00:41 - INFO - ✅ Fetched page successfully: 200
2026-02-01 03:00:41 - INFO - ✅ Fetched page successfully: 200
2026-02-01 03:00:41 - INFO - ✅ window.__initialData__ extracted successfully
2026-02-01 03:00:41 - ERROR - Skip C83000646: ❌ Property data node not found in extracted JSON
2026-02-01 03:00:41 - INFO - Processing property_id: I82334086
2026-02-01 03:00:41 - INFO - 🔤 Detected Alphanumeric ID I82334086 -> calling process
2026-02-01 03:00:41 - INFO - ✅ window.__initialData__ extracted successfully
2026-02-01 03:00:41 - ERROR - Skip M79931041: ❌ Property data node not found in extracted JSON
2026-02-01 03:00:41 - INFO - Processing property_id: K88199956
2026-02-01 03:00:41 - ERROR - ❌ Thread exception: 'builtin_function_or_method' object has no attribute 'randint'
2026-02-01 03:00:41 - INFO - 🔤 Detected Alphanumeric ID K88199956 -> calling process
2026-02-01 03:00:42 - INFO - ✅ Fetched page successfully: 200
2026-02-01 03:00:42 - INFO - ✅ window.__initialData__ extracted successfully
2026-02-01 03:00:42 - ERROR - Skip K88199956: ❌ Property data node not found in extracted JSON
2026-02-01 03:00:42 - INFO - Processing property_id: A82695400
2026-02-01 03:00:42 - INFO - 🔤 Detected Alphanumeric ID A82695400 -> calling process
2026-02-01 03:00:42 - INFO - ✅ Fetched page successfully: 200
2026-02-01 03:00:42 - INFO - ✅ window.__initialData__ extracted successfully
2026-02-01 03:00:42 - ERROR - Skip I82334086: ❌ Property data node not found in extracted JSON
2026-02-01 03:00:42 - INFO - Processing property_id: K87008224
2026-02-01 03:00:42 - INFO - 🔤 Detected Alphanumeric ID K87008224 -> calling process
2026-02-01 03:00:43 - INFO - ✅ Fetched page successfully: 200
2026-02-01 03:00:43 - INFO - ✅ window.__initialData__ extracted successfully
2026-02-01 03:00:43 - ERROR - Skip A82695400: ❌ Property data node not found in extracted JSON
2026-02-01 03:00:43 - INFO - Processing property_id: X87303388
2026-02-01 03:00:43 - INFO - 🔤 Detected Alphanumeric ID X87303388 -> calling process
2026-02-01 03:00:43 - INFO - ✅ Fetched page successfully: 200
2026-02-01 03:00:43 - INFO - ✅ window.__initialData__ extracted successfully
2026-02-01 03:00:43 - ERROR - Skip K87008224: ❌ Property data node not found in extracted JSON
2026-02-01 03:00:43 - INFO - Processing property_id: J85906746
2026-02-01 03:00:43 - INFO - 🔤 Detected Alphanumeric ID J85906746 -> calling process
2026-02-01 03:00:44 - INFO - ✅ Fetched page successfully: 200
2026-02-01 03:00:44 - INFO - ✅ window.__initialData__ extracted successfully
2026-02-01 03:00:44 - ERROR - Skip X87303388: ❌ Property data node not found in extracted JSON
2026-02-01 03:00:44 - INFO - Processing property_id: O86926924
2026-02-01 03:00:44 - INFO - 🔤 Detected Alphanumeric ID O86926924 -> calling process
2026-02-01 03:00:45 - ERROR - ❌ Error fetching page: HTTPSConnectionPool(host='www.99acres.com', port=443): Read timed out. (read timeout=5)
2026-02-01 03:00:45 - INFO - Processing property_id: B86369106
2026-02-01 03:00:45 - INFO - 🔤 Detected Alphanumeric ID B86369106 -> calling process
2026-02-01 03:00:45 - INFO - ✅ Fetched page successfully: 200
2026-02-01 03:00:45 - INFO - ✅ window.__initialData__ extracted successfully
2026-02-01 03:00:45 - ERROR - Skip O86926924: ❌ Property data node not found in extracted JSON
2026-02-01 03:00:45 - INFO - Processing property_id: Y87508550
2026-02-01 03:00:45 - INFO - 🔤 Detected Alphanumeric ID Y87508550 -> calling process
2026-02-01 03:00:46 - INFO - ✅ Fetched page successfully: 200
2026-02-01 03:00:46 - INFO - ✅ window.__initialData__ extracted successfully
2026-02-01 03:00:46 - ERROR - Skip B86369106: ❌ Property data node not found in extracted JSON
2026-02-01 03:00:46 - INFO - Processing property_id: X87496378
2026-02-01 03:00:46 - INFO - 🔤 Detected Alphanumeric ID X87496378 -> calling process
2026-02-01 03:00:46 - INFO - ✅ Fetched page successfully: 200
2026-02-01 03:00:46 - INFO - ✅ window.__initialData__ extracted successfully
2026-02-01 03:00:46 - ERROR - Skip Y87508550: ❌ Property data node not found in extracted JSON
2026-02-01 03:00:46 - INFO - Processing property_id: Q88162160
2026-02-01 03:00:46 - INFO - 🔤 Detected Alphanumeric ID Q88162160 -> calling process
2026-02-01 03:00:46 - INFO - ✅ Fetched page successfully: 200
2026-02-01 03:00:47 - INFO - ✅ window.__initialData__ extracted successfully
2026-02-01 03:00:47 - ERROR - Skip X87496378: ❌ Property data node not found in extracted JSON
2026-02-01 03:00:47 - INFO - Processing property_id: M87520512
2026-02-01 03:00:47 - INFO - 🔤 Detected Alphanumeric ID M87520512 -> calling process
2026-02-01 03:00:47 - INFO - ✅ Fetched page successfully: 200
2026-02-01 03:00:47 - INFO - ✅ window.__initialData__ extracted successfully
2026-02-01 03:00:47 - ERROR - Skip M87520512: ❌ Property data node not found in extracted JSON
2026-02-01 03:00:47 - INFO - Processing property_id: P80954639
2026-02-01 03:00:47 - INFO - 🔤 Detected Alphanumeric ID P80954639 -> calling process
2026-02-01 03:00:48 - INFO - ✅ Fetched page successfully: 200
2026-02-01 03:00:48 - INFO - ✅ window.__initialData__ extracted successfully
2026-02-01 03:00:48 - ERROR - Skip P80954639: ❌ Property data node not found in extracted JSON
2026-02-01 03:00:48 - INFO - Processing property_id: B86431456
2026-02-01 03:00:48 - INFO - 🔤 Detected Alphanumeric ID B86431456 -> calling process
2026-02-01 03:00:49 - ERROR - ❌ Error fetching page: HTTPSConnectionPool(host='www.99acres.com', port=443): Read timed out. (read timeout=5)
2026-02-01 03:00:49 - INFO - Processing property_id: P87161468
2026-02-01 03:00:49 - INFO - 🔤 Detected Alphanumeric ID P87161468 -> calling process
2026-02-01 03:00:49 - INFO - ✅ Fetched page successfully: 200
2026-02-01 03:00:49 - INFO - ✅ window.__initialData__ extracted successfully
2026-02-01 03:00:49 - ERROR - Skip B86431456: ❌ Property data node not found in extracted JSON
2026-02-01 03:00:49 - INFO - Processing property_id: I86057710
2026-02-01 03:00:49 - INFO - 🔤 Detected Alphanumeric ID I86057710 -> calling process
2026-02-01 03:00:50 - INFO - ✅ Fetched page successfully: 200
2026-02-01 03:00:50 - INFO - ✅ window.__initialData__ extracted successfully
2026-02-01 03:00:50 - ERROR - Skip I86057710: ❌ Property data node not found in extracted JSON
2026-02-01 03:00:50 - INFO - ✅ Fetched page successfully: 200
2026-02-01 03:00:50 - INFO - Processing property_id: D88037908
2026-02-01 03:00:50 - INFO - 🔤 Detected Alphanumeric ID D88037908 -> calling process
2026-02-01 03:00:50 - INFO - ✅ window.__initialData__ extracted successfully
2026-02-01 03:00:50 - ERROR - Skip P87161468: ❌ Property data node not found in extracted JSON
2026-02-01 03:00:50 - INFO - Processing property_id: Z88330868
2026-02-01 03:00:50 - INFO - 🔤 Detected Alphanumeric ID Z88330868 -> calling process
2026-02-01 03:00:51 - INFO - ✅ Fetched page successfully: 200
2026-02-01 03:00:51 - INFO - ✅ window.__initialData__ extracted successfully
2026-02-01 03:00:51 - ERROR - Skip D88037908: ❌ Property data node not found in extracted JSON
2026-02-01 03:00:51 - INFO - Processing property_id: T87301500
2026-02-01 03:00:51 - INFO - 🔤 Detected Alphanumeric ID T87301500 -> calling process
2026-02-01 03:00:51 - INFO - ✅ Fetched page successfully: 200
2026-02-01 03:00:51 - INFO - ✅ window.__initialData__ extracted successfully
2026-02-01 03:00:51 - ERROR - Skip Z88330868: ❌ Property data node not found in extracted JSON
2026-02-01 03:00:51 - INFO - Processing property_id: E75235605
2026-02-01 03:00:51 - INFO - 🔤 Detected Alphanumeric ID E75235605 -> calling process
2026-02-01 03:00:51 - ERROR - ❌ Error fetching page: HTTPSConnectionPool(host='www.99acres.com', port=443): Read timed out. (read timeout=5)
2026-02-01 03:00:51 - INFO - Processing property_id: N86733714
2026-02-01 03:00:51 - INFO - 🔤 Detected Alphanumeric ID N86733714 -> calling process
2026-02-01 03:01:43 - INFO - Successfully read 1627 listing IDs
2026-02-01 03:01:43 - INFO - Total: 1627 | Done: 189 | New: 1438
2026-02-01 03:01:43 - INFO - 🚀 Starting multithreaded extraction for 1438 projects with 3 workers...
2026-02-01 03:01:43 - INFO - Processing property_id: 439513
2026-02-01 03:01:43 - INFO - 🔢 Detected Numeric ID 439513 -> calling process_single_project
2026-02-01 03:01:43 - INFO - Processing property_id: 438182
2026-02-01 03:01:43 - INFO - Processing property_id: 430200
2026-02-01 03:01:43 - INFO - Processing property_id: 451125
2026-02-01 03:01:43 - INFO - 🔢 Detected Numeric ID 438182 -> calling process_single_project
2026-02-01 03:01:43 - INFO - 🔢 Detected Numeric ID 430200 -> calling process_single_project
2026-02-01 03:01:43 - INFO - 🔢 Detected Numeric ID 451125 -> calling process_single_project
2026-02-01 03:01:43 - INFO - Processing property_id: 382211
2026-02-01 03:01:43 - INFO - Processing property_id: 438445
2026-02-01 03:01:43 - INFO - Processing property_id: 438107
2026-02-01 03:01:43 - INFO - 🔢 Detected Numeric ID 382211 -> calling process_single_project
2026-02-01 03:01:43 - INFO - 🔢 Detected Numeric ID 438445 -> calling process_single_project
2026-02-01 03:01:43 - INFO - 🔢 Detected Numeric ID 438107 -> calling process_single_project
2026-02-01 03:01:43 - INFO - Processing property_id: 450053
2026-02-01 03:01:43 - INFO - Processing property_id: 419824
2026-02-01 03:01:43 - INFO - Processing property_id: 454924
2026-02-01 03:01:43 - INFO - 🔢 Detected Numeric ID 450053 -> calling process_single_project
2026-02-01 03:01:43 - INFO - 🔢 Detected Numeric ID 419824 -> calling process_single_project
2026-02-01 03:01:43 - INFO - 🔢 Detected Numeric ID 454924 -> calling process_single_project
2026-02-01 03:01:43 - INFO - Processing property_id: B87733298
2026-02-01 03:01:43 - INFO - Processing property_id: M88303446
2026-02-01 03:01:43 - INFO - Processing property_id: L87447004
2026-02-01 03:01:43 - INFO - 🔤 Detected Alphanumeric ID B87733298 -> calling process
2026-02-01 03:01:43 - INFO - 🔤 Detected Alphanumeric ID M88303446 -> calling process
2026-02-01 03:01:43 - INFO - 🔤 Detected Alphanumeric ID L87447004 -> calling process
2026-02-01 03:01:45 - INFO - ✅ Fetched page successfully: 200
2026-02-01 03:01:45 - INFO - ✅ Fetched page successfully: 200
2026-02-01 03:01:45 - INFO - ✅ window.__initialData__ extracted successfully
2026-02-01 03:01:45 - ERROR - Skip M88303446: ❌ Property data node not found in extracted JSON
2026-02-01 03:01:45 - INFO - ✅ window.__initialData__ extracted successfully
2026-02-01 03:01:45 - INFO - Processing property_id: U88177770
2026-02-01 03:01:45 - ERROR - Skip B87733298: ❌ Property data node not found in extracted JSON
2026-02-01 03:01:45 - INFO - 🔤 Detected Alphanumeric ID U88177770 -> calling process
2026-02-01 03:01:45 - INFO - Processing property_id: C87534016
2026-02-01 03:01:45 - INFO - 🔤 Detected Alphanumeric ID C87534016 -> calling process
2026-02-01 03:01:46 - INFO - ✅ Fetched page successfully: 200
2026-02-01 03:01:46 - INFO - ✅ window.__initialData__ extracted successfully
2026-02-01 03:01:46 - ERROR - Skip C87534016: ❌ Property data node not found in extracted JSON
2026-02-01 03:01:46 - INFO - Processing property_id: C87221052
2026-02-01 03:01:46 - INFO - 🔤 Detected Alphanumeric ID C87221052 -> calling process
2026-02-01 03:01:46 - INFO - ✅ Fetched page successfully: 200
2026-02-01 03:01:46 - INFO - ✅ window.__initialData__ extracted successfully
2026-02-01 03:01:46 - ERROR - Skip U88177770: ❌ Property data node not found in extracted JSON
2026-02-01 03:01:46 - INFO - Processing property_id: D88199610
2026-02-01 03:01:46 - INFO - 🔤 Detected Alphanumeric ID D88199610 -> calling process
2026-02-01 03:01:47 - INFO - ✅ Fetched page successfully: 200
2026-02-01 03:01:47 - INFO - ✅ window.__initialData__ extracted successfully
2026-02-01 03:01:47 - ERROR - Skip C87221052: ❌ Property data node not found in extracted JSON
2026-02-01 03:01:47 - INFO - Processing property_id: U88318652
2026-02-01 03:01:47 - INFO - 🔤 Detected Alphanumeric ID U88318652 -> calling process
2026-02-01 03:01:47 - INFO - ✅ Fetched page successfully: 200
2026-02-01 03:01:48 - INFO - ✅ window.__initialData__ extracted successfully
2026-02-01 03:01:48 - ERROR - Skip D88199610: ❌ Property data node not found in extracted JSON
2026-02-01 03:01:48 - INFO - Processing property_id: F84658978
2026-02-01 03:01:48 - INFO - 🔤 Detected Alphanumeric ID F84658978 -> calling process
2026-02-01 03:01:48 - INFO - ✅ Fetched page successfully: 200
2026-02-01 03:01:48 - INFO - ✅ window.__initialData__ extracted successfully
2026-02-01 03:01:48 - ERROR - Skip F84658978: ❌ Property data node not found in extracted JSON
2026-02-01 03:01:48 - INFO - Processing property_id: N84289002
2026-02-01 03:01:48 - INFO - 🔤 Detected Alphanumeric ID N84289002 -> calling process
2026-02-01 03:01:49 - INFO - ✅ Fetched page successfully: 200
2026-02-01 03:01:49 - INFO - ✅ window.__initialData__ extracted successfully
2026-02-01 03:01:49 - ERROR - Skip U88318652: ❌ Property data node not found in extracted JSON
2026-02-01 03:01:49 - INFO - Processing property_id: Q82835320
2026-02-01 03:01:49 - INFO - 🔤 Detected Alphanumeric ID Q82835320 -> calling process
2026-02-01 03:01:49 - INFO - ✅ Fetched page successfully: 200
2026-02-01 03:01:49 - INFO - ✅ window.__initialData__ extracted successfully
2026-02-01 03:01:49 - ERROR - Skip Q82835320: ❌ Property data node not found in extracted JSON
2026-02-01 03:01:49 - INFO - Processing property_id: B77278671
2026-02-01 03:01:49 - INFO - 🔤 Detected Alphanumeric ID B77278671 -> calling process
2026-02-01 03:01:50 - ERROR - ❌ Error fetching page: HTTPSConnectionPool(host='www.99acres.com', port=443): Read timed out. (read timeout=5)
2026-02-01 03:01:50 - INFO - Processing property_id: E88465900
2026-02-01 03:01:50 - INFO - 🔤 Detected Alphanumeric ID E88465900 -> calling process
2026-02-01 03:01:50 - INFO - ✅ Fetched page successfully: 200
2026-02-01 03:01:50 - INFO - ✅ window.__initialData__ extracted successfully
2026-02-01 03:01:50 - ERROR - Skip B77278671: ❌ Property data node not found in extracted JSON
2026-02-01 03:01:50 - INFO - Processing property_id: K88077026
2026-02-01 03:01:50 - INFO - 🔤 Detected Alphanumeric ID K88077026 -> calling process
2026-02-01 03:01:50 - INFO - ✅ Fetched page successfully: 200
2026-02-01 03:01:50 - INFO - ✅ window.__initialData__ extracted successfully
2026-02-01 03:01:50 - ERROR - Skip E88465900: ❌ Property data node not found in extracted JSON
2026-02-01 03:01:50 - INFO - Processing property_id: M83206340
2026-02-01 03:01:50 - INFO - 🔤 Detected Alphanumeric ID M83206340 -> calling process
2026-02-01 03:01:51 - INFO - ✅ Fetched page successfully: 200
2026-02-01 03:01:51 - INFO - ✅ window.__initialData__ extracted successfully
2026-02-01 03:01:51 - ERROR - Skip M83206340: ❌ Property data node not found in extracted JSON
2026-02-01 03:01:51 - INFO - Processing property_id: H87697658
2026-02-01 03:01:51 - INFO - 🔤 Detected Alphanumeric ID H87697658 -> calling process
2026-02-01 03:01:52 - INFO - ✅ Fetched page successfully: 200
2026-02-01 03:01:52 - INFO - ✅ window.__initialData__ extracted successfully
2026-02-01 03:01:52 - ERROR - Skip H87697658: ❌ Property data node not found in extracted JSON
2026-02-01 03:01:52 - INFO - Processing property_id: Q80925667
2026-02-01 03:01:52 - INFO - 🔤 Detected Alphanumeric ID Q80925667 -> calling process
2026-02-01 03:01:53 - INFO - ✅ Fetched page successfully: 200
2026-02-01 03:01:53 - INFO - ✅ window.__initialData__ extracted successfully
2026-02-01 03:01:53 - ERROR - Skip Q80925667: ❌ Property data node not found in extracted JSON
2026-02-01 03:01:53 - INFO - Processing property_id: W86693224
2026-02-01 03:01:53 - INFO - 🔤 Detected Alphanumeric ID W86693224 -> calling process
2026-02-01 03:03:38 - INFO - Successfully read 1627 listing IDs
2026-02-01 03:03:38 - INFO - Total Listing IDs: 1627
2026-02-01 03:04:40 - INFO - Successfully read 1627 listing IDs
2026-02-01 03:04:40 - INFO - Total Listing IDs: 1627
2026-02-01 03:05:36 - INFO - Successfully read 1627 listing IDs
2026-02-01 03:05:36 - INFO - Total Listing IDs: 1627
2026-02-01 03:08:04 - INFO - ✅ Fetched page successfully: 200
2026-02-01 03:08:05 - INFO - ✅ window.__initialData__ extracted successfully
2026-02-01 03:08:05 - ERROR - Skip S87884256: ❌ Property data node not found in extracted JSON
2026-02-01 03:09:20 - INFO - ✅ Fetched page successfully: 200
2026-02-01 03:09:20 - INFO - ✅ window.__initialData__ extracted successfully
2026-02-01 03:09:20 - ERROR - Skip S87884256: ❌ Property data node not found in extracted JSON
2026-02-01 03:09:55 - INFO - ✅ Fetched page successfully: 200
2026-02-01 03:09:55 - INFO - ✅ window.__initialData__ extracted successfully
2026-02-01 03:09:55 - ERROR - Skip S87884256: ❌ Property data node not found in extracted JSON
2026-02-01 03:29:00 - INFO - ✅ Fetched page successfully: 200
2026-02-01 03:29:00 - INFO - ✅ window.__initialData__ extracted successfully
2026-02-01 03:29:00 - ERROR - Skip S87884256: ❌ Property data node not found in extracted JSON
2026-02-01 03:31:24 - INFO - ✅ Fetched page successfully: 200
2026-02-01 03:31:24 - INFO - ✅ window.__initialData__ extracted successfully
2026-02-01 10:33:18 - INFO - ✅ Fetched page successfully: 200
2026-02-01 10:33:18 - INFO - ✅ window.__initialData__ extracted successfully
2026-02-01 10:33:18 - INFO - ✅ Property node detected
2026-02-01 10:35:05 - INFO - Successfully read 1627 listing IDs
2026-02-01 10:35:06 - INFO - Total: 1627 | Done: 190 | New: 1437
2026-02-01 10:35:06 - INFO - 🚀 Starting multithreaded extraction for 1437 projects with 3 workers...
2026-02-01 10:35:06 - INFO - Processing property_id: 439513
2026-02-01 10:35:06 - INFO - Processing property_id: 438182
2026-02-01 10:35:06 - INFO - 🔢 Detected Numeric ID 439513 -> calling process_single_project
2026-02-01 10:35:06 - INFO - 🔢 Detected Numeric ID 438182 -> calling process_single_project
2026-02-01 10:35:06 - INFO - Processing property_id: 430200
2026-02-01 10:35:06 - INFO - Fetching details for project ID: 439513
2026-02-01 10:35:06 - INFO - Fetching details for project ID: 438182
2026-02-01 10:35:06 - INFO - 🔢 Detected Numeric ID 430200 -> calling process_single_project
2026-02-01 10:35:06 - INFO - Fetching details for project ID: 430200
2026-02-01 10:35:09 - INFO - Processing property_id: 451125
2026-02-01 10:35:09 - INFO - 🔢 Detected Numeric ID 451125 -> calling process_single_project
2026-02-01 10:35:09 - INFO - Fetching details for project ID: 451125
2026-02-01 10:35:10 - INFO - Processing property_id: 382211
2026-02-01 10:35:10 - INFO - 🔢 Detected Numeric ID 382211 -> calling process_single_project
2026-02-01 10:35:10 - INFO - Fetching details for project ID: 382211
2026-02-01 10:35:10 - INFO - Processing property_id: 438445
2026-02-01 10:35:10 - INFO - 🔢 Detected Numeric ID 438445 -> calling process_single_project
2026-02-01 10:35:10 - INFO - Fetching details for project ID: 438445
2026-02-01 10:35:25 - ERROR - Error fetching project details: HTTPSConnectionPool(host='www.99acres.com', port=443): Read timed out. (read timeout=15)
2026-02-01 10:35:25 - INFO - Processing property_id: 438107
2026-02-01 10:35:25 - INFO - 🔢 Detected Numeric ID 438107 -> calling process_single_project
2026-02-01 10:35:25 - INFO - Fetching details for project ID: 438107
2026-02-01 10:35:25 - ERROR - Error fetching project details: HTTPSConnectionPool(host='www.99acres.com', port=443): Read timed out. (read timeout=15)
2026-02-01 10:35:25 - INFO - Processing property_id: 450053
2026-02-01 10:35:25 - INFO - 🔢 Detected Numeric ID 450053 -> calling process_single_project
2026-02-01 10:35:25 - INFO - Fetching details for project ID: 450053
2026-02-01 10:35:26 - ERROR - Error fetching project details: HTTPSConnectionPool(host='www.99acres.com', port=443): Read timed out. (read timeout=15)
2026-02-01 10:35:26 - INFO - Processing property_id: 419824
2026-02-01 10:35:26 - INFO - 🔢 Detected Numeric ID 419824 -> calling process_single_project
2026-02-01 10:35:26 - INFO - Fetching details for project ID: 419824
2026-02-01 10:35:29 - INFO - Processing property_id: 454924
2026-02-01 10:35:29 - INFO - 🔢 Detected Numeric ID 454924 -> calling process_single_project
2026-02-01 10:35:29 - INFO - Fetching details for project ID: 454924
2026-02-01 10:35:29 - INFO - Processing property_id: B87733298
2026-02-01 10:35:29 - INFO - 🔤 Detected Alphanumeric ID B87733298 -> calling process
2026-02-01 10:35:30 - INFO - ✅ Fetched page successfully: 200
2026-02-01 10:35:30 - INFO - ✅ window.__initialData__ extracted successfully
2026-02-01 10:35:30 - INFO - ✅ Property node detected
2026-02-01 10:35:30 - INFO - Processing property_id: M88303446
2026-02-01 10:35:30 - INFO - 🔤 Detected Alphanumeric ID M88303446 -> calling process
2026-02-01 10:35:31 - INFO - ✅ Fetched page successfully: 200
2026-02-01 10:35:31 - INFO - ✅ window.__initialData__ extracted successfully
2026-02-01 10:35:31 - INFO - ✅ Property node detected
2026-02-01 10:35:31 - INFO - Processing property_id: L87447004
2026-02-01 10:35:31 - INFO - 🔤 Detected Alphanumeric ID L87447004 -> calling process
2026-02-01 10:35:31 - INFO - Processing property_id: U88177770
2026-02-01 10:35:31 - INFO - 🔤 Detected Alphanumeric ID U88177770 -> calling process
2026-02-01 10:35:32 - INFO - ✅ Fetched page successfully: 200
2026-02-01 10:35:32 - INFO - ✅ window.__initialData__ extracted successfully
2026-02-01 10:35:32 - INFO - ✅ Property node detected
2026-02-01 10:35:32 - INFO - Processing property_id: C87534016
2026-02-01 10:35:32 - INFO - 🔤 Detected Alphanumeric ID C87534016 -> calling process
2026-02-01 10:35:32 - INFO - ✅ Fetched page successfully: 200
2026-02-01 10:35:33 - INFO - ✅ window.__initialData__ extracted successfully
2026-02-01 10:35:33 - INFO - ✅ Property node detected
2026-02-01 10:35:33 - INFO - Processing property_id: C87221052
2026-02-01 10:35:33 - INFO - 🔤 Detected Alphanumeric ID C87221052 -> calling process
2026-02-01 10:35:33 - INFO - ✅ Fetched page successfully: 200
2026-02-01 10:35:33 - INFO - ✅ window.__initialData__ extracted successfully
2026-02-01 10:35:33 - INFO - ✅ Property node detected
2026-02-01 10:35:33 - INFO - Processing property_id: D75991359
2026-02-01 10:35:33 - INFO - 🔤 Detected Alphanumeric ID D75991359 -> calling process
2026-02-01 10:35:34 - INFO - ✅ Fetched page successfully: 200
2026-02-01 10:35:34 - INFO - ✅ window.__initialData__ extracted successfully
2026-02-01 10:35:34 - INFO - ✅ Property node detected
2026-02-01 10:35:34 - INFO - Processing property_id: D88199610
2026-02-01 10:35:34 - INFO - 🔤 Detected Alphanumeric ID D88199610 -> calling process
2026-02-01 10:35:34 - INFO - ✅ Fetched page successfully: 200
2026-02-01 10:35:34 - INFO - ✅ window.__initialData__ extracted successfully
2026-02-01 10:35:34 - INFO - ✅ Property node detected
2026-02-01 10:35:34 - INFO - Processing property_id: U88318652
2026-02-01 10:35:34 - INFO - 🔤 Detected Alphanumeric ID U88318652 -> calling process
2026-02-01 10:35:35 - INFO - ✅ Fetched page successfully: 200
2026-02-01 10:35:35 - INFO - ✅ window.__initialData__ extracted successfully
2026-02-01 10:35:35 - INFO - ✅ Property node detected
2026-02-01 10:35:35 - INFO - Processing property_id: F84658978
2026-02-01 10:35:35 - INFO - 🔤 Detected Alphanumeric ID F84658978 -> calling process
2026-02-01 10:35:35 - INFO - ✅ Fetched page successfully: 200
2026-02-01 10:35:35 - INFO - ✅ window.__initialData__ extracted successfully
2026-02-01 10:35:35 - INFO - ✅ Property node detected
2026-02-01 10:35:35 - INFO - Processing property_id: N84289002
2026-02-01 10:35:35 - INFO - 🔤 Detected Alphanumeric ID N84289002 -> calling process
2026-02-01 10:35:36 - INFO - ✅ Fetched page successfully: 200
2026-02-01 10:35:36 - INFO - ✅ window.__initialData__ extracted successfully
2026-02-01 10:35:36 - INFO - ✅ Property node detected
2026-02-01 10:35:36 - INFO - Processing property_id: Q82835320
2026-02-01 10:35:36 - INFO - 🔤 Detected Alphanumeric ID Q82835320 -> calling process
2026-02-01 10:35:36 - INFO - ✅ Fetched page successfully: 200
2026-02-01 10:35:36 - INFO - ✅ window.__initialData__ extracted successfully
2026-02-01 10:35:36 - INFO - ✅ Property node detected
2026-02-01 10:35:36 - INFO - Processing property_id: B77278671
2026-02-01 10:35:36 - INFO - 🔤 Detected Alphanumeric ID B77278671 -> calling process
2026-02-01 10:35:37 - INFO - ✅ Fetched page successfully: 200
2026-02-01 10:35:37 - INFO - ✅ window.__initialData__ extracted successfully
2026-02-01 10:35:37 - INFO - ✅ Property node detected
2026-02-01 10:35:37 - INFO - Processing property_id: E88465900
2026-02-01 10:35:37 - INFO - 🔤 Detected Alphanumeric ID E88465900 -> calling process
2026-02-01 10:35:37 - INFO - ✅ Fetched page successfully: 200
2026-02-01 10:35:37 - INFO - ✅ window.__initialData__ extracted successfully
2026-02-01 10:35:37 - INFO - ✅ Property node detected
2026-02-01 10:35:37 - INFO - Processing property_id: K88077026
2026-02-01 10:35:37 - INFO - 🔤 Detected Alphanumeric ID K88077026 -> calling process
2026-02-01 10:35:38 - INFO - ✅ Fetched page successfully: 200
2026-02-01 10:35:38 - INFO - ✅ window.__initialData__ extracted successfully
2026-02-01 10:35:38 - INFO - ✅ Property node detected
2026-02-01 10:35:38 - INFO - Processing property_id: M83206340
2026-02-01 10:35:38 - INFO - 🔤 Detected Alphanumeric ID M83206340 -> calling process
2026-02-01 10:35:39 - INFO - ✅ Fetched page successfully: 200
2026-02-01 10:35:39 - INFO - ✅ window.__initialData__ extracted successfully
2026-02-01 10:35:39 - INFO - ✅ Property node detected
2026-02-01 10:35:39 - INFO - Processing property_id: H87697658
2026-02-01 10:35:39 - INFO - 🔤 Detected Alphanumeric ID H87697658 -> calling process
2026-02-01 10:35:39 - INFO - ✅ Fetched page successfully: 200
2026-02-01 10:35:39 - INFO - ✅ window.__initialData__ extracted successfully
2026-02-01 10:35:39 - INFO - ✅ Property node detected
2026-02-01 10:35:39 - INFO - Processing property_id: Q80925667
2026-02-01 10:35:39 - INFO - 🔤 Detected Alphanumeric ID Q80925667 -> calling process
2026-02-01 10:35:39 - INFO - ✅ Fetched page successfully: 200
2026-02-01 10:35:40 - INFO - ✅ window.__initialData__ extracted successfully
2026-02-01 10:35:40 - INFO - ✅ Property node detected
2026-02-01 10:35:40 - INFO - Processing property_id: W86693224
2026-02-01 10:35:40 - INFO - 🔤 Detected Alphanumeric ID W86693224 -> calling process
2026-02-01 10:35:40 - ERROR - Error fetching project details: HTTPSConnectionPool(host='www.99acres.com', port=443): Read timed out. (read timeout=15)
2026-02-01 10:35:40 - INFO - Processing property_id: D86700128
2026-02-01 10:35:40 - ERROR - ❌ Thread exception: 'builtin_function_or_method' object has no attribute 'randint'
2026-02-01 10:35:40 - INFO - 🔤 Detected Alphanumeric ID D86700128 -> calling process
2026-02-01 10:35:40 - INFO - ✅ Fetched page successfully: 200
2026-02-01 10:35:40 - INFO - ✅ window.__initialData__ extracted successfully
2026-02-01 10:35:40 - INFO - ✅ Property node detected
2026-02-01 10:35:40 - INFO - Processing property_id: C88064032
2026-02-01 10:35:40 - INFO - 🔤 Detected Alphanumeric ID C88064032 -> calling process
2026-02-01 10:35:41 - INFO - ✅ Fetched page successfully: 200
2026-02-01 10:35:41 - INFO - ✅ window.__initialData__ extracted successfully
2026-02-01 10:35:41 - INFO - ✅ Property node detected
2026-02-01 10:35:41 - INFO - Processing property_id: S86783344
2026-02-01 10:35:41 - INFO - 🔤 Detected Alphanumeric ID S86783344 -> calling process
2026-02-01 10:35:41 - INFO - ✅ Fetched page successfully: 200
2026-02-01 10:35:41 - INFO - ✅ window.__initialData__ extracted successfully
2026-02-01 10:35:41 - INFO - ✅ Property node detected
2026-02-01 10:35:41 - INFO - Processing property_id: D88231266
2026-02-01 10:35:41 - INFO - 🔤 Detected Alphanumeric ID D88231266 -> calling process
2026-02-01 10:35:41 - INFO - ✅ Fetched page successfully: 200
2026-02-01 10:35:41 - INFO - ✅ window.__initialData__ extracted successfully
2026-02-01 10:35:41 - INFO - ✅ Property node detected
2026-02-01 10:35:41 - INFO - Processing property_id: B87489806
2026-02-01 10:35:41 - INFO - 🔤 Detected Alphanumeric ID B87489806 -> calling process
2026-02-01 10:35:42 - INFO - ✅ Fetched page successfully: 200
2026-02-01 10:35:42 - INFO - ✅ window.__initialData__ extracted successfully
2026-02-01 10:35:42 - INFO - ✅ Property node detected
2026-02-01 10:35:42 - INFO - Processing property_id: X88228106
2026-02-01 10:35:42 - INFO - 🔤 Detected Alphanumeric ID X88228106 -> calling process
2026-02-01 10:35:42 - INFO - ✅ Fetched page successfully: 200
2026-02-01 10:35:42 - INFO - ✅ window.__initialData__ extracted successfully
2026-02-01 10:35:42 - INFO - ✅ Property node detected
2026-02-01 10:35:42 - INFO - Processing property_id: U87743628
2026-02-01 10:35:42 - INFO - 🔤 Detected Alphanumeric ID U87743628 -> calling process
2026-02-01 10:35:42 - INFO - ✅ Fetched page successfully: 200
2026-02-01 10:35:42 - INFO - ✅ window.__initialData__ extracted successfully
2026-02-01 10:35:42 - INFO - ✅ Property node detected
2026-02-01 10:35:42 - INFO - Processing property_id: W79881185
2026-02-01 10:35:42 - INFO - 🔤 Detected Alphanumeric ID W79881185 -> calling process
2026-02-01 10:35:43 - INFO - ✅ Fetched page successfully: 200
2026-02-01 10:35:43 - INFO - ✅ Fetched page successfully: 200
2026-02-01 10:35:43 - INFO - ✅ window.__initialData__ extracted successfully
2026-02-01 10:35:43 - INFO - ✅ Property node detected
2026-02-01 10:35:43 - INFO - Processing property_id: A83031090
2026-02-01 10:35:43 - INFO - 🔤 Detected Alphanumeric ID A83031090 -> calling process
2026-02-01 10:35:43 - INFO - ✅ window.__initialData__ extracted successfully
2026-02-01 10:35:43 - INFO - ✅ Property node detected
2026-02-01 10:35:43 - INFO - Processing property_id: G81047961
2026-02-01 10:35:43 - INFO - 🔤 Detected Alphanumeric ID G81047961 -> calling process
2026-02-01 10:35:43 - INFO - ✅ Fetched page successfully: 200
2026-02-01 10:35:43 - INFO - ✅ window.__initialData__ extracted successfully
2026-02-01 10:35:43 - INFO - ✅ Property node detected
2026-02-01 10:35:43 - INFO - Processing property_id: T86294806
2026-02-01 10:35:43 - INFO - 🔤 Detected Alphanumeric ID T86294806 -> calling process
2026-02-01 10:35:44 - INFO - ✅ Fetched page successfully: 200
2026-02-01 10:35:44 - INFO - ✅ window.__initialData__ extracted successfully
2026-02-01 10:35:44 - INFO - ✅ Property node detected
2026-02-01 10:35:44 - INFO - Processing property_id: T86268982
2026-02-01 10:35:44 - INFO - 🔤 Detected Alphanumeric ID T86268982 -> calling process
2026-02-01 10:35:44 - INFO - ✅ Fetched page successfully: 200
2026-02-01 10:35:44 - INFO - ✅ Fetched page successfully: 200
2026-02-01 10:35:45 - INFO - ✅ window.__initialData__ extracted successfully
2026-02-01 10:35:45 - INFO - ✅ Property node detected
2026-02-01 10:35:45 - INFO - Processing property_id: L84684748
2026-02-01 10:35:45 - INFO - 🔤 Detected Alphanumeric ID L84684748 -> calling process
2026-02-01 10:35:45 - INFO - ✅ window.__initialData__ extracted successfully
2026-02-01 10:35:45 - INFO - ✅ Property node detected
2026-02-01 10:35:45 - INFO - Processing property_id: M87594392
2026-02-01 10:35:45 - INFO - 🔤 Detected Alphanumeric ID M87594392 -> calling process
2026-02-01 10:35:45 - INFO - ✅ Fetched page successfully: 200
2026-02-01 10:35:45 - INFO - ✅ window.__initialData__ extracted successfully
2026-02-01 10:35:45 - INFO - ✅ Property node detected
2026-02-01 10:35:45 - INFO - Processing property_id: N82150832
2026-02-01 10:35:45 - INFO - 🔤 Detected Alphanumeric ID N82150832 -> calling process
2026-02-01 10:35:46 - INFO - ✅ Fetched page successfully: 200
2026-02-01 10:35:46 - INFO - ✅ window.__initialData__ extracted successfully
2026-02-01 10:35:46 - INFO - ✅ Property node detected
2026-02-01 10:35:46 - INFO - Processing property_id: F87169838
2026-02-01 10:35:46 - INFO - 🔤 Detected Alphanumeric ID F87169838 -> calling process
2026-02-01 10:35:46 - INFO - ✅ Fetched page successfully: 200
2026-02-01 10:35:46 - INFO - ✅ window.__initialData__ extracted successfully
2026-02-01 10:35:46 - INFO - ✅ Property node detected
2026-02-01 10:35:46 - INFO - Processing property_id: J87356456
2026-02-01 10:35:46 - INFO - 🔤 Detected Alphanumeric ID J87356456 -> calling process
2026-02-01 10:35:47 - INFO - ✅ Fetched page successfully: 200
2026-02-01 10:35:47 - INFO - ✅ Fetched page successfully: 200
2026-02-01 10:35:47 - INFO - ✅ window.__initialData__ extracted successfully
2026-02-01 10:35:47 - INFO - ✅ Property node detected
2026-02-01 10:35:47 - INFO - Processing property_id: C87304328
2026-02-01 10:35:47 - INFO - 🔤 Detected Alphanumeric ID C87304328 -> calling process
2026-02-01 10:35:47 - INFO - ✅ window.__initialData__ extracted successfully
2026-02-01 10:35:47 - INFO - ✅ Property node detected
2026-02-01 10:35:47 - INFO - Processing property_id: O85189794
2026-02-01 10:35:47 - INFO - 🔤 Detected Alphanumeric ID O85189794 -> calling process
2026-02-01 10:35:47 - INFO - ✅ Fetched page successfully: 200
2026-02-01 10:35:47 - INFO - ✅ window.__initialData__ extracted successfully
2026-02-01 10:35:47 - INFO - ✅ Property node detected
2026-02-01 10:35:47 - INFO - Processing property_id: K85243782
2026-02-01 10:35:47 - INFO - 🔤 Detected Alphanumeric ID K85243782 -> calling process
2026-02-01 10:35:48 - INFO - ✅ Fetched page successfully: 200
2026-02-01 10:35:48 - INFO - ✅ window.__initialData__ extracted successfully
2026-02-01 10:35:48 - INFO - ✅ Property node detected
2026-02-01 10:35:48 - INFO - Processing property_id: A86715928
2026-02-01 10:35:48 - INFO - 🔤 Detected Alphanumeric ID A86715928 -> calling process
2026-02-01 10:35:48 - INFO - ✅ Fetched page successfully: 200
2026-02-01 10:35:48 - INFO - ✅ window.__initialData__ extracted successfully
2026-02-01 10:35:48 - INFO - ✅ Property node detected
2026-02-01 10:35:48 - INFO - Processing property_id: B87453554
2026-02-01 10:35:48 - INFO - 🔤 Detected Alphanumeric ID B87453554 -> calling process
2026-02-01 10:35:49 - INFO - ✅ Fetched page successfully: 200
2026-02-01 10:35:49 - INFO - ✅ window.__initialData__ extracted successfully
2026-02-01 10:35:49 - INFO - ✅ Property node detected
2026-02-01 10:35:49 - INFO - Processing property_id: R88029114
2026-02-01 10:35:49 - INFO - 🔤 Detected Alphanumeric ID R88029114 -> calling process
2026-02-01 10:35:49 - INFO - ✅ Fetched page successfully: 200
2026-02-01 10:35:49 - INFO - ✅ Fetched page successfully: 200
2026-02-01 10:35:49 - INFO - ✅ window.__initialData__ extracted successfully
2026-02-01 10:35:49 - INFO - ✅ Property node detected
2026-02-01 10:35:49 - INFO - Processing property_id: I87260730
2026-02-01 10:35:49 - INFO - 🔤 Detected Alphanumeric ID I87260730 -> calling process
2026-02-01 10:35:49 - INFO - ✅ window.__initialData__ extracted successfully
2026-02-01 10:35:49 - INFO - ✅ Property node detected
2026-02-01 10:35:49 - INFO - Processing property_id: M86635630
2026-02-01 10:35:49 - INFO - 🔤 Detected Alphanumeric ID M86635630 -> calling process
2026-02-01 10:35:50 - INFO - ✅ Fetched page successfully: 200
2026-02-01 10:35:50 - INFO - ✅ window.__initialData__ extracted successfully
2026-02-01 10:35:50 - INFO - ✅ Property node detected
2026-02-01 10:35:50 - INFO - Processing property_id: M87409938
2026-02-01 10:35:50 - INFO - 🔤 Detected Alphanumeric ID M87409938 -> calling process
2026-02-01 10:35:50 - INFO - ✅ Fetched page successfully: 200
2026-02-01 10:35:50 - INFO - ✅ window.__initialData__ extracted successfully
2026-02-01 10:35:50 - INFO - ✅ Property node detected
2026-02-01 10:35:50 - INFO - Processing property_id: C83000646
2026-02-01 10:35:50 - INFO - 🔤 Detected Alphanumeric ID C83000646 -> calling process
2026-02-01 10:35:51 - INFO - ✅ Fetched page successfully: 200
2026-02-01 10:35:51 - INFO - ✅ window.__initialData__ extracted successfully
2026-02-01 10:35:51 - INFO - ✅ Property node detected
2026-02-01 10:35:51 - INFO - Processing property_id: M79931041
2026-02-01 10:35:51 - INFO - 🔤 Detected Alphanumeric ID M79931041 -> calling process
2026-02-01 10:35:51 - INFO - ✅ Fetched page successfully: 200
2026-02-01 10:35:51 - INFO - ✅ window.__initialData__ extracted successfully
2026-02-01 10:35:51 - INFO - ✅ Property node detected
2026-02-01 10:35:51 - INFO - Processing property_id: I82334086
2026-02-01 10:35:51 - INFO - 🔤 Detected Alphanumeric ID I82334086 -> calling process
2026-02-01 10:35:52 - INFO - ✅ Fetched page successfully: 200
2026-02-01 10:35:52 - INFO - ✅ window.__initialData__ extracted successfully
2026-02-01 10:35:52 - INFO - ✅ Property node detected
2026-02-01 10:35:52 - INFO - Processing property_id: K88199956
2026-02-01 10:35:52 - ERROR - ❌ Thread exception: 'builtin_function_or_method' object has no attribute 'randint'
2026-02-01 10:35:52 - INFO - 🔤 Detected Alphanumeric ID K88199956 -> calling process
2026-02-01 10:35:52 - INFO - ✅ Fetched page successfully: 200
2026-02-01 10:35:53 - INFO - ✅ window.__initialData__ extracted successfully
2026-02-01 10:35:53 - INFO - ✅ Property node detected
2026-02-01 10:35:53 - INFO - Processing property_id: A82695400
2026-02-01 10:35:53 - INFO - 🔤 Detected Alphanumeric ID A82695400 -> calling process
2026-02-01 10:35:53 - INFO - ✅ Fetched page successfully: 200
2026-02-01 10:35:53 - INFO - ✅ Fetched page successfully: 200
2026-02-01 10:35:53 - INFO - ✅ window.__initialData__ extracted successfully
2026-02-01 10:35:53 - INFO - ✅ Property node detected
2026-02-01 10:35:53 - INFO - Processing property_id: X87303388
2026-02-01 10:35:53 - INFO - 🔤 Detected Alphanumeric ID X87303388 -> calling process
2026-02-01 10:35:53 - INFO - ✅ window.__initialData__ extracted successfully
2026-02-01 10:35:53 - INFO - ✅ Property node detected
2026-02-01 10:35:53 - INFO - Processing property_id: J85906746
2026-02-01 10:35:53 - INFO - 🔤 Detected Alphanumeric ID J85906746 -> calling process
2026-02-01 10:35:53 - INFO - ✅ Fetched page successfully: 200
2026-02-01 10:35:53 - INFO - ✅ window.__initialData__ extracted successfully
2026-02-01 10:35:53 - INFO - ✅ Property node detected
2026-02-01 10:35:53 - INFO - Processing property_id: O86926924
2026-02-01 10:35:53 - INFO - 🔤 Detected Alphanumeric ID O86926924 -> calling process
2026-02-01 10:35:54 - INFO - ✅ Fetched page successfully: 200
2026-02-01 10:35:54 - INFO - ✅ window.__initialData__ extracted successfully
2026-02-01 10:35:54 - INFO - ✅ Property node detected
2026-02-01 10:35:54 - INFO - Processing property_id: B86369106
2026-02-01 10:35:54 - INFO - 🔤 Detected Alphanumeric ID B86369106 -> calling process
2026-02-01 10:35:54 - INFO - ✅ Fetched page successfully: 200
2026-02-01 10:35:54 - INFO - ✅ window.__initialData__ extracted successfully
2026-02-01 10:35:54 - INFO - ✅ Property node detected
2026-02-01 10:35:54 - INFO - Processing property_id: Y87508550
2026-02-01 10:35:54 - INFO - 🔤 Detected Alphanumeric ID Y87508550 -> calling process
2026-02-01 10:35:54 - INFO - ✅ Fetched page successfully: 200
2026-02-01 10:35:55 - INFO - ✅ window.__initialData__ extracted successfully
2026-02-01 10:35:55 - INFO - ✅ Property node detected
2026-02-01 10:35:55 - INFO - Processing property_id: X87496378
2026-02-01 10:35:55 - INFO - 🔤 Detected Alphanumeric ID X87496378 -> calling process
2026-02-01 10:35:55 - INFO - ✅ Fetched page successfully: 200
2026-02-01 10:35:55 - INFO - ✅ Fetched page successfully: 200
2026-02-01 10:35:55 - INFO - ✅ window.__initialData__ extracted successfully
2026-02-01 10:35:55 - INFO - ✅ Property node detected
2026-02-01 10:35:55 - INFO - Processing property_id: Q88162160
2026-02-01 10:35:55 - INFO - 🔤 Detected Alphanumeric ID Q88162160 -> calling process
2026-02-01 10:35:55 - INFO - ✅ window.__initialData__ extracted successfully
2026-02-01 10:35:55 - INFO - ✅ Property node detected
2026-02-01 10:35:55 - INFO - Processing property_id: M87520512
2026-02-01 10:35:55 - INFO - 🔤 Detected Alphanumeric ID M87520512 -> calling process
2026-02-01 10:35:56 - INFO - ✅ Fetched page successfully: 200
2026-02-01 10:35:56 - INFO - ✅ window.__initialData__ extracted successfully
2026-02-01 10:35:56 - INFO - ✅ Property node detected
2026-02-01 10:35:56 - INFO - Processing property_id: P80954639
2026-02-01 10:35:56 - INFO - 🔤 Detected Alphanumeric ID P80954639 -> calling process
2026-02-01 10:35:56 - INFO - ✅ Fetched page successfully: 200
2026-02-01 10:35:56 - INFO - ✅ window.__initialData__ extracted successfully
2026-02-01 10:35:56 - INFO - ✅ Property node detected
2026-02-01 10:35:56 - INFO - Processing property_id: B86431456
2026-02-01 10:35:56 - INFO - 🔤 Detected Alphanumeric ID B86431456 -> calling process
2026-02-01 10:35:56 - INFO - ✅ Fetched page successfully: 200
2026-02-01 10:35:56 - INFO - ✅ window.__initialData__ extracted successfully
2026-02-01 10:35:56 - INFO - ✅ Property node detected
2026-02-01 10:35:56 - INFO - Processing property_id: P87161468
2026-02-01 10:35:56 - INFO - 🔤 Detected Alphanumeric ID P87161468 -> calling process
2026-02-01 10:35:57 - INFO - ✅ Fetched page successfully: 200
2026-02-01 10:35:57 - INFO - ✅ window.__initialData__ extracted successfully
2026-02-01 10:35:57 - INFO - ✅ Property node detected
2026-02-01 10:35:57 - INFO - Processing property_id: I86057710
2026-02-01 10:35:57 - INFO - 🔤 Detected Alphanumeric ID I86057710 -> calling process
2026-02-01 10:35:57 - INFO - ✅ Fetched page successfully: 200
2026-02-01 10:35:57 - INFO - ✅ window.__initialData__ extracted successfully
2026-02-01 10:35:57 - INFO - ✅ Property node detected
2026-02-01 10:35:57 - INFO - Processing property_id: D88037908
2026-02-01 10:35:57 - INFO - 🔤 Detected Alphanumeric ID D88037908 -> calling process
2026-02-01 10:35:57 - INFO - ✅ Fetched page successfully: 200
2026-02-01 10:35:57 - INFO - ✅ window.__initialData__ extracted successfully
2026-02-01 10:35:57 - INFO - ✅ Property node detected
2026-02-01 10:35:57 - INFO - Processing property_id: Z88330868
2026-02-01 10:35:57 - INFO - 🔤 Detected Alphanumeric ID Z88330868 -> calling process
2026-02-01 10:35:58 - INFO - ✅ Fetched page successfully: 200
2026-02-01 10:35:58 - INFO - ✅ Fetched page successfully: 200
2026-02-01 10:35:58 - INFO - ✅ Fetched page successfully: 200
2026-02-01 10:35:58 - INFO - ✅ window.__initialData__ extracted successfully
2026-02-01 10:35:58 - INFO - ✅ Property node detected
2026-02-01 10:35:58 - INFO - Processing property_id: T87301500
2026-02-01 10:35:58 - INFO - 🔤 Detected Alphanumeric ID T87301500 -> calling process
2026-02-01 10:35:59 - INFO - ✅ window.__initialData__ extracted successfully
2026-02-01 10:35:59 - INFO - ✅ Property node detected
2026-02-01 10:35:59 - INFO - Processing property_id: E75235605
2026-02-01 10:35:59 - INFO - 🔤 Detected Alphanumeric ID E75235605 -> calling process
2026-02-01 10:35:59 - INFO - ✅ window.__initialData__ extracted successfully
2026-02-01 10:35:59 - INFO - ✅ Property node detected
2026-02-01 10:35:59 - INFO - Processing property_id: N86733714
2026-02-01 10:35:59 - INFO - 🔤 Detected Alphanumeric ID N86733714 -> calling process
2026-02-01 10:35:59 - INFO - ✅ Fetched page successfully: 200
2026-02-01 10:35:59 - INFO - ✅ window.__initialData__ extracted successfully
2026-02-01 10:35:59 - INFO - ✅ Property node detected
2026-02-01 10:35:59 - INFO - Processing property_id: K78334263
2026-02-01 10:35:59 - INFO - 🔤 Detected Alphanumeric ID K78334263 -> calling process
2026-02-01 10:35:59 - INFO - ✅ Fetched page successfully: 200
2026-02-01 10:36:00 - INFO - ✅ Fetched page successfully: 200
2026-02-01 10:36:00 - INFO - ✅ window.__initialData__ extracted successfully
2026-02-01 10:36:00 - INFO - ✅ Property node detected
2026-02-01 10:36:00 - INFO - Processing property_id: M87714200
2026-02-01 10:36:00 - INFO - 🔤 Detected Alphanumeric ID M87714200 -> calling process
2026-02-01 10:36:00 - INFO - ✅ window.__initialData__ extracted successfully
2026-02-01 10:36:00 - INFO - ✅ Property node detected
2026-02-01 10:36:00 - INFO - Processing property_id: Z87004246
2026-02-01 10:36:00 - INFO - 🔤 Detected Alphanumeric ID Z87004246 -> calling process
2026-02-01 10:36:00 - INFO - ✅ Fetched page successfully: 200
2026-02-01 10:36:00 - INFO - ✅ window.__initialData__ extracted successfully
2026-02-01 10:36:00 - INFO - ✅ Property node detected
2026-02-01 10:36:00 - INFO - Processing property_id: H87759594
2026-02-01 10:36:00 - INFO - 🔤 Detected Alphanumeric ID H87759594 -> calling process
2026-02-01 10:36:00 - INFO - ✅ Fetched page successfully: 200
2026-02-01 10:36:00 - INFO - ✅ Fetched page successfully: 200
2026-02-01 10:36:01 - INFO - ✅ window.__initialData__ extracted successfully
2026-02-01 10:36:01 - INFO - ✅ Property node detected
2026-02-01 10:36:01 - INFO - Processing property_id: Q86493244
2026-02-01 10:36:01 - INFO - 🔤 Detected Alphanumeric ID Q86493244 -> calling process
2026-02-01 10:36:01 - INFO - ✅ window.__initialData__ extracted successfully
2026-02-01 10:36:01 - INFO - ✅ Property node detected
2026-02-01 10:36:01 - INFO - Processing property_id: 450094
2026-02-01 10:36:01 - INFO - 🔢 Detected Numeric ID 450094 -> calling process_single_project
2026-02-01 10:36:01 - INFO - Fetching details for project ID: 450094
2026-02-01 10:36:01 - INFO - ✅ Fetched page successfully: 200
2026-02-01 10:36:01 - INFO - ✅ window.__initialData__ extracted successfully
2026-02-01 10:36:01 - INFO - ✅ Property node detected
2026-02-01 10:36:01 - INFO - Processing property_id: P86348912
2026-02-01 10:36:01 - INFO - 🔤 Detected Alphanumeric ID P86348912 -> calling process
2026-02-01 10:36:02 - INFO - ✅ Fetched page successfully: 200
2026-02-01 10:36:02 - INFO - ✅ window.__initialData__ extracted successfully
2026-02-01 10:36:02 - INFO - ✅ Property node detected
2026-02-01 10:36:02 - INFO - Processing property_id: M86352760
2026-02-01 10:36:02 - INFO - 🔤 Detected Alphanumeric ID M86352760 -> calling process
2026-02-01 10:36:02 - INFO - ✅ Fetched page successfully: 200
2026-02-01 10:36:02 - INFO - ✅ window.__initialData__ extracted successfully
2026-02-01 10:36:02 - INFO - ✅ Property node detected
2026-02-01 10:36:02 - INFO - Processing property_id: 412508
2026-02-01 10:36:02 - INFO - 🔢 Detected Numeric ID 412508 -> calling process_single_project
2026-02-01 10:36:02 - INFO - Fetching details for project ID: 412508
2026-02-01 10:36:03 - INFO - ✅ Fetched page successfully: 200
2026-02-01 10:36:03 - INFO - ✅ window.__initialData__ extracted successfully
2026-02-01 10:36:03 - INFO - ✅ Property node detected
2026-02-01 10:36:03 - INFO - Processing property_id: T86988032
2026-02-01 10:36:03 - INFO - 🔤 Detected Alphanumeric ID T86988032 -> calling process
2026-02-01 10:36:04 - INFO - ✅ Fetched page successfully: 200
2026-02-01 10:36:04 - INFO - ✅ window.__initialData__ extracted successfully
2026-02-01 10:36:04 - INFO - ✅ Property node detected
2026-02-01 10:36:04 - INFO - Processing property_id: 458788
2026-02-01 10:36:04 - ERROR - ❌ Thread exception: 'builtin_function_or_method' object has no attribute 'randint'
2026-02-01 10:36:04 - INFO - 🔢 Detected Numeric ID 458788 -> calling process_single_project
2026-02-01 10:36:04 - INFO - Fetching details for project ID: 458788
2026-02-01 10:36:05 - INFO - Processing property_id: G79294321
2026-02-01 10:36:05 - INFO - 🔤 Detected Alphanumeric ID G79294321 -> calling process
2026-02-01 10:36:06 - INFO - ✅ Fetched page successfully: 200
2026-02-01 10:36:06 - INFO - ✅ window.__initialData__ extracted successfully
2026-02-01 10:36:06 - INFO - ✅ Property node detected
2026-02-01 10:36:06 - INFO - Processing property_id: 423569
2026-02-01 10:36:06 - INFO - 🔢 Detected Numeric ID 423569 -> calling process_single_project
2026-02-01 10:36:06 - INFO - Fetching details for project ID: 423569
2026-02-01 10:36:09 - INFO - Processing property_id: 412892
2026-02-01 10:36:09 - INFO - 🔢 Detected Numeric ID 412892 -> calling process_single_project
2026-02-01 10:36:09 - INFO - Fetching details for project ID: 412892
2026-02-01 10:36:09 - INFO - Processing property_id: 427296
2026-02-01 10:36:09 - INFO - 🔢 Detected Numeric ID 427296 -> calling process_single_project
2026-02-01 10:36:09 - INFO - Fetching details for project ID: 427296
2026-02-01 10:36:11 - INFO - Processing property_id: M74680447
2026-02-01 10:36:11 - INFO - 🔤 Detected Alphanumeric ID M74680447 -> calling process
2026-02-01 10:36:12 - INFO - ✅ Fetched page successfully: 200
2026-02-01 10:36:12 - INFO - ✅ window.__initialData__ extracted successfully
2026-02-01 10:36:12 - INFO - Processing property_id: 378950
2026-02-01 10:36:12 - INFO - 🔢 Detected Numeric ID 378950 -> calling process_single_project
2026-02-01 10:36:12 - INFO - Fetching details for project ID: 378950
2026-02-01 10:36:18 - ERROR - Error fetching project details: HTTPSConnectionPool(host='www.99acres.com', port=443): Read timed out. (read timeout=15)
2026-02-01 10:36:18 - INFO - Processing property_id: J87922342
2026-02-01 10:36:18 - INFO - 🔤 Detected Alphanumeric ID J87922342 -> calling process
2026-02-01 10:36:18 - INFO - ✅ Fetched page successfully: 200
2026-02-01 10:36:18 - INFO - ✅ window.__initialData__ extracted successfully
2026-02-01 10:36:18 - INFO - Processing property_id: I87918488
2026-02-01 10:36:18 - INFO - 🔤 Detected Alphanumeric ID I87918488 -> calling process
2026-02-01 10:36:19 - INFO - ✅ Fetched page successfully: 200
2026-02-01 10:36:19 - INFO - ✅ window.__initialData__ extracted successfully
2026-02-01 10:36:19 - INFO - Processing property_id: 383509
2026-02-01 10:36:19 - INFO - 🔢 Detected Numeric ID 383509 -> calling process_single_project
2026-02-01 10:36:19 - INFO - Fetching details for project ID: 383509
2026-02-01 10:36:22 - INFO - Processing property_id: 437776
2026-02-01 10:36:22 - INFO - 🔢 Detected Numeric ID 437776 -> calling process_single_project
2026-02-01 10:36:22 - INFO - Fetching details for project ID: 437776
2026-02-01 10:36:24 - ERROR - Error fetching project details: HTTPSConnectionPool(host='www.99acres.com', port=443): Read timed out. (read timeout=15)
2026-02-01 10:36:24 - INFO - Processing property_id: 437949
2026-02-01 10:36:24 - INFO - 🔢 Detected Numeric ID 437949 -> calling process_single_project
2026-02-01 10:36:24 - INFO - Fetching details for project ID: 437949
2026-02-01 10:36:25 - INFO - Processing property_id: 426937
2026-02-01 10:36:25 - INFO - 🔢 Detected Numeric ID 426937 -> calling process_single_project
2026-02-01 10:36:25 - INFO - Fetching details for project ID: 426937
2026-02-01 10:36:27 - ERROR - Error fetching project details: HTTPSConnectionPool(host='www.99acres.com', port=443): Read timed out. (read timeout=15)
2026-02-01 10:36:27 - INFO - Processing property_id: O86442438
2026-02-01 10:36:27 - INFO - 🔤 Detected Alphanumeric ID O86442438 -> calling process
2026-02-01 10:36:28 - INFO - ✅ Fetched page successfully: 200
2026-02-01 10:36:28 - INFO - ✅ window.__initialData__ extracted successfully
2026-02-01 10:36:28 - INFO - Processing property_id: 381968
2026-02-01 10:36:28 - INFO - 🔢 Detected Numeric ID 381968 -> calling process_single_project
2026-02-01 10:36:28 - INFO - Fetching details for project ID: 381968
2026-02-01 10:36:31 - INFO - Processing property_id: K85169858
2026-02-01 10:36:31 - INFO - 🔤 Detected Alphanumeric ID K85169858 -> calling process
2026-02-01 10:36:31 - INFO - ✅ Fetched page successfully: 200
2026-02-01 10:36:31 - INFO - ✅ window.__initialData__ extracted successfully
2026-02-01 10:36:31 - INFO - Processing property_id: 423084
2026-02-01 10:36:31 - INFO - 🔢 Detected Numeric ID 423084 -> calling process_single_project
2026-02-01 10:36:31 - INFO - Fetching details for project ID: 423084
2026-02-01 10:36:36 - INFO - Processing property_id: 431643
2026-02-01 10:36:36 - INFO - 🔢 Detected Numeric ID 431643 -> calling process_single_project
2026-02-01 10:36:36 - INFO - Fetching details for project ID: 431643
2026-02-01 10:36:39 - ERROR - Error fetching project details: HTTPSConnectionPool(host='www.99acres.com', port=443): Read timed out. (read timeout=15)
2026-02-01 10:36:39 - INFO - Processing property_id: E86166552
2026-02-01 10:36:39 - INFO - 🔤 Detected Alphanumeric ID E86166552 -> calling process
2026-02-01 10:36:40 - INFO - ✅ Fetched page successfully: 200
2026-02-01 10:36:40 - INFO - ✅ window.__initialData__ extracted successfully
2026-02-01 10:36:40 - INFO - Processing property_id: 411937
2026-02-01 10:36:40 - INFO - 🔢 Detected Numeric ID 411937 -> calling process_single_project
2026-02-01 10:36:40 - INFO - Fetching details for project ID: 411937
2026-02-01 10:36:40 - ERROR - Error fetching project details: HTTPSConnectionPool(host='www.99acres.com', port=443): Read timed out. (read timeout=15)
2026-02-01 10:36:40 - INFO - Processing property_id: 410392
2026-02-01 10:36:40 - INFO - 🔢 Detected Numeric ID 410392 -> calling process_single_project
2026-02-01 10:36:40 - INFO - Fetching details for project ID: 410392
2026-02-01 10:36:51 - ERROR - Error fetching project details: HTTPSConnectionPool(host='www.99acres.com', port=443): Read timed out. (read timeout=15)
2026-02-01 10:36:51 - INFO - Processing property_id: H87906740
2026-02-01 10:36:51 - INFO - 🔤 Detected Alphanumeric ID H87906740 -> calling process
2026-02-01 10:36:51 - INFO - ✅ Fetched page successfully: 200
2026-02-01 10:36:51 - INFO - ✅ window.__initialData__ extracted successfully
2026-02-01 10:36:51 - INFO - Processing property_id: 420349
2026-02-01 10:36:51 - INFO - 🔢 Detected Numeric ID 420349 -> calling process_single_project
2026-02-01 10:36:51 - INFO - Fetching details for project ID: 420349
2026-02-01 10:36:55 - INFO - Processing property_id: R86608644
2026-02-01 10:36:55 - INFO - 🔤 Detected Alphanumeric ID R86608644 -> calling process
2026-02-01 10:36:55 - ERROR - Error fetching project details: HTTPSConnectionPool(host='www.99acres.com', port=443): Read timed out. (read timeout=15)
2026-02-01 10:36:55 - INFO - Processing property_id: J84183548
2026-02-01 10:36:55 - INFO - 🔤 Detected Alphanumeric ID J84183548 -> calling process
2026-02-01 10:36:56 - ERROR - Error fetching project details: HTTPSConnectionPool(host='www.99acres.com', port=443): Read timed out. (read timeout=15)
2026-02-01 10:36:56 - INFO - Processing property_id: W87366228
2026-02-01 10:36:56 - INFO - 🔤 Detected Alphanumeric ID W87366228 -> calling process
2026-02-01 10:36:56 - INFO - ✅ Fetched page successfully: 200
2026-02-01 10:36:56 - INFO - ✅ window.__initialData__ extracted successfully
2026-02-01 10:36:56 - INFO - Processing property_id: A86636184
2026-02-01 10:36:56 - INFO - 🔤 Detected Alphanumeric ID A86636184 -> calling process
2026-02-01 10:36:56 - INFO - ✅ Fetched page successfully: 200
2026-02-01 10:36:56 - INFO - ✅ window.__initialData__ extracted successfully
2026-02-01 10:36:56 - INFO - Processing property_id: 444313
2026-02-01 10:36:56 - INFO - 🔢 Detected Numeric ID 444313 -> calling process_single_project
2026-02-01 10:36:56 - INFO - Fetching details for project ID: 444313
2026-02-01 10:36:56 - INFO - ✅ Fetched page successfully: 200
2026-02-01 10:36:56 - INFO - ✅ window.__initialData__ extracted successfully
2026-02-01 10:36:56 - INFO - Processing property_id: K87609964
2026-02-01 10:36:56 - INFO - 🔤 Detected Alphanumeric ID K87609964 -> calling process
2026-02-01 10:36:56 - INFO - ✅ Fetched page successfully: 200
2026-02-01 10:36:56 - INFO - ✅ window.__initialData__ extracted successfully
2026-02-01 10:36:56 - INFO - Processing property_id: U87983938
2026-02-01 10:36:56 - ERROR - ❌ Thread exception: 'builtin_function_or_method' object has no attribute 'randint'
2026-02-01 10:36:56 - INFO - 🔤 Detected Alphanumeric ID U87983938 -> calling process
2026-02-01 10:36:57 - INFO - ✅ Fetched page successfully: 200
2026-02-01 10:36:57 - INFO - ✅ window.__initialData__ extracted successfully
2026-02-01 10:36:57 - INFO - Processing property_id: J87749828
2026-02-01 10:36:57 - INFO - 🔤 Detected Alphanumeric ID J87749828 -> calling process
2026-02-01 10:36:57 - INFO - ✅ Fetched page successfully: 200
2026-02-01 10:36:57 - INFO - ✅ window.__initialData__ extracted successfully
2026-02-01 10:36:57 - INFO - Processing property_id: H88304442
2026-02-01 10:36:57 - INFO - 🔤 Detected Alphanumeric ID H88304442 -> calling process
2026-02-01 10:36:57 - INFO - ✅ Fetched page successfully: 200
2026-02-01 10:36:57 - INFO - ✅ window.__initialData__ extracted successfully
2026-02-01 10:36:57 - INFO - Processing property_id: W87854290
2026-02-01 10:36:57 - INFO - 🔤 Detected Alphanumeric ID W87854290 -> calling process
2026-02-01 10:36:57 - INFO - ✅ Fetched page successfully: 200
2026-02-01 10:36:57 - INFO - ✅ window.__initialData__ extracted successfully
2026-02-01 10:36:57 - INFO - Processing property_id: A82714458
2026-02-01 10:36:57 - INFO - 🔤 Detected Alphanumeric ID A82714458 -> calling process
2026-02-01 10:36:58 - INFO - ✅ Fetched page successfully: 200
2026-02-01 10:36:58 - INFO - ✅ window.__initialData__ extracted successfully
2026-02-01 10:36:58 - INFO - Processing property_id: 437318
2026-02-01 10:36:58 - INFO - 🔢 Detected Numeric ID 437318 -> calling process_single_project
2026-02-01 10:36:58 - INFO - Fetching details for project ID: 437318
2026-02-01 10:36:58 - INFO - ✅ Fetched page successfully: 200
2026-02-01 10:36:58 - INFO - ✅ window.__initialData__ extracted successfully
2026-02-01 10:36:58 - INFO - Processing property_id: O88301810
2026-02-01 10:36:58 - INFO - 🔤 Detected Alphanumeric ID O88301810 -> calling process
2026-02-01 10:36:58 - INFO - ✅ Fetched page successfully: 200
2026-02-01 10:36:58 - INFO - ✅ window.__initialData__ extracted successfully
2026-02-01 10:36:58 - INFO - Processing property_id: E74885461
2026-02-01 10:36:58 - INFO - 🔤 Detected Alphanumeric ID E74885461 -> calling process
2026-02-01 10:36:59 - INFO - ✅ Fetched page successfully: 200
2026-02-01 10:36:59 - INFO - ✅ window.__initialData__ extracted successfully
2026-02-01 10:36:59 - INFO - Processing property_id: 422483
2026-02-01 10:36:59 - INFO - 🔢 Detected Numeric ID 422483 -> calling process_single_project
2026-02-01 10:36:59 - INFO - Fetching details for project ID: 422483
2026-02-01 10:37:00 - INFO - Processing property_id: U87640520
2026-02-01 10:37:00 - INFO - 🔤 Detected Alphanumeric ID U87640520 -> calling process
2026-02-01 10:37:00 - INFO - ✅ Fetched page successfully: 200
2026-02-01 10:37:00 - INFO - ✅ window.__initialData__ extracted successfully
2026-02-01 10:37:00 - INFO - Processing property_id: L87845416
2026-02-01 10:37:00 - INFO - 🔤 Detected Alphanumeric ID L87845416 -> calling process
2026-02-01 10:37:01 - INFO - ✅ Fetched page successfully: 200
2026-02-01 10:37:01 - INFO - ✅ window.__initialData__ extracted successfully
2026-02-01 10:37:01 - INFO - Processing property_id: 399823
2026-02-01 10:37:01 - INFO - 🔢 Detected Numeric ID 399823 -> calling process_single_project
2026-02-01 10:37:01 - INFO - Fetching details for project ID: 399823
2026-02-01 10:37:02 - INFO - Processing property_id: R86651882
2026-02-01 10:37:02 - INFO - 🔤 Detected Alphanumeric ID R86651882 -> calling process
2026-02-01 10:37:02 - INFO - ✅ Fetched page successfully: 200
2026-02-01 10:37:02 - INFO - ✅ window.__initialData__ extracted successfully
2026-02-01 10:37:02 - INFO - Processing property_id: 443272
2026-02-01 10:37:02 - INFO - 🔢 Detected Numeric ID 443272 -> calling process_single_project
2026-02-01 10:37:02 - INFO - Fetching details for project ID: 443272
2026-02-01 10:37:14 - ERROR - Error fetching project details: HTTPSConnectionPool(host='www.99acres.com', port=443): Read timed out. (read timeout=15)
2026-02-01 10:37:14 - INFO - Processing property_id: 401742
2026-02-01 10:37:14 - INFO - 🔢 Detected Numeric ID 401742 -> calling process_single_project
2026-02-01 10:37:14 - INFO - Fetching details for project ID: 401742
2026-02-01 10:37:16 - ERROR - Error fetching project details: HTTPSConnectionPool(host='www.99acres.com', port=443): Read timed out. (read timeout=15)
2026-02-01 10:37:16 - INFO - Processing property_id: L87170796
2026-02-01 10:37:16 - INFO - 🔤 Detected Alphanumeric ID L87170796 -> calling process
2026-02-01 10:37:17 - INFO - ✅ Fetched page successfully: 200
2026-02-01 10:37:17 - INFO - ✅ window.__initialData__ extracted successfully
2026-02-01 10:37:17 - INFO - Processing property_id: 432683
2026-02-01 10:37:17 - INFO - 🔢 Detected Numeric ID 432683 -> calling process_single_project
2026-02-01 10:37:17 - INFO - Fetching details for project ID: 432683
2026-02-01 10:37:17 - ERROR - Error fetching project details: HTTPSConnectionPool(host='www.99acres.com', port=443): Read timed out. (read timeout=15)
2026-02-01 10:37:17 - INFO - Processing property_id: O86999102
2026-02-01 10:37:17 - INFO - 🔤 Detected Alphanumeric ID O86999102 -> calling process
2026-02-01 10:37:18 - INFO - ✅ Fetched page successfully: 200
2026-02-01 10:37:18 - INFO - ✅ window.__initialData__ extracted successfully
2026-02-01 10:37:18 - INFO - Processing property_id: R73360009
2026-02-01 10:37:18 - INFO - 🔤 Detected Alphanumeric ID R73360009 -> calling process
2026-02-01 10:37:19 - INFO - ✅ Fetched page successfully: 200
2026-02-01 10:37:19 - INFO - ✅ window.__initialData__ extracted successfully
2026-02-01 10:37:19 - INFO - Processing property_id: 379960
2026-02-01 10:37:19 - INFO - 🔢 Detected Numeric ID 379960 -> calling process_single_project
2026-02-01 10:37:19 - INFO - Fetching details for project ID: 379960
2026-02-01 10:37:23 - INFO - Processing property_id: A87130168
2026-02-01 10:37:23 - INFO - 🔤 Detected Alphanumeric ID A87130168 -> calling process
2026-02-01 10:37:23 - ERROR - ❌ Error fetching page: 417 Client Error: Expectation Failed for url: https://www.99acres.com/3-bhk-bedroom-apartment-flat-for-sale-in-dev-the-galaxy-shela-ahmedabad-west-2010-sq-ft-npspid-A87130168
2026-02-01 10:37:23 - INFO - Processing property_id: 453932
2026-02-01 10:37:23 - INFO - 🔢 Detected Numeric ID 453932 -> calling process_single_project
2026-02-01 10:37:23 - INFO - Fetching details for project ID: 453932
2026-02-01 10:37:24 - WARNING - Retry 1 for Project 453932 (Status: 417)
2026-02-01 10:37:26 - WARNING - Retry 2 for Project 453932 (Status: 417)
2026-02-01 10:37:27 - WARNING - Retry 3 for Project 453932 (Status: 417)
2026-02-01 10:37:29 - ERROR - Error fetching project details: HTTPSConnectionPool(host='www.99acres.com', port=443): Read timed out. (read timeout=15)
2026-02-01 10:37:29 - INFO - Processing property_id: 410443
2026-02-01 10:37:29 - INFO - 🔢 Detected Numeric ID 410443 -> calling process_single_project
2026-02-01 10:37:29 - INFO - Fetching details for project ID: 410443
2026-02-01 10:37:30 - WARNING - Retry 4 for Project 453932 (Status: 417)
2026-02-01 10:37:32 - WARNING - Retry 5 for Project 453932 (Status: 417)
2026-02-01 10:37:32 - ERROR - Error fetching project details: HTTPSConnectionPool(host='www.99acres.com', port=443): Read timed out. (read timeout=15)
2026-02-01 10:37:32 - INFO - Processing property_id: P87788344
2026-02-01 10:37:32 - INFO - 🔤 Detected Alphanumeric ID P87788344 -> calling process
2026-02-01 10:37:32 - ERROR - ❌ Error fetching page: 417 Client Error: Expectation Failed for url: https://www.99acres.com/3-bhk-bedroom-apartment-flat-for-sale-in-dev-the-galaxy-shela-ahmedabad-west-2010-sq-ft-npspid-P87788344
2026-02-01 10:37:32 - INFO - Processing property_id: G87310608
2026-02-01 10:37:32 - INFO - 🔤 Detected Alphanumeric ID G87310608 -> calling process
2026-02-01 10:37:32 - ERROR - ❌ Error fetching page: 417 Client Error: Expectation Failed for url: https://www.99acres.com/3-bhk-bedroom-apartment-flat-for-sale-in-dev-the-galaxy-shela-ahmedabad-west-2010-sq-ft-npspid-G87310608
2026-02-01 10:37:32 - INFO - Processing property_id: J87638108
2026-02-01 10:37:32 - INFO - 🔤 Detected Alphanumeric ID J87638108 -> calling process
2026-02-01 10:37:32 - ERROR - ❌ Error fetching page: 417 Client Error: Expectation Failed for url: https://www.99acres.com/3-bhk-bedroom-apartment-flat-for-sale-in-dev-the-galaxy-shela-ahmedabad-west-2010-sq-ft-npspid-J87638108
2026-02-01 10:37:32 - INFO - Processing property_id: U87362844
2026-02-01 10:37:32 - INFO - 🔤 Detected Alphanumeric ID U87362844 -> calling process
2026-02-01 10:37:33 - ERROR - ❌ Error fetching page: 417 Client Error: Expectation Failed for url: https://www.99acres.com/3-bhk-bedroom-apartment-flat-for-sale-in-dev-the-galaxy-shela-ahmedabad-west-2010-sq-ft-npspid-U87362844
2026-02-01 10:37:33 - INFO - Processing property_id: 457639
2026-02-01 10:37:33 - INFO - 🔢 Detected Numeric ID 457639 -> calling process_single_project
2026-02-01 10:37:33 - INFO - Fetching details for project ID: 457639
2026-02-01 10:37:33 - INFO - Processing property_id: O82563602
2026-02-01 10:37:33 - INFO - 🔤 Detected Alphanumeric ID O82563602 -> calling process
2026-02-01 10:37:33 - WARNING - Retry 1 for Project 457639 (Status: 417)
2026-02-01 10:37:33 - ERROR - ❌ Error fetching page: 417 Client Error: Expectation Failed for url: https://www.99acres.com/3-bhk-bedroom-apartment-flat-for-sale-in-dev-the-galaxy-shela-ahmedabad-west-2010-sq-ft-npspid-O82563602
2026-02-01 10:37:33 - INFO - Processing property_id: B87688556
2026-02-01 10:37:33 - ERROR - ❌ Thread exception: 'builtin_function_or_method' object has no attribute 'randint'
2026-02-01 10:37:33 - INFO - 🔤 Detected Alphanumeric ID B87688556 -> calling process
2026-02-01 10:37:33 - ERROR - ❌ Error fetching page: 417 Client Error: Expectation Failed for url: https://www.99acres.com/3-bhk-bedroom-apartment-flat-for-sale-in-dev-the-galaxy-shela-ahmedabad-west-2010-sq-ft-npspid-B87688556
2026-02-01 10:37:33 - INFO - Processing property_id: T87937144
2026-02-01 10:37:33 - INFO - 🔤 Detected Alphanumeric ID T87937144 -> calling process
2026-02-01 10:37:34 - ERROR - ❌ Error fetching page: 403 Client Error: Forbidden for url: https://www.99acres.com/3-bhk-bedroom-apartment-flat-for-sale-in-dev-the-galaxy-shela-ahmedabad-west-2010-sq-ft-npspid-T87937144
2026-02-01 10:37:34 - INFO - Processing property_id: C87833916
2026-02-01 10:37:34 - INFO - 🔤 Detected Alphanumeric ID C87833916 -> calling process
2026-02-01 10:37:34 - ERROR - ❌ Error fetching page: 403 Client Error: Forbidden for url: https://www.99acres.com/3-bhk-bedroom-apartment-flat-for-sale-in-dev-the-galaxy-shela-ahmedabad-west-2010-sq-ft-npspid-C87833916
2026-02-01 10:37:34 - INFO - Processing property_id: A87789822
2026-02-01 10:37:34 - INFO - 🔤 Detected Alphanumeric ID A87789822 -> calling process
2026-02-01 10:37:34 - ERROR - ❌ Error fetching page: 403 Client Error: Forbidden for url: https://www.99acres.com/3-bhk-bedroom-apartment-flat-for-sale-in-dev-the-galaxy-shela-ahmedabad-west-2010-sq-ft-npspid-A87789822
2026-02-01 10:37:34 - INFO - Processing property_id: I87788628
2026-02-01 10:37:34 - INFO - 🔤 Detected Alphanumeric ID I87788628 -> calling process
2026-02-01 10:37:34 - ERROR - ❌ Error fetching page: 403 Client Error: Forbidden for url: https://www.99acres.com/3-bhk-bedroom-apartment-flat-for-sale-in-dev-the-galaxy-shela-ahmedabad-west-2010-sq-ft-npspid-I87788628
2026-02-01 10:37:34 - INFO - Processing property_id: L88156170
2026-02-01 10:37:34 - INFO - 🔤 Detected Alphanumeric ID L88156170 -> calling process
2026-02-01 10:37:34 - ERROR - ❌ Error fetching page: 403 Client Error: Forbidden for url: https://www.99acres.com/3-bhk-bedroom-apartment-flat-for-sale-in-dev-the-galaxy-shela-ahmedabad-west-2010-sq-ft-npspid-L88156170
2026-02-01 10:37:34 - INFO - Processing property_id: X84914618
2026-02-01 10:37:34 - INFO - 🔤 Detected Alphanumeric ID X84914618 -> calling process
2026-02-01 10:37:35 - ERROR - ❌ Error fetching page: 403 Client Error: Forbidden for url: https://www.99acres.com/3-bhk-bedroom-apartment-flat-for-sale-in-dev-the-galaxy-shela-ahmedabad-west-2010-sq-ft-npspid-X84914618
2026-02-01 10:37:35 - INFO - Processing property_id: J72638695
2026-02-01 10:37:35 - INFO - 🔤 Detected Alphanumeric ID J72638695 -> calling process
2026-02-01 10:37:35 - ERROR - ❌ Error fetching page: 403 Client Error: Forbidden for url: https://www.99acres.com/3-bhk-bedroom-apartment-flat-for-sale-in-dev-the-galaxy-shela-ahmedabad-west-2010-sq-ft-npspid-J72638695
2026-02-01 10:37:35 - INFO - Processing property_id: X83051698
2026-02-01 10:37:35 - INFO - 🔤 Detected Alphanumeric ID X83051698 -> calling process
2026-02-01 10:37:35 - ERROR - ❌ Error fetching page: 403 Client Error: Forbidden for url: https://www.99acres.com/3-bhk-bedroom-apartment-flat-for-sale-in-dev-the-galaxy-shela-ahmedabad-west-2010-sq-ft-npspid-X83051698
2026-02-01 10:37:35 - INFO - Processing property_id: B87577224
2026-02-01 10:37:35 - INFO - 🔤 Detected Alphanumeric ID B87577224 -> calling process
2026-02-01 10:37:35 - ERROR - ❌ Error fetching page: 403 Client Error: Forbidden for url: https://www.99acres.com/3-bhk-bedroom-apartment-flat-for-sale-in-dev-the-galaxy-shela-ahmedabad-west-2010-sq-ft-npspid-B87577224
2026-02-01 10:37:35 - INFO - Processing property_id: U88060492
2026-02-01 10:37:35 - INFO - 🔤 Detected Alphanumeric ID U88060492 -> calling process
2026-02-01 10:37:35 - ERROR - ❌ Error fetching page: 403 Client Error: Forbidden for url: https://www.99acres.com/3-bhk-bedroom-apartment-flat-for-sale-in-dev-the-galaxy-shela-ahmedabad-west-2010-sq-ft-npspid-U88060492
2026-02-01 10:37:35 - INFO - Processing property_id: G87278884
2026-02-01 10:37:35 - INFO - 🔤 Detected Alphanumeric ID G87278884 -> calling process
2026-02-01 10:37:36 - ERROR - ❌ Error fetching page: 403 Client Error: Forbidden for url: https://www.99acres.com/3-bhk-bedroom-apartment-flat-for-sale-in-dev-the-galaxy-shela-ahmedabad-west-2010-sq-ft-npspid-G87278884
2026-02-01 10:37:36 - INFO - Processing property_id: E85356026
2026-02-01 10:37:36 - INFO - 🔤 Detected Alphanumeric ID E85356026 -> calling process
2026-02-01 10:37:36 - ERROR - ❌ Error fetching page: 403 Client Error: Forbidden for url: https://www.99acres.com/3-bhk-bedroom-apartment-flat-for-sale-in-dev-the-galaxy-shela-ahmedabad-west-2010-sq-ft-npspid-E85356026
2026-02-01 10:37:36 - INFO - Processing property_id: V86265706
2026-02-01 10:37:36 - INFO - 🔤 Detected Alphanumeric ID V86265706 -> calling process
2026-02-01 10:37:36 - ERROR - ❌ Error fetching page: 403 Client Error: Forbidden for url: https://www.99acres.com/3-bhk-bedroom-apartment-flat-for-sale-in-dev-the-galaxy-shela-ahmedabad-west-2010-sq-ft-npspid-V86265706
2026-02-01 10:37:36 - WARNING - Retry 2 for Project 457639 (Status: 403)
2026-02-01 10:37:36 - INFO - Processing property_id: Y85045376
2026-02-01 10:37:36 - INFO - 🔤 Detected Alphanumeric ID Y85045376 -> calling process
2026-02-01 10:37:36 - ERROR - ❌ Error fetching page: 403 Client Error: Forbidden for url: https://www.99acres.com/3-bhk-bedroom-apartment-flat-for-sale-in-dev-the-galaxy-shela-ahmedabad-west-2010-sq-ft-npspid-Y85045376
2026-02-01 10:37:36 - INFO - Processing property_id: 399141
2026-02-01 10:37:36 - INFO - 🔢 Detected Numeric ID 399141 -> calling process_single_project
2026-02-01 10:37:36 - INFO - Fetching details for project ID: 399141
2026-02-01 10:37:36 - WARNING - Retry 1 for Project 399141 (Status: 403)
2026-02-01 10:37:38 - WARNING - Retry 3 for Project 457639 (Status: 403)
2026-02-01 10:37:38 - WARNING - Retry 2 for Project 399141 (Status: 403)
2026-02-01 10:37:39 - WARNING - Retry 4 for Project 457639 (Status: 403)
2026-02-01 10:37:39 - WARNING - Retry 3 for Project 399141 (Status: 403)
2026-02-01 10:37:41 - WARNING - Retry 4 for Project 399141 (Status: 403)
2026-02-01 10:37:41 - WARNING - Retry 5 for Project 457639 (Status: 403)
2026-02-01 10:37:42 - WARNING - Retry 5 for Project 399141 (Status: 403)
2026-02-01 10:37:44 - INFO - Processing property_id: K87263638
2026-02-01 10:37:44 - INFO - 🔤 Detected Alphanumeric ID K87263638 -> calling process
2026-02-01 10:37:44 - ERROR - ❌ Error fetching page: 403 Client Error: Forbidden for url: https://www.99acres.com/3-bhk-bedroom-apartment-flat-for-sale-in-dev-the-galaxy-shela-ahmedabad-west-2010-sq-ft-npspid-K87263638
2026-02-01 10:37:44 - INFO - Processing property_id: 426711
2026-02-01 10:37:44 - INFO - 🔢 Detected Numeric ID 426711 -> calling process_single_project
2026-02-01 10:37:44 - INFO - Fetching details for project ID: 426711
2026-02-01 10:37:44 - INFO - Processing property_id: O87392528
2026-02-01 10:37:44 - INFO - 🔤 Detected Alphanumeric ID O87392528 -> calling process
2026-02-01 10:37:44 - ERROR - ❌ Error fetching page: 403 Client Error: Forbidden for url: https://www.99acres.com/3-bhk-bedroom-apartment-flat-for-sale-in-dev-the-galaxy-shela-ahmedabad-west-2010-sq-ft-npspid-O87392528
2026-02-01 10:37:44 - INFO - Processing property_id: 381630
2026-02-01 10:37:44 - INFO - 🔢 Detected Numeric ID 381630 -> calling process_single_project
2026-02-01 10:37:44 - INFO - Fetching details for project ID: 381630
2026-02-01 10:37:45 - WARNING - Retry 1 for Project 381630 (Status: 403)
2026-02-01 10:37:45 - ERROR - Error fetching project details: HTTPSConnectionPool(host='www.99acres.com', port=443): Read timed out. (read timeout=15)
2026-02-01 10:37:45 - INFO - Processing property_id: F88341680
2026-02-01 10:37:45 - INFO - 🔤 Detected Alphanumeric ID F88341680 -> calling process
2026-02-01 10:37:45 - ERROR - ❌ Error fetching page: 403 Client Error: Forbidden for url: https://www.99acres.com/3-bhk-bedroom-apartment-flat-for-sale-in-dev-the-galaxy-shela-ahmedabad-west-2010-sq-ft-npspid-F88341680
2026-02-01 10:37:45 - INFO - Processing property_id: D87427874
2026-02-01 10:37:45 - INFO - 🔤 Detected Alphanumeric ID D87427874 -> calling process
2026-02-01 10:37:45 - ERROR - ❌ Error fetching page: 403 Client Error: Forbidden for url: https://www.99acres.com/3-bhk-bedroom-apartment-flat-for-sale-in-dev-the-galaxy-shela-ahmedabad-west-2010-sq-ft-npspid-D87427874
2026-02-01 10:37:45 - INFO - Processing property_id: 409853
2026-02-01 10:37:45 - INFO - 🔢 Detected Numeric ID 409853 -> calling process_single_project
2026-02-01 10:37:45 - INFO - Fetching details for project ID: 409853
2026-02-01 10:37:46 - WARNING - Retry 1 for Project 426711 (Status: 403)
2026-02-01 10:37:46 - WARNING - Retry 1 for Project 409853 (Status: 403)
2026-02-01 10:37:47 - WARNING - Retry 2 for Project 409853 (Status: 403)
2026-02-01 10:37:48 - WARNING - Retry 2 for Project 381630 (Status: 403)
2026-02-01 10:37:49 - WARNING - Retry 2 for Project 426711 (Status: 403)
2026-02-01 10:41:16 - INFO - Successfully read 1627 listing IDs
2026-02-01 10:41:16 - INFO - Total: 1627 | Done: 276 | New: 1351
2026-02-01 10:41:16 - INFO - 🚀 Starting multithreaded extraction for 1351 projects with 2 workers...
2026-02-01 10:41:16 - INFO - Processing property_id: 451125
2026-02-01 10:41:16 - INFO - 🔢 Detected Numeric ID 451125 -> calling process_single_project
2026-02-01 10:41:16 - INFO - Processing property_id: 382211
2026-02-01 10:41:16 - INFO - Fetching details for project ID: 451125
2026-02-01 10:41:16 - INFO - 🔢 Detected Numeric ID 382211 -> calling process_single_project
2026-02-01 10:41:16 - INFO - Fetching details for project ID: 382211
2026-02-01 10:41:20 - INFO - Processing property_id: 438445
2026-02-01 10:41:20 - INFO - 🔢 Detected Numeric ID 438445 -> calling process_single_project
2026-02-01 10:41:20 - INFO - Fetching details for project ID: 438445
2026-02-01 10:41:20 - INFO - Processing property_id: 438107
2026-02-01 10:41:20 - INFO - 🔢 Detected Numeric ID 438107 -> calling process_single_project
2026-02-01 10:41:20 - INFO - Fetching details for project ID: 438107
2026-02-01 10:41:23 - INFO - Processing property_id: F87966672
2026-02-01 10:41:23 - INFO - 🔤 Detected Alphanumeric ID F87966672 -> calling process
2026-02-01 10:41:25 - INFO - ✅ Fetched page successfully: 200
2026-02-01 10:41:25 - INFO - ✅ window.__initialData__ extracted successfully
2026-02-01 10:41:25 - INFO - ✅ Property node detected
2026-02-01 10:41:25 - INFO - Processing property_id: B88458898
2026-02-01 10:41:25 - INFO - 🔤 Detected Alphanumeric ID B88458898 -> calling process
2026-02-01 10:41:27 - INFO - ✅ Fetched page successfully: 200
2026-02-01 10:41:27 - INFO - ✅ window.__initialData__ extracted successfully
2026-02-01 10:41:27 - INFO - ✅ Property node detected
2026-02-01 10:41:27 - INFO - Processing property_id: 412508
2026-02-01 10:41:27 - INFO - 🔢 Detected Numeric ID 412508 -> calling process_single_project
2026-02-01 10:41:27 - INFO - Fetching details for project ID: 412508
2026-02-01 10:41:30 - INFO - Processing property_id: Z85392732
2026-02-01 10:41:30 - INFO - 🔤 Detected Alphanumeric ID Z85392732 -> calling process
2026-02-01 10:41:32 - INFO - ✅ Fetched page successfully: 200
2026-02-01 10:41:32 - INFO - ✅ window.__initialData__ extracted successfully
2026-02-01 10:41:32 - INFO - ✅ Property node detected
2026-02-01 10:41:32 - INFO - Processing property_id: 427296
2026-02-01 10:41:32 - INFO - 🔢 Detected Numeric ID 427296 -> calling process_single_project
2026-02-01 10:41:32 - INFO - Fetching details for project ID: 427296
2026-02-01 10:41:36 - ERROR - Error fetching project details: HTTPSConnectionPool(host='www.99acres.com', port=443): Read timed out. (read timeout=15)
2026-02-01 10:41:36 - INFO - Processing property_id: 378950
2026-02-01 10:41:36 - ERROR - ❌ Thread exception: 'builtin_function_or_method' object has no attribute 'randint'
2026-02-01 10:41:36 - INFO - 🔢 Detected Numeric ID 378950 -> calling process_single_project
2026-02-01 10:41:36 - INFO - Fetching details for project ID: 378950
2026-02-01 10:41:39 - INFO - Processing property_id: J87922342
2026-02-01 10:41:39 - INFO - 🔤 Detected Alphanumeric ID J87922342 -> calling process
2026-02-01 10:41:41 - INFO - ✅ Fetched page successfully: 200
2026-02-01 10:41:41 - INFO - ✅ window.__initialData__ extracted successfully
2026-02-01 10:41:41 - INFO - ✅ Property node detected
2026-02-01 10:41:41 - INFO - Processing property_id: I87918488
2026-02-01 10:41:41 - INFO - 🔤 Detected Alphanumeric ID I87918488 -> calling process
2026-02-01 10:41:42 - INFO - ✅ Fetched page successfully: 200
2026-02-01 10:41:42 - INFO - ✅ window.__initialData__ extracted successfully
2026-02-01 10:41:42 - INFO - ✅ Property node detected
2026-02-01 10:41:42 - INFO - Processing property_id: 383509
2026-02-01 10:41:42 - INFO - 🔢 Detected Numeric ID 383509 -> calling process_single_project
2026-02-01 10:41:42 - INFO - Fetching details for project ID: 383509
2026-02-01 10:41:46 - INFO - Processing property_id: 437776
2026-02-01 10:41:46 - INFO - 🔢 Detected Numeric ID 437776 -> calling process_single_project
2026-02-01 10:41:46 - INFO - Fetching details for project ID: 437776
2026-02-01 10:41:47 - ERROR - Error fetching project details: HTTPSConnectionPool(host='www.99acres.com', port=443): Read timed out. (read timeout=15)
2026-02-01 10:41:47 - INFO - Processing property_id: 437949
2026-02-01 10:41:47 - INFO - 🔢 Detected Numeric ID 437949 -> calling process_single_project
2026-02-01 10:41:47 - INFO - Fetching details for project ID: 437949
2026-02-01 10:41:50 - INFO - Processing property_id: 426937
2026-02-01 10:41:50 - INFO - 🔢 Detected Numeric ID 426937 -> calling process_single_project
2026-02-01 10:41:50 - INFO - Fetching details for project ID: 426937
2026-02-01 10:42:02 - ERROR - Error fetching project details: HTTPSConnectionPool(host='www.99acres.com', port=443): Read timed out. (read timeout=15)
2026-02-01 10:42:02 - INFO - Processing property_id: O86442438
2026-02-01 10:42:02 - INFO - 🔤 Detected Alphanumeric ID O86442438 -> calling process
2026-02-01 10:42:03 - INFO - ✅ Fetched page successfully: 200
2026-02-01 10:42:03 - INFO - ✅ window.__initialData__ extracted successfully
2026-02-01 10:42:03 - INFO - ✅ Property node detected
2026-02-01 10:42:03 - INFO - Processing property_id: 381968
2026-02-01 10:42:03 - INFO - 🔢 Detected Numeric ID 381968 -> calling process_single_project
2026-02-01 10:42:03 - INFO - Fetching details for project ID: 381968
2026-02-01 10:42:06 - ERROR - Error fetching project details: HTTPSConnectionPool(host='www.99acres.com', port=443): Read timed out. (read timeout=15)
2026-02-01 10:42:06 - INFO - Processing property_id: 423084
2026-02-01 10:42:06 - ERROR - ❌ Thread exception: 'builtin_function_or_method' object has no attribute 'randint'
2026-02-01 10:42:06 - INFO - 🔢 Detected Numeric ID 423084 -> calling process_single_project
2026-02-01 10:42:06 - INFO - Fetching details for project ID: 423084
2026-02-01 10:42:07 - INFO - Processing property_id: 431643
2026-02-01 10:42:07 - INFO - 🔢 Detected Numeric ID 431643 -> calling process_single_project
2026-02-01 10:42:07 - INFO - Fetching details for project ID: 431643
2026-02-01 10:42:10 - INFO - Processing property_id: E86166552
2026-02-01 10:42:10 - INFO - 🔤 Detected Alphanumeric ID E86166552 -> calling process
2026-02-01 10:42:31 - INFO - Successfully read 1627 listing IDs
2026-02-01 10:42:31 - INFO - Total: 1627 | Done: 291 | New: 1336
2026-02-01 10:42:31 - INFO - 🚀 Starting multithreaded extraction for 1336 projects with 2 workers...
2026-02-01 10:42:31 - INFO - Processing property_id: 438107
2026-02-01 10:42:31 - INFO - Processing property_id: 427296
2026-02-01 10:42:31 - INFO - Processing property_id: M74680447
2026-02-01 10:42:31 - INFO - Processing property_id: 437776
2026-02-01 10:42:31 - INFO - Processing property_id: 426937
2026-02-01 10:42:31 - INFO - Processing property_id: K85169858
2026-02-01 10:42:31 - INFO - Processing property_id: 431643
2026-02-01 10:42:31 - INFO - Processing property_id: E86166552
2026-02-01 10:42:31 - INFO - Processing property_id: 411937
2026-02-01 10:42:31 - INFO - Processing property_id: H87906740
2026-02-01 10:42:31 - ERROR - ❌ Thread exception: 'builtin_function_or_method' object has no attribute 'randint'
2026-02-01 10:42:31 - INFO - Processing property_id: 420349
2026-02-01 10:42:31 - INFO - Processing property_id: R86608644
2026-02-01 10:42:31 - INFO - Processing property_id: J84183548
2026-02-01 10:42:31 - INFO - Processing property_id: W87366228
2026-02-01 10:42:31 - INFO - Processing property_id: A86636184
2026-02-01 10:42:31 - INFO - Processing property_id: 444313
2026-02-01 10:42:31 - INFO - Processing property_id: K87609964
2026-02-01 10:42:31 - INFO - Processing property_id: S85637948
2026-02-01 10:42:31 - INFO - Processing property_id: J87749828
2026-02-01 10:42:31 - ERROR - ❌ Thread exception: 'builtin_function_or_method' object has no attribute 'randint'
2026-02-01 10:42:31 - INFO - Processing property_id: H88304442
2026-02-01 10:42:31 - INFO - Processing property_id: W87854290
2026-02-01 10:42:31 - INFO - Processing property_id: A82714458
2026-02-01 10:42:31 - INFO - Processing property_id: 437318
2026-02-01 10:42:31 - INFO - Processing property_id: O88301810
2026-02-01 10:42:31 - INFO - Processing property_id: E74885461
2026-02-01 10:42:31 - INFO - Processing property_id: 422483
2026-02-01 10:42:31 - INFO - Processing property_id: U87640520
2026-02-01 10:42:31 - INFO - Processing property_id: 399823
2026-02-01 10:42:31 - ERROR - ❌ Thread exception: 'builtin_function_or_method' object has no attribute 'randint'
2026-02-01 10:42:31 - INFO - Processing property_id: R86651882
2026-02-01 10:42:31 - INFO - Processing property_id: 443272
2026-02-01 10:42:31 - INFO - Processing property_id: 401742
2026-02-01 10:42:31 - INFO - Processing property_id: L87170796
2026-02-01 10:42:31 - INFO - Processing property_id: 432683
2026-02-01 10:42:31 - INFO - Processing property_id: O86999102
2026-02-01 10:42:31 - INFO - Processing property_id: R73360009
2026-02-01 10:42:31 - INFO - Processing property_id: 379960
2026-02-01 10:42:31 - INFO - Processing property_id: 453932
2026-02-01 10:42:31 - ERROR - ❌ Thread exception: 'builtin_function_or_method' object has no attribute 'randint'
2026-02-01 10:42:31 - INFO - Processing property_id: 410443
2026-02-01 10:42:31 - INFO - Processing property_id: P87788344
2026-02-01 10:42:31 - INFO - Processing property_id: G87310608
2026-02-01 10:42:31 - INFO - Processing property_id: J87638108
2026-02-01 10:42:31 - INFO - Processing property_id: U87362844
2026-02-01 10:42:31 - INFO - Processing property_id: 457639
2026-02-01 10:42:31 - INFO - Processing property_id: O82563602
2026-02-01 10:42:31 - INFO - Processing property_id: I87463446
2026-02-01 10:42:31 - INFO - Processing property_id: T87937144
2026-02-01 10:42:31 - ERROR - ❌ Thread exception: 'builtin_function_or_method' object has no attribute 'randint'
2026-02-01 10:42:31 - INFO - Processing property_id: C87833916
2026-02-01 10:42:31 - INFO - Processing property_id: A87789822
2026-02-01 10:42:31 - INFO - Processing property_id: I87788628
2026-02-01 10:42:31 - INFO - Processing property_id: L88156170
2026-02-01 10:42:31 - INFO - Processing property_id: X84914618
2026-02-01 10:42:31 - INFO - Processing property_id: J72638695
2026-02-01 10:42:31 - INFO - Processing property_id: X83051698
2026-02-01 10:42:31 - INFO - Processing property_id: B87577224
2026-02-01 10:42:31 - INFO - Processing property_id: G87278884
2026-02-01 10:42:31 - ERROR - ❌ Thread exception: 'builtin_function_or_method' object has no attribute 'randint'
2026-02-01 10:42:31 - INFO - Processing property_id: E85356026
2026-02-01 10:42:31 - INFO - Processing property_id: V86265706
2026-02-01 10:42:31 - INFO - Processing property_id: Y85045376
2026-02-01 10:42:31 - INFO - Processing property_id: 399141
2026-02-01 10:42:31 - INFO - Processing property_id: K87263638
2026-02-01 10:42:31 - INFO - Processing property_id: 426711
2026-02-01 10:42:31 - INFO - Processing property_id: O87392528
2026-02-01 10:42:31 - INFO - Processing property_id: 381630
2026-02-01 10:42:31 - INFO - Processing property_id: D87427874
2026-02-01 10:42:31 - ERROR - ❌ Thread exception: 'builtin_function_or_method' object has no attribute 'randint'
2026-02-01 10:42:31 - INFO - Processing property_id: 409853
2026-02-01 10:42:31 - INFO - Processing property_id: H87279028
2026-02-01 10:42:31 - INFO - Processing property_id: J80880019
2026-02-01 10:42:31 - INFO - Processing property_id: Q85414612
2026-02-01 10:42:31 - INFO - Processing property_id: P78157659
2026-02-01 10:42:31 - INFO - Processing property_id: W84522274
2026-02-01 10:42:31 - INFO - Processing property_id: B87068372
2026-02-01 10:42:31 - INFO - Processing property_id: O87869532
2026-02-01 10:42:31 - INFO - Processing property_id: U88283630
2026-02-01 10:42:31 - ERROR - ❌ Thread exception: 'builtin_function_or_method' object has no attribute 'randint'
2026-02-01 10:42:31 - INFO - Processing property_id: Z87961902
2026-02-01 10:42:31 - INFO - Processing property_id: L87961820
2026-02-01 10:42:31 - INFO - Processing property_id: Q87961706
2026-02-01 10:42:31 - INFO - Processing property_id: U87961626
2026-02-01 10:42:31 - INFO - Processing property_id: W87961490
2026-02-01 10:42:31 - INFO - Processing property_id: J87961380
2026-02-01 10:42:31 - INFO - Processing property_id: E87912046
2026-02-01 10:42:31 - INFO - Processing property_id: F87911958
2026-02-01 10:42:31 - INFO - Processing property_id: I87911698
2026-02-01 10:42:31 - ERROR - ❌ Thread exception: 'builtin_function_or_method' object has no attribute 'randint'
2026-02-01 10:42:31 - INFO - Processing property_id: S87911568
2026-02-01 10:42:31 - INFO - Processing property_id: U87911436
2026-02-01 10:42:31 - INFO - Processing property_id: X87911080
2026-02-01 10:42:31 - INFO - Processing property_id: S87910536
2026-02-01 10:42:31 - INFO - Processing property_id: Y87792240
2026-02-01 10:42:31 - INFO - Processing property_id: T87791952
2026-02-01 10:42:31 - INFO - Processing property_id: Y87791814
2026-02-01 10:42:31 - INFO - Processing property_id: U87791584
2026-02-01 10:42:31 - INFO - Processing property_id: Q87790926
2026-02-01 10:42:31 - ERROR - ❌ Thread exception: 'builtin_function_or_method' object has no attribute 'randint'
2026-02-01 10:42:31 - INFO - Processing property_id: B87790476
2026-02-01 10:42:31 - INFO - Processing property_id: B87789040
2026-02-01 10:42:31 - INFO - Processing property_id: L87788746
2026-02-01 10:42:31 - INFO - Processing property_id: G87788498
2026-02-01 10:42:31 - INFO - Processing property_id: U87788204
2026-02-01 10:42:31 - INFO - Processing property_id: U87788052
2026-02-01 10:42:31 - INFO - Processing property_id: O87787922
2026-02-01 10:42:31 - INFO - Processing property_id: O87540698
2026-02-01 10:42:31 - INFO - Processing property_id: I87310402
2026-02-01 10:42:31 - ERROR - ❌ Thread exception: 'builtin_function_or_method' object has no attribute 'randint'
2026-02-01 10:42:31 - INFO - Processing property_id: C87310222
2026-02-01 10:42:31 - INFO - Processing property_id: E87310000
2026-02-01 10:42:31 - INFO - Processing property_id: B82452368
2026-02-01 10:42:31 - INFO - Processing property_id: W87353740
2026-02-01 10:42:31 - INFO - Processing property_id: O80796647
2026-02-01 10:42:31 - INFO - Processing property_id: A87792158
2026-02-01 10:42:31 - INFO - Processing property_id: Z87480332
2026-02-01 10:42:31 - INFO - Processing property_id: H88251348
2026-02-01 10:42:31 - INFO - Processing property_id: T88258632
2026-02-01 10:42:31 - ERROR - ❌ Thread exception: 'builtin_function_or_method' object has no attribute 'randint'
2026-02-01 10:42:31 - INFO - Processing property_id: D77829737
2026-02-01 10:42:31 - INFO - Processing property_id: 417303
2026-02-01 10:42:31 - INFO - Processing property_id: C87911782
2026-02-01 10:42:31 - INFO - Processing property_id: F87792394
2026-02-01 10:42:31 - INFO - Processing property_id: R87789682
2026-02-01 10:42:31 - INFO - Processing property_id: X86745864
2026-02-01 10:42:31 - INFO - Processing property_id: V88321028
2026-02-01 10:42:31 - INFO - Processing property_id: 410658
2026-02-01 10:42:31 - INFO - Processing property_id: G87263462
2026-02-01 10:42:31 - ERROR - ❌ Thread exception: 'builtin_function_or_method' object has no attribute 'randint'
2026-02-01 10:42:31 - INFO - Processing property_id: G87262494
2026-02-01 10:42:31 - INFO - Processing property_id: N85227964
2026-02-01 10:42:31 - INFO - Processing property_id: W85353004
2026-02-01 10:42:31 - INFO - Processing property_id: C79713269
2026-02-01 10:42:31 - INFO - Processing property_id: G86821892
2026-02-01 10:42:31 - INFO - Processing property_id: S87615020
2026-02-01 10:42:31 - INFO - Processing property_id: Q87427956
2026-02-01 10:42:31 - INFO - Processing property_id: C86307236
2026-02-01 10:42:31 - INFO - Processing property_id: G87480144
2026-02-01 10:42:31 - ERROR - ❌ Thread exception: 'builtin_function_or_method' object has no attribute 'randint'
2026-02-01 10:42:31 - INFO - Processing property_id: I88282726
2026-02-01 10:42:31 - INFO - Processing property_id: T81571443
2026-02-01 10:42:31 - INFO - Processing property_id: W81456823
2026-02-01 10:42:31 - INFO - Processing property_id: M87410672
2026-02-01 10:42:31 - INFO - Processing property_id: H85536724
2026-02-01 10:42:31 - INFO - Processing property_id: D87565976
2026-02-01 10:42:31 - INFO - Processing property_id: F87556024
2026-02-01 10:42:31 - INFO - Processing property_id: J88358116
2026-02-01 10:42:31 - INFO - Processing property_id: M87586676
2026-02-01 10:42:31 - ERROR - ❌ Thread exception: 'builtin_function_or_method' object has no attribute 'randint'
2026-02-01 10:42:31 - INFO - Processing property_id: I87576008
2026-02-01 10:42:31 - INFO - Processing property_id: F87568870
2026-02-01 10:42:31 - INFO - Processing property_id: C87549846
2026-02-01 10:42:31 - INFO - Processing property_id: Y87545746
2026-02-01 10:42:31 - INFO - Processing property_id: B87528394
2026-02-01 10:42:31 - INFO - Processing property_id: E87087148
2026-02-01 10:42:31 - INFO - Processing property_id: R87024672
2026-02-01 10:42:31 - INFO - Processing property_id: K86688092
2026-02-01 10:42:31 - INFO - Processing property_id: O84129808
2026-02-01 10:42:31 - ERROR - ❌ Thread exception: 'builtin_function_or_method' object has no attribute 'randint'
2026-02-01 10:42:31 - INFO - Processing property_id: R84129374
2026-02-01 10:42:31 - INFO - Processing property_id: W80708959
2026-02-01 10:42:31 - INFO - Processing property_id: Z81571465
2026-02-01 10:42:31 - INFO - Processing property_id: N87404634
2026-02-01 10:42:31 - INFO - Processing property_id: Q81048359
2026-02-01 10:42:31 - INFO - Processing property_id: S82452204
2026-02-01 10:42:31 - INFO - Processing property_id: 402372
2026-02-01 10:42:31 - INFO - Processing property_id: 438033
2026-02-01 10:42:31 - INFO - Processing property_id: N87528834
2026-02-01 10:42:31 - ERROR - ❌ Thread exception: 'builtin_function_or_method' object has no attribute 'randint'
2026-02-01 10:42:31 - INFO - Processing property_id: P87575696
2026-02-01 10:42:31 - INFO - Processing property_id: C85355872
2026-02-01 10:42:31 - INFO - Processing property_id: F85162814
2026-02-01 10:42:31 - INFO - Processing property_id: O81914280
2026-02-01 10:42:31 - INFO - Processing property_id: E66602260
2026-02-01 10:42:31 - INFO - Processing property_id: K86938112
2026-02-01 10:42:31 - INFO - Processing property_id: F86869528
2026-02-01 10:42:31 - INFO - Processing property_id: 403383
2026-02-01 10:42:31 - INFO - Processing property_id: R87384108
2026-02-01 10:42:31 - ERROR - ❌ Thread exception: 'builtin_function_or_method' object has no attribute 'randint'
2026-02-01 10:42:31 - INFO - Processing property_id: Y87261716
2026-02-01 10:42:31 - INFO - Processing property_id: I85344450
2026-02-01 10:42:31 - INFO - Processing property_id: J85351820
2026-02-01 10:42:31 - INFO - Processing property_id: K87088308
2026-02-01 10:42:31 - INFO - Processing property_id: 396276
2026-02-01 10:42:31 - INFO - Processing property_id: T88200260
2026-02-01 10:42:31 - INFO - Processing property_id: N86412070
2026-02-01 10:42:31 - INFO - Processing property_id: U87840222
2026-02-01 10:42:31 - INFO - Processing property_id: Z87586968
2026-02-01 10:42:31 - ERROR - ❌ Thread exception: 'builtin_function_or_method' object has no attribute 'randint'
2026-02-01 10:42:31 - INFO - Processing property_id: 449098
2026-02-01 10:42:31 - INFO - Processing property_id: N86665104
2026-02-01 10:42:31 - INFO - Processing property_id: K87060982
2026-02-01 10:42:31 - INFO - Processing property_id: O87060674
2026-02-01 10:42:31 - INFO - Processing property_id: G87052234
2026-02-01 10:42:31 - INFO - Processing property_id: S87528118
2026-02-01 10:42:31 - INFO - Processing property_id: G86689396
2026-02-01 10:42:31 - INFO - Processing property_id: A79779057
2026-02-01 10:42:31 - INFO - Processing property_id: F84711890
2026-02-01 10:42:31 - ERROR - ❌ Thread exception: 'builtin_function_or_method' object has no attribute 'randint'
2026-02-01 10:42:31 - INFO - Processing property_id: V81572007
2026-02-01 10:42:31 - INFO - Processing property_id: E81571871
2026-02-01 10:42:31 - INFO - Processing property_id: O81571375
2026-02-01 10:42:31 - INFO - Processing property_id: S81456913
2026-02-01 10:42:31 - INFO - Processing property_id: K86402970
2026-02-01 10:42:31 - INFO - Processing property_id: L88395948
2026-02-01 10:42:31 - INFO - Processing property_id: M87262054
2026-02-01 10:42:31 - INFO - Processing property_id: P78549033
2026-02-01 10:42:31 - INFO - Processing property_id: 412509
2026-02-01 10:42:31 - ERROR - ❌ Thread exception: 'builtin_function_or_method' object has no attribute 'randint'
2026-02-01 10:42:31 - INFO - Processing property_id: N88186512
2026-02-01 10:42:31 - INFO - Processing property_id: U88186042
2026-02-01 10:42:31 - INFO - Processing property_id: F88185848
2026-02-01 10:42:31 - INFO - Processing property_id: P88185530
2026-02-01 10:42:31 - INFO - Processing property_id: T87677822
2026-02-01 10:42:31 - INFO - Processing property_id: L86157890
2026-02-01 10:42:31 - INFO - Processing property_id: R87054558
2026-02-01 10:42:31 - INFO - Processing property_id: Z86564290
2026-02-01 10:42:31 - INFO - Processing property_id: E88329814
2026-02-01 10:42:31 - ERROR - ❌ Thread exception: 'builtin_function_or_method' object has no attribute 'randint'
2026-02-01 10:42:31 - INFO - Processing property_id: B80072623
2026-02-01 10:42:31 - INFO - Processing property_id: F87204946
2026-02-01 10:42:31 - INFO - Processing property_id: B80574975
2026-02-01 10:42:31 - INFO - Processing property_id: Y84165714
2026-02-01 10:42:31 - INFO - Processing property_id: P87590346
2026-02-01 10:42:31 - INFO - Processing property_id: X87497890
2026-02-01 10:42:31 - INFO - Processing property_id: T87141200
2026-02-01 10:42:31 - INFO - Processing property_id: F87457278
2026-02-01 10:42:31 - INFO - Processing property_id: C87972512
2026-02-01 10:42:31 - ERROR - ❌ Thread exception: 'builtin_function_or_method' object has no attribute 'randint'
2026-02-01 10:42:31 - INFO - Processing property_id: E87790080
2026-02-01 10:42:31 - INFO - Processing property_id: M87754600
2026-02-01 10:42:31 - INFO - Processing property_id: A87512580
2026-02-01 10:42:31 - INFO - Processing property_id: W87329304
2026-02-01 10:42:31 - INFO - Processing property_id: S87303936
2026-02-01 10:42:31 - INFO - Processing property_id: U86886140
2026-02-01 10:42:31 - INFO - Processing property_id: H87678346
2026-02-01 10:42:31 - INFO - Processing property_id: C87439170
2026-02-01 10:42:31 - INFO - Processing property_id: C88395468
2026-02-01 10:42:31 - ERROR - ❌ Thread exception: 'builtin_function_or_method' object has no attribute 'randint'
2026-02-01 10:42:31 - INFO - Processing property_id: Z88139186
2026-02-01 10:42:31 - INFO - Processing property_id: E88139322
2026-02-01 10:42:31 - INFO - Processing property_id: W87414218
2026-02-01 10:42:31 - INFO - Processing property_id: W87436998
2026-02-01 10:42:31 - INFO - Processing property_id: Z87435940
2026-02-01 10:42:31 - INFO - Processing property_id: U81410103
2026-02-01 10:42:31 - INFO - Processing property_id: U81410269
2026-02-01 10:42:31 - INFO - Processing property_id: K86251196
2026-02-01 10:42:31 - INFO - Processing property_id: S87816976
2026-02-01 10:42:31 - ERROR - ❌ Thread exception: 'builtin_function_or_method' object has no attribute 'randint'
2026-02-01 10:42:31 - INFO - Processing property_id: P88250226
2026-02-01 10:42:31 - INFO - Processing property_id: G87981218
2026-02-01 10:42:31 - INFO - Processing property_id: U87439734
2026-02-01 10:42:31 - INFO - Processing property_id: Z87973190
2026-02-01 10:42:31 - INFO - Processing property_id: X87862870
2026-02-01 10:42:31 - INFO - Processing property_id: B86935358
2026-02-01 10:42:31 - INFO - Processing property_id: Z87144246
2026-02-01 10:42:31 - INFO - Processing property_id: G88004744
2026-02-01 10:42:31 - INFO - Processing property_id: U87296206
2026-02-01 10:42:31 - ERROR - ❌ Thread exception: 'builtin_function_or_method' object has no attribute 'randint'
2026-02-01 10:42:31 - INFO - Processing property_id: O87960724
2026-02-01 10:42:31 - INFO - Processing property_id: C87155748
2026-02-01 10:42:31 - INFO - Processing property_id: S88211326
2026-02-01 10:42:31 - INFO - Processing property_id: H88211618
2026-02-01 10:42:31 - INFO - Processing property_id: N87559186
2026-02-01 10:42:31 - INFO - Processing property_id: L88326574
2026-02-01 10:42:31 - INFO - Processing property_id: D88169424
2026-02-01 10:42:31 - INFO - Processing property_id: G86407610
2026-02-01 10:42:31 - INFO - Processing property_id: X81366797
2026-02-01 10:42:31 - ERROR - ❌ Thread exception: 'builtin_function_or_method' object has no attribute 'randint'
2026-02-01 10:42:31 - INFO - Processing property_id: E87474672
2026-02-01 10:42:31 - INFO - Processing property_id: N87207344
2026-02-01 10:42:31 - INFO - Processing property_id: H87421616
2026-02-01 10:42:31 - INFO - Processing property_id: E88319596
2026-02-01 10:42:31 - INFO - Processing property_id: B88139806
2026-02-01 10:42:31 - INFO - Processing property_id: C86628802
2026-02-01 10:42:31 - INFO - Processing property_id: U76981103
2026-02-01 10:42:31 - INFO - Processing property_id: V85776808
2026-02-01 10:42:31 - INFO - Processing property_id: G82911512
2026-02-01 10:42:31 - ERROR - ❌ Thread exception: 'builtin_function_or_method' object has no attribute 'randint'
2026-02-01 10:42:31 - INFO - Processing property_id: Z87324384
2026-02-01 10:42:31 - INFO - Processing property_id: X87324234
2026-02-01 10:42:31 - INFO - Processing property_id: U87324174
2026-02-01 10:42:31 - INFO - Processing property_id: Y88362004
2026-02-01 10:42:31 - INFO - Processing property_id: L87464768
2026-02-01 10:42:31 - INFO - Processing property_id: R87677084
2026-02-01 10:42:31 - INFO - Processing property_id: A88322676
2026-02-01 10:42:31 - INFO - Processing property_id: M88142730
2026-02-01 10:42:31 - INFO - Processing property_id: G87769834
2026-02-01 10:42:31 - ERROR - ❌ Thread exception: 'builtin_function_or_method' object has no attribute 'randint'
2026-02-01 10:42:31 - INFO - Processing property_id: X87629042
2026-02-01 10:42:31 - INFO - Processing property_id: D88144330
2026-02-01 10:42:31 - INFO - Processing property_id: F87953394
2026-02-01 10:42:31 - INFO - Processing property_id: P86977644
2026-02-01 10:42:31 - INFO - Processing property_id: P88217804
2026-02-01 10:42:31 - INFO - Processing property_id: V86482828
2026-02-01 10:42:31 - INFO - Processing property_id: I85385474
2026-02-01 10:42:31 - INFO - Processing property_id: I87715488
2026-02-01 10:42:31 - INFO - Processing property_id: L86856108
2026-02-01 10:42:31 - ERROR - ❌ Thread exception: 'builtin_function_or_method' object has no attribute 'randint'
2026-02-01 10:42:31 - INFO - Processing property_id: T80575345
2026-02-01 10:42:31 - INFO - Processing property_id: O87402456
2026-02-01 10:42:31 - INFO - Processing property_id: S87815310
2026-02-01 10:42:31 - INFO - Processing property_id: C80572875
2026-02-01 10:42:31 - INFO - Processing property_id: H87909914
2026-02-01 10:42:31 - INFO - Processing property_id: B67697098
2026-02-01 10:42:31 - INFO - Processing property_id: Q61307868
2026-02-01 10:42:31 - INFO - Processing property_id: A70062858
2026-02-01 10:42:31 - INFO - Processing property_id: Y77522769
2026-02-01 10:42:31 - ERROR - ❌ Thread exception: 'builtin_function_or_method' object has no attribute 'randint'
2026-02-01 10:42:31 - INFO - Processing property_id: U86110704
2026-02-01 10:42:31 - INFO - Processing property_id: Z87880268
2026-02-01 10:42:31 - INFO - Processing property_id: Q87005256
2026-02-01 10:42:31 - INFO - Processing property_id: C80784669
2026-02-01 10:42:31 - INFO - Processing property_id: L88155280
2026-02-01 10:42:31 - INFO - Processing property_id: K88325040
2026-02-01 10:42:31 - INFO - Processing property_id: O81502195
2026-02-01 10:42:31 - INFO - Processing property_id: D86695260
2026-02-01 10:42:31 - INFO - Processing property_id: P87677756
2026-02-01 10:42:31 - ERROR - ❌ Thread exception: 'builtin_function_or_method' object has no attribute 'randint'
2026-02-01 10:42:31 - INFO - Processing property_id: W86865460
2026-02-01 10:42:31 - INFO - Processing property_id: I87560502
2026-02-01 10:42:31 - INFO - Processing property_id: M87910178
2026-02-01 10:42:31 - INFO - Processing property_id: K83922366
2026-02-01 10:42:31 - INFO - Processing property_id: U84890000
2026-02-01 10:42:31 - INFO - Processing property_id: C88223066
2026-02-01 10:42:31 - INFO - Processing property_id: U87105540
2026-02-01 10:42:31 - INFO - Processing property_id: S88160102
2026-02-01 10:42:31 - INFO - Processing property_id: A87067316
2026-02-01 10:42:31 - ERROR - ❌ Thread exception: 'builtin_function_or_method' object has no attribute 'randint'
2026-02-01 10:42:31 - INFO - Processing property_id: T82803472
2026-02-01 10:42:31 - INFO - Processing property_id: U71594350
2026-02-01 10:42:31 - INFO - Processing property_id: S69766608
2026-02-01 10:42:31 - INFO - Processing property_id: I72455988
2026-02-01 10:42:31 - INFO - Processing property_id: K88186286
2026-02-01 10:42:31 - INFO - Processing property_id: Q87839344
2026-02-01 10:42:31 - INFO - Processing property_id: B85530586
2026-02-01 10:42:31 - INFO - Processing property_id: C87052794
2026-02-01 10:42:31 - INFO - Processing property_id: U87560444
2026-02-01 10:42:31 - ERROR - ❌ Thread exception: 'builtin_function_or_method' object has no attribute 'randint'
2026-02-01 10:42:31 - INFO - Processing property_id: X87853480
2026-02-01 10:42:31 - INFO - Processing property_id: J87871054
2026-02-01 10:42:31 - INFO - Processing property_id: P87325342
2026-02-01 10:42:31 - INFO - Processing property_id: J80621295
2026-02-01 10:42:31 - INFO - Processing property_id: U87072010
2026-02-01 10:42:31 - INFO - Processing property_id: K85098076
2026-02-01 10:42:31 - INFO - Processing property_id: A84919250
2026-02-01 10:42:31 - INFO - Processing property_id: C81643239
2026-02-01 10:42:31 - INFO - Processing property_id: I83093354
2026-02-01 10:42:31 - ERROR - ❌ Thread exception: 'builtin_function_or_method' object has no attribute 'randint'
2026-02-01 10:42:31 - INFO - Processing property_id: M86882648
2026-02-01 10:42:31 - INFO - Processing property_id: Y86937730
2026-02-01 10:42:31 - INFO - Processing property_id: B88175476
2026-02-01 10:42:31 - INFO - Processing property_id: S88175898
2026-02-01 10:42:31 - INFO - Processing property_id: T88326822
2026-02-01 10:42:31 - INFO - Processing property_id: G86864490
2026-02-01 10:42:31 - INFO - Processing property_id: W87714736
2026-02-01 10:42:31 - INFO - Processing property_id: Y80061325
2026-02-01 10:42:31 - INFO - Processing property_id: O87486978
2026-02-01 10:42:31 - ERROR - ❌ Thread exception: 'builtin_function_or_method' object has no attribute 'randint'
2026-02-01 10:42:31 - INFO - Processing property_id: B87460102
2026-02-01 10:42:31 - INFO - Processing property_id: X87113378
2026-02-01 10:42:31 - INFO - Processing property_id: M86575014
2026-02-01 10:42:31 - INFO - Processing property_id: E87711448
2026-02-01 10:42:31 - INFO - Processing property_id: R86938794
2026-02-01 10:42:31 - INFO - Processing property_id: T87352182
2026-02-01 10:42:31 - INFO - Processing property_id: R88160560
2026-02-01 10:42:31 - INFO - Processing property_id: D87213480
2026-02-01 10:42:31 - INFO - Processing property_id: E87617908
2026-02-01 10:42:31 - ERROR - ❌ Thread exception: 'builtin_function_or_method' object has no attribute 'randint'
2026-02-01 10:42:31 - INFO - Processing property_id: J87392158
2026-02-01 10:42:31 - INFO - Processing property_id: J72455640
2026-02-01 10:42:31 - INFO - Processing property_id: F87036534
2026-02-01 10:42:31 - INFO - Processing property_id: I86933564
2026-02-01 10:42:31 - INFO - Processing property_id: I87550770
2026-02-01 10:42:31 - INFO - Processing property_id: B87052126
2026-02-01 10:42:31 - INFO - Processing property_id: V84650782
2026-02-01 10:42:31 - INFO - Processing property_id: S84717730
2026-02-01 10:42:31 - INFO - Processing property_id: F86624238
2026-02-01 10:42:31 - ERROR - ❌ Thread exception: 'builtin_function_or_method' object has no attribute 'randint'
2026-02-01 10:42:31 - INFO - Processing property_id: X86518976
2026-02-01 10:42:31 - INFO - Processing property_id: G87697338
2026-02-01 10:42:31 - INFO - Processing property_id: O86467414
2026-02-01 10:42:31 - INFO - Processing property_id: Q87936400
2026-02-01 10:42:31 - INFO - Processing property_id: B86812964
2026-02-01 10:42:31 - INFO - Processing property_id: W86709270
2026-02-01 10:42:31 - INFO - Processing property_id: B86664366
2026-02-01 10:42:31 - INFO - Processing property_id: M88194922
2026-02-01 10:42:31 - INFO - Processing property_id: U87877010
2026-02-01 10:42:31 - ERROR - ❌ Thread exception: 'builtin_function_or_method' object has no attribute 'randint'
2026-02-01 10:42:31 - INFO - Processing property_id: J86959580
2026-02-01 10:42:31 - INFO - Processing property_id: X87567152
2026-02-01 10:42:31 - INFO - Processing property_id: M86441502
2026-02-01 10:42:31 - INFO - Processing property_id: U83848214
2026-02-01 10:42:31 - INFO - Processing property_id: L87608464
2026-02-01 10:42:31 - INFO - Processing property_id: Y87263932
2026-02-01 10:42:31 - INFO - Processing property_id: Q88414610
2026-02-01 10:42:31 - INFO - Processing property_id: R81488227
2026-02-01 10:42:31 - INFO - Processing property_id: D87855578
2026-02-01 10:42:31 - ERROR - ❌ Thread exception: 'builtin_function_or_method' object has no attribute 'randint'
2026-02-01 10:42:31 - INFO - Processing property_id: L87215004
2026-02-01 10:42:31 - INFO - Processing property_id: C87095710
2026-02-01 10:42:31 - INFO - Processing property_id: K88243388
2026-02-01 10:42:31 - INFO - Processing property_id: U88319020
2026-02-01 10:42:31 - INFO - Processing property_id: F87392686
2026-02-01 10:42:31 - INFO - Processing property_id: T87513938
2026-02-01 10:42:31 - INFO - Processing property_id: I85984342
2026-02-01 10:42:31 - INFO - Processing property_id: Z86754060
2026-02-01 10:42:31 - INFO - Processing property_id: G86818964
2026-02-01 10:42:31 - ERROR - ❌ Thread exception: 'builtin_function_or_method' object has no attribute 'randint'
2026-02-01 10:42:31 - INFO - Processing property_id: B82896302
2026-02-01 10:42:31 - INFO - Processing property_id: T86631464
2026-02-01 10:42:31 - INFO - Processing property_id: O87905220
2026-02-01 10:42:31 - INFO - Processing property_id: 442625
2026-02-01 10:42:31 - INFO - Processing property_id: C88131316
2026-02-01 10:42:31 - INFO - Processing property_id: W88150004
2026-02-01 10:42:31 - INFO - Processing property_id: Y87366224
2026-02-01 10:42:31 - INFO - Processing property_id: X86603996
2026-02-01 10:42:31 - INFO - Processing property_id: V82482070
2026-02-01 10:42:31 - ERROR - ❌ Thread exception: 'builtin_function_or_method' object has no attribute 'randint'
2026-02-01 10:42:31 - INFO - Processing property_id: L87581438
2026-02-01 10:42:31 - INFO - Processing property_id: U87587428
2026-02-01 10:42:31 - INFO - Processing property_id: J87626442
2026-02-01 10:42:31 - INFO - Processing property_id: U86917562
2026-02-01 10:42:31 - INFO - Processing property_id: S81723186
2026-02-01 10:42:31 - INFO - Processing property_id: C84908682
2026-02-01 10:42:31 - INFO - Processing property_id: P86274878
2026-02-01 10:42:31 - INFO - Processing property_id: O72486822
2026-02-01 10:42:31 - INFO - Processing property_id: E87815250
2026-02-01 10:42:31 - ERROR - ❌ Thread exception: 'builtin_function_or_method' object has no attribute 'randint'
2026-02-01 10:42:31 - INFO - Processing property_id: L83588044
2026-02-01 10:42:31 - INFO - Processing property_id: C85291130
2026-02-01 10:42:31 - INFO - Processing property_id: C87188628
2026-02-01 10:42:31 - INFO - Processing property_id: F88219522
2026-02-01 10:42:31 - INFO - Processing property_id: Z87675742
2026-02-01 10:42:31 - INFO - Processing property_id: P80596525
2026-02-01 10:42:31 - INFO - Processing property_id: L87937280
2026-02-01 10:42:31 - INFO - Processing property_id: W87138010
2026-02-01 10:42:31 - INFO - Processing property_id: G81037581
2026-02-01 10:42:31 - ERROR - ❌ Thread exception: 'builtin_function_or_method' object has no attribute 'randint'
2026-02-01 10:42:31 - INFO - Processing property_id: U87518346
2026-02-01 10:42:31 - INFO - Processing property_id: C88417500
2026-02-01 10:42:31 - INFO - Processing property_id: D87513780
2026-02-01 10:42:31 - INFO - Processing property_id: O87448774
2026-02-01 10:42:31 - INFO - Processing property_id: C87236236
2026-02-01 10:42:31 - INFO - Processing property_id: N88389294
2026-02-01 10:42:31 - INFO - Processing property_id: N88394220
2026-02-01 10:42:31 - INFO - Processing property_id: F87612292
2026-02-01 10:42:31 - INFO - Processing property_id: W86233602
2026-02-01 10:42:31 - ERROR - ❌ Thread exception: 'builtin_function_or_method' object has no attribute 'randint'
2026-02-01 10:42:31 - INFO - Processing property_id: G87293072
2026-02-01 10:42:31 - INFO - Processing property_id: S86939246
2026-02-01 10:42:31 - INFO - Processing property_id: V87941150
2026-02-01 10:42:31 - INFO - Processing property_id: F87774920
2026-02-01 10:42:31 - INFO - Processing property_id: F87201034
2026-02-01 10:42:31 - INFO - Processing property_id: E87551240
2026-02-01 10:42:31 - INFO - Processing property_id: E87320290
2026-02-01 10:42:31 - INFO - Processing property_id: N88087810
2026-02-01 10:42:31 - INFO - Processing property_id: U86662818
2026-02-01 10:42:31 - ERROR - ❌ Thread exception: 'builtin_function_or_method' object has no attribute 'randint'
2026-02-01 10:42:31 - INFO - Processing property_id: G87764290
2026-02-01 10:42:31 - INFO - Processing property_id: I87251878
2026-02-01 10:42:31 - INFO - Processing property_id: K88390280
2026-02-01 10:42:31 - INFO - Processing property_id: K87641884
2026-02-01 10:42:31 - INFO - Processing property_id: Z87522720
2026-02-01 10:42:31 - INFO - Processing property_id: M86389600
2026-02-01 10:42:31 - INFO - Processing property_id: J86569086
2026-02-01 10:42:31 - INFO - Processing property_id: U88299902
2026-02-01 10:42:31 - INFO - Processing property_id: W87930728
2026-02-01 10:42:31 - ERROR - ❌ Thread exception: 'builtin_function_or_method' object has no attribute 'randint'
2026-02-01 10:42:31 - INFO - Processing property_id: V86492936
2026-02-01 10:42:31 - INFO - Processing property_id: M86937378
2026-02-01 10:42:31 - INFO - Processing property_id: J87962424
2026-02-01 10:42:31 - INFO - Processing property_id: J87582158
2026-02-01 10:42:31 - INFO - Processing property_id: D87497020
2026-02-01 10:42:31 - INFO - Processing property_id: V87342318
2026-02-01 10:42:31 - INFO - Processing property_id: O87392848
2026-02-01 10:42:31 - INFO - Processing property_id: P87392448
2026-02-01 10:42:31 - INFO - Processing property_id: Q87287758
2026-02-01 10:42:31 - ERROR - ❌ Thread exception: 'builtin_function_or_method' object has no attribute 'randint'
2026-02-01 10:42:31 - INFO - Processing property_id: K88362812
2026-02-01 10:42:31 - INFO - Processing property_id: W88230330
2026-02-01 10:42:31 - INFO - Processing property_id: J88411098
2026-02-01 10:42:31 - INFO - Processing property_id: V87922638
2026-02-01 10:42:31 - INFO - Processing property_id: O87923710
2026-02-01 10:42:31 - INFO - Processing property_id: L87512586
2026-02-01 10:42:31 - INFO - Processing property_id: H87710432
2026-02-01 10:42:31 - INFO - Processing property_id: A87540496
2026-02-01 10:42:31 - INFO - Processing property_id: K87202898
2026-02-01 10:42:31 - ERROR - ❌ Thread exception: 'builtin_function_or_method' object has no attribute 'randint'
2026-02-01 10:42:31 - INFO - Processing property_id: R86889670
2026-02-01 10:42:31 - INFO - Processing property_id: Z81979668
2026-02-01 10:42:31 - INFO - Processing property_id: U85743536
2026-02-01 10:42:31 - INFO - Processing property_id: Z88420956
2026-02-01 10:42:31 - INFO - Processing property_id: A88275786
2026-02-01 10:42:31 - INFO - Processing property_id: Z88184624
2026-02-01 10:42:31 - INFO - Processing property_id: L86488214
2026-02-01 10:42:31 - INFO - Processing property_id: Z86743192
2026-02-01 10:42:31 - INFO - Processing property_id: T86346206
2026-02-01 10:42:31 - ERROR - ❌ Thread exception: 'builtin_function_or_method' object has no attribute 'randint'
2026-02-01 10:42:31 - INFO - Processing property_id: P88253546
2026-02-01 10:42:31 - INFO - Processing property_id: Y87996578
2026-02-01 10:42:31 - INFO - Processing property_id: O87702310
2026-02-01 10:42:31 - INFO - Processing property_id: T87711498
2026-02-01 10:42:31 - INFO - Processing property_id: W87566476
2026-02-01 10:42:31 - INFO - Processing property_id: R87573978
2026-02-01 10:42:31 - INFO - Processing property_id: A86796944
2026-02-01 10:42:31 - INFO - Processing property_id: K86688752
2026-02-01 10:42:31 - INFO - Processing property_id: E81403283
2026-02-01 10:42:31 - ERROR - ❌ Thread exception: 'builtin_function_or_method' object has no attribute 'randint'
2026-02-01 10:42:31 - INFO - Processing property_id: R87716346
2026-02-01 10:42:31 - INFO - Processing property_id: N88443668
2026-02-01 10:42:31 - INFO - Processing property_id: U81643871
2026-02-01 10:42:31 - INFO - Processing property_id: J80893387
2026-02-01 10:42:31 - INFO - Processing property_id: H87935736
2026-02-01 10:42:31 - INFO - Processing property_id: P71572854
2026-02-01 10:42:31 - INFO - Processing property_id: G86387036
2026-02-01 10:42:31 - INFO - Processing property_id: U87521446
2026-02-01 10:42:31 - INFO - Processing property_id: E88391520
2026-02-01 10:42:31 - ERROR - ❌ Thread exception: 'builtin_function_or_method' object has no attribute 'randint'
2026-02-01 10:42:31 - INFO - Processing property_id: V88284142
2026-02-01 10:42:31 - INFO - Processing property_id: H87900830
2026-02-01 10:42:31 - INFO - Processing property_id: N87467010
2026-02-01 10:42:31 - INFO - Processing property_id: M87439772
2026-02-01 10:42:31 - INFO - Processing property_id: B87330596
2026-02-01 10:42:31 - INFO - Processing property_id: L88407580
2026-02-01 10:42:31 - INFO - Processing property_id: H79331813
2026-02-01 10:42:31 - INFO - Processing property_id: D86605690
2026-02-01 10:42:31 - INFO - Processing property_id: E88395618
2026-02-01 10:42:31 - ERROR - ❌ Thread exception: 'builtin_function_or_method' object has no attribute 'randint'
2026-02-01 10:42:31 - INFO - Processing property_id: A88379036
2026-02-01 10:42:31 - INFO - Processing property_id: H88405834
2026-02-01 10:42:31 - INFO - Processing property_id: M88377058
2026-02-01 10:42:31 - INFO - Processing property_id: F88409390
2026-02-01 10:42:31 - INFO - Processing property_id: H88379482
2026-02-01 10:42:31 - INFO - Processing property_id: P88185470
2026-02-01 10:42:31 - INFO - Processing property_id: M88162358
2026-02-01 10:42:31 - INFO - Processing property_id: J87871904
2026-02-01 10:42:31 - INFO - Processing property_id: R87751048
2026-02-01 10:42:31 - ERROR - ❌ Thread exception: 'builtin_function_or_method' object has no attribute 'randint'
2026-02-01 10:42:31 - INFO - Processing property_id: K87693664
2026-02-01 10:42:31 - INFO - Processing property_id: H81270833
2026-02-01 10:42:31 - INFO - Processing property_id: O86388594
2026-02-01 10:42:31 - INFO - Processing property_id: Z83149912
2026-02-01 10:42:31 - INFO - Processing property_id: H85645854
2026-02-01 10:42:31 - INFO - Processing property_id: M87370052
2026-02-01 10:42:31 - INFO - Processing property_id: G86798944
2026-02-01 10:42:31 - INFO - Processing property_id: Q88193944
2026-02-01 10:42:31 - INFO - Processing property_id: O87708906
2026-02-01 10:42:31 - ERROR - ❌ Thread exception: 'builtin_function_or_method' object has no attribute 'randint'
2026-02-01 10:42:31 - INFO - Processing property_id: P88312654
2026-02-01 10:42:31 - INFO - Processing property_id: G82876696
2026-02-01 10:42:31 - INFO - Processing property_id: D87964270
2026-02-01 10:42:31 - INFO - Processing property_id: H88307854
2026-02-01 10:42:31 - INFO - Processing property_id: O86861356
2026-02-01 10:42:31 - INFO - Processing property_id: K86699392
2026-02-01 10:42:31 - INFO - Processing property_id: W85865458
2026-02-01 10:42:31 - INFO - Processing property_id: K85712522
2026-02-01 10:42:31 - INFO - Processing property_id: M87502010
2026-02-01 10:42:31 - ERROR - ❌ Thread exception: 'builtin_function_or_method' object has no attribute 'randint'
2026-02-01 10:42:31 - INFO - Processing property_id: G88436376
2026-02-01 10:42:31 - INFO - Processing property_id: B88452544
2026-02-01 10:42:31 - INFO - Processing property_id: F88435484
2026-02-01 10:42:31 - INFO - Processing property_id: G84134880
2026-02-01 10:42:31 - INFO - Processing property_id: N88353754
2026-02-01 10:42:31 - INFO - Processing property_id: I87959798
2026-02-01 10:42:31 - INFO - Processing property_id: D83145390
2026-02-01 10:42:31 - INFO - Processing property_id: T87275224
2026-02-01 10:42:31 - INFO - Processing property_id: D86940244
2026-02-01 10:42:31 - ERROR - ❌ Thread exception: 'builtin_function_or_method' object has no attribute 'randint'
2026-02-01 10:42:31 - INFO - Processing property_id: H88358598
2026-02-01 10:42:31 - INFO - Processing property_id: H87033508
2026-02-01 10:42:31 - INFO - Processing property_id: Z86863734
2026-02-01 10:42:31 - INFO - Processing property_id: T86891626
2026-02-01 10:42:31 - INFO - Processing property_id: E86918170
2026-02-01 10:42:31 - INFO - Processing property_id: Y88451350
2026-02-01 10:42:31 - INFO - Processing property_id: F88001112
2026-02-01 10:42:31 - INFO - Processing property_id: I88000140
2026-02-01 10:42:31 - INFO - Processing property_id: B87612694
2026-02-01 10:42:31 - ERROR - ❌ Thread exception: 'builtin_function_or_method' object has no attribute 'randint'
2026-02-01 10:42:31 - INFO - Processing property_id: V87210492
2026-02-01 10:42:31 - INFO - Processing property_id: I86781378
2026-02-01 10:42:31 - INFO - Processing property_id: P86597934
2026-02-01 10:42:31 - INFO - Processing property_id: O88441364
2026-02-01 10:42:31 - INFO - Processing property_id: X88317818
2026-02-01 10:42:31 - INFO - Processing property_id: I88317052
2026-02-01 10:42:31 - INFO - Processing property_id: H88317286
2026-02-01 10:42:31 - INFO - Processing property_id: W81395851
2026-02-01 10:42:31 - INFO - Processing property_id: X84183558
2026-02-01 10:42:31 - ERROR - ❌ Thread exception: 'builtin_function_or_method' object has no attribute 'randint'
2026-02-01 10:42:31 - INFO - Processing property_id: T88383764
2026-02-01 10:42:31 - INFO - Processing property_id: X88370016
2026-02-01 10:42:31 - INFO - Processing property_id: E88275174
2026-02-01 10:42:31 - INFO - Processing property_id: U88292676
2026-02-01 10:42:31 - INFO - Processing property_id: Z88307046
2026-02-01 10:42:31 - INFO - Processing property_id: U82385390
2026-02-01 10:42:31 - INFO - Processing property_id: B88008956
2026-02-01 10:42:31 - INFO - Processing property_id: Y88147524
2026-02-01 10:42:31 - INFO - Processing property_id: D87928418
2026-02-01 10:42:31 - ERROR - ❌ Thread exception: 'builtin_function_or_method' object has no attribute 'randint'
2026-02-01 10:42:31 - INFO - Processing property_id: N87778652
2026-02-01 10:42:31 - INFO - Processing property_id: Z87776788
2026-02-01 10:42:31 - INFO - Processing property_id: G87740938
2026-02-01 10:42:31 - INFO - Processing property_id: O87735538
2026-02-01 10:42:31 - INFO - Processing property_id: O77510159
2026-02-01 10:42:31 - INFO - Processing property_id: W79708637
2026-02-01 10:42:31 - INFO - Processing property_id: V87674380
2026-02-01 10:42:31 - INFO - Processing property_id: Q87601070
2026-02-01 10:42:31 - INFO - Processing property_id: P86857606
2026-02-01 10:42:31 - ERROR - ❌ Thread exception: 'builtin_function_or_method' object has no attribute 'randint'
2026-02-01 10:42:31 - INFO - Processing property_id: V86666560
2026-02-01 10:42:31 - INFO - Processing property_id: L86690580
2026-02-01 10:42:31 - INFO - Processing property_id: N86564450
2026-02-01 10:42:31 - INFO - Processing property_id: Y88088054
2026-02-01 10:42:31 - INFO - Processing property_id: O88088896
2026-02-01 10:42:31 - INFO - Processing property_id: Q87285744
2026-02-01 10:42:31 - INFO - Processing property_id: J87774114
2026-02-01 10:42:31 - INFO - Processing property_id: E87630262
2026-02-01 10:42:31 - INFO - Processing property_id: F85882156
2026-02-01 10:42:31 - ERROR - ❌ Thread exception: 'builtin_function_or_method' object has no attribute 'randint'
2026-02-01 10:42:31 - INFO - Processing property_id: I86414448
2026-02-01 10:42:31 - INFO - Processing property_id: G83118232
2026-02-01 10:42:31 - INFO - Processing property_id: R86631356
2026-02-01 10:42:31 - INFO - Processing property_id: B83072586
2026-02-01 10:42:31 - INFO - Processing property_id: T84548190
2026-02-01 10:42:31 - INFO - Processing property_id: A85882712
2026-02-01 10:42:31 - INFO - Processing property_id: X85885304
2026-02-01 10:42:31 - INFO - Processing property_id: E87109556
2026-02-01 10:42:31 - INFO - Processing property_id: O88165722
2026-02-01 10:42:31 - ERROR - ❌ Thread exception: 'builtin_function_or_method' object has no attribute 'randint'
2026-02-01 10:42:31 - INFO - Processing property_id: K87976670
2026-02-01 10:42:31 - INFO - Processing property_id: Q87876896
2026-02-01 10:42:31 - INFO - Processing property_id: A87778360
2026-02-01 10:42:31 - INFO - Processing property_id: N86793154
2026-02-01 10:42:31 - INFO - Processing property_id: E86444408
2026-02-01 10:42:31 - INFO - Processing property_id: B84340912
2026-02-01 10:42:31 - INFO - Processing property_id: K86560744
2026-02-01 10:42:31 - INFO - Processing property_id: O88438728
2026-02-01 10:42:31 - INFO - Processing property_id: L87636046
2026-02-01 10:42:31 - ERROR - ❌ Thread exception: 'builtin_function_or_method' object has no attribute 'randint'
2026-02-01 10:42:31 - INFO - Processing property_id: D87973242
2026-02-01 10:42:31 - INFO - Processing property_id: F87870078
2026-02-01 10:42:31 - INFO - Processing property_id: T87669814
2026-02-01 10:42:31 - INFO - Processing property_id: W87521074
2026-02-01 10:42:31 - INFO - Processing property_id: K86503264
2026-02-01 10:42:31 - INFO - Processing property_id: M87620742
2026-02-01 10:42:31 - INFO - Processing property_id: W88276166
2026-02-01 10:42:31 - INFO - Processing property_id: N88236268
2026-02-01 10:42:31 - INFO - Processing property_id: V87705462
2026-02-01 10:42:31 - ERROR - ❌ Thread exception: 'builtin_function_or_method' object has no attribute 'randint'
2026-02-01 10:42:31 - INFO - Processing property_id: I86348176
2026-02-01 10:42:31 - INFO - Processing property_id: A88255442
2026-02-01 10:42:31 - INFO - Processing property_id: F87934052
2026-02-01 10:42:31 - INFO - Processing property_id: A87962800
2026-02-01 10:42:31 - INFO - Processing property_id: F87712676
2026-02-01 10:42:31 - INFO - Processing property_id: Y86547392
2026-02-01 10:42:31 - INFO - Processing property_id: F88310768
2026-02-01 10:42:31 - INFO - Processing property_id: W88337356
2026-02-01 10:42:31 - INFO - Processing property_id: I88265486
2026-02-01 10:42:31 - ERROR - ❌ Thread exception: 'builtin_function_or_method' object has no attribute 'randint'
2026-02-01 10:42:31 - INFO - Processing property_id: I87843774
2026-02-01 10:42:31 - INFO - Processing property_id: G87169914
2026-02-01 10:42:31 - INFO - Processing property_id: K86441660
2026-02-01 10:42:31 - INFO - Processing property_id: N86336172
2026-02-01 10:42:31 - INFO - Processing property_id: E87585848
2026-02-01 10:42:31 - INFO - Processing property_id: Q81295605
2026-02-01 10:42:31 - INFO - Processing property_id: Z87673280
2026-02-01 10:42:31 - INFO - Processing property_id: H86763580
2026-02-01 10:42:31 - INFO - Processing property_id: U83494522
2026-02-01 10:42:31 - ERROR - ❌ Thread exception: 'builtin_function_or_method' object has no attribute 'randint'
2026-02-01 10:42:31 - INFO - Processing property_id: P88417606
2026-02-01 10:42:31 - INFO - Processing property_id: 434656
2026-02-01 10:42:31 - INFO - Processing property_id: K87630680
2026-02-01 10:42:31 - INFO - Processing property_id: B87106746
2026-02-01 10:42:31 - INFO - Processing property_id: N85797618
2026-02-01 10:42:31 - INFO - Processing property_id: J87277422
2026-02-01 10:42:31 - INFO - Processing property_id: A86685136
2026-02-01 10:42:31 - INFO - Processing property_id: Y86447322
2026-02-01 10:42:31 - INFO - Processing property_id: U87171238
2026-02-01 10:42:31 - ERROR - ❌ Thread exception: 'builtin_function_or_method' object has no attribute 'randint'
2026-02-01 10:42:31 - INFO - Processing property_id: I88419432
2026-02-01 10:42:31 - INFO - Processing property_id: H87238710
2026-02-01 10:42:31 - INFO - Processing property_id: J87106312
2026-02-01 10:42:31 - INFO - Processing property_id: C83302994
2026-02-01 10:42:31 - INFO - Processing property_id: I83303052
2026-02-01 10:42:31 - INFO - Processing property_id: C87860672
2026-02-01 10:42:31 - INFO - Processing property_id: F87775016
2026-02-01 10:42:31 - INFO - Processing property_id: 384317
2026-02-01 10:42:31 - INFO - Processing property_id: 428878
2026-02-01 10:42:31 - ERROR - ❌ Thread exception: 'builtin_function_or_method' object has no attribute 'randint'
2026-02-01 10:42:31 - INFO - Processing property_id: K87348736
2026-02-01 10:42:31 - INFO - Processing property_id: W87152504
2026-02-01 10:42:31 - INFO - Processing property_id: R88275288
2026-02-01 10:42:31 - INFO - Processing property_id: P81174289
2026-02-01 10:42:31 - INFO - Processing property_id: O87536142
2026-02-01 10:42:31 - INFO - Processing property_id: B86765634
2026-02-01 10:42:31 - INFO - Processing property_id: S87789442
2026-02-01 10:42:31 - INFO - Processing property_id: W87827220
2026-02-01 10:42:31 - INFO - Processing property_id: J80741969
2026-02-01 10:42:31 - ERROR - ❌ Thread exception: 'builtin_function_or_method' object has no attribute 'randint'
2026-02-01 10:42:31 - INFO - Processing property_id: A84892038
2026-02-01 10:42:31 - INFO - Processing property_id: J80373025
2026-02-01 10:42:31 - INFO - Processing property_id: M88439906
2026-02-01 10:42:31 - INFO - Processing property_id: K87202112
2026-02-01 10:42:31 - INFO - Processing property_id: K87316958
2026-02-01 10:42:31 - INFO - Processing property_id: D86632896
2026-02-01 10:42:31 - INFO - Processing property_id: A87144294
2026-02-01 10:42:31 - INFO - Processing property_id: X86902622
2026-02-01 10:42:31 - INFO - Processing property_id: V88086440
2026-02-01 10:42:31 - ERROR - ❌ Thread exception: 'builtin_function_or_method' object has no attribute 'randint'
2026-02-01 10:42:31 - INFO - Processing property_id: Q87612906
2026-02-01 10:42:31 - INFO - Processing property_id: C87054100
2026-02-01 10:42:31 - INFO - Processing property_id: D88007368
2026-02-01 10:42:31 - INFO - Processing property_id: P86865048
2026-02-01 10:42:31 - INFO - Processing property_id: L88301554
2026-02-01 10:42:31 - INFO - Processing property_id: G85891440
2026-02-01 10:42:31 - INFO - Processing property_id: J87833250
2026-02-01 10:42:31 - INFO - Processing property_id: W84838116
2026-02-01 10:42:31 - INFO - Processing property_id: B85882536
2026-02-01 10:42:31 - ERROR - ❌ Thread exception: 'builtin_function_or_method' object has no attribute 'randint'
2026-02-01 10:42:31 - INFO - Processing property_id: Q86185434
2026-02-01 10:42:31 - INFO - Processing property_id: V88112608
2026-02-01 10:42:31 - INFO - Processing property_id: R86160916
2026-02-01 10:42:31 - INFO - Processing property_id: E87503928
2026-02-01 10:42:31 - INFO - Processing property_id: R87316678
2026-02-01 10:42:31 - INFO - Processing property_id: C86937064
2026-02-01 10:42:31 - INFO - Processing property_id: I86967042
2026-02-01 10:42:31 - INFO - Processing property_id: Z87045274
2026-02-01 10:42:31 - INFO - Processing property_id: J86930228
2026-02-01 10:42:31 - ERROR - ❌ Thread exception: 'builtin_function_or_method' object has no attribute 'randint'
2026-02-01 10:42:31 - INFO - Processing property_id: C86966386
2026-02-01 10:42:31 - INFO - Processing property_id: I84402676
2026-02-01 10:42:31 - INFO - Processing property_id: A87872692
2026-02-01 10:42:31 - INFO - Processing property_id: U87741542
2026-02-01 10:42:31 - INFO - Processing property_id: T87742054
2026-02-01 10:42:31 - INFO - Processing property_id: Z87685978
2026-02-01 10:42:31 - INFO - Processing property_id: A87686142
2026-02-01 10:42:31 - INFO - Processing property_id: M87512570
2026-02-01 10:42:31 - INFO - Processing property_id: X83222266
2026-02-01 10:42:31 - ERROR - ❌ Thread exception: 'builtin_function_or_method' object has no attribute 'randint'
2026-02-01 10:42:31 - INFO - Processing property_id: E88255478
2026-02-01 10:42:31 - INFO - Processing property_id: F88185266
2026-02-01 10:42:31 - INFO - Processing property_id: V87640378
2026-02-01 10:42:31 - INFO - Processing property_id: H81429379
2026-02-01 10:42:31 - INFO - Processing property_id: I88276564
2026-02-01 10:42:31 - INFO - Processing property_id: X87724698
2026-02-01 10:42:31 - INFO - Processing property_id: Q87976728
2026-02-01 10:42:31 - INFO - Processing property_id: O87842494
2026-02-01 10:42:31 - INFO - Processing property_id: P88327268
2026-02-01 10:42:31 - ERROR - ❌ Thread exception: 'builtin_function_or_method' object has no attribute 'randint'
2026-02-01 10:42:31 - INFO - Processing property_id: M87238560
2026-02-01 10:42:31 - INFO - Processing property_id: I86794970
2026-02-01 10:42:31 - INFO - Processing property_id: G86268976
2026-02-01 10:42:31 - INFO - Processing property_id: M85674190
2026-02-01 10:42:31 - INFO - Processing property_id: T86490104
2026-02-01 10:42:31 - INFO - Processing property_id: X87752914
2026-02-01 10:42:31 - INFO - Processing property_id: D87093834
2026-02-01 10:42:31 - INFO - Processing property_id: N87612380
2026-02-01 10:42:31 - INFO - Processing property_id: P87299462
2026-02-01 10:42:31 - ERROR - ❌ Thread exception: 'builtin_function_or_method' object has no attribute 'randint'
2026-02-01 10:42:31 - INFO - Processing property_id: R87491560
2026-02-01 10:42:31 - INFO - Processing property_id: G87270544
2026-02-01 10:42:31 - INFO - Processing property_id: G73399805
2026-02-01 10:42:31 - INFO - Processing property_id: V88034824
2026-02-01 10:42:31 - INFO - Processing property_id: Q87458540
2026-02-01 10:42:31 - INFO - Processing property_id: C86920632
2026-02-01 10:42:31 - INFO - Processing property_id: F87291336
2026-02-01 10:42:31 - INFO - Processing property_id: P86381998
2026-02-01 10:42:31 - INFO - Processing property_id: I88319992
2026-02-01 10:42:31 - ERROR - ❌ Thread exception: 'builtin_function_or_method' object has no attribute 'randint'
2026-02-01 10:42:31 - INFO - Processing property_id: T88317842
2026-02-01 10:42:31 - INFO - Processing property_id: J88172498
2026-02-01 10:42:31 - INFO - Processing property_id: N87827736
2026-02-01 10:42:31 - INFO - Processing property_id: K87956018
2026-02-01 10:42:31 - INFO - Processing property_id: K87090182
2026-02-01 10:42:31 - INFO - Processing property_id: M86506436
2026-02-01 10:42:31 - INFO - Processing property_id: A86412768
2026-02-01 10:42:31 - INFO - Processing property_id: B86661184
2026-02-01 10:42:31 - INFO - Processing property_id: Z87862720
2026-02-01 10:42:31 - ERROR - ❌ Thread exception: 'builtin_function_or_method' object has no attribute 'randint'
2026-02-01 10:42:31 - INFO - Processing property_id: S87716630
2026-02-01 10:42:31 - INFO - Processing property_id: I82207816
2026-02-01 10:42:31 - INFO - Processing property_id: I87573278
2026-02-01 10:42:31 - INFO - Processing property_id: I87358034
2026-02-01 10:42:31 - INFO - Processing property_id: V70062912
2026-02-01 10:42:31 - INFO - Processing property_id: B87499198
2026-02-01 10:42:31 - INFO - Processing property_id: V85846924
2026-02-01 10:42:31 - INFO - Processing property_id: Y85831316
2026-02-01 10:42:31 - INFO - Processing property_id: K87308576
2026-02-01 10:42:31 - ERROR - ❌ Thread exception: 'builtin_function_or_method' object has no attribute 'randint'
2026-02-01 10:42:31 - INFO - Processing property_id: H87974762
2026-02-01 10:42:31 - INFO - Processing property_id: W86828850
2026-02-01 10:42:31 - INFO - Processing property_id: P86822048
2026-02-01 10:42:31 - INFO - Processing property_id: D87925502
2026-02-01 10:42:31 - INFO - Processing property_id: O88317528
2026-02-01 10:42:31 - INFO - Processing property_id: K88229650
2026-02-01 10:42:31 - INFO - Processing property_id: G87389478
2026-02-01 10:42:31 - INFO - Processing property_id: X86463546
2026-02-01 10:42:31 - INFO - Processing property_id: L84300208
2026-02-01 10:42:31 - ERROR - ❌ Thread exception: 'builtin_function_or_method' object has no attribute 'randint'
2026-02-01 10:42:31 - INFO - Processing property_id: V87413654
2026-02-01 10:42:31 - INFO - Processing property_id: K87649940
2026-02-01 10:42:31 - INFO - Processing property_id: M87249216
2026-02-01 10:42:31 - INFO - Processing property_id: R86459560
2026-02-01 10:42:31 - INFO - Processing property_id: J87745368
2026-02-01 10:42:31 - INFO - Processing property_id: Q86966436
2026-02-01 10:42:31 - INFO - Processing property_id: E87975044
2026-02-01 10:42:31 - INFO - Processing property_id: E88089260
2026-02-01 10:42:31 - INFO - Processing property_id: X87582512
2026-02-01 10:42:31 - ERROR - ❌ Thread exception: 'builtin_function_or_method' object has no attribute 'randint'
2026-02-01 10:42:31 - INFO - Processing property_id: V87261544
2026-02-01 10:42:31 - INFO - Processing property_id: M87205904
2026-02-01 10:42:31 - INFO - Processing property_id: U86600506
2026-02-01 10:42:31 - INFO - Processing property_id: B85741706
2026-02-01 10:42:31 - INFO - Processing property_id: X87825672
2026-02-01 10:42:31 - INFO - Processing property_id: L87735090
2026-02-01 10:42:31 - INFO - Processing property_id: Y87617666
2026-02-01 10:42:31 - INFO - Processing property_id: D87585068
2026-02-01 10:42:31 - INFO - Processing property_id: O86519732
2026-02-01 10:42:31 - ERROR - ❌ Thread exception: 'builtin_function_or_method' object has no attribute 'randint'
2026-02-01 10:42:31 - INFO - Processing property_id: 426383
2026-02-01 10:42:31 - INFO - Processing property_id: B86112596
2026-02-01 10:42:31 - INFO - Processing property_id: I85669678
2026-02-01 10:42:31 - INFO - Processing property_id: H87745364
2026-02-01 10:42:31 - INFO - Processing property_id: I86181270
2026-02-01 10:42:31 - INFO - Processing property_id: O87328420
2026-02-01 10:42:31 - INFO - Processing property_id: Y87813782
2026-02-01 10:42:31 - INFO - Processing property_id: M86701006
2026-02-01 10:42:31 - INFO - Processing property_id: D86609488
2026-02-01 10:42:31 - ERROR - ❌ Thread exception: 'builtin_function_or_method' object has no attribute 'randint'
2026-02-01 10:42:31 - INFO - Processing property_id: Y86649678
2026-02-01 10:42:31 - INFO - Processing property_id: X87222798
2026-02-01 10:42:31 - INFO - Processing property_id: H86020800
2026-02-01 10:42:31 - INFO - Processing property_id: I83358088
2026-02-01 10:42:31 - INFO - Processing property_id: P87736056
2026-02-01 10:42:31 - INFO - Processing property_id: G85329166
2026-02-01 10:42:31 - INFO - Processing property_id: E87552146
2026-02-01 10:42:31 - INFO - Processing property_id: B87775854
2026-02-01 10:42:31 - INFO - Processing property_id: T85718704
2026-02-01 10:42:31 - ERROR - ❌ Thread exception: 'builtin_function_or_method' object has no attribute 'randint'
2026-02-01 10:42:31 - INFO - Processing property_id: 86005
2026-02-01 10:42:31 - INFO - Processing property_id: N84575764
2026-02-01 10:42:31 - INFO - Processing property_id: 255847
2026-02-01 10:42:31 - INFO - Processing property_id: V86822722
2026-02-01 10:42:31 - INFO - Processing property_id: D82522840
2026-02-01 10:42:31 - INFO - Processing property_id: Y87827522
2026-02-01 10:42:31 - INFO - Processing property_id: C88242832
2026-02-01 10:42:31 - INFO - Processing property_id: U88092214
2026-02-01 10:42:31 - INFO - Processing property_id: W87665162
2026-02-01 10:42:31 - ERROR - ❌ Thread exception: 'builtin_function_or_method' object has no attribute 'randint'
2026-02-01 10:42:31 - INFO - Processing property_id: L87561208
2026-02-01 10:42:31 - INFO - Processing property_id: U87402928
2026-02-01 10:42:31 - INFO - Processing property_id: X87380188
2026-02-01 10:42:31 - INFO - Processing property_id: O87161478
2026-02-01 10:42:31 - INFO - Processing property_id: I87032846
2026-02-01 10:42:31 - INFO - Processing property_id: W85240016
2026-02-01 10:42:31 - INFO - Processing property_id: F88465316
2026-02-01 10:42:31 - INFO - Processing property_id: Z84410156
2026-02-01 10:42:31 - INFO - Processing property_id: E84200850
2026-02-01 10:42:31 - ERROR - ❌ Thread exception: 'builtin_function_or_method' object has no attribute 'randint'
2026-02-01 10:42:31 - INFO - Processing property_id: W88368340
2026-02-01 10:42:31 - INFO - Processing property_id: C85411932
2026-02-01 10:42:31 - INFO - Processing property_id: Q88460682
2026-02-01 10:42:31 - INFO - Processing property_id: S88384612
2026-02-01 10:42:31 - INFO - Processing property_id: V88459374
2026-02-01 10:42:31 - INFO - Processing property_id: W57526554
2026-02-01 10:42:31 - INFO - Processing property_id: D88458808
2026-02-01 10:42:31 - INFO - Processing property_id: V88458452
2026-02-01 10:42:31 - INFO - Processing property_id: C88456834
2026-02-01 10:42:31 - ERROR - ❌ Thread exception: 'builtin_function_or_method' object has no attribute 'randint'
2026-02-01 10:42:31 - INFO - Processing property_id: L88456748
2026-02-01 10:42:31 - INFO - Processing property_id: M49312501
2026-02-01 10:42:31 - INFO - Processing property_id: P88455406
2026-02-01 10:42:31 - INFO - Processing property_id: E88455352
2026-02-01 10:42:31 - INFO - Processing property_id: J88454530
2026-02-01 10:42:31 - INFO - Processing property_id: C88454258
2026-02-01 10:42:31 - INFO - Processing property_id: T75569931
2026-02-01 10:42:31 - INFO - Processing property_id: S88453246
2026-02-01 10:42:31 - INFO - Processing property_id: U46990413
2026-02-01 10:42:31 - ERROR - ❌ Thread exception: 'builtin_function_or_method' object has no attribute 'randint'
2026-02-01 10:42:31 - INFO - Processing property_id: V88390274
2026-02-01 10:42:31 - INFO - Processing property_id: E88450556
2026-02-01 10:42:31 - INFO - Processing property_id: D88448400
2026-02-01 10:42:31 - INFO - Processing property_id: O88448296
2026-02-01 10:42:31 - INFO - Processing property_id: J88419136
2026-02-01 10:42:31 - INFO - Processing property_id: J88419136
2026-02-01 10:42:31 - INFO - Processing property_id: S88446738
2026-02-01 10:42:31 - INFO - Processing property_id: H55614682
2026-02-01 10:42:31 - INFO - Processing property_id: X88441772
2026-02-01 10:42:31 - ERROR - ❌ Thread exception: 'builtin_function_or_method' object has no attribute 'randint'
2026-02-01 10:42:31 - INFO - Processing property_id: R88403154
2026-02-01 10:42:31 - INFO - Processing property_id: E88399708
2026-02-01 10:42:31 - INFO - Processing property_id: P88391284
2026-02-01 10:42:31 - INFO - Processing property_id: Q87431604
2026-02-01 10:42:31 - INFO - Processing property_id: Y88394604
2026-02-01 10:42:31 - INFO - Processing property_id: F88435792
2026-02-01 10:42:31 - INFO - Processing property_id: T88434742
2026-02-01 10:42:31 - INFO - Processing property_id: E88345788
2026-02-01 10:42:31 - INFO - Processing property_id: I85402388
2026-02-01 10:42:31 - ERROR - ❌ Thread exception: 'builtin_function_or_method' object has no attribute 'randint'
2026-02-01 10:42:31 - INFO - Processing property_id: X81619685
2026-02-01 10:42:31 - INFO - Processing property_id: F88431130
2026-02-01 10:42:31 - INFO - Processing property_id: U88431008
2026-02-01 10:42:31 - INFO - Processing property_id: H88429306
2026-02-01 10:42:31 - INFO - Processing property_id: P88400482
2026-02-01 10:42:31 - INFO - Processing property_id: U88427508
2026-02-01 10:42:31 - INFO - Processing property_id: B88426548
2026-02-01 10:42:31 - INFO - Processing property_id: R88426130
2026-02-01 10:42:31 - INFO - Processing property_id: O88424398
2026-02-01 10:42:31 - ERROR - ❌ Thread exception: 'builtin_function_or_method' object has no attribute 'randint'
2026-02-01 10:42:31 - INFO - Processing property_id: I88422414
2026-02-01 10:42:31 - INFO - Processing property_id: D83501022
2026-02-01 10:42:31 - INFO - Processing property_id: G88419220
2026-02-01 10:42:31 - INFO - Processing property_id: F88161548
2026-02-01 10:42:31 - INFO - Processing property_id: R88368132
2026-02-01 10:42:31 - INFO - Processing property_id: X88339474
2026-02-01 10:42:31 - INFO - Processing property_id: I88371320
2026-02-01 10:42:31 - INFO - Processing property_id: X88336056
2026-02-01 10:42:31 - INFO - Processing property_id: B88413680
2026-02-01 10:42:31 - ERROR - ❌ Thread exception: 'builtin_function_or_method' object has no attribute 'randint'
2026-02-01 10:42:31 - INFO - Processing property_id: Q88413578
2026-02-01 10:42:31 - INFO - Processing property_id: F88413312
2026-02-01 10:42:31 - INFO - Processing property_id: J88317432
2026-02-01 10:42:31 - INFO - Processing property_id: S88410100
2026-02-01 10:42:31 - INFO - Processing property_id: C88408474
2026-02-01 10:42:31 - INFO - Processing property_id: T88408016
2026-02-01 10:42:31 - INFO - Processing property_id: J88406852
2026-02-01 10:42:31 - INFO - Processing property_id: X88403060
2026-02-01 10:42:31 - INFO - Processing property_id: Q88401530
2026-02-01 10:42:31 - ERROR - ❌ Thread exception: 'builtin_function_or_method' object has no attribute 'randint'
2026-02-01 10:42:31 - INFO - Processing property_id: K88399874
2026-02-01 10:42:31 - INFO - Processing property_id: K88399678
2026-02-01 10:42:31 - INFO - Processing property_id: Y88399640
2026-02-01 10:42:31 - INFO - Processing property_id: K88399612
2026-02-01 10:42:31 - INFO - Processing property_id: M88398712
2026-02-01 10:42:31 - INFO - Processing property_id: Y88397302
2026-02-01 10:42:31 - INFO - Processing property_id: P88396844
2026-02-01 10:42:31 - INFO - Processing property_id: G77912587
2026-02-01 10:42:31 - INFO - Processing property_id: V87681828
2026-02-01 10:42:31 - ERROR - ❌ Thread exception: 'builtin_function_or_method' object has no attribute 'randint'
2026-02-01 10:42:31 - INFO - Processing property_id: N88393576
2026-02-01 10:42:31 - INFO - Processing property_id: S88392748
2026-02-01 10:42:31 - INFO - Processing property_id: C88086460
2026-02-01 10:42:31 - INFO - Processing property_id: Z88390378
2026-02-01 10:42:31 - INFO - Processing property_id: G88331054
2026-02-01 10:42:31 - INFO - Processing property_id: J88389340
2026-02-01 10:42:31 - INFO - Processing property_id: Z88259746
2026-02-01 10:42:31 - INFO - Processing property_id: T88389048
2026-02-01 10:42:31 - INFO - Processing property_id: Q88121142
2026-02-01 10:42:31 - ERROR - ❌ Thread exception: 'builtin_function_or_method' object has no attribute 'randint'
2026-02-01 10:42:31 - INFO - Processing property_id: F88168830
2026-02-01 10:42:31 - INFO - Processing property_id: A88339196
2026-02-01 10:42:31 - INFO - Processing property_id: L85580344
2026-02-01 10:42:31 - INFO - Processing property_id: G88314972
2026-02-01 10:42:31 - INFO - Processing property_id: C88382160
2026-02-01 10:42:31 - INFO - Processing property_id: B63309674
2026-02-01 10:42:31 - INFO - Processing property_id: T88381014
2026-02-01 10:42:31 - INFO - Processing property_id: Q88379072
2026-02-01 10:42:31 - INFO - Processing property_id: I88377062
2026-02-01 10:42:31 - ERROR - ❌ Thread exception: 'builtin_function_or_method' object has no attribute 'randint'
2026-02-01 10:42:31 - INFO - Processing property_id: I88377062
2026-02-01 10:42:31 - INFO - Processing property_id: Y88030150
2026-02-01 10:42:31 - INFO - Processing property_id: D88374876
2026-02-01 10:42:31 - INFO - Processing property_id: N88374838
2026-02-01 10:42:31 - INFO - Processing property_id: S88372192
2026-02-01 10:42:31 - INFO - Processing property_id: A88371828
2026-02-01 10:42:31 - INFO - Processing property_id: A88371806
2026-02-01 10:42:31 - INFO - Processing property_id: F77329401
2026-02-01 10:42:31 - INFO - Processing property_id: P88369682
2026-02-01 10:42:31 - ERROR - ❌ Thread exception: 'builtin_function_or_method' object has no attribute 'randint'
2026-02-01 10:42:31 - INFO - Processing property_id: E88369590
2026-02-01 10:42:31 - INFO - Processing property_id: G88369546
2026-02-01 10:42:31 - INFO - Processing property_id: V77683599
2026-02-01 10:42:31 - INFO - Processing property_id: C72569988
2026-02-01 10:42:31 - INFO - Processing property_id: M88367068
2026-02-01 10:42:31 - INFO - Processing property_id: M88256902
2026-02-01 10:42:31 - INFO - Processing property_id: J88365378
2026-02-01 10:42:31 - INFO - Processing property_id: D62225038
2026-02-01 10:42:31 - INFO - Processing property_id: E88364834
2026-02-01 10:42:31 - ERROR - ❌ Thread exception: 'builtin_function_or_method' object has no attribute 'randint'
2026-02-01 10:42:31 - INFO - Processing property_id: R87953704
2026-02-01 10:42:31 - INFO - Processing property_id: N88286420
2026-02-01 10:42:31 - INFO - Processing property_id: F88363262
2026-02-01 10:42:31 - INFO - Processing property_id: V86275248
2026-02-01 10:42:31 - INFO - Processing property_id: O88362228
2026-02-01 10:42:31 - INFO - Processing property_id: H88359452
2026-02-01 10:42:31 - INFO - Processing property_id: R88359382
2026-02-01 10:42:31 - INFO - Processing property_id: C88357784
2026-02-01 10:42:31 - INFO - Processing property_id: X88357058
2026-02-01 10:42:31 - ERROR - ❌ Thread exception: 'builtin_function_or_method' object has no attribute 'randint'
2026-02-01 10:42:31 - INFO - Processing property_id: B88356238
2026-02-01 10:42:31 - INFO - Processing property_id: L88354528
2026-02-01 10:42:31 - INFO - Processing property_id: M88352658
2026-02-01 10:42:31 - INFO - Processing property_id: M88350914
2026-02-01 10:42:31 - INFO - Processing property_id: X88350884
2026-02-01 10:42:31 - INFO - Processing property_id: E88350854
2026-02-01 10:42:31 - INFO - Processing property_id: F88350784
2026-02-01 10:42:31 - INFO - Processing property_id: Y88350740
2026-02-01 10:42:31 - INFO - Processing property_id: Z88349904
2026-02-01 10:42:31 - ERROR - ❌ Thread exception: 'builtin_function_or_method' object has no attribute 'randint'
2026-02-01 10:42:31 - INFO - Processing property_id: J82332914
2026-02-01 10:42:31 - INFO - Processing property_id: A88349682
2026-02-01 10:42:31 - INFO - Processing property_id: F88349554
2026-02-01 10:42:31 - INFO - Processing property_id: L88348356
2026-02-01 10:42:31 - INFO - Processing property_id: H40892985
2026-02-01 10:42:31 - INFO - Processing property_id: L88347020
2026-02-01 10:42:31 - INFO - Processing property_id: Z88345542
2026-02-01 10:42:31 - INFO - Processing property_id: O88345414
2026-02-01 10:42:31 - INFO - Processing property_id: E88344688
2026-02-01 10:42:31 - ERROR - ❌ Thread exception: 'builtin_function_or_method' object has no attribute 'randint'
2026-02-01 10:42:31 - INFO - Processing property_id: E88344688
2026-02-01 10:42:31 - INFO - Processing property_id: Y88343536
2026-02-01 10:42:31 - INFO - Processing property_id: W88343458
2026-02-01 10:42:31 - INFO - Processing property_id: N87432436
2026-02-01 10:42:31 - INFO - Processing property_id: P71201890
2026-02-01 10:42:31 - INFO - Processing property_id: Y88342176
2026-02-01 10:42:31 - INFO - Processing property_id: Z27293861
2026-02-01 10:42:31 - INFO - Processing property_id: K88342052
2026-02-01 10:42:31 - INFO - Processing property_id: W88340670
2026-02-01 10:42:31 - ERROR - ❌ Thread exception: 'builtin_function_or_method' object has no attribute 'randint'
2026-02-01 10:42:31 - INFO - Processing property_id: A77682035
2026-02-01 10:42:31 - INFO - Processing property_id: K87926202
2026-02-01 10:42:31 - INFO - Processing property_id: K88338062
2026-02-01 10:42:31 - INFO - Processing property_id: A88337932
2026-02-01 10:42:31 - INFO - Processing property_id: D88337496
2026-02-01 10:42:31 - INFO - Processing property_id: T88337390
2026-02-01 10:42:31 - INFO - Processing property_id: G88337324
2026-02-01 10:42:31 - INFO - Processing property_id: D88336968
2026-02-01 10:42:31 - INFO - Processing property_id: G88336218
2026-02-01 10:42:31 - ERROR - ❌ Thread exception: 'builtin_function_or_method' object has no attribute 'randint'
2026-02-01 10:42:31 - INFO - Processing property_id: Y88335214
2026-02-01 10:42:31 - INFO - Processing property_id: U88335200
2026-02-01 10:42:31 - INFO - Processing property_id: X88334856
2026-02-01 10:42:31 - INFO - Processing property_id: M88334780
2026-02-01 10:42:31 - INFO - Processing property_id: Y88333212
2026-02-01 10:42:31 - INFO - Processing property_id: R77650217
2026-02-01 10:42:31 - INFO - Processing property_id: E88331296
2026-02-01 10:42:31 - INFO - Processing property_id: Y81971434
2026-02-01 10:42:31 - INFO - Processing property_id: F88330662
2026-02-01 10:42:31 - ERROR - ❌ Thread exception: 'builtin_function_or_method' object has no attribute 'randint'
2026-02-01 10:42:31 - INFO - Processing property_id: F88330126
2026-02-01 10:42:31 - INFO - Processing property_id: E88329886
2026-02-01 10:42:31 - INFO - Processing property_id: H88329064
2026-02-01 10:42:31 - INFO - Processing property_id: W81277269
2026-02-01 10:42:31 - INFO - Processing property_id: J88328770
2026-02-01 10:42:31 - INFO - Processing property_id: K88327010
2026-02-01 10:42:31 - INFO - Processing property_id: F88326934
2026-02-01 10:42:31 - INFO - Processing property_id: D88324100
2026-02-01 10:42:31 - INFO - Processing property_id: N88322194
2026-02-01 10:42:31 - ERROR - ❌ Thread exception: 'builtin_function_or_method' object has no attribute 'randint'
2026-02-01 10:42:31 - INFO - Processing property_id: K88319798
2026-02-01 10:42:31 - INFO - Processing property_id: X85485096
2026-02-01 10:42:31 - INFO - Processing property_id: L76579637
2026-02-01 10:42:31 - INFO - Processing property_id: T88316188
2026-02-01 10:42:31 - INFO - Processing property_id: X88315532
2026-02-01 10:42:31 - INFO - Processing property_id: X88315496
2026-02-01 10:42:31 - INFO - Processing property_id: D88315446
2026-02-01 10:42:31 - INFO - Processing property_id: G88315350
2026-02-01 10:42:31 - INFO - Processing property_id: V88314948
2026-02-01 10:42:31 - ERROR - ❌ Thread exception: 'builtin_function_or_method' object has no attribute 'randint'
2026-02-01 10:42:31 - INFO - Processing property_id: D88313048
2026-02-01 10:42:31 - INFO - Processing property_id: C88312288
2026-02-01 10:42:31 - INFO - Processing property_id: B88311876
2026-02-01 10:42:31 - INFO - Processing property_id: O88311776
2026-02-01 10:42:31 - INFO - Processing property_id: Q88310754
2026-02-01 10:42:31 - INFO - Processing property_id: L88308688
2026-02-01 10:42:31 - INFO - Processing property_id: J88308592
2026-02-01 10:42:31 - INFO - Processing property_id: Z88306326
2026-02-01 10:42:31 - INFO - Processing property_id: I80128001
2026-02-01 10:42:31 - ERROR - ❌ Thread exception: 'builtin_function_or_method' object has no attribute 'randint'
2026-02-01 10:42:31 - INFO - Processing property_id: M88304346
2026-02-01 10:42:31 - INFO - Processing property_id: T88301600
2026-02-01 10:42:31 - INFO - Processing property_id: U88299420
2026-02-01 10:42:31 - INFO - Processing property_id: F88299234
2026-02-01 10:42:31 - INFO - Processing property_id: K84709154
2026-02-01 10:42:31 - INFO - Processing property_id: Q87293972
2026-02-01 10:42:31 - INFO - Processing property_id: G88296218
2026-02-01 10:42:31 - INFO - Processing property_id: O88238476
2026-02-01 10:42:31 - INFO - Processing property_id: G88291656
2026-02-01 10:42:31 - ERROR - ❌ Thread exception: 'builtin_function_or_method' object has no attribute 'randint'
2026-02-01 10:42:31 - INFO - Processing property_id: D88291416
2026-02-01 10:42:31 - INFO - Processing property_id: P78310193
2026-02-01 10:42:31 - INFO - Processing property_id: C88286756
2026-02-01 10:42:31 - INFO - Processing property_id: L88286164
2026-02-01 10:42:31 - INFO - Processing property_id: W88285734
2026-02-01 10:42:31 - INFO - Processing property_id: G87620456
2026-02-01 10:42:31 - INFO - Processing property_id: W88282850
2026-02-01 10:42:31 - INFO - Processing property_id: A87604228
2026-02-01 10:42:31 - INFO - Processing property_id: D88280542
2026-02-01 10:42:31 - ERROR - ❌ Thread exception: 'builtin_function_or_method' object has no attribute 'randint'
2026-02-01 10:42:31 - INFO - Processing property_id: H57930222
2026-02-01 10:42:31 - INFO - Processing property_id: S88279398
2026-02-01 10:42:31 - INFO - Processing property_id: A87835188
2026-02-01 10:42:31 - INFO - Processing property_id: D88258890
2026-02-01 10:42:31 - INFO - Processing property_id: Z88243456
2026-02-01 10:42:31 - INFO - Processing property_id: J88216624
2026-02-01 10:42:31 - INFO - Processing property_id: C88271812
2026-02-01 10:42:31 - INFO - Processing property_id: G84841656
2026-02-01 10:42:31 - INFO - Processing property_id: Z52594582
2026-02-01 10:42:31 - ERROR - ❌ Thread exception: 'builtin_function_or_method' object has no attribute 'randint'
2026-02-01 10:42:31 - INFO - Processing property_id: N68756898
2026-02-01 10:42:31 - INFO - Processing property_id: Y88269336
2026-02-01 10:42:31 - INFO - Processing property_id: D88267486
2026-02-01 10:42:31 - INFO - Processing property_id: N87439378
2026-02-01 10:42:31 - INFO - Processing property_id: K88264898
2026-02-01 10:42:31 - INFO - Processing property_id: Z88264562
2026-02-01 10:42:31 - INFO - Processing property_id: R88264512
2026-02-01 10:42:31 - INFO - Processing property_id: G88264152
2026-02-01 10:42:31 - INFO - Processing property_id: Y88264030
2026-02-01 10:42:31 - ERROR - ❌ Thread exception: 'builtin_function_or_method' object has no attribute 'randint'
2026-02-01 10:42:31 - INFO - Processing property_id: O88264028
2026-02-01 10:42:31 - INFO - Processing property_id: I88263778
2026-02-01 10:42:31 - INFO - Processing property_id: A88263752
2026-02-01 10:42:31 - INFO - Processing property_id: H88262298
2026-02-01 10:42:31 - INFO - Processing property_id: B88262220
2026-02-01 10:42:31 - INFO - Processing property_id: R88261790
2026-02-01 10:42:31 - INFO - Processing property_id: S88261302
2026-02-01 10:42:31 - INFO - Processing property_id: E86063142
2026-02-01 10:42:31 - INFO - Processing property_id: I88259670
2026-02-01 10:42:31 - ERROR - ❌ Thread exception: 'builtin_function_or_method' object has no attribute 'randint'
2026-02-01 10:42:31 - INFO - Processing property_id: C79660215
2026-02-01 10:42:31 - INFO - Processing property_id: X88214994
2026-02-01 10:42:31 - INFO - Processing property_id: B81208733
2026-02-01 10:42:31 - INFO - Processing property_id: G88253956
2026-02-01 10:42:31 - INFO - Processing property_id: U85740680
2026-02-01 10:42:31 - INFO - Processing property_id: I88251800
2026-02-01 10:42:31 - INFO - Processing property_id: N78544717
2026-02-01 10:42:31 - INFO - Processing property_id: S82095966
2026-02-01 10:42:31 - INFO - Processing property_id: N88246718
2026-02-01 10:42:31 - ERROR - ❌ Thread exception: 'builtin_function_or_method' object has no attribute 'randint'
2026-02-01 10:42:31 - INFO - Processing property_id: X88245764
2026-02-01 10:42:31 - INFO - Processing property_id: H88244728
2026-02-01 10:42:31 - INFO - Processing property_id: K88242460
2026-02-01 10:42:31 - INFO - Processing property_id: M88242288
2026-02-01 10:42:31 - INFO - Processing property_id: C88240390
2026-02-01 10:42:31 - INFO - Processing property_id: T88237008
2026-02-01 10:42:31 - INFO - Processing property_id: I86013676
2026-02-01 10:42:31 - INFO - Processing property_id: Q88234914
2026-02-01 10:42:31 - INFO - Processing property_id: Y88233074
2026-02-01 10:42:31 - ERROR - ❌ Thread exception: 'builtin_function_or_method' object has no attribute 'randint'
2026-02-01 10:42:31 - INFO - Processing property_id: C88114006
2026-02-01 10:42:31 - INFO - Processing property_id: R88232220
2026-02-01 10:42:31 - INFO - Processing property_id: M88230170
2026-02-01 10:42:31 - INFO - Processing property_id: V88214896
2026-02-01 10:42:31 - INFO - Processing property_id: Z52869644
2026-02-01 10:42:31 - INFO - Processing property_id: E88227786
2026-02-01 10:42:31 - INFO - Processing property_id: Y88225504
2026-02-01 10:42:31 - INFO - Processing property_id: A88222138
2026-02-01 10:42:31 - INFO - Processing property_id: R88220804
2026-02-01 10:42:31 - ERROR - ❌ Thread exception: 'builtin_function_or_method' object has no attribute 'randint'
2026-02-01 10:42:31 - INFO - Processing property_id: I88173246
2026-02-01 10:42:31 - INFO - Processing property_id: Y68829680
2026-02-01 10:42:31 - INFO - Processing property_id: C83523588
2026-02-01 10:42:31 - INFO - Processing property_id: X88214038
2026-02-01 10:42:31 - INFO - Processing property_id: I88213594
2026-02-01 10:42:31 - INFO - Processing property_id: N88213520
2026-02-01 10:42:31 - INFO - Processing property_id: P88212916
2026-02-01 10:42:31 - INFO - Processing property_id: V88211790
2026-02-01 10:42:31 - INFO - Processing property_id: I88210942
2026-02-01 10:42:31 - ERROR - ❌ Thread exception: 'builtin_function_or_method' object has no attribute 'randint'
2026-02-01 10:42:31 - INFO - Processing property_id: E88210632
2026-02-01 10:42:31 - INFO - Processing property_id: G88209538
2026-02-01 10:42:31 - INFO - Processing property_id: X88209170
2026-02-01 10:42:31 - INFO - Processing property_id: B88208282
2026-02-01 10:42:31 - INFO - Processing property_id: W88207946
2026-02-01 10:42:31 - INFO - Processing property_id: A46556013
2026-02-01 10:42:31 - INFO - Processing property_id: B88205860
2026-02-01 10:42:31 - INFO - Processing property_id: E40294537
2026-02-01 10:42:31 - INFO - Processing property_id: Q61487480
2026-02-01 10:42:31 - ERROR - ❌ Thread exception: 'builtin_function_or_method' object has no attribute 'randint'
2026-02-01 10:42:31 - INFO - Processing property_id: T88204232
2026-02-01 10:42:31 - INFO - Processing property_id: X88203850
2026-02-01 10:42:31 - INFO - Processing property_id: B67964648
2026-02-01 10:42:31 - INFO - Processing property_id: C88203182
2026-02-01 10:42:31 - INFO - Processing property_id: L88202912
2026-02-01 10:42:31 - INFO - Processing property_id: X88198224
2026-02-01 10:42:31 - INFO - Processing property_id: S81158759
2026-02-01 10:42:31 - INFO - Processing property_id: B88156016
2026-02-01 10:42:31 - INFO - Processing property_id: Y73378385
2026-02-01 10:42:31 - ERROR - ❌ Thread exception: 'builtin_function_or_method' object has no attribute 'randint'
2026-02-01 10:42:31 - INFO - Processing property_id: Q76596257
2026-02-01 10:42:31 - INFO - Processing property_id: F88192212
2026-02-01 10:42:31 - INFO - Processing property_id: Z88191842
2026-02-01 10:42:31 - INFO - Processing property_id: O88191150
2026-02-01 10:42:31 - INFO - Processing property_id: I88190100
2026-02-01 10:42:31 - INFO - Processing property_id: Q88186390
2026-02-01 10:42:31 - INFO - Processing property_id: W88168102
2026-02-01 10:42:31 - INFO - Processing property_id: Q87791530
2026-02-01 10:42:31 - INFO - Processing property_id: N88181558
2026-02-01 10:42:31 - ERROR - ❌ Thread exception: 'builtin_function_or_method' object has no attribute 'randint'
2026-02-01 10:42:31 - INFO - Processing property_id: I64576000
2026-02-01 10:42:31 - INFO - Processing property_id: B88177758
2026-02-01 10:42:31 - INFO - Processing property_id: H88177182
2026-02-01 10:42:31 - INFO - Processing property_id: E88177030
2026-02-01 10:42:31 - INFO - Processing property_id: V87479468
2026-02-01 10:42:31 - INFO - Processing property_id: I26695491
2026-02-01 10:42:31 - INFO - Processing property_id: Z88176116
2026-02-01 10:42:31 - INFO - Processing property_id: T88175886
2026-02-01 10:42:31 - INFO - Processing property_id: W87060092
2026-02-01 10:42:31 - ERROR - ❌ Thread exception: 'builtin_function_or_method' object has no attribute 'randint'
2026-02-01 10:42:31 - INFO - Processing property_id: W29187797
2026-02-01 10:42:31 - INFO - Processing property_id: E88174804
2026-02-01 10:42:31 - INFO - Processing property_id: T75173793
2026-02-01 10:42:31 - INFO - Processing property_id: F88172348
2026-02-01 10:42:31 - INFO - Processing property_id: Y88172292
2026-02-01 10:42:31 - INFO - Processing property_id: Z71451206
2026-02-01 10:42:31 - INFO - Processing property_id: F88171112
2026-02-01 10:42:31 - INFO - Processing property_id: M80311807
2026-02-01 10:42:31 - INFO - Processing property_id: H88169266
2026-02-01 10:42:31 - ERROR - ❌ Thread exception: 'builtin_function_or_method' object has no attribute 'randint'
2026-02-01 10:42:31 - INFO - Processing property_id: R87709550
2026-02-01 10:42:31 - INFO - Processing property_id: G88168354
2026-02-01 10:42:31 - INFO - Processing property_id: V88139252
2026-02-01 10:42:31 - INFO - Processing property_id: S85644268
2026-02-01 10:42:31 - INFO - Processing property_id: Q85541100
2026-02-01 10:42:31 - INFO - Processing property_id: D88166484
2026-02-01 10:42:31 - INFO - Processing property_id: Y86725162
2026-02-01 10:42:31 - INFO - Processing property_id: D88006218
2026-02-01 10:42:31 - INFO - Processing property_id: N88164204
2026-02-01 10:42:31 - ERROR - ❌ Thread exception: 'builtin_function_or_method' object has no attribute 'randint'
2026-02-01 10:42:31 - INFO - Processing property_id: U88164148
2026-02-01 10:42:31 - INFO - Processing property_id: L88163984
2026-02-01 10:42:31 - INFO - Processing property_id: D88163228
2026-02-01 10:42:31 - INFO - Processing property_id: K88160432
2026-02-01 10:42:31 - INFO - Processing property_id: G88158574
2026-02-01 10:42:31 - INFO - Processing property_id: D88157702
2026-02-01 10:42:31 - INFO - Processing property_id: C88156590
2026-02-01 10:42:31 - INFO - Processing property_id: S88156584
2026-02-01 10:42:31 - INFO - Processing property_id: V88152050
2026-02-01 10:42:31 - ERROR - ❌ Thread exception: 'builtin_function_or_method' object has no attribute 'randint'
2026-02-01 10:42:31 - INFO - Processing property_id: M88151170
2026-02-01 10:42:31 - INFO - Processing property_id: I88150668
2026-02-01 10:42:31 - INFO - Processing property_id: O88149962
2026-02-01 10:42:31 - INFO - Processing property_id: M88149952
2026-02-01 10:42:31 - INFO - Processing property_id: I88149850
2026-02-01 10:42:31 - INFO - Processing property_id: I88149850
2026-02-01 10:42:31 - INFO - Processing property_id: F88149556
2026-02-01 10:42:31 - INFO - Processing property_id: K88149022
2026-02-01 10:42:31 - INFO - Processing property_id: Q74382879
2026-02-01 10:42:31 - ERROR - ❌ Thread exception: 'builtin_function_or_method' object has no attribute 'randint'
2026-02-01 10:42:31 - INFO - Processing property_id: R78299057
2026-02-01 10:42:31 - INFO - Processing property_id: L88146578
2026-02-01 10:42:31 - INFO - Processing property_id: X88144226
2026-02-01 10:42:31 - INFO - Processing property_id: U88139568
2026-02-01 10:42:31 - INFO - Processing property_id: U63542692
2026-02-01 10:42:31 - INFO - Processing property_id: S88138360
2026-02-01 10:42:31 - INFO - Processing property_id: C88138208
2026-02-01 10:42:31 - INFO - Processing property_id: Y88137608
2026-02-01 10:42:31 - INFO - Processing property_id: M88136328
2026-02-01 10:42:31 - ERROR - ❌ Thread exception: 'builtin_function_or_method' object has no attribute 'randint'
2026-02-01 10:42:31 - INFO - Processing property_id: H82052356
2026-02-01 10:42:31 - INFO - Processing property_id: I88135084
2026-02-01 10:42:31 - INFO - Processing property_id: M88134848
2026-02-01 10:42:31 - INFO - Processing property_id: L88131734
2026-02-01 10:42:31 - INFO - Processing property_id: O88130044
2026-02-01 10:42:31 - INFO - Processing property_id: S87921190
2026-02-01 10:42:31 - INFO - Processing property_id: J83552018
2026-02-01 10:42:31 - INFO - Processing property_id: T88129418
2026-02-01 10:42:31 - INFO - Processing property_id: F88128990
2026-02-01 10:42:31 - ERROR - ❌ Thread exception: 'builtin_function_or_method' object has no attribute 'randint'
2026-02-01 10:42:31 - INFO - Processing property_id: D88125424
2026-02-01 10:42:31 - INFO - Processing property_id: H88123866
2026-02-01 10:42:31 - INFO - Processing property_id: N70164614
2026-02-01 10:42:31 - INFO - Processing property_id: W88119692
2026-02-01 10:42:31 - INFO - Processing property_id: S88119664
2026-02-01 10:42:31 - INFO - Processing property_id: T88118920
2026-02-01 10:42:31 - INFO - Processing property_id: U87727996
2026-02-01 10:42:31 - INFO - Processing property_id: U87725526
2026-02-01 10:42:31 - INFO - Processing property_id: H88117674
2026-02-01 10:42:31 - ERROR - ❌ Thread exception: 'builtin_function_or_method' object has no attribute 'randint'
2026-02-01 10:42:31 - INFO - Processing property_id: U88117194
2026-02-01 10:42:31 - INFO - Processing property_id: Y64139082
2026-02-01 10:42:31 - INFO - Processing property_id: I88112514
2026-02-01 10:42:31 - INFO - Processing property_id: U88009316
2026-02-01 10:42:31 - INFO - Processing property_id: D88110404
2026-02-01 10:42:31 - INFO - Processing property_id: P88099874
2026-02-01 10:42:31 - INFO - Processing property_id: W88109448
2026-02-01 10:42:31 - INFO - Processing property_id: C88108634
2026-02-01 10:42:31 - INFO - Processing property_id: T88107850
2026-02-01 10:42:31 - ERROR - ❌ Thread exception: 'builtin_function_or_method' object has no attribute 'randint'
2026-02-01 10:42:31 - INFO - Processing property_id: T88106220
2026-02-01 10:42:31 - INFO - Processing property_id: W88105082
2026-02-01 10:42:31 - INFO - Processing property_id: P66661242
2026-02-01 10:42:31 - INFO - Processing property_id: S88101028
2026-02-01 10:42:31 - INFO - Processing property_id: L77176857
2026-02-01 10:42:31 - INFO - Processing property_id: V88098836
2026-02-01 10:42:31 - INFO - Processing property_id: A88097528
2026-02-01 10:42:31 - INFO - Processing property_id: E74823331
2026-02-01 10:42:31 - INFO - Processing property_id: P84517042
2026-02-01 10:42:31 - ERROR - ❌ Thread exception: 'builtin_function_or_method' object has no attribute 'randint'
2026-02-01 10:42:31 - INFO - Processing property_id: K88086654
2026-02-01 10:42:31 - INFO - Processing property_id: E88086376
2026-02-01 10:42:31 - INFO - Processing property_id: N88085632
2026-02-01 10:42:31 - INFO - Processing property_id: W88085508
2026-02-01 10:42:31 - INFO - Processing property_id: K88085444
2026-02-01 10:42:31 - INFO - Processing property_id: Y88082778
2026-02-01 10:42:31 - INFO - Processing property_id: Q83902064
2026-02-01 10:42:31 - INFO - Processing property_id: E88081724
2026-02-01 10:42:31 - INFO - Processing property_id: F88078608
2026-02-01 10:42:31 - ERROR - ❌ Thread exception: 'builtin_function_or_method' object has no attribute 'randint'
2026-02-01 10:42:31 - INFO - Processing property_id: G88078496
2026-02-01 10:42:31 - INFO - Processing property_id: J88076838
2026-02-01 10:42:31 - INFO - Processing property_id: U88074848
2026-02-01 10:42:31 - INFO - Processing property_id: Y76071081
2026-02-01 10:42:31 - INFO - Processing property_id: X88074208
2026-02-01 10:42:31 - INFO - Processing property_id: T63772748
2026-02-01 10:42:31 - INFO - Processing property_id: L88071256
2026-02-01 10:42:31 - INFO - Processing property_id: W88067446
2026-02-01 10:42:31 - INFO - Processing property_id: Q56294502
2026-02-01 10:42:31 - ERROR - ❌ Thread exception: 'builtin_function_or_method' object has no attribute 'randint'
2026-02-01 10:42:31 - INFO - Processing property_id: Q56294502
2026-02-01 10:42:31 - INFO - Processing property_id: S87899712
2026-02-01 10:42:31 - INFO - Processing property_id: F75567213
2026-02-01 10:42:31 - INFO - Processing property_id: J85423720
2026-02-01 10:42:31 - INFO - Processing property_id: I88055958
2026-02-01 10:42:31 - INFO - Processing property_id: Y88054904
2026-02-01 10:42:31 - INFO - Processing property_id: H88047378
2026-02-01 10:42:31 - INFO - Processing property_id: A88045880
2026-02-01 10:42:31 - INFO - Processing property_id: U83549836
2026-02-01 10:42:31 - ERROR - ❌ Thread exception: 'builtin_function_or_method' object has no attribute 'randint'
2026-02-01 10:42:31 - INFO - Processing property_id: J88039268
2026-02-01 10:42:31 - INFO - Processing property_id: P88039214
2026-02-01 10:42:31 - INFO - Processing property_id: V88037626
2026-02-01 10:42:31 - INFO - Processing property_id: 405561
2026-02-01 10:42:31 - INFO - Processing property_id: M73674697
2026-02-01 10:42:31 - INFO - Processing property_id: G88030794
2026-02-01 10:42:31 - INFO - Processing property_id: T80912569
2026-02-01 10:42:31 - INFO - Processing property_id: Q88029454
2026-02-01 10:42:31 - INFO - Processing property_id: L81716928
2026-02-01 10:42:31 - ERROR - ❌ Thread exception: 'builtin_function_or_method' object has no attribute 'randint'
2026-02-01 10:42:31 - INFO - Processing property_id: I88005998
2026-02-01 10:42:31 - INFO - Processing property_id: C88002040
2026-02-01 10:42:31 - INFO - Processing property_id: N88024424
2026-02-01 10:42:31 - INFO - Processing property_id: V87973392
2026-02-01 10:42:31 - INFO - Processing property_id: X87939564
2026-02-01 10:42:31 - INFO - ✅ Multithreaded processing complete.
2026-02-01 10:43:02 - INFO - Successfully read 1627 listing IDs
2026-02-01 10:43:02 - INFO - Total: 1627 | Done: 291 | New: 1336
2026-02-01 10:43:02 - INFO - 🚀 Starting multithreaded extraction for 1336 projects with 2 workers...
2026-02-01 10:43:02 - INFO - Processing property_id: 438107
2026-02-01 10:43:02 - INFO - Processing property_id: 427296
2026-02-01 10:43:02 - INFO - Processing property_id: M74680447
2026-02-01 10:43:02 - INFO - Processing property_id: 437776
2026-02-01 10:43:02 - INFO - Processing property_id: 426937
2026-02-01 10:43:02 - INFO - Processing property_id: K85169858
2026-02-01 10:43:02 - INFO - Processing property_id: 431643
2026-02-01 10:43:02 - INFO - Processing property_id: E86166552
2026-02-01 10:43:02 - INFO - Processing property_id: 411937
2026-02-01 10:43:02 - WARNING - 🛑 Rate limit hit (10 requests). Sleeping for 119s...
2026-02-01 10:43:02 - INFO - Processing property_id: H87906740
2026-02-01 10:43:02 - INFO - Processing property_id: 420349
2026-02-01 10:43:02 - INFO - Processing property_id: R86608644
2026-02-01 10:43:02 - INFO - Processing property_id: J84183548
2026-02-01 10:43:02 - INFO - Processing property_id: W87366228
2026-02-01 10:43:02 - INFO - Processing property_id: A86636184
2026-02-01 10:43:02 - INFO - Processing property_id: 444313
2026-02-01 10:43:02 - INFO - Processing property_id: K87609964
2026-02-01 10:43:02 - INFO - Processing property_id: S85637948
2026-02-01 10:43:02 - WARNING - 🛑 Rate limit hit (20 requests). Sleeping for 89s...
2026-02-01 10:44:00 - INFO - Successfully read 1627 listing IDs
2026-02-01 10:44:00 - INFO - Total: 1627 | Done: 291 | New: 1336
2026-02-01 10:44:00 - INFO - 🚀 Starting multithreaded extraction for 1336 projects with 1 workers...
2026-02-01 10:44:00 - INFO - Processing property_id: 438107
2026-02-01 10:44:00 - INFO - Processing property_id: 427296
2026-02-01 10:44:00 - INFO - Processing property_id: M74680447
2026-02-01 10:44:00 - INFO - Processing property_id: 437776
2026-02-01 10:44:00 - INFO - Processing property_id: 426937
2026-02-01 10:44:00 - INFO - Processing property_id: K85169858
2026-02-01 10:44:00 - INFO - Processing property_id: 431643
2026-02-01 10:44:00 - INFO - Processing property_id: E86166552
2026-02-01 10:44:00 - INFO - Processing property_id: 411937
2026-02-01 10:44:00 - WARNING - 🛑 Rate limit hit (10 requests). Sleeping for 80s...
